"County_Name","avg3p"
"Alameda",3.40343818580834
"Contra Costa",3.39861534850974
"Marin",3.29672578444748
"Napa",3.67436208991495
"San Francisco",3.54039228723404
"San Mateo",3.44279819954989
"Santa Clara",3.38161465400271
"Solano",3.49638157894737
"Sonoma",3.36076964190273
