airport,direction,zone,district,zdist_share_es,zdist_share_pk,zdist_share_rn,zdist_share_tx,zdist_share_li,zdist_share_vn,zdist_share_ht,zdist_share_ch
OAK,from,1,1,0.0129,0.0322,0.0079,0.0087,0.0107,0.0118,0.0109,0.0102
OAK,from,2,1,0.0223,0.0435,0.0199,0.0203,0.0226,0.0239,0.0326,0.0204
OAK,from,3,1,0.0027,0.0001,0.0048,0.0044,0.0043,0.0042,0.0000,0.0000
OAK,from,4,1,0.0210,0.0339,0.0222,0.0220,0.0236,0.0245,0.0326,0.0204
OAK,from,5,1,0.0417,0.0376,0.0590,0.0563,0.0563,0.0570,0.0652,0.0544
OAK,from,6,1,0.0221,0.0049,0.0370,0.0347,0.0332,0.0330,0.0435,0.0272
OAK,from,7,1,0.1043,0.0222,0.1815,0.1689,0.1619,0.1618,0.1848,0.1395
OAK,from,8,1,0.0196,0.0038,0.0319,0.0298,0.0286,0.0284,0.0326,0.0238
OAK,from,9,1,0.0153,0.0275,0.0118,0.0123,0.0136,0.0141,0.0109,0.0136
OAK,from,10,1,0.0270,0.0180,0.0397,0.0377,0.0369,0.0373,0.0435,0.0306
OAK,from,11,1,0.0447,0.0052,0.0802,0.0745,0.0711,0.0709,0.0761,0.0646
OAK,from,12,1,0.0291,0.0212,0.0427,0.0406,0.0401,0.0404,0.0435,0.0340
OAK,from,13,1,0.0041,0.0081,0.0024,0.0028,0.0032,0.0032,0.0000,0.0000
OAK,from,14,1,0.0068,0.0179,0.0031,0.0037,0.0047,0.0053,0.0000,0.0034
OAK,from,15,1,0.0182,0.0399,0.0092,0.0107,0.0128,0.0137,0.0109,0.0136
OAK,from,16,1,0.0296,0.0780,0.0047,0.0087,0.0134,0.0149,0.0109,0.0170
OAK,from,17,1,0.0368,0.0562,0.0046,0.0098,0.0110,0.0100,0.0000,0.0238
OAK,from,18,1,0.0080,0.0187,0.0014,0.0026,0.0034,0.0038,0.0000,0.0034
OAK,from,19,1,0.0168,0.0253,0.0014,0.0039,0.0045,0.0039,0.0000,0.0102
OAK,from,20,1,0.0073,0.0048,0.0099,0.0092,0.0093,0.0093,0.0000,0.0102
OAK,from,21,1,0.0019,0.0017,0.0011,0.0011,0.0012,0.0011,0.0000,0.0000
OAK,from,22,1,0.0434,0.0633,0.0372,0.0385,0.0403,0.0412,0.0435,0.0408
OAK,from,23,1,0.0070,0.0127,0.0018,0.0028,0.0032,0.0032,0.0000,0.0034
OAK,from,24,1,0.0125,0.0306,0.0078,0.0086,0.0105,0.0114,0.0109,0.0102
OAK,from,25,1,0.0137,0.0049,0.0219,0.0206,0.0199,0.0200,0.0217,0.0170
OAK,from,26,1,0.0019,0.0039,0.0010,0.0010,0.0012,0.0015,0.0000,0.0000
OAK,from,27,1,0.0015,0.0016,0.0006,0.0007,0.0008,0.0006,0.0000,0.0000
OAK,from,28,1,0.0456,0.0359,0.0396,0.0406,0.0393,0.0383,0.0435,0.0408
OAK,from,29,1,0.0293,0.0247,0.0229,0.0240,0.0232,0.0228,0.0217,0.0272
OAK,from,30,1,0.0063,0.0036,0.0070,0.0068,0.0066,0.0066,0.0000,0.0102
OAK,from,31,1,0.0104,0.0023,0.0168,0.0157,0.0150,0.0149,0.0109,0.0136
OAK,from,32,1,0.0030,0.0061,0.0002,0.0007,0.0010,0.0009,0.0000,0.0000
OAK,from,33,1,0.0136,0.0210,0.0012,0.0032,0.0037,0.0032,0.0000,0.0102
OAK,from,34,1,0.0259,0.0354,0.0027,0.0063,0.0069,0.0060,0.0000,0.0170
OAK,from,35,1,0.0319,0.0444,0.0030,0.0077,0.0082,0.0069,0.0000,0.0204
OAK,from,36,1,0.0084,0.0093,0.0088,0.0087,0.0088,0.0089,0.0000,0.0102
OAK,from,37,1,0.0063,0.0082,0.0011,0.0018,0.0020,0.0017,0.0000,0.0000
OAK,from,38,1,0.0327,0.0466,0.0039,0.0085,0.0093,0.0082,0.0000,0.0204
OAK,from,39,1,0.0407,0.0345,0.0346,0.0357,0.0347,0.0338,0.0326,0.0408
OAK,from,40,1,0.0329,0.0467,0.0039,0.0085,0.0093,0.0082,0.0000,0.0204
OAK,from,41,1,0.1303,0.0486,0.2066,0.1944,0.1872,0.1870,0.2174,0.1667
OAK,from,42,1,0.0106,0.0147,0.0010,0.0026,0.0027,0.0023,0.0000,0.0102
OAK,from,43,2,0.0315,0.0312,0.0269,0.0288,0.0286,0.0277,0.0000,0.0278
OAK,from,44,2,0.0516,0.0445,0.1220,0.0950,0.0922,0.0977,0.3750,0.0625
OAK,from,45,2,0.0339,0.0309,0.0566,0.0479,0.0463,0.0479,0.0000,0.0347
OAK,from,46,2,0.0401,0.0428,0.0265,0.0317,0.0331,0.0320,0.0000,0.0347
OAK,from,47,2,0.0179,0.0206,0.0092,0.0125,0.0132,0.0136,0.0000,0.0208
OAK,from,48,2,0.0232,0.0249,0.0083,0.0139,0.0147,0.0136,0.0000,0.0208
OAK,from,49,2,0.0322,0.0344,0.0120,0.0195,0.0207,0.0197,0.0000,0.0278
OAK,from,50,2,0.0397,0.0296,0.0944,0.0737,0.0698,0.0719,0.1250,0.0486
OAK,from,51,2,0.0215,0.0227,0.0078,0.0132,0.0132,0.0122,0.0000,0.0208
OAK,from,52,2,0.0153,0.0123,0.0313,0.0251,0.0242,0.0240,0.0000,0.0208
OAK,from,53,2,0.0027,0.0065,0.0035,0.0027,0.0045,0.0061,0.0000,0.0000
OAK,from,54,2,0.0256,0.0244,0.0255,0.0251,0.0249,0.0244,0.0000,0.0208
OAK,from,55,2,0.0126,0.0133,0.0046,0.0081,0.0080,0.0075,0.0000,0.0139
OAK,from,56,2,0.0011,0.0009,0.0000,0.0002,0.0000,0.0005,0.0000,0.0000
OAK,from,57,2,0.0187,0.0200,0.0069,0.0112,0.0120,0.0113,0.0000,0.0208
OAK,from,58,2,0.0175,0.0186,0.0062,0.0110,0.0115,0.0103,0.0000,0.0208
OAK,from,59,2,0.0287,0.0301,0.0136,0.0193,0.0199,0.0183,0.0000,0.0278
OAK,from,60,2,0.0167,0.0196,0.0058,0.0103,0.0115,0.0103,0.0000,0.0208
OAK,from,61,2,0.0064,0.0069,0.0021,0.0037,0.0040,0.0038,0.0000,0.0000
OAK,from,62,2,0.0298,0.0318,0.0110,0.0183,0.0184,0.0179,0.0000,0.0278
OAK,from,63,2,0.0204,0.0207,0.0138,0.0161,0.0164,0.0160,0.0000,0.0208
OAK,from,64,2,0.0267,0.0279,0.0133,0.0183,0.0182,0.0179,0.0000,0.0208
OAK,from,65,2,0.0252,0.0269,0.0090,0.0154,0.0162,0.0146,0.0000,0.0208
OAK,from,66,2,0.0195,0.0207,0.0071,0.0117,0.0122,0.0117,0.0000,0.0208
OAK,from,67,2,0.0205,0.0217,0.0072,0.0125,0.0130,0.0122,0.0000,0.0208
OAK,from,68,2,0.0124,0.0132,0.0046,0.0078,0.0080,0.0075,0.0000,0.0139
OAK,from,69,2,0.0303,0.0339,0.0134,0.0198,0.0214,0.0202,0.0000,0.0278
OAK,from,70,2,0.0319,0.0337,0.0150,0.0212,0.0217,0.0207,0.0000,0.0278
OAK,from,71,2,0.0328,0.0355,0.0209,0.0251,0.0264,0.0258,0.0000,0.0278
OAK,from,72,2,0.0117,0.0126,0.0044,0.0071,0.0075,0.0070,0.0000,0.0069
OAK,from,73,2,0.0175,0.0172,0.0133,0.0144,0.0142,0.0136,0.0000,0.0208
OAK,from,74,2,0.0158,0.0144,0.0421,0.0322,0.0316,0.0343,0.0000,0.0208
OAK,from,75,2,0.0319,0.0196,0.1231,0.0884,0.0835,0.0888,0.3750,0.0486
OAK,from,76,2,0.0059,0.0048,0.0103,0.0090,0.0085,0.0089,0.0000,0.0000
OAK,from,77,2,0.0041,0.0043,0.0016,0.0024,0.0027,0.0023,0.0000,0.0000
OAK,from,78,2,0.0017,0.0016,0.0004,0.0005,0.0010,0.0009,0.0000,0.0000
OAK,from,79,2,0.0064,0.0041,0.0304,0.0208,0.0207,0.0221,0.0000,0.0069
OAK,from,80,2,0.0062,0.0065,0.0021,0.0034,0.0040,0.0033,0.0000,0.0000
OAK,from,81,2,0.0283,0.0241,0.0700,0.0542,0.0526,0.0555,0.1250,0.0347
OAK,from,82,2,0.0135,0.0133,0.0111,0.0125,0.0120,0.0117,0.0000,0.0208
OAK,from,83,2,0.0227,0.0242,0.0081,0.0137,0.0142,0.0136,0.0000,0.0208
OAK,from,84,2,0.0254,0.0230,0.0318,0.0298,0.0286,0.0287,0.0000,0.0278
OAK,from,85,2,0.0135,0.0142,0.0051,0.0085,0.0085,0.0080,0.0000,0.0139
OAK,from,86,2,0.0240,0.0263,0.0179,0.0200,0.0214,0.0207,0.0000,0.0208
OAK,from,87,2,0.0174,0.0185,0.0062,0.0110,0.0115,0.0103,0.0000,0.0208
OAK,from,88,2,0.0269,0.0274,0.0286,0.0283,0.0282,0.0287,0.0000,0.0278
OAK,from,89,2,0.0408,0.0436,0.0150,0.0247,0.0254,0.0240,0.0000,0.0347
OAK,from,90,3,0.0276,0.0357,0.0727,0.0540,0.0557,0.0604,0.0000,0.0517
OAK,from,91,3,0.0258,0.0247,0.0182,0.0220,0.0203,0.0208,0.0000,0.0517
OAK,from,92,3,0.0178,0.0171,0.0131,0.0147,0.0147,0.0151,0.0000,0.0172
OAK,from,93,3,0.0326,0.0310,0.0228,0.0273,0.0263,0.0246,0.0000,0.0517
OAK,from,94,3,0.0122,0.0115,0.0085,0.0084,0.0091,0.0085,0.0000,0.0000
OAK,from,95,3,0.0163,0.0156,0.0123,0.0142,0.0132,0.0132,0.0000,0.0172
OAK,from,96,3,0.0133,0.0128,0.0101,0.0105,0.0106,0.0104,0.0000,0.0000
OAK,from,97,3,0.0160,0.0152,0.0114,0.0136,0.0132,0.0123,0.0000,0.0172
OAK,from,98,3,0.0196,0.0186,0.0139,0.0173,0.0162,0.0161,0.0000,0.0345
OAK,from,99,3,0.0147,0.0139,0.0110,0.0126,0.0122,0.0123,0.0000,0.0000
OAK,from,100,3,0.0112,0.0085,0.0296,0.0220,0.0197,0.0208,0.0000,0.0000
OAK,from,101,3,0.0035,0.0061,0.0008,0.0026,0.0035,0.0047,0.0000,0.0000
OAK,from,102,3,0.0146,0.0139,0.0106,0.0121,0.0122,0.0123,0.0000,0.0000
OAK,from,103,3,0.0253,0.0303,0.0169,0.0220,0.0233,0.0236,0.0000,0.0517
OAK,from,104,3,0.0126,0.0111,0.0199,0.0173,0.0162,0.0161,0.0000,0.0000
OAK,from,105,3,0.0073,0.0067,0.0046,0.0058,0.0061,0.0047,0.0000,0.0000
OAK,from,106,3,0.0067,0.0143,0.0110,0.0084,0.0132,0.0161,0.0000,0.0000
OAK,from,107,3,0.0084,0.0050,0.0389,0.0267,0.0233,0.0236,0.0000,0.0000
OAK,from,108,3,0.0038,0.0082,0.0131,0.0084,0.0111,0.0123,0.0000,0.0000
OAK,from,109,3,0.0082,0.0184,0.0148,0.0131,0.0167,0.0208,0.0000,0.0000
OAK,from,110,3,0.0003,0.0002,0.0000,0.0000,0.0000,0.0000,0.0000,0.0000
OAK,from,111,3,0.0101,0.0143,0.0169,0.0147,0.0162,0.0179,0.0000,0.0000
OAK,from,112,3,0.0124,0.0110,0.0194,0.0173,0.0157,0.0161,0.0000,0.0000
OAK,from,113,3,0.0302,0.0344,0.0199,0.0246,0.0268,0.0274,0.0000,0.0517
OAK,from,114,3,0.0167,0.0158,0.0123,0.0142,0.0132,0.0132,0.0000,0.0172
OAK,from,115,3,0.0083,0.0076,0.0051,0.0058,0.0071,0.0066,0.0000,0.0000
OAK,from,116,3,0.0177,0.0186,0.0220,0.0220,0.0203,0.0208,0.0000,0.0345
OAK,from,117,3,0.0096,0.0091,0.0059,0.0073,0.0081,0.0066,0.0000,0.0000
OAK,from,118,3,0.0118,0.0111,0.0080,0.0084,0.0091,0.0085,0.0000,0.0000
OAK,from,119,3,0.0065,0.0063,0.0038,0.0052,0.0056,0.0047,0.0000,0.0000
OAK,from,120,3,0.0171,0.0165,0.0123,0.0147,0.0137,0.0132,0.0000,0.0172
OAK,from,121,3,0.0149,0.0139,0.0110,0.0131,0.0122,0.0123,0.0000,0.0172
OAK,from,122,3,0.0214,0.0204,0.0148,0.0184,0.0177,0.0170,0.0000,0.0345
OAK,from,123,3,0.0162,0.0152,0.0114,0.0136,0.0132,0.0132,0.0000,0.0172
OAK,from,124,3,0.0078,0.0071,0.0051,0.0058,0.0066,0.0066,0.0000,0.0000
OAK,from,125,3,0.0107,0.0102,0.0072,0.0079,0.0086,0.0085,0.0000,0.0000
OAK,from,126,3,0.0090,0.0084,0.0055,0.0073,0.0076,0.0066,0.0000,0.0000
OAK,from,127,3,0.0190,0.0184,0.0139,0.0163,0.0157,0.0151,0.0000,0.0345
OAK,from,128,3,0.0225,0.0212,0.0152,0.0189,0.0187,0.0179,0.0000,0.0517
OAK,from,129,3,0.0207,0.0197,0.0148,0.0178,0.0167,0.0161,0.0000,0.0345
OAK,from,130,3,0.0202,0.0219,0.0139,0.0173,0.0182,0.0179,0.0000,0.0345
OAK,from,131,3,0.0316,0.0305,0.0220,0.0267,0.0253,0.0246,0.0000,0.0517
OAK,from,132,3,0.0182,0.0173,0.0131,0.0152,0.0147,0.0151,0.0000,0.0172
OAK,from,133,3,0.0237,0.0214,0.0287,0.0267,0.0248,0.0246,0.0000,0.0517
OAK,from,134,3,0.0211,0.0202,0.0148,0.0184,0.0167,0.0161,0.0000,0.0345
OAK,from,135,3,0.0152,0.0143,0.0110,0.0131,0.0122,0.0123,0.0000,0.0172
OAK,from,136,3,0.0106,0.0102,0.0072,0.0079,0.0086,0.0085,0.0000,0.0000
OAK,from,137,3,0.0189,0.0182,0.0139,0.0163,0.0157,0.0151,0.0000,0.0345
OAK,from,138,3,0.0160,0.0152,0.0114,0.0136,0.0132,0.0123,0.0000,0.0172
OAK,from,139,3,0.0106,0.0102,0.0072,0.0079,0.0086,0.0085,0.0000,0.0000
OAK,from,140,3,0.0102,0.0085,0.0186,0.0147,0.0142,0.0151,0.0000,0.0000
OAK,from,141,3,0.0008,0.0006,0.0000,0.0000,0.0000,0.0000,0.0000,0.0000
OAK,from,142,3,0.0057,0.0076,0.0262,0.0184,0.0182,0.0189,0.0000,0.0000
OAK,from,143,3,0.0003,0.0002,0.0000,0.0000,0.0000,0.0000,0.0000,0.0000
OAK,from,144,3,0.0010,0.0007,0.0000,0.0005,0.0000,0.0000,0.0000,0.0000
OAK,from,145,3,0.0013,0.0011,0.0004,0.0005,0.0000,0.0000,0.0000,0.0000
OAK,from,146,3,0.0013,0.0002,0.0101,0.0058,0.0056,0.0047,0.0000,0.0000
OAK,from,147,3,0.0053,0.0108,0.0017,0.0037,0.0071,0.0076,0.0000,0.0000
OAK,from,148,3,0.0010,0.0007,0.0000,0.0005,0.0000,0.0000,0.0000,0.0000
OAK,from,149,3,0.0097,0.0093,0.0063,0.0073,0.0081,0.0076,0.0000,0.0000
OAK,from,150,3,0.0049,0.0045,0.0038,0.0037,0.0035,0.0038,0.0000,0.0000
OAK,from,151,3,0.0046,0.0045,0.0038,0.0031,0.0035,0.0038,0.0000,0.0000
OAK,from,152,3,0.0135,0.0130,0.0101,0.0105,0.0111,0.0113,0.0000,0.0000
OAK,from,153,3,0.0105,0.0100,0.0072,0.0079,0.0086,0.0085,0.0000,0.0000
OAK,from,154,3,0.0073,0.0067,0.0046,0.0058,0.0061,0.0047,0.0000,0.0000
OAK,from,155,3,0.0074,0.0067,0.0046,0.0058,0.0066,0.0057,0.0000,0.0000
OAK,from,156,3,0.0064,0.0061,0.0038,0.0052,0.0056,0.0047,0.0000,0.0000
OAK,from,157,3,0.0010,0.0007,0.0000,0.0000,0.0000,0.0000,0.0000,0.0000
OAK,from,158,3,0.0011,0.0009,0.0000,0.0005,0.0000,0.0000,0.0000,0.0000
OAK,from,159,3,0.0121,0.0115,0.0085,0.0084,0.0091,0.0085,0.0000,0.0000
OAK,from,160,3,0.0125,0.0119,0.0085,0.0089,0.0096,0.0085,0.0000,0.0000
OAK,from,161,3,0.0080,0.0076,0.0051,0.0058,0.0071,0.0066,0.0000,0.0000
OAK,from,162,3,0.0113,0.0110,0.0076,0.0084,0.0086,0.0085,0.0000,0.0000
OAK,from,163,3,0.0086,0.0078,0.0055,0.0058,0.0071,0.0066,0.0000,0.0000
OAK,from,164,3,0.0239,0.0230,0.0169,0.0210,0.0197,0.0189,0.0000,0.0517
OAK,from,165,3,0.0172,0.0167,0.0123,0.0147,0.0142,0.0132,0.0000,0.0172
OAK,from,166,3,0.0320,0.0262,0.1014,0.0713,0.0668,0.0689,0.0000,0.0517
OAK,from,167,3,0.0148,0.0139,0.0110,0.0126,0.0122,0.0123,0.0000,0.0172
OAK,from,168,4,0.0421,0.0393,0.0330,0.0400,0.0374,0.0355,0.0000,0.0566
OAK,from,169,4,0.0824,0.0770,0.0635,0.0762,0.0748,0.0691,0.0000,0.0755
OAK,from,170,4,0.0667,0.0593,0.1028,0.0781,0.0739,0.0745,0.0000,0.0566
OAK,from,171,4,0.0247,0.0235,0.0165,0.0238,0.0214,0.0213,0.0000,0.0189
OAK,from,172,4,0.0560,0.0525,0.0444,0.0524,0.0490,0.0461,0.0000,0.0566
OAK,from,173,4,0.0347,0.0327,0.0279,0.0333,0.0321,0.0301,0.0000,0.0377
OAK,from,174,4,0.0478,0.0446,0.0393,0.0438,0.0427,0.0390,0.0000,0.0566
OAK,from,175,4,0.0303,0.0280,0.0228,0.0286,0.0276,0.0266,0.0000,0.0189
OAK,from,176,4,0.0198,0.0185,0.0140,0.0152,0.0169,0.0160,0.0000,0.0000
OAK,from,177,4,0.0695,0.0701,0.0736,0.0714,0.0730,0.0745,0.0000,0.0566
OAK,from,178,4,0.0425,0.0396,0.0330,0.0400,0.0374,0.0355,0.0000,0.0566
OAK,from,179,4,0.0589,0.0551,0.0457,0.0543,0.0534,0.0514,0.0000,0.0566
OAK,from,180,4,0.0226,0.0185,0.0660,0.0400,0.0347,0.0355,0.0000,0.0189
OAK,from,181,4,0.0335,0.0306,0.0254,0.0314,0.0294,0.0301,0.0000,0.0377
OAK,from,182,4,0.0390,0.0425,0.0305,0.0371,0.0374,0.0390,0.0000,0.0566
OAK,from,183,4,0.0402,0.0372,0.0330,0.0390,0.0356,0.0355,0.0000,0.0566
OAK,from,184,4,0.0560,0.0525,0.0444,0.0524,0.0490,0.0461,0.0000,0.0566
OAK,from,185,4,0.0459,0.0432,0.0368,0.0429,0.0419,0.0390,0.0000,0.0566
OAK,from,186,4,0.0625,0.0583,0.0508,0.0562,0.0570,0.0514,0.0000,0.0566
OAK,from,187,4,0.0410,0.0446,0.0305,0.0390,0.0410,0.0390,0.0000,0.0566
OAK,from,188,4,0.0543,0.1050,0.1447,0.0800,0.1095,0.1418,1.0000,0.0566
OAK,from,189,4,0.0202,0.0190,0.0140,0.0162,0.0169,0.0160,0.0000,0.0000
OAK,from,190,4,0.0091,0.0087,0.0076,0.0086,0.0080,0.0071,0.0000,0.0000
OAK,from,191,5,0.0156,0.0200,0.0021,0.0093,0.0113,0.0109,0.0000,0.0000
OAK,from,192,5,0.0018,0.0014,0.0000,0.0000,0.0000,0.0000,0.0000,0.0000
OAK,from,193,5,0.0135,0.0133,0.0014,0.0084,0.0089,0.0078,0.0000,0.0000
OAK,from,194,5,0.0247,0.0259,0.0063,0.0135,0.0153,0.0140,0.0000,0.0000
OAK,from,195,5,0.0156,0.0161,0.0021,0.0093,0.0105,0.0078,0.0000,0.0000
OAK,from,196,5,0.0248,0.0259,0.0063,0.0135,0.0153,0.0140,0.0000,0.0000
OAK,from,197,5,0.0189,0.0207,0.0042,0.0118,0.0121,0.0109,0.0000,0.0000
OAK,from,198,5,0.0040,0.0039,0.0000,0.0017,0.0008,0.0016,0.0000,0.0000
OAK,from,199,5,0.0055,0.0063,0.0056,0.0042,0.0048,0.0062,0.0000,0.0000
OAK,from,200,5,0.0056,0.0042,0.0084,0.0076,0.0073,0.0062,0.0000,0.0000
OAK,from,201,5,0.0078,0.0084,0.0007,0.0042,0.0048,0.0047,0.0000,0.0000
OAK,from,202,5,0.0241,0.0256,0.0063,0.0135,0.0145,0.0140,0.0000,0.0000
OAK,from,203,5,0.0111,0.0116,0.0014,0.0076,0.0073,0.0062,0.0000,0.0000
OAK,from,204,5,0.0233,0.0245,0.0056,0.0135,0.0145,0.0124,0.0000,0.0000
OAK,from,205,5,0.0270,0.0280,0.0063,0.0160,0.0169,0.0140,0.0000,0.0000
OAK,from,206,5,0.0122,0.0123,0.0014,0.0076,0.0081,0.0062,0.0000,0.0000
OAK,from,207,5,0.0110,0.0116,0.0014,0.0067,0.0073,0.0062,0.0000,0.0000
OAK,from,208,5,0.0192,0.0126,0.0526,0.0379,0.0322,0.0342,0.0000,0.0000
OAK,from,209,5,0.0273,0.0280,0.0084,0.0194,0.0193,0.0171,0.0000,0.0000
OAK,from,210,5,0.0035,0.0035,0.0000,0.0017,0.0000,0.0016,0.0000,0.0000
OAK,from,211,5,0.0142,0.0154,0.0021,0.0084,0.0097,0.0078,0.0000,0.0000
OAK,from,212,5,0.0570,0.0357,0.2702,0.1661,0.1515,0.1695,0.5000,0.3000
OAK,from,213,5,0.0183,0.0200,0.0063,0.0126,0.0137,0.0124,0.0000,0.0000
OAK,from,214,5,0.0172,0.0158,0.0168,0.0143,0.0153,0.0140,0.0000,0.0000
OAK,from,215,5,0.0148,0.0147,0.0021,0.0093,0.0097,0.0078,0.0000,0.0000
OAK,from,216,5,0.0075,0.0088,0.0000,0.0042,0.0048,0.0047,0.0000,0.0000
OAK,from,217,5,0.0132,0.0154,0.0014,0.0076,0.0089,0.0078,0.0000,0.0000
OAK,from,218,5,0.0215,0.0224,0.0049,0.0126,0.0137,0.0109,0.0000,0.0000
OAK,from,219,5,0.0256,0.0266,0.0063,0.0135,0.0153,0.0140,0.0000,0.0000
OAK,from,220,5,0.0171,0.0179,0.0028,0.0093,0.0113,0.0093,0.0000,0.0000
OAK,from,221,5,0.0170,0.0179,0.0028,0.0093,0.0113,0.0093,0.0000,0.0000
OAK,from,222,5,0.0142,0.0179,0.0014,0.0084,0.0105,0.0109,0.0000,0.0000
OAK,from,223,5,0.0134,0.0133,0.0014,0.0084,0.0089,0.0078,0.0000,0.0000
OAK,from,224,5,0.0104,0.0109,0.0014,0.0067,0.0064,0.0062,0.0000,0.0000
OAK,from,225,5,0.0154,0.0130,0.0232,0.0211,0.0177,0.0187,0.0000,0.0000
OAK,from,226,5,0.0222,0.0231,0.0077,0.0135,0.0153,0.0140,0.0000,0.0000
OAK,from,227,5,0.0232,0.0245,0.0056,0.0135,0.0137,0.0124,0.0000,0.0000
OAK,from,228,5,0.0000,0.0000,0.0000,0.0000,0.0000,0.0000,0.0000,0.0000
OAK,from,229,5,0.0185,0.0196,0.0042,0.0110,0.0121,0.0109,0.0000,0.0000
OAK,from,230,5,0.0248,0.0270,0.0063,0.0135,0.0153,0.0140,0.0000,0.0000
OAK,from,231,5,0.0199,0.0210,0.0042,0.0118,0.0129,0.0109,0.0000,0.0000
OAK,from,232,5,0.0183,0.0193,0.0042,0.0093,0.0121,0.0109,0.0000,0.0000
OAK,from,233,5,0.0229,0.0242,0.0056,0.0135,0.0137,0.0124,0.0000,0.0000
OAK,from,234,5,0.0091,0.0053,0.0449,0.0278,0.0258,0.0280,0.0000,0.0000
OAK,from,235,5,0.0104,0.0109,0.0014,0.0067,0.0064,0.0062,0.0000,0.0000
OAK,from,236,5,0.0173,0.0182,0.0204,0.0185,0.0185,0.0202,0.0000,0.0000
OAK,from,237,5,0.0071,0.0074,0.0063,0.0059,0.0056,0.0062,0.0000,0.0000
OAK,from,238,5,0.0103,0.0088,0.0133,0.0118,0.0121,0.0109,0.0000,0.0000
OAK,from,239,5,0.0034,0.0000,0.0253,0.0135,0.0129,0.0140,0.0000,0.0000
OAK,from,240,5,0.0585,0.0736,0.1544,0.1054,0.1096,0.1260,0.5000,0.3000
OAK,from,241,5,0.0105,0.0109,0.0014,0.0067,0.0064,0.0062,0.0000,0.0000
OAK,from,242,5,0.0098,0.0102,0.0014,0.0051,0.0056,0.0047,0.0000,0.0000
OAK,from,243,5,0.0111,0.0116,0.0014,0.0067,0.0073,0.0062,0.0000,0.0000
OAK,from,244,5,0.0133,0.0144,0.0014,0.0084,0.0089,0.0078,0.0000,0.0000
OAK,from,245,5,0.0166,0.0179,0.0063,0.0118,0.0129,0.0109,0.0000,0.0000
OAK,from,246,5,0.0368,0.0389,0.0112,0.0261,0.0258,0.0249,0.0000,0.1000
OAK,from,247,5,0.0172,0.0179,0.0063,0.0126,0.0129,0.0109,0.0000,0.0000
OAK,from,248,5,0.0452,0.0263,0.2028,0.1273,0.1144,0.1244,0.0000,0.3000
OAK,from,249,6,0.0655,0.0410,0.2773,0.1834,0.1662,0.1833,1.0000,0.2500
OAK,from,250,6,0.0225,0.0247,0.0091,0.0140,0.0161,0.0150,0.0000,0.0000
OAK,from,251,6,0.0204,0.0240,0.0063,0.0122,0.0136,0.0133,0.0000,0.0000
OAK,from,252,6,0.0400,0.0398,0.0308,0.0367,0.0339,0.0367,0.0000,0.1250
OAK,from,253,6,0.0158,0.0162,0.0056,0.0096,0.0110,0.0083,0.0000,0.0000
OAK,from,254,6,0.0347,0.0367,0.0091,0.0227,0.0221,0.0217,0.0000,0.0625
OAK,from,255,6,0.0200,0.0209,0.0091,0.0140,0.0144,0.0150,0.0000,0.0000
OAK,from,256,6,0.0206,0.0240,0.0063,0.0122,0.0144,0.0133,0.0000,0.0000
OAK,from,257,6,0.0145,0.0170,0.0077,0.0096,0.0127,0.0117,0.0000,0.0000
OAK,from,258,6,0.0168,0.0232,0.0049,0.0096,0.0127,0.0133,0.0000,0.0000
OAK,from,259,6,0.0149,0.0151,0.0056,0.0096,0.0102,0.0083,0.0000,0.0000
OAK,from,260,6,0.0106,0.0112,0.0028,0.0070,0.0059,0.0067,0.0000,0.0000
OAK,from,261,6,0.0163,0.0128,0.0343,0.0279,0.0246,0.0267,0.0000,0.0000
OAK,from,262,6,0.0124,0.0131,0.0042,0.0079,0.0085,0.0067,0.0000,0.0000
OAK,from,263,6,0.0093,0.0093,0.0014,0.0044,0.0059,0.0050,0.0000,0.0000
OAK,from,264,6,0.0272,0.0131,0.1162,0.0742,0.0679,0.0733,0.0000,0.1250
OAK,from,265,6,0.0187,0.0143,0.0399,0.0314,0.0280,0.0300,0.0000,0.0000
OAK,from,266,6,0.0482,0.0360,0.1366,0.0978,0.0899,0.0967,0.0000,0.1875
OAK,from,267,6,0.0165,0.0170,0.0063,0.0096,0.0119,0.0083,0.0000,0.0000
OAK,from,268,6,0.0157,0.0159,0.0084,0.0122,0.0127,0.0117,0.0000,0.0000
OAK,from,269,6,0.0153,0.0159,0.0056,0.0096,0.0110,0.0083,0.0000,0.0000
OAK,from,270,6,0.0118,0.0120,0.0028,0.0079,0.0076,0.0067,0.0000,0.0000
OAK,from,271,6,0.0212,0.0217,0.0126,0.0148,0.0161,0.0150,0.0000,0.0000
OAK,from,272,6,0.0139,0.0143,0.0042,0.0087,0.0093,0.0083,0.0000,0.0000
OAK,from,273,6,0.0222,0.0232,0.0063,0.0131,0.0144,0.0133,0.0000,0.0000
OAK,from,274,6,0.0157,0.0159,0.0056,0.0096,0.0110,0.0083,0.0000,0.0000
OAK,from,275,6,0.0178,0.0159,0.0343,0.0288,0.0263,0.0283,0.0000,0.0000
OAK,from,276,6,0.0119,0.0128,0.0028,0.0079,0.0076,0.0067,0.0000,0.0000
OAK,from,277,6,0.0176,0.0213,0.0063,0.0096,0.0127,0.0117,0.0000,0.0000
OAK,from,278,6,0.0141,0.0116,0.0245,0.0183,0.0178,0.0200,0.0000,0.0000
OAK,from,279,6,0.0152,0.0159,0.0217,0.0175,0.0187,0.0200,0.0000,0.0000
OAK,from,280,6,0.0127,0.0135,0.0042,0.0079,0.0085,0.0067,0.0000,0.0000
OAK,from,281,6,0.0157,0.0189,0.0049,0.0096,0.0119,0.0117,0.0000,0.0000
OAK,from,282,6,0.0142,0.0189,0.0042,0.0087,0.0110,0.0117,0.0000,0.0000
OAK,from,283,6,0.0163,0.0170,0.0063,0.0096,0.0119,0.0083,0.0000,0.0000
OAK,from,284,6,0.0074,0.0081,0.0014,0.0044,0.0042,0.0050,0.0000,0.0000
OAK,from,285,6,0.0133,0.0135,0.0042,0.0087,0.0093,0.0083,0.0000,0.0000
OAK,from,286,6,0.0323,0.0340,0.0140,0.0245,0.0229,0.0217,0.0000,0.0625
OAK,from,287,6,0.0145,0.0170,0.0112,0.0122,0.0136,0.0150,0.0000,0.0000
OAK,from,288,6,0.0297,0.0313,0.0084,0.0175,0.0187,0.0167,0.0000,0.0000
OAK,from,289,6,0.0290,0.0309,0.0084,0.0175,0.0187,0.0167,0.0000,0.0000
OAK,from,290,6,0.0157,0.0159,0.0056,0.0096,0.0110,0.0083,0.0000,0.0000
OAK,from,291,6,0.0191,0.0232,0.0063,0.0096,0.0136,0.0117,0.0000,0.0000
OAK,from,292,6,0.0124,0.0131,0.0042,0.0079,0.0085,0.0067,0.0000,0.0000
OAK,from,293,6,0.0304,0.0317,0.0084,0.0192,0.0204,0.0183,0.0000,0.0000
OAK,from,294,6,0.0304,0.0313,0.0133,0.0227,0.0221,0.0217,0.0000,0.0000
OAK,from,295,6,0.0208,0.0228,0.0063,0.0131,0.0136,0.0117,0.0000,0.0000
OAK,from,296,6,0.0488,0.0530,0.0399,0.0454,0.0450,0.0483,0.0000,0.1875
OAK,from,297,7,0.0241,0.0234,0.0161,0.0160,0.0184,0.0155,0.0000,0.0000
OAK,from,298,7,0.0470,0.0547,0.0161,0.0288,0.0337,0.0259,0.0000,0.0000
OAK,from,299,7,0.0246,0.0234,0.0161,0.0160,0.0184,0.0155,0.0000,0.0000
OAK,from,300,7,0.0178,0.0188,0.0036,0.0064,0.0061,0.0104,0.0000,0.0000
OAK,from,301,7,0.0325,0.0359,0.0161,0.0160,0.0184,0.0155,0.0000,0.0000
OAK,from,302,7,0.0253,0.0281,0.0107,0.0128,0.0153,0.0155,0.0000,0.0000
OAK,from,303,7,0.0226,0.0234,0.0072,0.0064,0.0123,0.0155,0.0000,0.0000
OAK,from,304,7,0.0303,0.0344,0.0143,0.0160,0.0184,0.0155,0.0000,0.0000
OAK,from,305,7,0.0084,0.0078,0.0000,0.0032,0.0000,0.0000,0.0000,0.0000
OAK,from,306,7,0.0161,0.0172,0.0036,0.0064,0.0061,0.0104,0.0000,0.0000
OAK,from,307,7,0.0258,0.0281,0.0107,0.0160,0.0153,0.0155,0.0000,0.0000
OAK,from,308,7,0.0161,0.0156,0.0161,0.0128,0.0153,0.0155,0.0000,0.0000
OAK,from,309,7,0.0325,0.0328,0.0465,0.0447,0.0460,0.0363,0.0000,0.0000
OAK,from,310,7,0.0171,0.0141,0.0572,0.0479,0.0460,0.0466,0.0000,0.0000
OAK,from,311,7,0.0539,0.0359,0.2254,0.2013,0.1840,0.1710,0.0000,0.0000
OAK,from,312,7,0.0400,0.0375,0.0340,0.0351,0.0429,0.0363,0.0000,0.0000
OAK,from,313,7,0.0104,0.0062,0.0358,0.0319,0.0307,0.0259,0.0000,0.0000
OAK,from,314,7,0.0111,0.0078,0.0161,0.0160,0.0153,0.0155,0.0000,0.0000
OAK,from,315,7,0.0041,0.0062,0.0072,0.0064,0.0031,0.0104,0.0000,0.0000
OAK,from,316,7,0.0063,0.0062,0.0000,0.0000,0.0000,0.0000,0.0000,0.0000
OAK,from,317,7,0.0183,0.0172,0.0161,0.0160,0.0153,0.0155,0.0000,0.0000
OAK,from,318,7,0.0149,0.0156,0.0036,0.0064,0.0000,0.0052,0.0000,0.0000
OAK,from,319,7,0.0149,0.0156,0.0036,0.0064,0.0000,0.0104,0.0000,0.0000
OAK,from,320,7,0.0217,0.0234,0.0161,0.0160,0.0184,0.0155,0.0000,0.0000
OAK,from,321,7,0.0130,0.0125,0.0036,0.0032,0.0000,0.0052,0.0000,0.0000
OAK,from,322,7,0.0226,0.0234,0.0072,0.0064,0.0123,0.0155,0.0000,0.0000
OAK,from,323,7,0.0149,0.0172,0.0036,0.0064,0.0061,0.0104,0.0000,0.0000
OAK,from,324,7,0.0065,0.0062,0.0000,0.0000,0.0000,0.0000,0.0000,0.0000
OAK,from,325,7,0.0183,0.0188,0.0161,0.0160,0.0153,0.0155,0.0000,0.0000
OAK,from,326,7,0.0041,0.0000,0.0161,0.0128,0.0123,0.0155,0.0000,0.0000
OAK,from,327,7,0.0123,0.0094,0.0161,0.0128,0.0123,0.0155,0.0000,0.0000
OAK,from,328,7,0.0149,0.0156,0.0036,0.0064,0.0031,0.0104,0.0000,0.0000
OAK,from,329,7,0.0063,0.0062,0.0000,0.0000,0.0000,0.0000,0.0000,0.0000
OAK,from,330,7,0.0171,0.0172,0.0036,0.0064,0.0061,0.0104,0.0000,0.0000
OAK,from,331,7,0.0265,0.0328,0.0519,0.0479,0.0491,0.0466,0.0000,0.0000
OAK,from,332,7,0.0094,0.0094,0.0018,0.0032,0.0000,0.0000,0.0000,0.0000
OAK,from,333,7,0.0287,0.0297,0.0358,0.0351,0.0399,0.0363,0.0000,0.0000
OAK,from,334,7,0.0171,0.0172,0.0036,0.0064,0.0061,0.0104,0.0000,0.0000
OAK,from,335,7,0.0171,0.0125,0.0304,0.0319,0.0307,0.0259,0.0000,0.0000
OAK,from,336,7,0.0183,0.0188,0.0054,0.0064,0.0061,0.0104,0.0000,0.0000
OAK,from,337,7,0.0159,0.0109,0.0304,0.0319,0.0307,0.0259,0.0000,0.0000
OAK,from,338,7,0.0116,0.0094,0.0036,0.0032,0.0000,0.0000,0.0000,0.0000
OAK,from,339,7,0.0195,0.0188,0.0161,0.0160,0.0153,0.0155,0.0000,0.0000
OAK,from,340,7,0.0250,0.0266,0.0233,0.0288,0.0276,0.0259,0.0000,0.0000
OAK,from,341,7,0.0270,0.0344,0.0519,0.0479,0.0491,0.0466,0.0000,0.0000
OAK,from,342,7,0.0373,0.0391,0.0394,0.0351,0.0429,0.0363,0.0000,0.0000
OAK,from,343,7,0.0135,0.0141,0.0036,0.0032,0.0000,0.0052,0.0000,0.0000
OAK,from,344,7,0.0200,0.0203,0.0054,0.0064,0.0092,0.0155,0.0000,0.0000
OAK,from,345,7,0.0248,0.0250,0.0107,0.0128,0.0153,0.0155,0.0000,0.0000
OAK,from,346,7,0.0226,0.0250,0.0250,0.0288,0.0307,0.0259,0.0000,0.0000
OAK,from,347,8,0.0553,0.0608,0.0191,0.0000,0.0402,0.0297,0.0000,0.0526
OAK,from,348,8,0.0032,0.0005,0.0139,0.0000,0.0000,0.0000,0.0000,0.0000
OAK,from,349,8,0.0188,0.0165,0.0502,0.0000,0.0517,0.0396,0.0000,0.0175
OAK,from,350,8,0.0145,0.0174,0.0042,0.0000,0.0000,0.0000,0.0000,0.0000
OAK,from,351,8,0.0343,0.0302,0.0507,0.0000,0.0632,0.0495,0.0000,0.0526
OAK,from,352,8,0.0041,0.0000,0.0200,0.0000,0.0057,0.0198,0.0000,0.0000
OAK,from,353,8,0.0032,0.0066,0.0000,0.0000,0.0000,0.0000,0.0000,0.0000
OAK,from,354,8,0.0101,0.0156,0.0205,0.0000,0.0230,0.0297,0.0000,0.0000
OAK,from,355,8,0.0675,0.0363,0.2557,0.0000,0.2414,0.2178,0.0000,0.1228
OAK,from,356,8,0.0482,0.0523,0.0567,0.0000,0.0747,0.0594,0.0000,0.0526
OAK,from,357,8,0.0345,0.0391,0.0153,0.0000,0.0287,0.0297,0.0000,0.0526
OAK,from,358,8,0.0328,0.0349,0.0084,0.0000,0.0115,0.0198,0.0000,0.0526
OAK,from,359,8,0.0279,0.0292,0.0065,0.0000,0.0057,0.0099,0.0000,0.0351
OAK,from,360,8,0.0271,0.0292,0.0060,0.0000,0.0057,0.0099,0.0000,0.0351
OAK,from,361,8,0.0298,0.0320,0.0079,0.0000,0.0115,0.0099,0.0000,0.0526
OAK,from,362,8,0.0271,0.0283,0.0186,0.0000,0.0287,0.0297,0.0000,0.0351
OAK,from,363,8,0.0134,0.0141,0.0042,0.0000,0.0000,0.0000,0.0000,0.0000
OAK,from,364,8,0.0122,0.0108,0.0135,0.0000,0.0000,0.0099,0.0000,0.0000
OAK,from,365,8,0.0097,0.0047,0.0270,0.0000,0.0230,0.0297,0.0000,0.0000
OAK,from,366,8,0.0374,0.0377,0.0832,0.0000,0.0920,0.0792,0.0000,0.0526
OAK,from,367,8,0.0304,0.0311,0.0149,0.0000,0.0230,0.0198,0.0000,0.0526
OAK,from,368,8,0.0330,0.0311,0.0279,0.0000,0.0345,0.0297,0.0000,0.0526
OAK,from,369,8,0.0407,0.0330,0.0604,0.0000,0.0690,0.0495,0.0000,0.0526
OAK,from,370,8,0.0234,0.0254,0.0056,0.0000,0.0000,0.0099,0.0000,0.0175
OAK,from,371,8,0.0181,0.0193,0.0042,0.0000,0.0000,0.0000,0.0000,0.0000
OAK,from,372,8,0.0178,0.0174,0.0093,0.0000,0.0000,0.0099,0.0000,0.0000
OAK,from,373,8,0.0125,0.0156,0.0037,0.0000,0.0000,0.0000,0.0000,0.0000
OAK,from,374,8,0.0104,0.0104,0.0088,0.0000,0.0000,0.0000,0.0000,0.0000
OAK,from,375,8,0.0076,0.0108,0.0009,0.0000,0.0000,0.0000,0.0000,0.0000
OAK,from,376,8,0.0160,0.0170,0.0042,0.0000,0.0000,0.0000,0.0000,0.0000
OAK,from,377,8,0.0215,0.0273,0.0191,0.0000,0.0287,0.0297,0.0000,0.0175
OAK,from,378,8,0.0167,0.0160,0.0214,0.0000,0.0230,0.0297,0.0000,0.0000
OAK,from,379,8,0.0156,0.0137,0.0163,0.0000,0.0115,0.0198,0.0000,0.0000
OAK,from,380,8,0.0086,0.0113,0.0116,0.0000,0.0000,0.0099,0.0000,0.0000
OAK,from,381,8,0.0289,0.0278,0.0358,0.0000,0.0402,0.0396,0.0000,0.0526
OAK,from,382,8,0.0120,0.0113,0.0079,0.0000,0.0000,0.0000,0.0000,0.0000
OAK,from,383,8,0.0110,0.0113,0.0033,0.0000,0.0000,0.0000,0.0000,0.0000
OAK,from,384,8,0.0277,0.0292,0.0065,0.0000,0.0057,0.0099,0.0000,0.0351
OAK,from,385,8,0.0177,0.0179,0.0042,0.0000,0.0000,0.0000,0.0000,0.0000
OAK,from,386,8,0.0189,0.0193,0.0042,0.0000,0.0000,0.0000,0.0000,0.0000
OAK,from,387,8,0.0223,0.0240,0.0056,0.0000,0.0000,0.0000,0.0000,0.0175
OAK,from,388,8,0.0353,0.0377,0.0093,0.0000,0.0172,0.0198,0.0000,0.0526
OAK,from,389,8,0.0271,0.0330,0.0121,0.0000,0.0172,0.0198,0.0000,0.0351
OAK,from,390,8,0.0157,0.0127,0.0214,0.0000,0.0230,0.0297,0.0000,0.0000
OAK,from,391,9,0.0206,0.0177,0.0103,0.0000,0.0000,0.0167,0.0000,0.0385
OAK,from,392,9,0.0145,0.0142,0.0079,0.0000,0.0000,0.0000,0.0000,0.0000
OAK,from,393,9,0.0133,0.0130,0.0071,0.0000,0.0000,0.0000,0.0000,0.0000
OAK,from,394,9,0.0145,0.0134,0.0095,0.0000,0.0000,0.0000,0.0000,0.0000
OAK,from,395,9,0.0194,0.0193,0.0095,0.0000,0.0000,0.0167,0.0000,0.0000
OAK,from,396,9,0.0006,0.0000,0.0016,0.0000,0.0000,0.0000,0.0000,0.0000
OAK,from,397,9,0.0081,0.0094,0.0071,0.0000,0.0000,0.0000,0.0000,0.0000
OAK,from,398,9,0.0082,0.0083,0.0008,0.0000,0.0000,0.0000,0.0000,0.0000
OAK,from,399,9,0.0049,0.0090,0.0016,0.0000,0.0000,0.0000,0.0000,0.0000
OAK,from,400,9,0.0125,0.0138,0.0055,0.0000,0.0000,0.0000,0.0000,0.0000
OAK,from,401,9,0.0237,0.0366,0.0347,0.0000,0.0659,0.0500,0.0000,0.0000
OAK,from,402,9,0.0096,0.0134,0.0134,0.0000,0.0000,0.0167,0.0000,0.0000
OAK,from,403,9,0.0158,0.0197,0.0410,0.0000,0.0549,0.0500,0.0000,0.0000
OAK,from,404,9,0.0155,0.0177,0.0339,0.0000,0.0549,0.0500,0.0000,0.0000
OAK,from,405,9,0.0024,0.0000,0.0150,0.0000,0.0000,0.0000,0.0000,0.0000
OAK,from,406,9,0.0053,0.0043,0.0205,0.0000,0.0000,0.0000,0.0000,0.0000
OAK,from,407,9,0.0034,0.0043,0.0071,0.0000,0.0000,0.0000,0.0000,0.0000
OAK,from,408,9,0.0124,0.0232,0.0071,0.0000,0.0000,0.0167,0.0000,0.0000
OAK,from,409,9,0.0073,0.0118,0.0071,0.0000,0.0000,0.0000,0.0000,0.0000
OAK,from,410,9,0.0278,0.0303,0.0134,0.0000,0.0330,0.0333,0.0000,0.0385
OAK,from,411,9,0.0000,0.0000,0.0000,0.0000,0.0000,0.0000,0.0000,0.0000
OAK,from,412,9,0.0289,0.0252,0.0260,0.0000,0.0549,0.0500,0.0000,0.0769
OAK,from,413,9,0.0056,0.0047,0.0016,0.0000,0.0000,0.0000,0.0000,0.0000
OAK,from,414,9,0.0171,0.0142,0.0103,0.0000,0.0000,0.0000,0.0000,0.0000
OAK,from,415,9,0.0485,0.0554,0.1096,0.0000,0.1648,0.1333,0.0000,0.1154
OAK,from,416,9,0.0323,0.0252,0.0552,0.0000,0.0769,0.0667,0.0000,0.1154
OAK,from,417,9,0.0009,0.0020,0.0000,0.0000,0.0000,0.0000,0.0000,0.0000
OAK,from,418,9,0.0039,0.0031,0.0000,0.0000,0.0000,0.0000,0.0000,0.0000
OAK,from,419,9,0.0118,0.0094,0.0095,0.0000,0.0000,0.0000,0.0000,0.0000
OAK,from,420,9,0.0118,0.0118,0.0016,0.0000,0.0000,0.0000,0.0000,0.0000
OAK,from,421,9,0.0101,0.0090,0.0103,0.0000,0.0000,0.0000,0.0000,0.0000
OAK,from,422,9,0.0069,0.0059,0.0032,0.0000,0.0000,0.0000,0.0000,0.0000
OAK,from,423,9,0.0116,0.0106,0.0016,0.0000,0.0000,0.0000,0.0000,0.0000
OAK,from,424,9,0.0122,0.0114,0.0016,0.0000,0.0000,0.0000,0.0000,0.0000
OAK,from,425,9,0.0101,0.0090,0.0071,0.0000,0.0000,0.0000,0.0000,0.0000
OAK,from,426,9,0.0150,0.0149,0.0095,0.0000,0.0000,0.0000,0.0000,0.0000
OAK,from,427,9,0.0039,0.0028,0.0103,0.0000,0.0000,0.0000,0.0000,0.0000
OAK,from,428,9,0.0065,0.0047,0.0150,0.0000,0.0000,0.0000,0.0000,0.0000
OAK,from,429,9,0.0115,0.0130,0.0323,0.0000,0.0440,0.0500,0.0000,0.0000
OAK,from,430,9,0.0024,0.0043,0.0000,0.0000,0.0000,0.0000,0.0000,0.0000
OAK,from,431,9,0.0020,0.0020,0.0032,0.0000,0.0000,0.0000,0.0000,0.0000
OAK,from,432,9,0.0041,0.0047,0.0095,0.0000,0.0000,0.0000,0.0000,0.0000
OAK,from,433,9,0.0073,0.0114,0.0063,0.0000,0.0000,0.0000,0.0000,0.0000
OAK,from,434,9,0.0041,0.0071,0.0016,0.0000,0.0000,0.0000,0.0000,0.0000
OAK,from,435,9,0.0637,0.0503,0.2484,0.0000,0.2967,0.2333,0.0000,0.1538
OAK,from,436,9,0.0065,0.0051,0.0024,0.0000,0.0000,0.0000,0.0000,0.0000
OAK,from,437,9,0.0164,0.0173,0.0024,0.0000,0.0000,0.0000,0.0000,0.0000
OAK,from,438,9,0.0104,0.0094,0.0047,0.0000,0.0000,0.0000,0.0000,0.0000
OAK,from,439,9,0.0061,0.0059,0.0000,0.0000,0.0000,0.0000,0.0000,0.0000
OAK,from,440,9,0.0142,0.0130,0.0016,0.0000,0.0000,0.0000,0.0000,0.0000
OAK,from,441,9,0.0194,0.0177,0.0095,0.0000,0.0000,0.0000,0.0000,0.0000
OAK,from,442,9,0.0123,0.0138,0.0016,0.0000,0.0000,0.0000,0.0000,0.0000
OAK,from,443,9,0.0074,0.0067,0.0000,0.0000,0.0000,0.0000,0.0000,0.0000
OAK,from,444,9,0.0227,0.0224,0.0142,0.0000,0.0220,0.0333,0.0000,0.0385
OAK,from,445,9,0.0228,0.0220,0.0071,0.0000,0.0000,0.0000,0.0000,0.0385
OAK,from,446,9,0.0248,0.0244,0.0079,0.0000,0.0110,0.0167,0.0000,0.0385
OAK,from,447,9,0.0176,0.0145,0.0095,0.0000,0.0000,0.0000,0.0000,0.0000
OAK,from,448,9,0.0225,0.0212,0.0284,0.0000,0.0440,0.0500,0.0000,0.0385
OAK,from,449,9,0.0205,0.0204,0.0047,0.0000,0.0000,0.0000,0.0000,0.0000
OAK,from,450,9,0.0098,0.0106,0.0071,0.0000,0.0000,0.0000,0.0000,0.0000
OAK,from,451,9,0.0240,0.0232,0.0079,0.0000,0.0000,0.0167,0.0000,0.0385
OAK,from,452,9,0.0118,0.0110,0.0016,0.0000,0.0000,0.0000,0.0000,0.0000
OAK,from,453,9,0.0256,0.0236,0.0071,0.0000,0.0000,0.0167,0.0000,0.0385
OAK,from,454,9,0.0212,0.0189,0.0071,0.0000,0.0000,0.0000,0.0000,0.0385
OAK,from,455,9,0.0149,0.0142,0.0055,0.0000,0.0000,0.0000,0.0000,0.0000
OAK,from,456,9,0.0283,0.0271,0.0260,0.0000,0.0549,0.0500,0.0000,0.0769
OAK,from,457,9,0.0217,0.0197,0.0071,0.0000,0.0000,0.0000,0.0000,0.0385
OAK,from,458,9,0.0150,0.0145,0.0016,0.0000,0.0000,0.0000,0.0000,0.0000
OAK,from,459,9,0.0323,0.0319,0.0079,0.0000,0.0220,0.0333,0.0000,0.0769
OAK,from,460,10,0.0425,0.0136,0.1984,0.0000,0.6111,0.4167,0.0000,1.0000
OAK,from,461,10,0.0146,0.0136,0.0122,0.0000,0.0000,0.0000,0.0000,0.0000
OAK,from,462,10,0.0161,0.0233,0.0231,0.0000,0.0000,0.0000,0.0000,0.0000
OAK,from,463,10,0.0105,0.0097,0.0027,0.0000,0.0000,0.0000,0.0000,0.0000
OAK,from,464,10,0.0120,0.0136,0.0027,0.0000,0.0000,0.0000,0.0000,0.0000
OAK,from,465,10,0.0135,0.0117,0.0122,0.0000,0.0000,0.0000,0.0000,0.0000
OAK,from,466,10,0.0068,0.0078,0.0014,0.0000,0.0000,0.0000,0.0000,0.0000
OAK,from,467,10,0.0059,0.0019,0.0122,0.0000,0.0000,0.0000,0.0000,0.0000
OAK,from,468,10,0.0081,0.0078,0.0027,0.0000,0.0000,0.0000,0.0000,0.0000
OAK,from,469,10,0.0048,0.0000,0.0177,0.0000,0.0000,0.0000,0.0000,0.0000
OAK,from,470,10,0.0190,0.0233,0.0136,0.0000,0.0000,0.0000,0.0000,0.0000
OAK,from,471,10,0.0057,0.0039,0.0163,0.0000,0.0000,0.0000,0.0000,0.0000
OAK,from,472,10,0.0065,0.0117,0.0000,0.0000,0.0000,0.0000,0.0000,0.0000
OAK,from,473,10,0.0048,0.0019,0.0000,0.0000,0.0000,0.0000,0.0000,0.0000
OAK,from,474,10,0.0076,0.0078,0.0027,0.0000,0.0000,0.0000,0.0000,0.0000
OAK,from,475,10,0.0081,0.0078,0.0109,0.0000,0.0000,0.0000,0.0000,0.0000
OAK,from,476,10,0.0238,0.0291,0.0231,0.0000,0.0000,0.0000,0.0000,0.0000
OAK,from,477,10,0.0146,0.0136,0.0122,0.0000,0.0000,0.0000,0.0000,0.0000
OAK,from,478,10,0.0118,0.0097,0.0163,0.0000,0.0000,0.0000,0.0000,0.0000
OAK,from,479,10,0.0229,0.0233,0.0122,0.0000,0.0000,0.0000,0.0000,0.0000
OAK,from,480,10,0.0144,0.0194,0.0041,0.0000,0.0000,0.0000,0.0000,0.0000
OAK,from,481,10,0.0161,0.0175,0.0082,0.0000,0.0000,0.0000,0.0000,0.0000
OAK,from,482,10,0.0135,0.0117,0.0041,0.0000,0.0000,0.0000,0.0000,0.0000
OAK,from,483,10,0.0135,0.0117,0.0041,0.0000,0.0000,0.0000,0.0000,0.0000
OAK,from,484,10,0.0294,0.0214,0.0625,0.0000,0.1111,0.1667,0.0000,0.0000
OAK,from,485,10,0.0244,0.0214,0.0340,0.0000,0.0000,0.0000,0.0000,0.0000
OAK,from,486,10,0.0222,0.0252,0.0190,0.0000,0.0000,0.0000,0.0000,0.0000
OAK,from,487,10,0.0120,0.0117,0.0122,0.0000,0.0000,0.0000,0.0000,0.0000
OAK,from,488,10,0.0297,0.0447,0.0163,0.0000,0.0000,0.0000,0.0000,0.0000
OAK,from,489,10,0.0281,0.0291,0.0163,0.0000,0.0000,0.0000,0.0000,0.0000
OAK,from,490,10,0.0159,0.0194,0.0054,0.0000,0.0000,0.0000,0.0000,0.0000
OAK,from,491,10,0.0081,0.0078,0.0027,0.0000,0.0000,0.0000,0.0000,0.0000
OAK,from,492,10,0.0205,0.0214,0.0163,0.0000,0.0000,0.0000,0.0000,0.0000
OAK,from,493,10,0.0229,0.0233,0.0122,0.0000,0.0000,0.0000,0.0000,0.0000
OAK,from,494,10,0.0286,0.0291,0.0231,0.0000,0.0000,0.0000,0.0000,0.0000
OAK,from,495,10,0.0279,0.0291,0.0122,0.0000,0.0000,0.0000,0.0000,0.0000
OAK,from,496,10,0.0155,0.0136,0.0122,0.0000,0.0000,0.0000,0.0000,0.0000
OAK,from,497,10,0.0297,0.0330,0.0122,0.0000,0.0000,0.0000,0.0000,0.0000
OAK,from,498,10,0.0146,0.0136,0.0054,0.0000,0.0000,0.0000,0.0000,0.0000
OAK,from,499,10,0.0177,0.0214,0.0082,0.0000,0.0000,0.0000,0.0000,0.0000
OAK,from,500,10,0.0120,0.0117,0.0041,0.0000,0.0000,0.0000,0.0000,0.0000
OAK,from,501,10,0.0118,0.0136,0.0027,0.0000,0.0000,0.0000,0.0000,0.0000
OAK,from,502,10,0.0083,0.0097,0.0027,0.0000,0.0000,0.0000,0.0000,0.0000
OAK,from,503,10,0.0118,0.0136,0.0462,0.0000,0.0000,0.0833,0.0000,0.0000
OAK,from,504,10,0.0061,0.0078,0.0000,0.0000,0.0000,0.0000,0.0000,0.0000
OAK,from,505,10,0.0159,0.0155,0.0054,0.0000,0.0000,0.0000,0.0000,0.0000
OAK,from,506,10,0.0081,0.0078,0.0027,0.0000,0.0000,0.0000,0.0000,0.0000
OAK,from,507,10,0.0181,0.0194,0.0082,0.0000,0.0000,0.0000,0.0000,0.0000
OAK,from,508,10,0.0072,0.0078,0.0027,0.0000,0.0000,0.0000,0.0000,0.0000
OAK,from,509,10,0.0081,0.0078,0.0027,0.0000,0.0000,0.0000,0.0000,0.0000
OAK,from,510,10,0.0129,0.0117,0.0041,0.0000,0.0000,0.0000,0.0000,0.0000
OAK,from,511,10,0.0408,0.0466,0.0734,0.0000,0.2778,0.2500,0.0000,0.0000
OAK,from,512,10,0.0159,0.0194,0.0054,0.0000,0.0000,0.0000,0.0000,0.0000
OAK,from,513,10,0.0118,0.0117,0.0027,0.0000,0.0000,0.0000,0.0000,0.0000
OAK,from,514,10,0.0325,0.0311,0.0340,0.0000,0.0000,0.0000,0.0000,0.0000
OAK,from,515,10,0.0177,0.0155,0.0177,0.0000,0.0000,0.0000,0.0000,0.0000
OAK,from,516,10,0.0131,0.0117,0.0041,0.0000,0.0000,0.0000,0.0000,0.0000
OAK,from,517,10,0.0131,0.0117,0.0041,0.0000,0.0000,0.0000,0.0000,0.0000
OAK,from,518,10,0.0194,0.0194,0.0095,0.0000,0.0000,0.0000,0.0000,0.0000
OAK,from,519,10,0.0220,0.0252,0.0231,0.0000,0.0000,0.0000,0.0000,0.0000
OAK,from,520,10,0.0118,0.0097,0.0163,0.0000,0.0000,0.0000,0.0000,0.0000
OAK,from,521,10,0.0177,0.0117,0.0448,0.0000,0.0000,0.0833,0.0000,0.0000
OAK,from,522,11,0.0296,0.0286,0.0083,0.0000,0.0000,0.0000,0.0000,0.0526
OAK,from,523,11,0.0447,0.0434,0.0107,0.0000,0.0312,0.0476,0.0000,0.1579
OAK,from,524,11,0.0295,0.0275,0.0072,0.0000,0.0000,0.0000,0.0000,0.0526
OAK,from,525,11,0.0229,0.0233,0.0036,0.0000,0.0000,0.0000,0.0000,0.0000
OAK,from,526,11,0.0417,0.0449,0.0107,0.0000,0.0312,0.0476,0.0000,0.1053
OAK,from,527,11,0.0437,0.0407,0.0107,0.0000,0.0312,0.0238,0.0000,0.1579
OAK,from,528,11,0.0322,0.0312,0.0095,0.0000,0.0000,0.0000,0.0000,0.0526
OAK,from,529,11,0.0171,0.0159,0.0024,0.0000,0.0000,0.0000,0.0000,0.0000
OAK,from,530,11,0.0368,0.0444,0.0107,0.0000,0.0312,0.0476,0.0000,0.0526
OAK,from,531,11,0.0157,0.0143,0.0024,0.0000,0.0000,0.0000,0.0000,0.0000
OAK,from,532,11,0.0026,0.0021,0.0000,0.0000,0.0000,0.0000,0.0000,0.0000
OAK,from,533,11,0.0144,0.0143,0.0107,0.0000,0.0000,0.0000,0.0000,0.0000
OAK,from,534,11,0.0352,0.0397,0.0381,0.0000,0.0781,0.0714,0.0000,0.0526
OAK,from,535,11,0.0095,0.0132,0.0107,0.0000,0.0000,0.0000,0.0000,0.0000
OAK,from,536,11,0.0026,0.0021,0.0000,0.0000,0.0000,0.0000,0.0000,0.0000
OAK,from,537,11,0.0053,0.0095,0.0000,0.0000,0.0000,0.0000,0.0000,0.0000
OAK,from,538,11,0.0045,0.0079,0.0000,0.0000,0.0000,0.0000,0.0000,0.0000
OAK,from,539,11,0.0045,0.0079,0.0024,0.0000,0.0000,0.0000,0.0000,0.0000
OAK,from,540,11,0.0257,0.0233,0.0048,0.0000,0.0000,0.0000,0.0000,0.0000
OAK,from,541,11,0.0302,0.0275,0.0131,0.0000,0.0000,0.0238,0.0000,0.0526
OAK,from,542,11,0.0148,0.0153,0.0107,0.0000,0.0000,0.0000,0.0000,0.0000
OAK,from,543,11,0.0173,0.0122,0.0584,0.0000,0.0625,0.0714,0.0000,0.0000
OAK,from,544,11,0.0186,0.0217,0.0310,0.0000,0.0156,0.0476,0.0000,0.0000
OAK,from,545,11,0.0375,0.0624,0.0489,0.0000,0.1094,0.0952,0.0000,0.0000
OAK,from,546,11,0.0191,0.0286,0.0203,0.0000,0.0156,0.0476,0.0000,0.0000
OAK,from,547,11,0.0081,0.0100,0.0155,0.0000,0.0000,0.0000,0.0000,0.0000
OAK,from,548,11,0.0184,0.0185,0.0083,0.0000,0.0000,0.0000,0.0000,0.0000
OAK,from,549,11,0.0079,0.0095,0.0107,0.0000,0.0000,0.0000,0.0000,0.0000
OAK,from,550,11,0.0089,0.0132,0.0107,0.0000,0.0000,0.0000,0.0000,0.0000
OAK,from,551,11,0.0039,0.0032,0.0000,0.0000,0.0000,0.0000,0.0000,0.0000
OAK,from,552,11,0.0024,0.0016,0.0000,0.0000,0.0000,0.0000,0.0000,0.0000
OAK,from,553,11,0.0027,0.0021,0.0000,0.0000,0.0000,0.0000,0.0000,0.0000
OAK,from,554,11,0.0209,0.0185,0.0226,0.0000,0.0000,0.0238,0.0000,0.0000
OAK,from,555,11,0.0046,0.0032,0.0095,0.0000,0.0000,0.0000,0.0000,0.0000
OAK,from,556,11,0.0053,0.0095,0.0000,0.0000,0.0000,0.0000,0.0000,0.0000
OAK,from,557,11,0.0012,0.0005,0.0000,0.0000,0.0000,0.0000,0.0000,0.0000
OAK,from,558,11,0.0230,0.0048,0.1585,0.0000,0.1562,0.1190,0.0000,0.0526
OAK,from,559,11,0.0181,0.0159,0.0107,0.0000,0.0000,0.0000,0.0000,0.0000
OAK,from,560,11,0.0240,0.0026,0.1681,0.0000,0.1719,0.1190,0.0000,0.0526
OAK,from,561,11,0.0053,0.0079,0.0000,0.0000,0.0000,0.0000,0.0000,0.0000
OAK,from,562,11,0.0026,0.0021,0.0000,0.0000,0.0000,0.0000,0.0000,0.0000
OAK,from,563,11,0.0160,0.0159,0.0465,0.0000,0.0312,0.0476,0.0000,0.0000
OAK,from,564,11,0.0220,0.0196,0.0036,0.0000,0.0000,0.0000,0.0000,0.0000
OAK,from,565,11,0.0196,0.0185,0.0024,0.0000,0.0000,0.0000,0.0000,0.0000
OAK,from,566,11,0.0036,0.0053,0.0000,0.0000,0.0000,0.0000,0.0000,0.0000
OAK,from,567,11,0.0489,0.0524,0.1776,0.0000,0.2344,0.1667,0.0000,0.1579
OAK,from,568,11,0.0096,0.0085,0.0000,0.0000,0.0000,0.0000,0.0000,0.0000
OAK,from,569,11,0.0052,0.0042,0.0000,0.0000,0.0000,0.0000,0.0000,0.0000
OAK,from,570,11,0.0063,0.0053,0.0000,0.0000,0.0000,0.0000,0.0000,0.0000
OAK,from,571,11,0.0161,0.0153,0.0024,0.0000,0.0000,0.0000,0.0000,0.0000
OAK,from,572,11,0.0214,0.0190,0.0036,0.0000,0.0000,0.0000,0.0000,0.0000
OAK,from,573,11,0.0279,0.0286,0.0072,0.0000,0.0000,0.0000,0.0000,0.0000
OAK,from,574,11,0.0024,0.0021,0.0000,0.0000,0.0000,0.0000,0.0000,0.0000
OAK,from,575,11,0.0278,0.0254,0.0072,0.0000,0.0000,0.0000,0.0000,0.0000
OAK,from,576,11,0.0242,0.0217,0.0048,0.0000,0.0000,0.0000,0.0000,0.0000
OAK,from,577,11,0.0158,0.0153,0.0024,0.0000,0.0000,0.0000,0.0000,0.0000
OAK,from,578,11,0.0164,0.0153,0.0024,0.0000,0.0000,0.0000,0.0000,0.0000
OAK,from,579,11,0.0012,0.0005,0.0000,0.0000,0.0000,0.0000,0.0000,0.0000
OAK,from,580,11,0.0024,0.0021,0.0000,0.0000,0.0000,0.0000,0.0000,0.0000
OAK,from,581,12,0.0036,0.0017,0.0000,0.0000,0.0000,0.0000,0.0000,0.0000
OAK,from,582,12,0.0005,0.0000,0.0000,0.0000,0.0000,0.0000,0.0000,0.0000
OAK,from,583,12,0.0177,0.0209,0.0000,0.0000,0.0000,0.0000,0.0000,0.0000
OAK,from,584,12,0.0077,0.0070,0.0000,0.0000,0.0000,0.0000,0.0000,0.0000
OAK,from,585,12,0.0131,0.0105,0.0132,0.0000,0.0000,0.0000,0.0000,0.0000
OAK,from,586,12,0.0131,0.0105,0.0132,0.0000,0.0000,0.0000,0.0000,0.0000
OAK,from,587,12,0.0045,0.0017,0.0000,0.0000,0.0000,0.0000,0.0000,0.0000
OAK,from,588,12,0.0113,0.0105,0.0000,0.0000,0.0000,0.0000,0.0000,0.0000
OAK,from,589,12,0.0100,0.0070,0.0000,0.0000,0.0000,0.0000,0.0000,0.0000
OAK,from,590,12,0.0077,0.0052,0.0000,0.0000,0.0000,0.0000,0.0000,0.0000
OAK,from,591,12,0.0018,0.0017,0.0000,0.0000,0.0000,0.0000,0.0000,0.0000
OAK,from,592,12,0.0000,0.0000,0.0000,0.0000,0.0000,0.0000,0.0000,0.0000
OAK,from,593,12,0.0127,0.0262,0.0000,0.0000,0.0000,0.0000,0.0000,0.0000
OAK,from,594,12,0.0081,0.0070,0.0000,0.0000,0.0000,0.0000,0.0000,0.0000
OAK,from,595,12,0.0059,0.0087,0.0000,0.0000,0.0000,0.0000,0.0000,0.0000
OAK,from,596,12,0.0027,0.0017,0.0000,0.0000,0.0000,0.0000,0.0000,0.0000
OAK,from,597,12,0.0014,0.0000,0.0000,0.0000,0.0000,0.0000,0.0000,0.0000
OAK,from,598,12,0.0217,0.0192,0.0263,0.0000,0.0000,0.0000,0.0000,0.0000
OAK,from,599,12,0.0113,0.0105,0.0000,0.0000,0.0000,0.0000,0.0000,0.0000
OAK,from,600,12,0.0136,0.0122,0.0000,0.0000,0.0000,0.0000,0.0000,0.0000
OAK,from,601,12,0.0249,0.0227,0.0000,0.0000,0.0000,0.0000,0.0000,0.0000
OAK,from,602,12,0.0000,0.0000,0.0000,0.0000,0.0000,0.0000,0.0000,0.0000
OAK,from,603,12,0.0267,0.0541,0.0000,0.0000,0.0000,0.0000,0.0000,0.0000
OAK,from,604,12,0.0023,0.0000,0.0395,0.0000,0.0000,0.0000,0.0000,0.0000
OAK,from,605,12,0.0747,0.1030,0.4079,0.0000,1.0000,1.0000,0.0000,0.0000
OAK,from,606,12,0.0118,0.0087,0.0263,0.0000,0.0000,0.0000,0.0000,0.0000
OAK,from,607,12,0.0086,0.0070,0.0263,0.0000,0.0000,0.0000,0.0000,0.0000
OAK,from,608,12,0.0109,0.0192,0.0000,0.0000,0.0000,0.0000,0.0000,0.0000
OAK,from,609,12,0.0407,0.0471,0.2237,0.0000,0.0000,0.0000,0.0000,0.0000
OAK,from,610,12,0.0036,0.0017,0.0000,0.0000,0.0000,0.0000,0.0000,0.0000
OAK,from,611,12,0.0231,0.0262,0.0921,0.0000,0.0000,0.0000,0.0000,0.0000
OAK,from,612,12,0.0213,0.0262,0.0132,0.0000,0.0000,0.0000,0.0000,0.0000
OAK,from,613,12,0.0109,0.0070,0.0263,0.0000,0.0000,0.0000,0.0000,0.0000
OAK,from,614,12,0.0136,0.0122,0.0000,0.0000,0.0000,0.0000,0.0000,0.0000
OAK,from,615,12,0.0158,0.0140,0.0000,0.0000,0.0000,0.0000,0.0000,0.0000
OAK,from,616,12,0.0109,0.0087,0.0000,0.0000,0.0000,0.0000,0.0000,0.0000
OAK,from,617,12,0.0054,0.0017,0.0000,0.0000,0.0000,0.0000,0.0000,0.0000
OAK,from,618,12,0.0081,0.0070,0.0000,0.0000,0.0000,0.0000,0.0000,0.0000
OAK,from,619,12,0.0217,0.0262,0.0000,0.0000,0.0000,0.0000,0.0000,0.0000
OAK,from,620,12,0.0118,0.0087,0.0263,0.0000,0.0000,0.0000,0.0000,0.0000
OAK,from,621,12,0.0100,0.0070,0.0000,0.0000,0.0000,0.0000,0.0000,0.0000
OAK,from,622,12,0.0163,0.0140,0.0000,0.0000,0.0000,0.0000,0.0000,0.0000
OAK,from,623,12,0.0172,0.0175,0.0000,0.0000,0.0000,0.0000,0.0000,0.0000
OAK,from,624,12,0.0100,0.0070,0.0000,0.0000,0.0000,0.0000,0.0000,0.0000
OAK,from,625,12,0.0145,0.0122,0.0000,0.0000,0.0000,0.0000,0.0000,0.0000
OAK,from,626,12,0.0131,0.0105,0.0000,0.0000,0.0000,0.0000,0.0000,0.0000
OAK,from,627,12,0.0136,0.0122,0.0000,0.0000,0.0000,0.0000,0.0000,0.0000
OAK,from,628,12,0.0195,0.0209,0.0263,0.0000,0.0000,0.0000,0.0000,0.0000
OAK,from,629,12,0.0127,0.0105,0.0000,0.0000,0.0000,0.0000,0.0000,0.0000
OAK,from,630,12,0.0100,0.0070,0.0000,0.0000,0.0000,0.0000,0.0000,0.0000
OAK,from,631,12,0.0140,0.0122,0.0000,0.0000,0.0000,0.0000,0.0000,0.0000
OAK,from,632,12,0.0109,0.0087,0.0000,0.0000,0.0000,0.0000,0.0000,0.0000
OAK,from,633,12,0.0081,0.0070,0.0000,0.0000,0.0000,0.0000,0.0000,0.0000
OAK,from,634,12,0.0005,0.0000,0.0000,0.0000,0.0000,0.0000,0.0000,0.0000
OAK,from,635,12,0.0027,0.0017,0.0000,0.0000,0.0000,0.0000,0.0000,0.0000
OAK,from,636,12,0.0027,0.0017,0.0000,0.0000,0.0000,0.0000,0.0000,0.0000
OAK,from,637,12,0.0172,0.0157,0.0000,0.0000,0.0000,0.0000,0.0000,0.0000
OAK,from,638,12,0.0177,0.0209,0.0000,0.0000,0.0000,0.0000,0.0000,0.0000
OAK,from,639,12,0.0100,0.0070,0.0000,0.0000,0.0000,0.0000,0.0000,0.0000
OAK,from,640,12,0.0054,0.0035,0.0000,0.0000,0.0000,0.0000,0.0000,0.0000
OAK,from,641,12,0.0100,0.0070,0.0000,0.0000,0.0000,0.0000,0.0000,0.0000
OAK,from,642,12,0.0113,0.0087,0.0000,0.0000,0.0000,0.0000,0.0000,0.0000
OAK,from,643,12,0.0113,0.0105,0.0000,0.0000,0.0000,0.0000,0.0000,0.0000
OAK,from,644,12,0.0177,0.0175,0.0000,0.0000,0.0000,0.0000,0.0000,0.0000
OAK,from,645,12,0.0131,0.0105,0.0000,0.0000,0.0000,0.0000,0.0000,0.0000
OAK,from,646,12,0.0113,0.0105,0.0000,0.0000,0.0000,0.0000,0.0000,0.0000
OAK,from,647,12,0.0158,0.0140,0.0000,0.0000,0.0000,0.0000,0.0000,0.0000
OAK,from,648,12,0.0113,0.0105,0.0000,0.0000,0.0000,0.0000,0.0000,0.0000
OAK,from,649,12,0.0167,0.0192,0.0000,0.0000,0.0000,0.0000,0.0000,0.0000
OAK,from,650,12,0.0177,0.0175,0.0000,0.0000,0.0000,0.0000,0.0000,0.0000
OAK,from,651,12,0.0149,0.0122,0.0000,0.0000,0.0000,0.0000,0.0000,0.0000
OAK,from,652,12,0.0127,0.0105,0.0000,0.0000,0.0000,0.0000,0.0000,0.0000
OAK,from,653,12,0.0281,0.0262,0.0000,0.0000,0.0000,0.0000,0.0000,0.0000
OAK,from,654,12,0.0263,0.0244,0.0000,0.0000,0.0000,0.0000,0.0000,0.0000
OAK,from,655,12,0.0407,0.0401,0.0395,0.0000,0.0000,0.0000,0.0000,0.0000
OAK,from,656,13,0.0433,0.0434,0.1622,0.0000,0.0000,0.0000,0.0000,0.0000
OAK,from,657,13,0.0350,0.0370,0.0541,0.0000,0.0000,0.0000,0.0000,0.0000
OAK,from,658,13,0.0207,0.0193,0.0000,0.0000,0.0000,0.0000,0.0000,0.0000
OAK,from,659,13,0.0110,0.0096,0.0000,0.0000,0.0000,0.0000,0.0000,0.0000
OAK,from,660,13,0.0161,0.0113,0.1892,0.0000,0.0000,0.0000,0.0000,0.0000
OAK,from,661,13,0.0350,0.0354,0.2162,0.0000,0.0000,0.0000,0.0000,0.0000
OAK,from,662,13,0.0230,0.0193,0.0000,0.0000,0.0000,0.0000,0.0000,0.0000
OAK,from,663,13,0.0170,0.0161,0.0000,0.0000,0.0000,0.0000,0.0000,0.0000
OAK,from,664,13,0.0341,0.0386,0.0000,0.0000,0.0000,0.0000,0.0000,0.0000
OAK,from,665,13,0.0304,0.0338,0.0000,0.0000,0.0000,0.0000,0.0000,0.0000
OAK,from,666,13,0.0037,0.0016,0.0000,0.0000,0.0000,0.0000,0.0000,0.0000
OAK,from,667,13,0.0110,0.0080,0.0000,0.0000,0.0000,0.0000,0.0000,0.0000
OAK,from,668,13,0.0285,0.0241,0.0541,0.0000,0.0000,0.0000,0.0000,0.0000
OAK,from,669,13,0.0092,0.0096,0.0000,0.0000,0.0000,0.0000,0.0000,0.0000
OAK,from,670,13,0.0405,0.0466,0.0541,0.0000,0.0000,0.0000,0.0000,0.0000
OAK,from,671,13,0.0170,0.0145,0.0000,0.0000,0.0000,0.0000,0.0000,0.0000
OAK,from,672,13,0.0202,0.0177,0.0000,0.0000,0.0000,0.0000,0.0000,0.0000
OAK,from,673,13,0.0133,0.0113,0.0000,0.0000,0.0000,0.0000,0.0000,0.0000
OAK,from,674,13,0.0304,0.0338,0.0000,0.0000,0.0000,0.0000,0.0000,0.0000
OAK,from,675,13,0.0249,0.0225,0.0000,0.0000,0.0000,0.0000,0.0000,0.0000
OAK,from,676,13,0.0341,0.0434,0.0000,0.0000,0.0000,0.0000,0.0000,0.0000
OAK,from,677,13,0.0101,0.0080,0.0000,0.0000,0.0000,0.0000,0.0000,0.0000
OAK,from,678,13,0.0207,0.0193,0.1081,0.0000,0.0000,0.0000,0.0000,0.0000
OAK,from,679,13,0.0138,0.0113,0.0000,0.0000,0.0000,0.0000,0.0000,0.0000
OAK,from,680,13,0.0331,0.0354,0.0000,0.0000,0.0000,0.0000,0.0000,0.0000
OAK,from,681,13,0.0179,0.0241,0.0000,0.0000,0.0000,0.0000,0.0000,0.0000
OAK,from,682,13,0.0285,0.0338,0.0000,0.0000,0.0000,0.0000,0.0000,0.0000
OAK,from,683,13,0.0175,0.0161,0.0000,0.0000,0.0000,0.0000,0.0000,0.0000
OAK,from,684,13,0.0313,0.0305,0.0000,0.0000,0.0000,0.0000,0.0000,0.0000
OAK,from,685,13,0.0161,0.0145,0.0000,0.0000,0.0000,0.0000,0.0000,0.0000
OAK,from,686,13,0.0138,0.0145,0.0000,0.0000,0.0000,0.0000,0.0000,0.0000
OAK,from,687,13,0.0083,0.0064,0.0000,0.0000,0.0000,0.0000,0.0000,0.0000
OAK,from,688,13,0.0331,0.0338,0.0000,0.0000,0.0000,0.0000,0.0000,0.0000
OAK,from,689,13,0.0308,0.0338,0.0000,0.0000,0.0000,0.0000,0.0000,0.0000
OAK,from,690,13,0.0359,0.0370,0.0000,0.0000,0.0000,0.0000,0.0000,0.0000
OAK,from,691,13,0.0207,0.0193,0.0000,0.0000,0.0000,0.0000,0.0000,0.0000
OAK,from,692,13,0.0170,0.0145,0.0541,0.0000,0.0000,0.0000,0.0000,0.0000
OAK,from,693,13,0.0249,0.0241,0.0000,0.0000,0.0000,0.0000,0.0000,0.0000
OAK,from,694,13,0.0364,0.0370,0.0000,0.0000,0.0000,0.0000,0.0000,0.0000
OAK,from,695,13,0.0548,0.0531,0.0541,0.0000,0.0000,0.0000,0.0000,0.0000
OAK,from,696,13,0.0368,0.0370,0.0541,0.0000,0.0000,0.0000,0.0000,0.0000
OAK,from,697,14,0.0345,0.0303,0.0123,0.0000,0.0000,0.0000,0.0000,0.0000
OAK,from,698,14,0.0761,0.0732,0.0260,0.0000,0.0000,0.0000,0.0000,0.0000
OAK,from,699,14,0.0673,0.0581,0.0643,0.0000,0.0526,0.0741,0.0000,0.0000
OAK,from,700,14,0.1416,0.0833,0.3666,0.0000,0.5000,0.3333,0.0000,0.7500
OAK,from,701,14,0.0673,0.0631,0.0233,0.0000,0.0000,0.0000,0.0000,0.0000
OAK,from,702,14,0.0699,0.0758,0.0643,0.0000,0.1053,0.1111,0.0000,0.0000
OAK,from,703,14,0.0433,0.0404,0.0137,0.0000,0.0000,0.0000,0.0000,0.0000
OAK,from,704,14,0.0448,0.0606,0.0123,0.0000,0.0000,0.0000,0.0000,0.0000
OAK,from,705,14,0.0632,0.0606,0.0219,0.0000,0.0000,0.0000,0.0000,0.0000
OAK,from,706,14,0.0588,0.0581,0.1669,0.0000,0.2632,0.1852,0.0000,0.2500
OAK,from,707,14,0.0284,0.0530,0.0479,0.0000,0.0263,0.0741,0.0000,0.0000
OAK,from,708,14,0.0398,0.0278,0.0547,0.0000,0.0263,0.0741,0.0000,0.0000
OAK,from,709,14,0.0322,0.0530,0.0123,0.0000,0.0000,0.0000,0.0000,0.0000
OAK,from,710,14,0.0138,0.0101,0.0027,0.0000,0.0000,0.0000,0.0000,0.0000
OAK,from,711,14,0.0796,0.0934,0.0260,0.0000,0.0000,0.0370,0.0000,0.0000
OAK,from,712,14,0.0328,0.0303,0.0123,0.0000,0.0000,0.0000,0.0000,0.0000
OAK,from,713,14,0.0576,0.0732,0.0164,0.0000,0.0000,0.0000,0.0000,0.0000
OAK,from,714,14,0.0492,0.0556,0.0561,1.0000,0.0263,0.1111,0.0000,0.0000
OAK,from,715,15,0.0340,0.0377,0.0228,0.0273,0.0305,0.0287,0.0292,0.0324
OAK,from,716,15,0.0100,0.0094,0.0095,0.0101,0.0102,0.0091,0.0083,0.0098
OAK,from,717,15,0.0170,0.0176,0.0048,0.0107,0.0108,0.0091,0.0021,0.0173
OAK,from,718,15,0.0542,0.0625,0.0342,0.0435,0.0460,0.0483,0.0479,0.0497
OAK,from,719,15,0.0301,0.0336,0.0217,0.0253,0.0264,0.0287,0.0271,0.0286
OAK,from,720,15,0.0181,0.0216,0.0046,0.0114,0.0115,0.0117,0.0083,0.0173
OAK,from,721,15,0.0283,0.0320,0.0075,0.0172,0.0183,0.0183,0.0083,0.0264
OAK,from,722,15,0.0241,0.0249,0.0064,0.0149,0.0149,0.0131,0.0021,0.0233
OAK,from,723,15,0.0177,0.0184,0.0049,0.0114,0.0108,0.0091,0.0021,0.0173
OAK,from,724,15,0.0237,0.0246,0.0064,0.0146,0.0149,0.0117,0.0021,0.0233
OAK,from,725,15,0.0129,0.0134,0.0036,0.0081,0.0088,0.0065,0.0000,0.0128
OAK,from,726,15,0.0336,0.0348,0.0095,0.0205,0.0217,0.0196,0.0062,0.0331
OAK,from,727,15,0.0103,0.0107,0.0030,0.0052,0.0068,0.0052,0.0000,0.0090
OAK,from,728,15,0.0296,0.0290,0.0187,0.0240,0.0244,0.0222,0.0146,0.0294
OAK,from,729,15,0.0174,0.0096,0.0590,0.0403,0.0359,0.0379,0.0542,0.0211
OAK,from,730,15,0.0718,0.0660,0.0755,0.0741,0.0718,0.0705,0.0625,0.0753
OAK,from,731,15,0.0192,0.0200,0.0053,0.0120,0.0115,0.0104,0.0021,0.0196
OAK,from,732,15,0.0366,0.0452,0.0212,0.0273,0.0325,0.0326,0.0375,0.0324
OAK,from,733,15,0.0344,0.0284,0.0568,0.0458,0.0447,0.0444,0.0500,0.0377
OAK,from,734,15,0.0427,0.0432,0.0190,0.0305,0.0311,0.0287,0.0146,0.0429
OAK,from,735,15,0.0496,0.0597,0.1052,0.0779,0.0819,0.0927,0.1458,0.0437
OAK,from,736,15,0.0512,0.0477,0.0488,0.0500,0.0487,0.0483,0.0417,0.0527
OAK,from,737,15,0.0354,0.0307,0.0776,0.0578,0.0562,0.0601,0.0812,0.0377
OAK,from,738,15,0.0327,0.0341,0.0092,0.0201,0.0210,0.0183,0.0062,0.0324
OAK,from,739,15,0.0210,0.0139,0.0746,0.0500,0.0460,0.0509,0.0729,0.0241
OAK,from,740,15,0.0168,0.0175,0.0046,0.0107,0.0108,0.0091,0.0021,0.0173
OAK,from,741,15,0.0246,0.0256,0.0067,0.0149,0.0149,0.0131,0.0021,0.0241
OAK,from,742,15,0.0780,0.0579,0.2180,0.1530,0.1442,0.1540,0.2125,0.0866
OAK,from,743,15,0.0463,0.0485,0.0390,0.0422,0.0440,0.0431,0.0438,0.0452
OAK,from,744,15,0.0179,0.0185,0.0049,0.0114,0.0108,0.0091,0.0021,0.0173
OAK,from,745,15,0.0193,0.0200,0.0053,0.0120,0.0115,0.0104,0.0021,0.0196
OAK,from,746,15,0.0417,0.0433,0.0117,0.0257,0.0264,0.0248,0.0083,0.0407
OAK,from,747,16,0.0167,0.0166,0.0067,0.0104,0.0107,0.0110,0.0000,0.0152
OAK,from,748,16,0.0146,0.0143,0.0062,0.0081,0.0092,0.0083,0.0000,0.0137
OAK,from,749,16,0.0141,0.0139,0.0062,0.0081,0.0092,0.0083,0.0000,0.0137
OAK,from,750,16,0.0043,0.0057,0.0174,0.0111,0.0123,0.0138,0.0270,0.0046
OAK,from,751,16,0.0206,0.0117,0.1293,0.0873,0.0813,0.0854,0.1622,0.0289
OAK,from,752,16,0.0030,0.0018,0.0085,0.0067,0.0031,0.0083,0.0054,0.0046
OAK,from,753,16,0.0201,0.0202,0.0085,0.0118,0.0138,0.0110,0.0000,0.0182
OAK,from,754,16,0.0182,0.0181,0.0074,0.0111,0.0107,0.0110,0.0000,0.0182
OAK,from,755,16,0.0380,0.0360,0.0303,0.0340,0.0337,0.0331,0.0216,0.0395
OAK,from,756,16,0.0215,0.0213,0.0090,0.0126,0.0153,0.0138,0.0000,0.0228
OAK,from,757,16,0.0073,0.0074,0.0026,0.0037,0.0015,0.0055,0.0000,0.0076
OAK,from,758,16,0.0144,0.0142,0.0062,0.0081,0.0092,0.0083,0.0000,0.0137
OAK,from,759,16,0.0192,0.0192,0.0080,0.0118,0.0123,0.0110,0.0000,0.0182
OAK,from,760,16,0.0148,0.0137,0.0131,0.0118,0.0138,0.0110,0.0162,0.0152
OAK,from,761,16,0.0185,0.0184,0.0077,0.0111,0.0107,0.0110,0.0000,0.0182
OAK,from,762,16,0.0077,0.0076,0.0028,0.0044,0.0031,0.0055,0.0000,0.0076
OAK,from,763,16,0.0136,0.0137,0.0056,0.0081,0.0077,0.0083,0.0000,0.0137
OAK,from,764,16,0.0183,0.0181,0.0077,0.0111,0.0107,0.0110,0.0000,0.0182
OAK,from,765,16,0.0109,0.0170,0.0031,0.0067,0.0092,0.0110,0.0162,0.0076
OAK,from,766,16,0.0086,0.0076,0.0105,0.0081,0.0092,0.0083,0.0054,0.0091
OAK,from,767,16,0.0454,0.0349,0.1457,0.1072,0.1012,0.1047,0.1730,0.0532
OAK,from,768,16,0.0271,0.0215,0.0480,0.0414,0.0368,0.0386,0.0432,0.0304
OAK,from,769,16,0.0427,0.0552,0.0149,0.0296,0.0337,0.0358,0.0378,0.0380
OAK,from,770,16,0.0157,0.0158,0.0067,0.0104,0.0107,0.0083,0.0000,0.0152
OAK,from,771,16,0.0256,0.0216,0.0395,0.0348,0.0322,0.0331,0.0378,0.0289
OAK,from,772,16,0.0110,0.0089,0.0210,0.0178,0.0169,0.0138,0.0216,0.0122
OAK,from,773,16,0.0175,0.0224,0.0149,0.0170,0.0199,0.0193,0.0270,0.0152
OAK,from,774,16,0.0120,0.0122,0.0046,0.0081,0.0077,0.0083,0.0000,0.0106
OAK,from,775,16,0.0225,0.0224,0.0090,0.0141,0.0169,0.0138,0.0000,0.0243
OAK,from,776,16,0.0185,0.0174,0.0146,0.0170,0.0169,0.0138,0.0162,0.0182
OAK,from,777,16,0.0188,0.0277,0.0331,0.0296,0.0291,0.0358,0.0649,0.0152
OAK,from,778,16,0.0408,0.0519,0.0244,0.0333,0.0368,0.0386,0.0432,0.0365
OAK,from,779,16,0.0178,0.0176,0.0074,0.0111,0.0107,0.0110,0.0000,0.0182
OAK,from,780,16,0.0180,0.0229,0.0151,0.0170,0.0199,0.0193,0.0270,0.0152
OAK,from,781,16,0.0139,0.0138,0.0062,0.0081,0.0092,0.0083,0.0000,0.0137
OAK,from,782,16,0.0195,0.0196,0.0080,0.0118,0.0138,0.0110,0.0000,0.0182
OAK,from,783,16,0.0090,0.0090,0.0033,0.0059,0.0046,0.0055,0.0000,0.0091
OAK,from,784,16,0.0183,0.0169,0.0174,0.0185,0.0184,0.0138,0.0162,0.0182
OAK,from,785,16,0.0152,0.0139,0.0149,0.0148,0.0153,0.0138,0.0162,0.0152
OAK,from,786,16,0.0109,0.0111,0.0044,0.0074,0.0077,0.0083,0.0000,0.0106
OAK,from,787,16,0.0187,0.0186,0.0080,0.0118,0.0107,0.0110,0.0000,0.0182
OAK,from,788,16,0.0195,0.0231,0.0074,0.0118,0.0153,0.0138,0.0162,0.0182
OAK,from,789,16,0.0167,0.0166,0.0067,0.0104,0.0107,0.0110,0.0000,0.0152
OAK,from,790,16,0.0185,0.0184,0.0077,0.0111,0.0107,0.0110,0.0000,0.0182
OAK,from,791,16,0.0112,0.0113,0.0044,0.0074,0.0077,0.0083,0.0000,0.0106
OAK,from,792,16,0.0127,0.0128,0.0051,0.0081,0.0077,0.0083,0.0000,0.0122
OAK,from,793,16,0.0109,0.0111,0.0044,0.0074,0.0077,0.0083,0.0000,0.0106
OAK,from,794,16,0.0136,0.0136,0.0056,0.0081,0.0077,0.0083,0.0000,0.0122
OAK,from,795,16,0.0066,0.0067,0.0023,0.0037,0.0000,0.0028,0.0000,0.0061
OAK,from,796,16,0.0405,0.0248,0.1355,0.0999,0.0920,0.0882,0.1459,0.0502
OAK,from,797,16,0.0176,0.0165,0.0146,0.0148,0.0169,0.0138,0.0162,0.0182
OAK,from,798,16,0.0082,0.0073,0.0103,0.0081,0.0092,0.0083,0.0054,0.0076
OAK,from,799,16,0.0170,0.0169,0.0069,0.0111,0.0107,0.0110,0.0000,0.0167
OAK,from,800,16,0.0180,0.0244,0.0064,0.0111,0.0153,0.0138,0.0216,0.0152
OAK,from,801,16,0.0251,0.0242,0.0174,0.0214,0.0215,0.0193,0.0162,0.0258
OAK,from,802,16,0.0126,0.0126,0.0049,0.0081,0.0077,0.0083,0.0000,0.0122
OAK,from,803,16,0.0077,0.0076,0.0028,0.0044,0.0031,0.0055,0.0000,0.0076
OAK,from,804,17,0.0129,0.0131,0.0051,0.0081,0.0097,0.0084,0.0000,0.0141
OAK,from,805,17,0.0283,0.0284,0.0105,0.0196,0.0195,0.0168,0.0032,0.0281
OAK,from,806,17,0.0311,0.0303,0.0608,0.0473,0.0469,0.0487,0.0728,0.0308
OAK,from,807,17,0.0132,0.0132,0.0051,0.0085,0.0097,0.0084,0.0000,0.0141
OAK,from,808,17,0.0124,0.0125,0.0048,0.0072,0.0089,0.0067,0.0000,0.0132
OAK,from,809,17,0.0093,0.0063,0.0274,0.0192,0.0168,0.0185,0.0253,0.0106
OAK,from,810,17,0.0500,0.0738,0.0626,0.0576,0.0664,0.0772,0.1392,0.0405
OAK,from,811,17,0.0274,0.0350,0.0328,0.0316,0.0345,0.0369,0.0601,0.0246
OAK,from,812,17,0.0115,0.0100,0.0162,0.0149,0.0142,0.0134,0.0127,0.0114
OAK,from,813,17,0.0089,0.0090,0.0031,0.0060,0.0062,0.0050,0.0000,0.0088
OAK,from,814,17,0.0104,0.0104,0.0039,0.0064,0.0062,0.0067,0.0000,0.0106
OAK,from,815,17,0.0016,0.0016,0.0003,0.0004,0.0000,0.0000,0.0000,0.0018
OAK,from,816,17,0.0066,0.0067,0.0021,0.0043,0.0044,0.0050,0.0000,0.0062
OAK,from,817,17,0.0029,0.0028,0.0011,0.0009,0.0000,0.0000,0.0000,0.0026
OAK,from,818,17,0.0135,0.0137,0.0051,0.0085,0.0097,0.0084,0.0000,0.0141
OAK,from,819,17,0.0032,0.0031,0.0013,0.0017,0.0000,0.0000,0.0000,0.0026
OAK,from,820,17,0.0593,0.0581,0.0351,0.0478,0.0469,0.0436,0.0253,0.0598
OAK,from,821,17,0.0280,0.0314,0.0097,0.0192,0.0195,0.0201,0.0127,0.0264
OAK,from,822,17,0.0170,0.0172,0.0066,0.0119,0.0124,0.0117,0.0032,0.0176
OAK,from,823,17,0.0178,0.0180,0.0066,0.0119,0.0133,0.0117,0.0032,0.0176
OAK,from,824,17,0.0123,0.0065,0.0506,0.0333,0.0292,0.0336,0.0538,0.0150
OAK,from,825,17,0.0098,0.0098,0.0039,0.0064,0.0062,0.0067,0.0000,0.0088
OAK,from,826,17,0.0015,0.0016,0.0003,0.0004,0.0000,0.0000,0.0000,0.0018
OAK,from,827,17,0.0071,0.0071,0.0023,0.0047,0.0044,0.0050,0.0000,0.0070
OAK,from,828,17,0.0116,0.0116,0.0043,0.0068,0.0080,0.0067,0.0000,0.0106
OAK,from,829,17,0.0092,0.0048,0.0393,0.0252,0.0230,0.0252,0.0411,0.0106
OAK,from,830,17,0.0088,0.0088,0.0031,0.0047,0.0053,0.0050,0.0000,0.0088
OAK,from,831,17,0.0016,0.0016,0.0003,0.0004,0.0000,0.0000,0.0000,0.0018
OAK,from,832,17,0.0067,0.0068,0.0021,0.0043,0.0044,0.0050,0.0000,0.0062
OAK,from,833,17,0.0122,0.0122,0.0048,0.0068,0.0089,0.0067,0.0000,0.0114
OAK,from,834,17,0.0151,0.0152,0.0057,0.0107,0.0115,0.0084,0.0000,0.0150
OAK,from,835,17,0.0139,0.0139,0.0052,0.0085,0.0097,0.0084,0.0000,0.0141
OAK,from,836,17,0.0066,0.0067,0.0021,0.0043,0.0044,0.0050,0.0000,0.0062
OAK,from,837,17,0.0031,0.0031,0.0013,0.0017,0.0000,0.0000,0.0000,0.0026
OAK,from,838,17,0.0012,0.0012,0.0003,0.0004,0.0000,0.0000,0.0000,0.0009
OAK,from,839,17,0.0030,0.0016,0.0129,0.0072,0.0080,0.0084,0.0127,0.0035
OAK,from,840,17,0.0160,0.0146,0.0183,0.0179,0.0159,0.0151,0.0127,0.0167
OAK,from,841,17,0.0125,0.0126,0.0048,0.0072,0.0089,0.0067,0.0000,0.0132
OAK,from,842,17,0.0096,0.0096,0.0036,0.0060,0.0062,0.0050,0.0000,0.0088
OAK,from,843,17,0.0171,0.0173,0.0066,0.0119,0.0124,0.0117,0.0032,0.0176
OAK,from,844,17,0.0515,0.0504,0.0323,0.0418,0.0425,0.0403,0.0253,0.0519
OAK,from,845,17,0.0385,0.0388,0.0143,0.0264,0.0275,0.0252,0.0095,0.0387
OAK,from,846,17,0.0167,0.0169,0.0059,0.0119,0.0124,0.0101,0.0032,0.0167
OAK,from,847,17,0.0028,0.0028,0.0011,0.0009,0.0000,0.0000,0.0000,0.0026
OAK,from,848,17,0.0074,0.0075,0.0026,0.0047,0.0044,0.0050,0.0000,0.0070
OAK,from,849,17,0.0172,0.0174,0.0066,0.0119,0.0124,0.0117,0.0032,0.0176
OAK,from,850,17,0.0192,0.0194,0.0070,0.0136,0.0133,0.0117,0.0032,0.0202
OAK,from,851,17,0.0124,0.0125,0.0048,0.0072,0.0089,0.0067,0.0000,0.0132
OAK,from,852,17,0.0289,0.0291,0.0108,0.0196,0.0195,0.0185,0.0032,0.0281
OAK,from,853,17,0.0231,0.0212,0.0218,0.0235,0.0213,0.0218,0.0190,0.0229
OAK,from,854,17,0.0021,0.0020,0.0005,0.0009,0.0000,0.0000,0.0000,0.0026
OAK,from,855,17,0.0015,0.0016,0.0003,0.0004,0.0000,0.0000,0.0000,0.0018
OAK,from,856,17,0.0099,0.0084,0.0167,0.0141,0.0133,0.0117,0.0127,0.0106
OAK,from,857,17,0.0098,0.0068,0.0278,0.0196,0.0168,0.0185,0.0253,0.0106
OAK,from,858,17,0.0160,0.0086,0.0660,0.0431,0.0407,0.0419,0.0696,0.0202
OAK,from,859,17,0.0124,0.0125,0.0048,0.0072,0.0089,0.0067,0.0000,0.0123
OAK,from,860,17,0.0245,0.0231,0.0211,0.0235,0.0221,0.0218,0.0158,0.0246
OAK,from,861,17,0.0168,0.0170,0.0062,0.0119,0.0124,0.0117,0.0032,0.0167
OAK,from,862,17,0.0127,0.0232,0.0028,0.0068,0.0124,0.0151,0.0285,0.0070
OAK,from,863,17,0.0075,0.0076,0.0026,0.0047,0.0044,0.0050,0.0000,0.0070
OAK,from,864,17,0.0023,0.0023,0.0007,0.0009,0.0000,0.0000,0.0000,0.0026
OAK,from,865,17,0.0053,0.0052,0.0016,0.0038,0.0027,0.0034,0.0000,0.0053
OAK,from,866,17,0.0194,0.0247,0.0066,0.0128,0.0151,0.0151,0.0158,0.0176
OAK,from,867,17,0.0101,0.0101,0.0039,0.0064,0.0062,0.0067,0.0000,0.0097
OAK,from,868,17,0.0094,0.0095,0.0034,0.0060,0.0062,0.0050,0.0000,0.0088
OAK,from,869,17,0.0115,0.0116,0.0043,0.0068,0.0080,0.0067,0.0000,0.0106
OAK,from,870,17,0.0043,0.0044,0.0015,0.0021,0.0018,0.0034,0.0000,0.0044
OAK,from,871,17,0.0100,0.0024,0.0640,0.0397,0.0345,0.0369,0.0665,0.0141
OAK,from,872,17,0.0201,0.0156,0.0436,0.0333,0.0319,0.0319,0.0411,0.0229
OAK,from,873,17,0.0324,0.0264,0.1425,0.0925,0.0886,0.0973,0.1741,0.0361
OAK,from,874,18,0.0000,0.0000,0.0000,0.0000,0.0000,0.0000,0.0000,0.0000
OAK,from,875,18,0.1233,0.0864,0.4623,0.3481,0.3364,0.3503,0.4749,0.1490
OAK,from,876,18,0.0006,0.0006,0.0001,0.0002,0.0000,0.0000,0.0000,0.0009
OAK,from,877,18,0.0009,0.0009,0.0003,0.0002,0.0000,0.0000,0.0000,0.0009
OAK,from,878,18,0.0016,0.0016,0.0003,0.0007,0.0004,0.0008,0.0000,0.0015
OAK,from,879,18,0.0010,0.0009,0.0003,0.0004,0.0000,0.0000,0.0000,0.0009
OAK,from,880,18,0.0011,0.0011,0.0003,0.0004,0.0000,0.0004,0.0000,0.0009
OAK,from,881,18,0.0010,0.0010,0.0003,0.0004,0.0000,0.0000,0.0000,0.0009
OAK,from,882,18,0.0008,0.0008,0.0002,0.0002,0.0000,0.0000,0.0000,0.0009
OAK,from,883,18,0.0116,0.0115,0.0029,0.0059,0.0058,0.0052,0.0016,0.0111
OAK,from,884,18,0.0180,0.0168,0.0097,0.0127,0.0122,0.0115,0.0064,0.0184
OAK,from,885,18,0.0294,0.0292,0.0073,0.0147,0.0151,0.0135,0.0032,0.0292
OAK,from,886,18,0.0109,0.0108,0.0027,0.0056,0.0056,0.0052,0.0016,0.0108
OAK,from,887,18,0.0081,0.0081,0.0020,0.0043,0.0040,0.0036,0.0005,0.0082
OAK,from,888,18,0.0015,0.0015,0.0003,0.0006,0.0004,0.0008,0.0000,0.0015
OAK,from,889,18,0.0011,0.0011,0.0003,0.0005,0.0000,0.0004,0.0000,0.0009
OAK,from,890,18,0.0016,0.0015,0.0003,0.0006,0.0004,0.0008,0.0000,0.0015
OAK,from,891,18,0.0015,0.0015,0.0003,0.0006,0.0004,0.0008,0.0000,0.0015
OAK,from,892,18,0.0013,0.0013,0.0003,0.0005,0.0000,0.0004,0.0000,0.0012
OAK,from,893,18,0.0010,0.0010,0.0003,0.0004,0.0000,0.0000,0.0000,0.0009
OAK,from,894,18,0.0021,0.0009,0.0057,0.0046,0.0040,0.0036,0.0043,0.0026
OAK,from,895,18,0.0026,0.0042,0.0004,0.0012,0.0016,0.0016,0.0021,0.0018
OAK,from,896,18,0.0013,0.0007,0.0029,0.0022,0.0022,0.0020,0.0021,0.0015
OAK,from,897,18,0.0012,0.0012,0.0003,0.0005,0.0000,0.0004,0.0000,0.0012
OAK,from,898,18,0.0013,0.0013,0.0003,0.0005,0.0000,0.0004,0.0000,0.0012
OAK,from,899,18,0.0032,0.0048,0.0006,0.0015,0.0022,0.0020,0.0021,0.0023
OAK,from,900,18,0.0015,0.0015,0.0003,0.0006,0.0004,0.0008,0.0000,0.0015
OAK,from,901,18,0.0013,0.0012,0.0003,0.0005,0.0000,0.0004,0.0000,0.0012
OAK,from,902,18,0.0036,0.0052,0.0007,0.0016,0.0024,0.0020,0.0021,0.0029
OAK,from,903,18,0.0069,0.0069,0.0017,0.0037,0.0036,0.0028,0.0005,0.0067
OAK,from,904,18,0.0019,0.0019,0.0004,0.0009,0.0009,0.0012,0.0000,0.0020
OAK,from,905,18,0.0024,0.0024,0.0006,0.0012,0.0011,0.0012,0.0000,0.0023
OAK,from,906,18,0.0019,0.0019,0.0004,0.0009,0.0009,0.0012,0.0000,0.0020
OAK,from,907,18,0.0084,0.0083,0.0021,0.0044,0.0040,0.0036,0.0005,0.0082
OAK,from,908,18,0.0120,0.0119,0.0029,0.0060,0.0064,0.0056,0.0016,0.0120
OAK,from,909,18,0.0107,0.0106,0.0026,0.0054,0.0053,0.0052,0.0011,0.0102
OAK,from,910,18,0.0169,0.0168,0.0042,0.0085,0.0087,0.0080,0.0021,0.0167
OAK,from,911,18,0.0141,0.0156,0.0033,0.0068,0.0080,0.0072,0.0037,0.0134
OAK,from,912,18,0.0251,0.0249,0.0062,0.0128,0.0129,0.0115,0.0021,0.0248
OAK,from,913,18,0.0297,0.0294,0.0073,0.0147,0.0151,0.0135,0.0032,0.0295
OAK,from,914,18,0.0268,0.0255,0.0118,0.0171,0.0167,0.0155,0.0080,0.0269
OAK,from,915,18,0.0181,0.0180,0.0044,0.0089,0.0093,0.0080,0.0021,0.0178
OAK,from,916,18,0.0189,0.0221,0.0043,0.0093,0.0107,0.0099,0.0064,0.0172
OAK,from,917,18,0.0279,0.0276,0.0069,0.0142,0.0147,0.0127,0.0027,0.0275
OAK,from,918,18,0.0421,0.0417,0.0104,0.0210,0.0220,0.0191,0.0043,0.0418
OAK,from,919,18,0.0094,0.0093,0.0023,0.0047,0.0049,0.0040,0.0005,0.0091
OAK,from,920,18,0.0114,0.0112,0.0028,0.0058,0.0058,0.0052,0.0016,0.0111
OAK,from,921,18,0.0067,0.0067,0.0016,0.0035,0.0036,0.0028,0.0005,0.0067
OAK,from,922,18,0.0135,0.0134,0.0034,0.0067,0.0071,0.0064,0.0016,0.0134
OAK,from,923,18,0.0023,0.0023,0.0005,0.0011,0.0011,0.0012,0.0000,0.0020
OAK,from,924,18,0.0019,0.0018,0.0004,0.0009,0.0009,0.0012,0.0000,0.0018
OAK,from,925,18,0.0026,0.0021,0.0033,0.0029,0.0031,0.0028,0.0021,0.0029
OAK,from,926,18,0.0014,0.0014,0.0003,0.0005,0.0002,0.0004,0.0000,0.0012
OAK,from,927,18,0.0016,0.0015,0.0003,0.0006,0.0004,0.0008,0.0000,0.0015
OAK,from,928,18,0.0017,0.0017,0.0004,0.0008,0.0007,0.0008,0.0000,0.0018
OAK,from,929,18,0.0013,0.0013,0.0003,0.0005,0.0000,0.0004,0.0000,0.0012
OAK,from,930,18,0.0031,0.0031,0.0008,0.0015,0.0016,0.0012,0.0000,0.0029
OAK,from,931,18,0.0011,0.0011,0.0003,0.0005,0.0000,0.0004,0.0000,0.0009
OAK,from,932,18,0.0014,0.0014,0.0003,0.0005,0.0002,0.0008,0.0000,0.0015
OAK,from,933,18,0.0023,0.0023,0.0006,0.0012,0.0011,0.0012,0.0000,0.0020
OAK,from,934,18,0.0025,0.0024,0.0006,0.0012,0.0011,0.0012,0.0000,0.0023
OAK,from,935,18,0.0012,0.0012,0.0003,0.0005,0.0000,0.0004,0.0000,0.0012
OAK,from,936,18,0.0011,0.0011,0.0003,0.0005,0.0000,0.0004,0.0000,0.0009
OAK,from,937,18,0.0145,0.0160,0.0034,0.0074,0.0082,0.0076,0.0037,0.0137
OAK,from,938,18,0.0237,0.0235,0.0059,0.0120,0.0120,0.0103,0.0021,0.0234
OAK,from,939,18,0.0107,0.0106,0.0026,0.0054,0.0053,0.0052,0.0011,0.0102
OAK,from,940,18,0.0045,0.0045,0.0011,0.0021,0.0024,0.0020,0.0000,0.0047
OAK,from,941,18,0.0013,0.0013,0.0003,0.0005,0.0000,0.0004,0.0000,0.0012
OAK,from,942,18,0.0024,0.0041,0.0003,0.0011,0.0016,0.0016,0.0021,0.0015
OAK,from,943,18,0.0129,0.0128,0.0032,0.0065,0.0069,0.0060,0.0016,0.0129
OAK,from,944,18,0.0023,0.0017,0.0032,0.0029,0.0029,0.0028,0.0021,0.0023
OAK,from,945,18,0.0017,0.0011,0.0030,0.0026,0.0024,0.0020,0.0021,0.0020
OAK,from,946,18,0.0023,0.0034,0.0030,0.0028,0.0033,0.0036,0.0043,0.0020
OAK,from,947,18,0.0128,0.0091,0.0443,0.0338,0.0329,0.0342,0.0453,0.0149
OAK,from,948,18,0.0048,0.0081,0.0008,0.0020,0.0033,0.0036,0.0043,0.0032
OAK,from,949,18,0.0168,0.0167,0.0041,0.0084,0.0087,0.0080,0.0021,0.0167
OAK,from,950,18,0.0126,0.0120,0.0058,0.0082,0.0082,0.0076,0.0037,0.0129
OAK,from,951,18,0.0188,0.0186,0.0047,0.0096,0.0102,0.0087,0.0021,0.0184
OAK,from,952,18,0.0341,0.0434,0.0175,0.0233,0.0267,0.0270,0.0283,0.0298
OAK,from,953,18,0.0424,0.0421,0.0105,0.0216,0.0222,0.0191,0.0043,0.0418
OAK,from,954,18,0.0095,0.0100,0.0075,0.0083,0.0087,0.0087,0.0085,0.0091
OAK,from,955,18,0.0029,0.0035,0.0058,0.0048,0.0049,0.0052,0.0069,0.0026
OAK,from,956,18,0.0154,0.0153,0.0039,0.0079,0.0082,0.0072,0.0016,0.0152
OAK,from,957,18,0.0102,0.0102,0.0025,0.0054,0.0053,0.0048,0.0011,0.0102
OAK,from,958,18,0.0095,0.0094,0.0023,0.0047,0.0049,0.0040,0.0005,0.0094
OAK,from,959,18,0.0095,0.0095,0.0024,0.0048,0.0049,0.0040,0.0005,0.0094
OAK,from,960,18,0.0219,0.0231,0.0307,0.0278,0.0282,0.0290,0.0346,0.0216
OAK,from,961,18,0.0016,0.0005,0.0056,0.0044,0.0038,0.0036,0.0043,0.0020
OAK,from,962,18,0.0015,0.0015,0.0003,0.0006,0.0004,0.0008,0.0000,0.0015
OAK,from,963,18,0.0141,0.0140,0.0035,0.0070,0.0073,0.0068,0.0016,0.0140
OAK,from,964,18,0.0056,0.0056,0.0014,0.0029,0.0031,0.0028,0.0005,0.0056
OAK,from,965,18,0.0030,0.0063,0.0003,0.0012,0.0024,0.0028,0.0043,0.0015
OAK,from,966,18,0.0000,0.0000,0.0000,0.0000,0.0000,0.0000,0.0000,0.0000
OAK,from,967,18,0.0143,0.0059,0.0608,0.0451,0.0424,0.0437,0.0576,0.0193
OAK,from,968,18,0.0379,0.0569,0.0820,0.0673,0.0738,0.0799,0.1183,0.0307
OAK,from,969,18,0.0108,0.0220,0.0116,0.0114,0.0151,0.0175,0.0272,0.0061
OAK,from,970,18,0.0033,0.0060,0.0030,0.0032,0.0038,0.0048,0.0069,0.0020
OAK,from,971,18,0.0120,0.0113,0.0390,0.0300,0.0298,0.0310,0.0432,0.0134
OAK,from,972,18,0.0030,0.0019,0.0059,0.0048,0.0044,0.0048,0.0043,0.0035
OAK,from,973,18,0.0051,0.0045,0.0039,0.0044,0.0040,0.0036,0.0027,0.0056
OAK,from,974,18,0.0028,0.0028,0.0007,0.0012,0.0013,0.0012,0.0000,0.0026
OAK,from,975,18,0.0030,0.0030,0.0008,0.0015,0.0016,0.0012,0.0000,0.0029
OAK,from,976,18,0.0012,0.0012,0.0003,0.0005,0.0000,0.0004,0.0000,0.0012
OAK,from,977,18,0.0022,0.0017,0.0032,0.0029,0.0029,0.0028,0.0021,0.0023
OAK,from,978,18,0.0015,0.0015,0.0003,0.0006,0.0004,0.0008,0.0000,0.0015
OAK,from,979,18,0.0035,0.0035,0.0085,0.0067,0.0069,0.0072,0.0096,0.0035
OAK,from,980,18,0.0006,0.0006,0.0001,0.0002,0.0000,0.0000,0.0000,0.0009
OAK,from,981,18,0.0014,0.0003,0.0058,0.0044,0.0038,0.0036,0.0043,0.0020
OAK,from,982,18,0.0006,0.0006,0.0001,0.0001,0.0000,0.0000,0.0000,0.0006
OAK,from,983,18,0.0008,0.0008,0.0002,0.0002,0.0000,0.0000,0.0000,0.0009
OAK,from,984,18,0.0001,0.0001,0.0000,0.0000,0.0000,0.0000,0.0000,0.0000
OAK,from,985,18,0.0004,0.0003,0.0001,0.0001,0.0000,0.0000,0.0000,0.0000
OAK,from,986,18,0.0006,0.0006,0.0001,0.0002,0.0000,0.0000,0.0000,0.0009
OAK,from,987,18,0.0028,0.0028,0.0007,0.0012,0.0013,0.0012,0.0000,0.0026
OAK,from,988,18,0.0022,0.0033,0.0029,0.0027,0.0033,0.0032,0.0043,0.0018
OAK,from,989,18,0.0006,0.0006,0.0001,0.0002,0.0000,0.0000,0.0000,0.0009
OAK,from,990,18,0.0007,0.0008,0.0002,0.0002,0.0000,0.0000,0.0000,0.0009
OAK,from,991,19,0.0741,0.0720,0.1940,0.1418,0.1404,0.1496,0.2214,0.0763
OAK,from,992,19,0.0017,0.0017,0.0005,0.0005,0.0000,0.0000,0.0000,0.0017
OAK,from,993,19,0.0045,0.0075,0.0008,0.0024,0.0035,0.0037,0.0059,0.0028
OAK,from,994,19,0.0014,0.0014,0.0003,0.0005,0.0000,0.0000,0.0000,0.0017
OAK,from,995,19,0.0028,0.0028,0.0008,0.0014,0.0010,0.0019,0.0000,0.0028
OAK,from,996,19,0.0032,0.0032,0.0008,0.0019,0.0015,0.0019,0.0000,0.0028
OAK,from,997,19,0.0051,0.0051,0.0015,0.0026,0.0030,0.0028,0.0000,0.0051
OAK,from,998,19,0.0425,0.0420,0.0190,0.0298,0.0295,0.0270,0.0117,0.0429
OAK,from,999,19,0.0256,0.0249,0.0140,0.0190,0.0195,0.0177,0.0103,0.0260
OAK,from,1000,19,0.0320,0.0353,0.0095,0.0192,0.0200,0.0204,0.0103,0.0305
OAK,from,1001,19,0.0063,0.0055,0.0079,0.0074,0.0070,0.0065,0.0059,0.0068
OAK,from,1002,19,0.0047,0.0048,0.0014,0.0026,0.0025,0.0028,0.0000,0.0045
OAK,from,1003,19,0.0147,0.0139,0.0106,0.0122,0.0120,0.0121,0.0073,0.0147
OAK,from,1004,19,0.0601,0.0467,0.1099,0.0883,0.0835,0.0836,0.0953,0.0672
OAK,from,1005,19,0.0413,0.0392,0.0293,0.0343,0.0340,0.0316,0.0235,0.0424
OAK,from,1006,19,0.0377,0.0380,0.0115,0.0230,0.0240,0.0204,0.0059,0.0373
OAK,from,1007,19,0.0028,0.0028,0.0008,0.0014,0.0010,0.0019,0.0000,0.0028
OAK,from,1008,19,0.0519,0.0541,0.1976,0.1346,0.1349,0.1468,0.2419,0.0520
OAK,from,1009,19,0.0076,0.0136,0.0014,0.0036,0.0070,0.0074,0.0117,0.0045
OAK,from,1010,19,0.0245,0.0239,0.0140,0.0187,0.0190,0.0177,0.0103,0.0249
OAK,from,1011,19,0.0021,0.0022,0.0008,0.0012,0.0000,0.0009,0.0000,0.0017
OAK,from,1012,19,0.0035,0.0035,0.0010,0.0022,0.0020,0.0019,0.0000,0.0034
OAK,from,1013,19,0.0025,0.0025,0.0008,0.0012,0.0005,0.0009,0.0000,0.0023
OAK,from,1014,19,0.0208,0.0010,0.1371,0.0871,0.0785,0.0827,0.1246,0.0311
OAK,from,1015,19,0.0021,0.0021,0.0008,0.0012,0.0000,0.0009,0.0000,0.0017
OAK,from,1016,19,0.0028,0.0028,0.0008,0.0014,0.0010,0.0019,0.0000,0.0028
OAK,from,1017,19,0.0212,0.0215,0.0066,0.0132,0.0130,0.0121,0.0044,0.0215
OAK,from,1018,19,0.0142,0.0168,0.0455,0.0319,0.0330,0.0362,0.0587,0.0130
OAK,from,1019,19,0.0044,0.0104,0.0005,0.0022,0.0045,0.0056,0.0117,0.0017
OAK,from,1020,19,0.0056,0.0077,0.0076,0.0067,0.0075,0.0084,0.0117,0.0045
OAK,from,1021,19,0.0026,0.0026,0.0008,0.0012,0.0005,0.0009,0.0000,0.0023
OAK,from,1022,19,0.0145,0.0146,0.0042,0.0094,0.0085,0.0084,0.0015,0.0147
OAK,from,1023,19,0.0128,0.0121,0.0099,0.0110,0.0110,0.0102,0.0059,0.0130
OAK,from,1024,19,0.0028,0.0019,0.0067,0.0048,0.0050,0.0046,0.0059,0.0028
OAK,from,1025,19,0.0250,0.0253,0.0076,0.0151,0.0160,0.0149,0.0044,0.0249
OAK,from,1026,19,0.0204,0.0188,0.0182,0.0190,0.0190,0.0186,0.0147,0.0215
OAK,from,1027,19,0.0277,0.0309,0.0080,0.0170,0.0185,0.0177,0.0103,0.0260
OAK,from,1028,19,0.0470,0.0475,0.0144,0.0290,0.0285,0.0270,0.0059,0.0463
OAK,from,1029,19,0.0515,0.0520,0.0159,0.0317,0.0325,0.0288,0.0073,0.0503
OAK,from,1030,19,0.0287,0.0290,0.0088,0.0178,0.0185,0.0158,0.0044,0.0288
OAK,from,1031,19,0.0609,0.0675,0.0179,0.0367,0.0395,0.0362,0.0220,0.0576
OAK,from,1032,19,0.0253,0.0256,0.0077,0.0151,0.0160,0.0149,0.0044,0.0249
OAK,from,1033,19,0.0523,0.0529,0.0160,0.0321,0.0330,0.0288,0.0073,0.0520
OAK,from,1034,19,0.0307,0.0310,0.0095,0.0187,0.0195,0.0177,0.0059,0.0305
OAK,from,1035,19,0.0192,0.0194,0.0059,0.0120,0.0120,0.0112,0.0029,0.0192
OAK,from,1036,19,0.0114,0.0116,0.0035,0.0067,0.0075,0.0065,0.0015,0.0113
OAK,from,1037,19,0.0118,0.0151,0.0030,0.0067,0.0080,0.0084,0.0073,0.0107
OAK,from,1038,19,0.0042,0.0063,0.0067,0.0055,0.0070,0.0065,0.0117,0.0028
OAK,from,1039,19,0.0270,0.0272,0.0083,0.0168,0.0165,0.0158,0.0044,0.0271
OAK,from,1040,20,0.0009,0.0008,0.0000,0.0000,0.0000,0.0000,0.0000,0.0000
OAK,from,1041,20,0.0034,0.0034,0.0006,0.0014,0.0000,0.0000,0.0000,0.0045
OAK,from,1042,20,0.0106,0.0112,0.0028,0.0069,0.0074,0.0083,0.0000,0.0105
OAK,from,1043,20,0.0232,0.0244,0.0072,0.0152,0.0163,0.0139,0.0000,0.0240
OAK,from,1044,20,0.0246,0.0256,0.0075,0.0173,0.0178,0.0139,0.0000,0.0240
OAK,from,1045,20,0.0264,0.0277,0.0080,0.0180,0.0207,0.0139,0.0000,0.0270
OAK,from,1046,20,0.0158,0.0165,0.0047,0.0097,0.0104,0.0083,0.0000,0.0150
OAK,from,1047,20,0.0071,0.0073,0.0025,0.0035,0.0030,0.0055,0.0000,0.0060
OAK,from,1048,20,0.0038,0.0039,0.0008,0.0014,0.0000,0.0000,0.0000,0.0045
OAK,from,1049,20,0.0236,0.0373,0.0050,0.0118,0.0222,0.0222,0.0408,0.0150
OAK,from,1050,20,0.0040,0.0041,0.0008,0.0014,0.0000,0.0000,0.0000,0.0045
OAK,from,1051,20,0.0237,0.0125,0.0965,0.0609,0.0577,0.0609,0.0969,0.0300
OAK,from,1052,20,0.0118,0.0124,0.0033,0.0076,0.0074,0.0083,0.0000,0.0105
OAK,from,1053,20,0.0253,0.0266,0.0080,0.0173,0.0192,0.0139,0.0000,0.0255
OAK,from,1054,20,0.0131,0.0138,0.0036,0.0076,0.0089,0.0083,0.0000,0.0120
OAK,from,1055,20,0.0059,0.0062,0.0019,0.0035,0.0000,0.0028,0.0000,0.0060
OAK,from,1056,20,0.0099,0.0026,0.0600,0.0353,0.0325,0.0360,0.0561,0.0135
OAK,from,1057,20,0.0025,0.0026,0.0006,0.0007,0.0000,0.0000,0.0000,0.0030
OAK,from,1058,20,0.0082,0.0151,0.0017,0.0035,0.0074,0.0083,0.0204,0.0045
OAK,from,1059,20,0.0443,0.0487,0.0409,0.0429,0.0473,0.0471,0.0561,0.0420
OAK,from,1060,20,0.0035,0.0037,0.0006,0.0014,0.0000,0.0000,0.0000,0.0045
OAK,from,1061,20,0.0090,0.0157,0.0019,0.0042,0.0074,0.0083,0.0204,0.0045
OAK,from,1062,20,0.0417,0.0555,0.0664,0.0540,0.0592,0.0693,0.1224,0.0345
OAK,from,1063,20,0.0033,0.0034,0.0006,0.0014,0.0000,0.0000,0.0000,0.0045
OAK,from,1064,20,0.0024,0.0026,0.0006,0.0007,0.0000,0.0000,0.0000,0.0015
OAK,from,1065,20,0.0094,0.0099,0.0025,0.0062,0.0059,0.0083,0.0000,0.0090
OAK,from,1066,20,0.0301,0.0039,0.2102,0.1225,0.1109,0.1219,0.2143,0.0420
OAK,from,1067,20,0.0052,0.0052,0.0017,0.0028,0.0000,0.0000,0.0000,0.0045
OAK,from,1068,20,0.0022,0.0025,0.0006,0.0007,0.0000,0.0000,0.0000,0.0015
OAK,from,1069,20,0.0437,0.0108,0.2699,0.1592,0.1479,0.1551,0.2704,0.0586
OAK,from,1070,20,0.0093,0.0099,0.0025,0.0062,0.0059,0.0083,0.0000,0.0090
OAK,from,1071,20,0.0131,0.0138,0.0036,0.0076,0.0089,0.0083,0.0000,0.0120
OAK,from,1072,20,0.0024,0.0026,0.0006,0.0007,0.0000,0.0000,0.0000,0.0015
OAK,from,1073,20,0.0048,0.0048,0.0011,0.0014,0.0000,0.0000,0.0000,0.0045
OAK,from,1074,20,0.0278,0.0291,0.0086,0.0194,0.0207,0.0194,0.0051,0.0285
OAK,from,1075,20,0.0049,0.0050,0.0011,0.0028,0.0000,0.0000,0.0000,0.0045
OAK,from,1076,20,0.0145,0.0151,0.0039,0.0090,0.0089,0.0083,0.0000,0.0135
OAK,from,1077,20,0.0143,0.0151,0.0039,0.0076,0.0089,0.0083,0.0000,0.0135
OAK,from,1078,20,0.0176,0.0185,0.0050,0.0104,0.0118,0.0111,0.0000,0.0180
OAK,from,1079,20,0.0734,0.0766,0.0221,0.0512,0.0533,0.0471,0.0153,0.0736
OAK,from,1080,20,0.0308,0.0322,0.0097,0.0215,0.0222,0.0194,0.0051,0.0300
OAK,from,1081,20,0.0109,0.0113,0.0028,0.0069,0.0074,0.0083,0.0000,0.0105
OAK,from,1082,20,0.0188,0.0195,0.0055,0.0111,0.0133,0.0111,0.0000,0.0180
OAK,from,1083,20,0.0518,0.0541,0.0158,0.0353,0.0355,0.0332,0.0102,0.0511
OAK,from,1084,20,0.0494,0.0516,0.0144,0.0332,0.0355,0.0332,0.0102,0.0480
OAK,from,1085,20,0.0497,0.0521,0.0144,0.0339,0.0355,0.0332,0.0102,0.0495
OAK,from,1086,20,0.0482,0.0506,0.0144,0.0325,0.0325,0.0305,0.0051,0.0480
OAK,from,1087,20,0.0713,0.0713,0.0448,0.0581,0.0592,0.0554,0.0357,0.0721
OAK,from,1088,20,0.0312,0.0328,0.0097,0.0221,0.0222,0.0194,0.0051,0.0300
OAK,from,1089,20,0.0067,0.0070,0.0025,0.0035,0.0015,0.0028,0.0000,0.0060
OAK,from,1090,20,0.0108,0.0113,0.0028,0.0069,0.0074,0.0083,0.0000,0.0105
OAK,from,1091,21,0.0036,0.0020,0.0121,0.0074,0.0070,0.0075,0.0125,0.0043
OAK,from,1092,21,0.0006,0.0006,0.0000,0.0000,0.0000,0.0000,0.0000,0.0000
OAK,from,1093,21,0.0055,0.0120,0.0006,0.0023,0.0050,0.0056,0.0125,0.0032
OAK,from,1094,21,0.0252,0.0273,0.0068,0.0149,0.0151,0.0131,0.0031,0.0247
OAK,from,1095,21,0.0032,0.0033,0.0006,0.0009,0.0000,0.0000,0.0000,0.0032
OAK,from,1096,21,0.0406,0.0400,0.0331,0.0363,0.0372,0.0356,0.0251,0.0407
OAK,from,1097,21,0.0225,0.0204,0.0280,0.0261,0.0251,0.0262,0.0251,0.0236
OAK,from,1098,21,0.0289,0.0313,0.0078,0.0168,0.0171,0.0169,0.0031,0.0279
OAK,from,1099,21,0.0466,0.0522,0.0336,0.0391,0.0402,0.0412,0.0408,0.0439
OAK,from,1100,21,0.0499,0.0539,0.0139,0.0279,0.0291,0.0281,0.0094,0.0472
OAK,from,1101,21,0.0236,0.0256,0.0064,0.0130,0.0141,0.0131,0.0031,0.0225
OAK,from,1102,21,0.0080,0.0088,0.0019,0.0047,0.0050,0.0056,0.0000,0.0075
OAK,from,1103,21,0.0382,0.0471,0.0100,0.0214,0.0241,0.0243,0.0125,0.0332
OAK,from,1104,21,0.0294,0.0278,0.0298,0.0293,0.0291,0.0300,0.0251,0.0300
OAK,from,1105,21,0.0057,0.0060,0.0014,0.0028,0.0020,0.0037,0.0000,0.0054
OAK,from,1106,21,0.0265,0.0343,0.0065,0.0154,0.0171,0.0169,0.0125,0.0236
OAK,from,1107,21,0.0128,0.0136,0.0038,0.0070,0.0070,0.0075,0.0000,0.0118
OAK,from,1108,21,0.0345,0.0313,0.0420,0.0391,0.0392,0.0375,0.0408,0.0354
OAK,from,1109,21,0.0278,0.0300,0.0075,0.0163,0.0161,0.0150,0.0031,0.0268
OAK,from,1110,21,0.0202,0.0217,0.0056,0.0116,0.0131,0.0094,0.0000,0.0204
OAK,from,1111,21,0.0199,0.0273,0.0049,0.0112,0.0141,0.0131,0.0125,0.0171
OAK,from,1112,21,0.0204,0.0219,0.0056,0.0116,0.0131,0.0094,0.0000,0.0204
OAK,from,1113,21,0.0075,0.0099,0.0229,0.0172,0.0171,0.0187,0.0345,0.0064
OAK,from,1114,21,0.0026,0.0028,0.0005,0.0009,0.0000,0.0000,0.0000,0.0032
OAK,from,1115,21,0.0019,0.0021,0.0003,0.0005,0.0000,0.0000,0.0000,0.0021
OAK,from,1116,21,0.0161,0.0174,0.0046,0.0079,0.0101,0.0075,0.0000,0.0161
OAK,from,1117,21,0.0191,0.0205,0.0053,0.0107,0.0111,0.0094,0.0000,0.0182
OAK,from,1118,21,0.0248,0.0247,0.0188,0.0214,0.0211,0.0206,0.0125,0.0247
OAK,from,1119,21,0.0317,0.0343,0.0086,0.0191,0.0181,0.0169,0.0031,0.0300
OAK,from,1120,21,0.0052,0.0034,0.0131,0.0093,0.0101,0.0094,0.0125,0.0054
OAK,from,1121,21,0.0522,0.0307,0.1890,0.1349,0.1276,0.1367,0.2100,0.0611
OAK,from,1122,21,0.0788,0.0317,0.3792,0.2569,0.2472,0.2640,0.4389,0.1018
OAK,from,1123,21,0.0171,0.0183,0.0049,0.0093,0.0101,0.0094,0.0000,0.0171
OAK,from,1124,21,0.0309,0.0313,0.0194,0.0242,0.0241,0.0243,0.0125,0.0300
OAK,from,1125,21,0.0278,0.0299,0.0075,0.0163,0.0161,0.0150,0.0031,0.0268
OAK,from,1126,21,0.0430,0.0465,0.0121,0.0247,0.0251,0.0243,0.0063,0.0407
OAK,from,1127,21,0.0333,0.0359,0.0091,0.0195,0.0181,0.0169,0.0031,0.0322
OAK,from,1128,21,0.0209,0.0227,0.0056,0.0121,0.0131,0.0112,0.0000,0.0204
OAK,from,1129,21,0.0253,0.0256,0.0180,0.0209,0.0201,0.0206,0.0125,0.0247
OAK,from,1130,21,0.0199,0.0215,0.0056,0.0116,0.0121,0.0094,0.0000,0.0204
OAK,from,1131,21,0.0484,0.0522,0.0135,0.0275,0.0291,0.0262,0.0094,0.0461
OAK,from,1132,22,0.0384,0.0371,0.0155,0.0258,0.0256,0.0231,0.0090,0.0377
OAK,from,1133,22,0.0474,0.0459,0.0197,0.0327,0.0312,0.0302,0.0090,0.0476
OAK,from,1134,22,0.0580,0.0258,0.2712,0.1739,0.1581,0.1652,0.2462,0.0763
OAK,from,1135,22,0.0256,0.0248,0.0101,0.0179,0.0161,0.0160,0.0030,0.0258
OAK,from,1136,22,0.0272,0.0199,0.0630,0.0469,0.0445,0.0444,0.0571,0.0307
OAK,from,1137,22,0.0315,0.0329,0.0381,0.0350,0.0360,0.0355,0.0450,0.0307
OAK,from,1138,22,0.0423,0.0411,0.0172,0.0285,0.0294,0.0266,0.0090,0.0426
OAK,from,1139,22,0.0304,0.0295,0.0124,0.0207,0.0208,0.0178,0.0030,0.0307
OAK,from,1140,22,0.0237,0.0286,0.0085,0.0161,0.0170,0.0160,0.0150,0.0218
OAK,from,1141,22,0.0414,0.0402,0.0169,0.0271,0.0284,0.0266,0.0090,0.0406
OAK,from,1142,22,0.0305,0.0262,0.0385,0.0345,0.0341,0.0337,0.0300,0.0327
OAK,from,1143,22,0.0302,0.0409,0.0099,0.0193,0.0237,0.0266,0.0300,0.0258
OAK,from,1144,22,0.0282,0.0273,0.0115,0.0193,0.0180,0.0160,0.0030,0.0278
OAK,from,1145,22,0.0320,0.0528,0.0550,0.0442,0.0521,0.0604,0.1141,0.0228
OAK,from,1146,22,0.0051,0.0049,0.0017,0.0028,0.0019,0.0036,0.0000,0.0050
OAK,from,1147,22,0.0410,0.0398,0.0167,0.0271,0.0275,0.0249,0.0090,0.0406
OAK,from,1148,22,0.0101,0.0153,0.0030,0.0051,0.0085,0.0089,0.0120,0.0069
OAK,from,1149,22,0.0264,0.0257,0.0108,0.0189,0.0170,0.0160,0.0030,0.0268
OAK,from,1150,22,0.0385,0.0308,0.0682,0.0557,0.0502,0.0515,0.0571,0.0436
OAK,from,1151,22,0.0494,0.0537,0.0191,0.0340,0.0360,0.0355,0.0210,0.0476
OAK,from,1152,22,0.0405,0.0448,0.0155,0.0262,0.0294,0.0302,0.0210,0.0377
OAK,from,1153,22,0.0328,0.0318,0.0134,0.0216,0.0218,0.0213,0.0060,0.0327
OAK,from,1154,22,0.0589,0.0571,0.0240,0.0386,0.0398,0.0355,0.0120,0.0585
OAK,from,1155,22,0.0142,0.0137,0.0057,0.0087,0.0104,0.0089,0.0000,0.0159
OAK,from,1156,22,0.0273,0.0265,0.0111,0.0193,0.0170,0.0160,0.0030,0.0278
OAK,from,1157,22,0.0168,0.0162,0.0070,0.0115,0.0123,0.0089,0.0000,0.0168
OAK,from,1158,22,0.0375,0.0363,0.0151,0.0253,0.0246,0.0231,0.0090,0.0377
OAK,from,1159,22,0.0663,0.0720,0.1833,0.1306,0.1316,0.1421,0.2312,0.0654
OAK,from,1160,22,0.0485,0.0581,0.0178,0.0327,0.0369,0.0355,0.0330,0.0436
OAK,from,1161,23,0.0768,0.0806,0.0240,0.0523,0.0548,0.0498,0.0169,0.0749
OAK,from,1162,23,0.0065,0.0068,0.0022,0.0044,0.0034,0.0045,0.0000,0.0057
OAK,from,1163,23,0.0277,0.0290,0.0085,0.0196,0.0194,0.0181,0.0042,0.0272
OAK,from,1164,23,0.0469,0.0493,0.0141,0.0322,0.0342,0.0317,0.0127,0.0465
OAK,from,1165,23,0.0565,0.0592,0.0180,0.0403,0.0411,0.0385,0.0127,0.0556
OAK,from,1166,23,0.0866,0.0909,0.0267,0.0594,0.0605,0.0566,0.0169,0.0851
OAK,from,1167,23,0.0797,0.0837,0.0245,0.0550,0.0559,0.0498,0.0169,0.0783
OAK,from,1168,23,0.1153,0.0854,0.4642,0.2708,0.2591,0.2873,0.4895,0.1260
OAK,from,1169,23,0.0485,0.0472,0.0779,0.0616,0.0605,0.0656,0.0844,0.0488
OAK,from,1170,23,0.0481,0.0566,0.0313,0.0403,0.0445,0.0452,0.0549,0.0431
OAK,from,1171,23,0.0781,0.0674,0.1764,0.1221,0.1187,0.1244,0.1814,0.0829
OAK,from,1172,23,0.0384,0.0403,0.0114,0.0262,0.0274,0.0249,0.0084,0.0375
OAK,from,1173,23,0.0290,0.0303,0.0087,0.0207,0.0194,0.0181,0.0042,0.0295
OAK,from,1174,23,0.0371,0.0391,0.0112,0.0256,0.0251,0.0226,0.0084,0.0363
OAK,from,1175,23,0.0757,0.0778,0.0553,0.0676,0.0685,0.0656,0.0549,0.0749
OAK,from,1176,23,0.1490,0.1564,0.0456,0.1019,0.1073,0.0973,0.0338,0.1476
OAK,from,1177,24,0.0820,0.0807,0.0560,0.0763,0.0760,0.0714,0.0400,0.0842
OAK,from,1178,24,0.2163,0.2064,0.2597,0.2360,0.2300,0.2269,0.2400,0.2231
OAK,from,1179,24,0.0394,0.0388,0.0271,0.0366,0.0349,0.0336,0.0133,0.0406
OAK,from,1180,24,0.0296,0.0292,0.0203,0.0285,0.0287,0.0252,0.0133,0.0312
OAK,from,1181,24,0.0017,0.0017,0.0000,0.0000,0.0000,0.0000,0.0000,0.0000
OAK,from,1182,24,0.0476,0.0470,0.0320,0.0458,0.0431,0.0378,0.0133,0.0484
OAK,from,1183,24,0.0142,0.0140,0.0086,0.0112,0.0123,0.0126,0.0000,0.0140
OAK,from,1184,24,0.0314,0.0310,0.0215,0.0285,0.0287,0.0294,0.0133,0.0312
OAK,from,1185,24,0.0728,0.0716,0.0498,0.0661,0.0657,0.0672,0.0400,0.0749
OAK,from,1186,24,0.1044,0.1029,0.0726,0.0966,0.0986,0.0924,0.0533,0.1061
OAK,from,1187,24,0.0359,0.0352,0.0246,0.0336,0.0329,0.0294,0.0133,0.0359
OAK,from,1188,24,0.0117,0.0115,0.0074,0.0102,0.0103,0.0126,0.0000,0.0109
OAK,from,1189,24,0.0281,0.0627,0.0068,0.0163,0.0390,0.0588,0.2533,0.0094
OAK,from,1190,24,0.0020,0.0021,0.0006,0.0010,0.0000,0.0000,0.0000,0.0016
OAK,from,1191,24,0.0035,0.0033,0.0012,0.0020,0.0000,0.0000,0.0000,0.0047
OAK,from,1192,24,0.0228,0.0225,0.0160,0.0193,0.0226,0.0168,0.0000,0.0250
OAK,from,1193,24,0.0090,0.0087,0.0055,0.0081,0.0062,0.0084,0.0000,0.0094
OAK,from,1194,24,0.0195,0.0192,0.0135,0.0163,0.0185,0.0168,0.0000,0.0187
OAK,from,1195,24,0.0750,0.0739,0.0523,0.0682,0.0678,0.0672,0.0400,0.0764
OAK,from,1196,24,0.0214,0.0210,0.0148,0.0163,0.0205,0.0168,0.0000,0.0203
OAK,from,1197,24,0.0016,0.0014,0.0000,0.0000,0.0000,0.0000,0.0000,0.0000
OAK,from,1198,24,0.0072,0.0069,0.0055,0.0051,0.0021,0.0042,0.0000,0.0062
OAK,from,1199,24,0.0031,0.0031,0.0012,0.0010,0.0000,0.0000,0.0000,0.0047
OAK,from,1200,24,0.0358,0.0352,0.0246,0.0336,0.0329,0.0294,0.0133,0.0359
OAK,from,1201,24,0.0155,0.0154,0.0105,0.0112,0.0144,0.0126,0.0000,0.0156
OAK,from,1202,24,0.0112,0.0111,0.0068,0.0102,0.0103,0.0126,0.0000,0.0109
OAK,from,1203,24,0.0021,0.0021,0.0006,0.0010,0.0000,0.0000,0.0000,0.0016
OAK,from,1204,24,0.0011,0.0010,0.0000,0.0000,0.0000,0.0000,0.0000,0.0000
OAK,from,1205,24,0.0170,0.0103,0.1237,0.0539,0.0452,0.0546,0.1333,0.0187
OAK,from,1206,24,0.0053,0.0017,0.0591,0.0234,0.0226,0.0210,0.0533,0.0062
OAK,from,1207,24,0.0178,0.0143,0.0695,0.0356,0.0329,0.0336,0.0667,0.0187
OAK,from,1208,24,0.0031,0.0031,0.0012,0.0010,0.0000,0.0000,0.0000,0.0047
OAK,from,1209,24,0.0084,0.0083,0.0055,0.0061,0.0041,0.0084,0.0000,0.0078
OAK,from,1210,24,0.0026,0.0026,0.0012,0.0010,0.0000,0.0000,0.0000,0.0031
OAK,from,1211,25,0.0407,0.0605,0.0141,0.0301,0.0432,0.0455,0.0968,0.0295
OAK,from,1212,25,0.0364,0.0317,0.0530,0.0451,0.0432,0.0455,0.0323,0.0386
OAK,from,1213,25,0.0235,0.0226,0.0111,0.0150,0.0123,0.0000,0.0000,0.0241
OAK,from,1214,25,0.0431,0.0312,0.1347,0.0827,0.0926,0.0758,0.1290,0.0494
OAK,from,1215,25,0.0368,0.0356,0.0171,0.0301,0.0309,0.0303,0.0000,0.0380
OAK,from,1216,25,0.0403,0.0388,0.0188,0.0376,0.0309,0.0303,0.0000,0.0416
OAK,from,1217,25,0.0509,0.0494,0.0244,0.0376,0.0432,0.0455,0.0000,0.0524
OAK,from,1218,25,0.0558,0.0538,0.0269,0.0451,0.0432,0.0455,0.0000,0.0572
OAK,from,1219,25,0.0248,0.0238,0.0124,0.0150,0.0123,0.0152,0.0000,0.0253
OAK,from,1220,25,0.0938,0.0906,0.0449,0.0827,0.0864,0.0758,0.0000,0.0964
OAK,from,1221,25,0.0238,0.0228,0.0111,0.0150,0.0123,0.0152,0.0000,0.0241
OAK,from,1222,25,0.0272,0.0476,0.0073,0.0150,0.0309,0.0455,0.0968,0.0157
OAK,from,1223,25,0.0063,0.0027,0.0381,0.0150,0.0123,0.0152,0.0323,0.0072
OAK,from,1224,25,0.0025,0.0022,0.0009,0.0000,0.0000,0.0000,0.0000,0.0024
OAK,from,1225,25,0.0020,0.0019,0.0000,0.0000,0.0000,0.0000,0.0000,0.0018
OAK,from,1226,25,0.0026,0.0024,0.0009,0.0000,0.0000,0.0000,0.0000,0.0024
OAK,from,1227,25,0.0158,0.0152,0.0073,0.0075,0.0000,0.0000,0.0000,0.0163
OAK,from,1228,25,0.0084,0.0079,0.0038,0.0000,0.0000,0.0000,0.0000,0.0096
OAK,from,1229,25,0.0027,0.0025,0.0009,0.0000,0.0000,0.0000,0.0000,0.0024
OAK,from,1230,25,0.0772,0.0683,0.1082,0.1053,0.0988,0.0909,0.0968,0.0831
OAK,from,1231,25,0.0165,0.0162,0.0073,0.0075,0.0000,0.0000,0.0000,0.0169
OAK,from,1232,25,0.0021,0.0020,0.0009,0.0000,0.0000,0.0000,0.0000,0.0018
OAK,from,1233,25,0.0201,0.0192,0.0103,0.0075,0.0000,0.0000,0.0000,0.0205
OAK,from,1234,25,0.0062,0.0025,0.0381,0.0150,0.0123,0.0152,0.0323,0.0072
OAK,from,1235,25,0.0020,0.0019,0.0004,0.0000,0.0000,0.0000,0.0000,0.0018
OAK,from,1236,25,0.0028,0.0025,0.0009,0.0000,0.0000,0.0000,0.0000,0.0030
OAK,from,1237,25,0.0044,0.0040,0.0017,0.0000,0.0000,0.0000,0.0000,0.0042
OAK,from,1238,25,0.0004,0.0002,0.0000,0.0000,0.0000,0.0000,0.0000,0.0000
OAK,from,1239,25,0.0387,0.0373,0.0184,0.0301,0.0309,0.0303,0.0000,0.0398
OAK,from,1240,25,0.0362,0.0314,0.0530,0.0451,0.0432,0.0455,0.0323,0.0386
OAK,from,1241,25,0.0012,0.0010,0.0000,0.0000,0.0000,0.0000,0.0000,0.0012
OAK,from,1242,25,0.0202,0.0192,0.0103,0.0075,0.0000,0.0000,0.0000,0.0211
OAK,from,1243,25,0.0385,0.0486,0.1262,0.0827,0.0926,0.1061,0.2258,0.0325
OAK,from,1244,25,0.0417,0.0405,0.0197,0.0376,0.0309,0.0455,0.0000,0.0428
OAK,from,1245,25,0.0523,0.0444,0.0962,0.0827,0.0864,0.0758,0.0968,0.0572
OAK,from,1246,25,0.1023,0.1177,0.0808,0.1053,0.1111,0.1061,0.1290,0.0940
OAK,from,1247,26,0.0367,0.0370,0.0119,0.0172,0.0000,0.0000,0.0000,0.0365
OAK,from,1248,26,0.0397,0.0394,0.0129,0.0172,0.0000,0.0000,0.0000,0.0380
OAK,from,1249,26,0.0894,0.1961,0.0673,0.1034,0.1746,0.1786,0.2500,0.0497
OAK,from,1250,26,0.0027,0.0019,0.0000,0.0000,0.0000,0.0000,0.0000,0.0029
OAK,from,1251,26,0.0259,0.0264,0.0070,0.0000,0.0000,0.0000,0.0000,0.0249
OAK,from,1252,26,0.0040,0.0038,0.0011,0.0000,0.0000,0.0000,0.0000,0.0044
OAK,from,1253,26,0.0069,0.0062,0.0011,0.0000,0.0000,0.0000,0.0000,0.0058
OAK,from,1254,26,0.0279,0.0284,0.0086,0.0000,0.0000,0.0000,0.0000,0.0278
OAK,from,1255,26,0.0161,0.0163,0.0048,0.0000,0.0000,0.0000,0.0000,0.0146
OAK,from,1256,26,0.0053,0.0053,0.0011,0.0000,0.0000,0.0000,0.0000,0.0044
OAK,from,1257,26,0.0029,0.0024,0.0000,0.0000,0.0000,0.0000,0.0000,0.0029
OAK,from,1258,26,0.0013,0.0014,0.0000,0.0000,0.0000,0.0000,0.0000,0.0000
OAK,from,1259,26,0.0019,0.0019,0.0000,0.0000,0.0000,0.0000,0.0000,0.0015
OAK,from,1260,26,0.0013,0.0014,0.0000,0.0000,0.0000,0.0000,0.0000,0.0000
OAK,from,1261,26,0.0142,0.0139,0.0048,0.0000,0.0000,0.0000,0.0000,0.0132
OAK,from,1262,26,0.0011,0.0005,0.0000,0.0000,0.0000,0.0000,0.0000,0.0000
OAK,from,1263,26,0.0010,0.0005,0.0000,0.0000,0.0000,0.0000,0.0000,0.0000
OAK,from,1264,26,0.0117,0.0019,0.0609,0.0345,0.0317,0.0714,0.0417,0.0175
OAK,from,1265,26,0.0200,0.0019,0.1126,0.1034,0.1111,0.1071,0.1250,0.0322
OAK,from,1266,26,0.0043,0.0038,0.0011,0.0000,0.0000,0.0000,0.0000,0.0044
OAK,from,1267,26,0.0227,0.0221,0.0065,0.0000,0.0000,0.0000,0.0000,0.0234
OAK,from,1268,26,0.0626,0.0639,0.0194,0.0345,0.0317,0.0357,0.0000,0.0599
OAK,from,1269,26,0.0664,0.0384,0.1902,0.1897,0.2222,0.1786,0.1667,0.0848
OAK,from,1270,26,0.0543,0.0543,0.0178,0.0172,0.0000,0.0000,0.0000,0.0512
OAK,from,1271,26,0.0594,0.0610,0.0189,0.0345,0.0159,0.0357,0.0000,0.0570
OAK,from,1272,26,0.0000,0.0000,0.0000,0.0000,0.0000,0.0000,0.0000,0.0000
OAK,from,1273,26,0.0292,0.0298,0.0092,0.0000,0.0000,0.0000,0.0000,0.0292
OAK,from,1274,26,0.0035,0.0029,0.0000,0.0000,0.0000,0.0000,0.0000,0.0044
OAK,from,1275,26,0.0086,0.0086,0.0022,0.0000,0.0000,0.0000,0.0000,0.0073
OAK,from,1276,26,0.0117,0.0115,0.0043,0.0000,0.0000,0.0000,0.0000,0.0102
OAK,from,1277,26,0.0286,0.0288,0.0086,0.0000,0.0000,0.0000,0.0000,0.0278
OAK,from,1278,26,0.0153,0.0159,0.0048,0.0000,0.0000,0.0000,0.0000,0.0146
OAK,from,1279,26,0.0358,0.0168,0.1245,0.1379,0.1270,0.1071,0.1667,0.0468
OAK,from,1280,26,0.0648,0.0298,0.2333,0.2586,0.2540,0.2500,0.2500,0.0863
OAK,from,1281,26,0.0027,0.0019,0.0000,0.0000,0.0000,0.0000,0.0000,0.0029
OAK,from,1282,26,0.0619,0.0625,0.0194,0.0345,0.0317,0.0357,0.0000,0.0599
OAK,from,1283,26,0.0046,0.0048,0.0011,0.0000,0.0000,0.0000,0.0000,0.0044
OAK,from,1284,26,0.0192,0.0187,0.0054,0.0000,0.0000,0.0000,0.0000,0.0175
OAK,from,1285,26,0.0283,0.0288,0.0086,0.0000,0.0000,0.0000,0.0000,0.0278
OAK,from,1286,26,0.0254,0.0259,0.0070,0.0000,0.0000,0.0000,0.0000,0.0249
OAK,from,1287,26,0.0089,0.0101,0.0022,0.0000,0.0000,0.0000,0.0000,0.0088
OAK,from,1288,26,0.0519,0.0529,0.0167,0.0172,0.0000,0.0000,0.0000,0.0512
OAK,from,1289,26,0.0035,0.0029,0.0000,0.0000,0.0000,0.0000,0.0000,0.0044
OAK,from,1290,26,0.0168,0.0168,0.0048,0.0000,0.0000,0.0000,0.0000,0.0146
OAK,from,1291,27,0.0042,0.0055,0.0003,0.0000,0.0000,0.0000,0.0000,0.0031
OAK,from,1292,27,0.1177,0.1259,0.0883,0.0980,0.0992,0.0849,0.0843,0.1145
OAK,from,1293,27,0.0543,0.0833,0.0079,0.0163,0.0207,0.0283,0.0000,0.0436
OAK,from,1294,27,0.0165,0.0217,0.0024,0.0000,0.0000,0.0000,0.0000,0.0148
OAK,from,1295,27,0.0543,0.0602,0.0362,0.0408,0.0455,0.0377,0.0361,0.0514
OAK,from,1296,27,0.0473,0.0620,0.0074,0.0082,0.0165,0.0189,0.0000,0.0397
OAK,from,1297,27,0.0387,0.0441,0.0209,0.0204,0.0248,0.0283,0.0120,0.0366
OAK,from,1298,27,0.0156,0.0088,0.0310,0.0204,0.0248,0.0283,0.0361,0.0195
OAK,from,1299,27,0.0535,0.0048,0.1645,0.1429,0.1364,0.1321,0.1807,0.0779
OAK,from,1300,27,0.0147,0.0191,0.0020,0.0000,0.0000,0.0000,0.0000,0.0125
OAK,from,1301,27,0.0578,0.0121,0.1625,0.1429,0.1364,0.1321,0.1687,0.0810
OAK,from,1302,27,0.0584,0.0771,0.0094,0.0204,0.0207,0.0283,0.0000,0.0498
OAK,from,1303,27,0.0443,0.0584,0.0069,0.0082,0.0124,0.0189,0.0000,0.0382
OAK,from,1304,27,0.0554,0.0606,0.0380,0.0408,0.0455,0.0377,0.0361,0.0537
OAK,from,1305,27,0.0041,0.0048,0.0003,0.0000,0.0000,0.0000,0.0000,0.0031
OAK,from,1306,27,0.0821,0.1156,0.0237,0.0367,0.0455,0.0377,0.0241,0.0693
OAK,from,1307,27,0.1918,0.1586,0.3128,0.3020,0.2893,0.3019,0.3373,0.2064
OAK,from,1308,27,0.0893,0.0775,0.0855,0.1020,0.0826,0.0849,0.0843,0.0849
OAK,from,1309,28,0.0631,0.0920,0.0225,0.0133,0.0253,0.0303,0.0169,0.0516
OAK,from,1310,28,0.0701,0.0654,0.0693,0.0667,0.0696,0.0606,0.0678,0.0708
OAK,from,1311,28,0.2376,0.2607,0.1914,0.2133,0.2025,0.1970,0.1864,0.2286
OAK,from,1312,28,0.0339,0.0297,0.0382,0.0333,0.0316,0.0455,0.0508,0.0354
OAK,from,1313,28,0.2192,0.1503,0.2921,0.3000,0.2911,0.2879,0.2881,0.2404
OAK,from,1314,28,0.1154,0.1442,0.0681,0.0733,0.0823,0.0758,0.0678,0.1032
OAK,from,1315,28,0.0998,0.0767,0.1224,0.1067,0.1139,0.1061,0.1186,0.1077
OAK,from,1316,28,0.0449,0.1309,0.0041,0.0067,0.0000,0.0152,0.0169,0.0251
OAK,from,1317,28,0.1162,0.0501,0.1919,0.1867,0.1835,0.1818,0.1864,0.1372
OAK,from,1318,29,0.0412,0.0366,0.0478,0.0478,0.0436,0.0368,0.0370,0.0439
OAK,from,1319,29,0.0298,0.0296,0.0094,0.0171,0.0203,0.0221,0.0000,0.0304
OAK,from,1320,29,0.0318,0.0383,0.0217,0.0273,0.0320,0.0294,0.0494,0.0279
OAK,from,1321,29,0.0240,0.0240,0.0080,0.0171,0.0145,0.0147,0.0000,0.0246
OAK,from,1322,29,0.0343,0.0324,0.0243,0.0307,0.0320,0.0294,0.0123,0.0357
OAK,from,1323,29,0.0631,0.0354,0.2435,0.1604,0.1424,0.1471,0.2099,0.0771
OAK,from,1324,29,0.0247,0.0166,0.0749,0.0478,0.0465,0.0515,0.0494,0.0293
OAK,from,1325,29,0.0623,0.0527,0.0928,0.0853,0.0756,0.0662,0.0741,0.0675
OAK,from,1326,29,0.0361,0.0357,0.0115,0.0273,0.0262,0.0221,0.0000,0.0368
OAK,from,1327,29,0.0278,0.0277,0.0088,0.0171,0.0174,0.0221,0.0000,0.0286
OAK,from,1328,29,0.0358,0.0324,0.0368,0.0375,0.0378,0.0294,0.0370,0.0379
OAK,from,1329,29,0.0229,0.0225,0.0072,0.0137,0.0145,0.0147,0.0000,0.0232
OAK,from,1330,29,0.0230,0.0227,0.0072,0.0137,0.0145,0.0147,0.0000,0.0236
OAK,from,1331,29,0.0140,0.0136,0.0048,0.0068,0.0058,0.0000,0.0000,0.0143
OAK,from,1332,29,0.0366,0.0418,0.0342,0.0375,0.0407,0.0368,0.0494,0.0332
OAK,from,1333,29,0.0222,0.0219,0.0070,0.0137,0.0145,0.0147,0.0000,0.0225
OAK,from,1334,29,0.0260,0.0257,0.0084,0.0171,0.0174,0.0221,0.0000,0.0264
OAK,from,1335,29,0.0343,0.0340,0.0113,0.0205,0.0203,0.0221,0.0000,0.0346
OAK,from,1336,29,0.0895,0.0872,0.0410,0.0683,0.0698,0.0588,0.0370,0.0921
OAK,from,1337,29,0.0389,0.0472,0.0828,0.0546,0.0640,0.0662,0.1235,0.0329
OAK,from,1338,29,0.0153,0.0150,0.0052,0.0068,0.0058,0.0074,0.0000,0.0157
OAK,from,1339,29,0.0257,0.0254,0.0082,0.0171,0.0174,0.0221,0.0000,0.0264
OAK,from,1340,29,0.0337,0.0332,0.0108,0.0205,0.0203,0.0221,0.0000,0.0343
OAK,from,1341,29,0.0432,0.0513,0.0127,0.0307,0.0349,0.0294,0.0370,0.0389
OAK,from,1342,29,0.0421,0.0629,0.0448,0.0375,0.0494,0.0588,0.0988,0.0293
OAK,from,1343,29,0.0111,0.0111,0.0034,0.0034,0.0000,0.0000,0.0000,0.0111
OAK,from,1344,29,0.0024,0.0024,0.0004,0.0000,0.0000,0.0000,0.0000,0.0025
OAK,from,1345,29,0.0116,0.0113,0.0036,0.0034,0.0000,0.0000,0.0000,0.0118
OAK,from,1346,29,0.0262,0.0258,0.0086,0.0171,0.0174,0.0221,0.0000,0.0264
OAK,from,1347,29,0.0703,0.0835,0.1193,0.1024,0.1047,0.1176,0.1852,0.0611
OAK,from,1348,30,0.0137,0.0035,0.0602,0.0402,0.0385,0.0402,0.0556,0.0187
OAK,from,1349,30,0.0157,0.0096,0.0380,0.0296,0.0275,0.0268,0.0278,0.0187
OAK,from,1350,30,0.0374,0.0514,0.0078,0.0211,0.0256,0.0223,0.0278,0.0304
OAK,from,1351,30,0.0204,0.0209,0.0048,0.0106,0.0110,0.0134,0.0000,0.0201
OAK,from,1352,30,0.0331,0.0339,0.0080,0.0190,0.0201,0.0179,0.0000,0.0326
OAK,from,1353,30,0.0357,0.0365,0.0088,0.0211,0.0201,0.0179,0.0000,0.0355
OAK,from,1354,30,0.0555,0.0569,0.0136,0.0296,0.0311,0.0268,0.0069,0.0553
OAK,from,1355,30,0.0041,0.0042,0.0009,0.0000,0.0000,0.0000,0.0000,0.0043
OAK,from,1356,30,0.0154,0.0156,0.0037,0.0042,0.0092,0.0089,0.0000,0.0155
OAK,from,1357,30,0.0181,0.0184,0.0044,0.0085,0.0092,0.0089,0.0000,0.0179
OAK,from,1358,30,0.0271,0.0278,0.0068,0.0127,0.0147,0.0134,0.0000,0.0271
OAK,from,1359,30,0.0200,0.0183,0.0165,0.0190,0.0183,0.0179,0.0139,0.0209
OAK,from,1360,30,0.0015,0.0015,0.0002,0.0000,0.0000,0.0000,0.0000,0.0014
OAK,from,1361,30,0.0126,0.0237,0.0130,0.0106,0.0165,0.0179,0.0278,0.0068
OAK,from,1362,30,0.0017,0.0017,0.0002,0.0000,0.0000,0.0000,0.0000,0.0016
OAK,from,1363,30,0.0426,0.0683,0.0880,0.0740,0.0788,0.0893,0.1597,0.0293
OAK,from,1364,30,0.0052,0.0053,0.0011,0.0000,0.0000,0.0000,0.0000,0.0052
OAK,from,1365,30,0.0351,0.0249,0.0694,0.0592,0.0531,0.0536,0.0556,0.0404
OAK,from,1366,30,0.0816,0.0850,0.0767,0.0888,0.0842,0.0804,0.0903,0.0784
OAK,from,1367,30,0.0340,0.0307,0.0312,0.0317,0.0311,0.0312,0.0278,0.0358
OAK,from,1368,30,0.0450,0.0832,0.0180,0.0296,0.0403,0.0446,0.0833,0.0255
OAK,from,1369,30,0.0390,0.0272,0.0795,0.0698,0.0604,0.0580,0.0764,0.0450
OAK,from,1370,30,0.0295,0.0301,0.0073,0.0169,0.0165,0.0134,0.0000,0.0293
OAK,from,1371,30,0.0216,0.0223,0.0052,0.0106,0.0110,0.0134,0.0000,0.0214
OAK,from,1372,30,0.0163,0.0167,0.0041,0.0042,0.0092,0.0089,0.0000,0.0160
OAK,from,1373,30,0.0068,0.0027,0.0243,0.0190,0.0165,0.0179,0.0278,0.0087
OAK,from,1374,30,0.0049,0.0029,0.0126,0.0085,0.0092,0.0089,0.0069,0.0060
OAK,from,1375,30,0.0158,0.0163,0.0038,0.0042,0.0092,0.0089,0.0000,0.0157
OAK,from,1376,30,0.0590,0.0156,0.2591,0.1903,0.1648,0.1741,0.2431,0.0811
OAK,from,1377,30,0.0052,0.0053,0.0011,0.0000,0.0000,0.0000,0.0000,0.0052
OAK,from,1378,30,0.0058,0.0038,0.0128,0.0085,0.0092,0.0089,0.0069,0.0071
OAK,from,1379,30,0.0105,0.0086,0.0138,0.0106,0.0110,0.0134,0.0069,0.0111
OAK,from,1380,30,0.0316,0.0278,0.0321,0.0317,0.0311,0.0312,0.0278,0.0334
OAK,from,1381,30,0.0211,0.0218,0.0050,0.0106,0.0110,0.0134,0.0000,0.0209
OAK,from,1382,30,0.0310,0.0316,0.0078,0.0190,0.0183,0.0134,0.0000,0.0307
OAK,from,1383,30,0.0342,0.0351,0.0086,0.0190,0.0201,0.0179,0.0000,0.0336
OAK,from,1384,30,0.0232,0.0237,0.0055,0.0106,0.0128,0.0134,0.0000,0.0231
OAK,from,1385,30,0.0215,0.0175,0.0295,0.0233,0.0256,0.0223,0.0278,0.0233
OAK,from,1386,30,0.0131,0.0135,0.0033,0.0042,0.0055,0.0045,0.0000,0.0130
OAK,from,1387,30,0.0285,0.0292,0.0070,0.0169,0.0165,0.0134,0.0000,0.0285
OAK,from,1388,30,0.0259,0.0265,0.0064,0.0127,0.0128,0.0134,0.0000,0.0255
OAK,from,1389,31,0.1257,0.1354,0.3106,0.2979,0.2857,0.3043,0.4643,0.1354
OAK,from,1390,31,0.0144,0.0139,0.0050,0.0000,0.0000,0.0000,0.0000,0.0135
OAK,from,1391,31,0.0112,0.0040,0.0451,0.0213,0.0179,0.0435,0.0357,0.0147
OAK,from,1392,31,0.0525,0.0516,0.0199,0.0213,0.0179,0.0217,0.0000,0.0519
OAK,from,1393,31,0.0425,0.0421,0.0166,0.0106,0.0000,0.0000,0.0000,0.0395
OAK,from,1394,31,0.1069,0.1342,0.0377,0.0532,0.0714,0.0652,0.0357,0.0948
OAK,from,1395,31,0.1075,0.1231,0.1193,0.1170,0.1339,0.1304,0.1429,0.1038
OAK,from,1396,31,0.1669,0.1660,0.0654,0.1170,0.1161,0.0870,0.0000,0.1614
OAK,from,1397,31,0.0551,0.0477,0.0621,0.0532,0.0625,0.0652,0.0357,0.0576
OAK,from,1398,31,0.0443,0.0441,0.0170,0.0213,0.0089,0.0217,0.0000,0.0429
OAK,from,1399,31,0.0305,0.0238,0.0505,0.0426,0.0446,0.0435,0.0357,0.0339
OAK,from,1400,31,0.0739,0.0604,0.1043,0.1064,0.0982,0.0870,0.1071,0.0801
OAK,from,1401,31,0.0666,0.0663,0.0261,0.0213,0.0446,0.0435,0.0000,0.0643
OAK,from,1402,31,0.0425,0.0421,0.0166,0.0106,0.0000,0.0000,0.0000,0.0395
OAK,from,1403,31,0.0597,0.0453,0.1039,0.1064,0.0982,0.0870,0.1429,0.0666
OAK,from,1404,32,0.0578,0.0527,0.0288,0.0471,0.0446,0.0488,0.0000,0.0619
OAK,from,1405,32,0.0360,0.0329,0.0181,0.0235,0.0089,0.0000,0.0000,0.0374
OAK,from,1406,32,0.0403,0.0368,0.0206,0.0235,0.0179,0.0244,0.0000,0.0433
OAK,from,1407,32,0.0672,0.0449,0.2644,0.1294,0.1339,0.1220,0.1667,0.0806
OAK,from,1408,32,0.1681,0.2075,0.1878,0.1765,0.1964,0.2195,0.3333,0.1406
OAK,from,1409,32,0.1321,0.1519,0.0568,0.1176,0.1250,0.1220,0.1667,0.1180
OAK,from,1410,32,0.0315,0.0283,0.0148,0.0118,0.0000,0.0000,0.0000,0.0334
OAK,from,1411,32,0.0938,0.0858,0.0470,0.0824,0.0804,0.0732,0.0000,0.1003
OAK,from,1412,32,0.1510,0.1689,0.0667,0.1294,0.1429,0.1463,0.1667,0.1386
OAK,from,1413,32,0.0634,0.0451,0.2150,0.1294,0.1161,0.1220,0.1667,0.0757
OAK,from,1414,32,0.1588,0.1453,0.0799,0.1294,0.1339,0.1220,0.0000,0.1701
OAK,from,1415,33,0.0365,0.0269,0.0647,0.0532,0.0520,0.0522,0.0444,0.0415
OAK,from,1416,33,0.0140,0.0093,0.0302,0.0213,0.0214,0.0224,0.0333,0.0163
OAK,from,1417,33,0.0069,0.0025,0.0276,0.0177,0.0183,0.0224,0.0333,0.0098
OAK,from,1418,33,0.0320,0.0264,0.0380,0.0355,0.0336,0.0299,0.0333,0.0342
OAK,from,1419,33,0.0227,0.0219,0.0083,0.0071,0.0122,0.0149,0.0000,0.0218
OAK,from,1420,33,0.0850,0.0978,0.0297,0.0496,0.0520,0.0522,0.0444,0.0774
OAK,from,1421,33,0.0828,0.0914,0.1573,0.1489,0.1407,0.1493,0.2000,0.0843
OAK,from,1422,33,0.0648,0.0777,0.0223,0.0390,0.0428,0.0373,0.0333,0.0578
OAK,from,1423,33,0.0664,0.0616,0.0385,0.0496,0.0459,0.0373,0.0222,0.0668
OAK,from,1424,33,0.0334,0.0485,0.0103,0.0177,0.0214,0.0224,0.0333,0.0270
OAK,from,1425,33,0.0904,0.0475,0.2790,0.2234,0.2018,0.2015,0.2667,0.1164
OAK,from,1426,33,0.0841,0.0930,0.0555,0.0567,0.0673,0.0672,0.0556,0.0796
OAK,from,1427,33,0.0670,0.0606,0.0478,0.0532,0.0520,0.0522,0.0333,0.0680
OAK,from,1428,33,0.0159,0.0112,0.0311,0.0248,0.0214,0.0224,0.0333,0.0188
OAK,from,1429,33,0.0387,0.0504,0.0260,0.0319,0.0336,0.0373,0.0444,0.0338
OAK,from,1430,33,0.0482,0.0776,0.0136,0.0284,0.0398,0.0373,0.0444,0.0359
OAK,from,1431,33,0.0635,0.0606,0.0241,0.0390,0.0398,0.0299,0.0000,0.0625
OAK,from,1432,33,0.0495,0.0411,0.0580,0.0532,0.0520,0.0522,0.0444,0.0526
OAK,from,1433,33,0.0280,0.0269,0.0109,0.0142,0.0153,0.0149,0.0000,0.0274
OAK,from,1434,33,0.0394,0.0377,0.0148,0.0177,0.0214,0.0224,0.0000,0.0381
OAK,from,1435,33,0.0307,0.0295,0.0120,0.0177,0.0153,0.0224,0.0000,0.0300
OAK,from,1436,34,0.0604,0.0759,0.0201,0.0269,0.0332,0.0349,0.0196,0.0531
OAK,from,1437,34,0.0795,0.1161,0.0427,0.0591,0.0664,0.0581,0.0784,0.0668
OAK,from,1438,34,0.0963,0.0682,0.2632,0.2419,0.2180,0.2209,0.3333,0.1166
OAK,from,1439,34,0.0366,0.0389,0.0128,0.0108,0.0190,0.0233,0.0000,0.0341
OAK,from,1440,34,0.0613,0.0618,0.0409,0.0484,0.0474,0.0465,0.0196,0.0603
OAK,from,1441,34,0.0430,0.0453,0.0155,0.0161,0.0237,0.0233,0.0000,0.0400
OAK,from,1442,34,0.0607,0.0643,0.0219,0.0269,0.0332,0.0349,0.0000,0.0564
OAK,from,1443,34,0.0403,0.0427,0.0146,0.0108,0.0237,0.0233,0.0000,0.0380
OAK,from,1444,34,0.0529,0.0533,0.0891,0.0806,0.0806,0.0814,0.1176,0.0557
OAK,from,1445,34,0.0615,0.0654,0.0219,0.0269,0.0332,0.0349,0.0000,0.0577
OAK,from,1446,34,0.0657,0.0659,0.0409,0.0484,0.0521,0.0465,0.0196,0.0636
OAK,from,1447,34,0.0261,0.0275,0.0091,0.0108,0.0047,0.0000,0.0000,0.0249
OAK,from,1448,34,0.0908,0.0813,0.1065,0.1022,0.0995,0.1047,0.0980,0.0944
OAK,from,1449,34,0.0021,0.0021,0.0004,0.0000,0.0000,0.0000,0.0000,0.0020
OAK,from,1450,34,0.0628,0.0669,0.0225,0.0269,0.0332,0.0349,0.0000,0.0583
OAK,from,1451,34,0.0456,0.0479,0.0166,0.0215,0.0237,0.0233,0.0000,0.0426
OAK,from,1452,34,0.0547,0.0504,0.0561,0.0591,0.0569,0.0581,0.0588,0.0557
OAK,from,1453,34,0.0409,0.0064,0.1985,0.1774,0.1517,0.1512,0.2549,0.0623
OAK,from,1454,34,0.0187,0.0198,0.0069,0.0054,0.0000,0.0000,0.0000,0.0177
OAK,to,1,1,0.0129,0.0324,0.0079,0.0087,0.0108,0.0116,0.0000,0.0068
OAK,to,2,1,0.0223,0.0436,0.0199,0.0204,0.0227,0.0238,0.0337,0.0239
OAK,to,3,1,0.0027,0.0000,0.0048,0.0045,0.0042,0.0042,0.0000,0.0000
OAK,to,4,1,0.0209,0.0340,0.0222,0.0219,0.0236,0.0244,0.0337,0.0239
OAK,to,5,1,0.0417,0.0376,0.0591,0.0563,0.0563,0.0572,0.0787,0.0478
OAK,to,6,1,0.0221,0.0051,0.0371,0.0346,0.0333,0.0330,0.0449,0.0307
OAK,to,7,1,0.1044,0.0223,0.1815,0.1691,0.1619,0.1619,0.1910,0.1399
OAK,to,8,1,0.0196,0.0039,0.0319,0.0300,0.0285,0.0284,0.0337,0.0239
OAK,to,9,1,0.0154,0.0273,0.0118,0.0123,0.0136,0.0142,0.0000,0.0137
OAK,to,10,1,0.0270,0.0180,0.0397,0.0376,0.0370,0.0373,0.0449,0.0307
OAK,to,11,1,0.0447,0.0053,0.0802,0.0746,0.0712,0.0709,0.0787,0.0614
OAK,to,12,1,0.0292,0.0210,0.0427,0.0405,0.0400,0.0405,0.0449,0.0341
OAK,to,13,1,0.0040,0.0082,0.0025,0.0028,0.0031,0.0032,0.0000,0.0000
OAK,to,14,1,0.0068,0.0178,0.0030,0.0038,0.0048,0.0053,0.0000,0.0068
OAK,to,15,1,0.0182,0.0399,0.0091,0.0105,0.0128,0.0137,0.0000,0.0137
OAK,to,16,1,0.0296,0.0778,0.0047,0.0087,0.0134,0.0150,0.0112,0.0205
OAK,to,17,1,0.0369,0.0562,0.0046,0.0097,0.0111,0.0101,0.0000,0.0239
OAK,to,18,1,0.0080,0.0189,0.0014,0.0025,0.0035,0.0038,0.0000,0.0068
OAK,to,19,1,0.0167,0.0253,0.0015,0.0039,0.0044,0.0040,0.0000,0.0068
OAK,to,20,1,0.0073,0.0049,0.0098,0.0094,0.0091,0.0093,0.0000,0.0068
OAK,to,21,1,0.0019,0.0015,0.0011,0.0012,0.0011,0.0011,0.0000,0.0000
OAK,to,22,1,0.0434,0.0630,0.0373,0.0383,0.0402,0.0412,0.0449,0.0410
OAK,to,23,1,0.0070,0.0127,0.0018,0.0028,0.0031,0.0032,0.0000,0.0034
OAK,to,24,1,0.0126,0.0305,0.0078,0.0086,0.0105,0.0114,0.0000,0.0068
OAK,to,25,1,0.0137,0.0051,0.0219,0.0206,0.0198,0.0198,0.0225,0.0171
OAK,to,26,1,0.0020,0.0039,0.0010,0.0011,0.0013,0.0015,0.0000,0.0000
OAK,to,27,1,0.0014,0.0014,0.0006,0.0007,0.0008,0.0006,0.0000,0.0000
OAK,to,28,1,0.0456,0.0357,0.0397,0.0406,0.0394,0.0383,0.0449,0.0410
OAK,to,29,1,0.0293,0.0248,0.0229,0.0240,0.0232,0.0225,0.0225,0.0273
OAK,to,30,1,0.0063,0.0037,0.0070,0.0069,0.0067,0.0065,0.0000,0.0068
OAK,to,31,1,0.0104,0.0021,0.0168,0.0157,0.0152,0.0149,0.0000,0.0137
OAK,to,32,1,0.0029,0.0060,0.0001,0.0007,0.0009,0.0009,0.0000,0.0000
OAK,to,33,1,0.0136,0.0210,0.0011,0.0032,0.0037,0.0032,0.0000,0.0068
OAK,to,34,1,0.0258,0.0356,0.0028,0.0065,0.0069,0.0060,0.0000,0.0171
OAK,to,35,1,0.0320,0.0443,0.0029,0.0076,0.0081,0.0070,0.0000,0.0239
OAK,to,36,1,0.0084,0.0094,0.0089,0.0087,0.0089,0.0089,0.0000,0.0068
OAK,to,37,1,0.0063,0.0083,0.0010,0.0018,0.0020,0.0017,0.0000,0.0034
OAK,to,38,1,0.0327,0.0469,0.0039,0.0085,0.0092,0.0082,0.0000,0.0239
OAK,to,39,1,0.0407,0.0345,0.0346,0.0356,0.0347,0.0340,0.0449,0.0410
OAK,to,40,1,0.0329,0.0469,0.0039,0.0085,0.0092,0.0082,0.0000,0.0239
OAK,to,41,1,0.1303,0.0484,0.2066,0.1943,0.1871,0.1870,0.2247,0.1672
OAK,to,42,1,0.0106,0.0147,0.0010,0.0025,0.0028,0.0024,0.0000,0.0068
OAK,to,43,2,0.0315,0.0311,0.0269,0.0292,0.0284,0.0278,0.0000,0.0362
OAK,to,44,2,0.0516,0.0444,0.1222,0.0949,0.0924,0.0975,0.5000,0.0652
OAK,to,45,2,0.0339,0.0309,0.0566,0.0482,0.0466,0.0480,0.0000,0.0435
OAK,to,46,2,0.0402,0.0428,0.0265,0.0316,0.0324,0.0320,0.0000,0.0435
OAK,to,47,2,0.0179,0.0207,0.0094,0.0131,0.0139,0.0132,0.0000,0.0145
OAK,to,48,2,0.0233,0.0249,0.0085,0.0144,0.0149,0.0141,0.0000,0.0145
OAK,to,49,2,0.0322,0.0341,0.0120,0.0199,0.0199,0.0188,0.0000,0.0290
OAK,to,50,2,0.0397,0.0295,0.0944,0.0735,0.0700,0.0725,0.0000,0.0507
OAK,to,51,2,0.0215,0.0231,0.0078,0.0134,0.0139,0.0122,0.0000,0.0145
OAK,to,52,2,0.0153,0.0121,0.0311,0.0251,0.0239,0.0250,0.0000,0.0145
OAK,to,53,2,0.0027,0.0064,0.0035,0.0032,0.0047,0.0057,0.0000,0.0000
OAK,to,54,2,0.0255,0.0242,0.0256,0.0253,0.0249,0.0250,0.0000,0.0290
OAK,to,55,2,0.0126,0.0133,0.0044,0.0075,0.0085,0.0071,0.0000,0.0145
OAK,to,56,2,0.0011,0.0010,0.0000,0.0000,0.0002,0.0000,0.0000,0.0000
OAK,to,57,2,0.0186,0.0200,0.0065,0.0112,0.0117,0.0108,0.0000,0.0145
OAK,to,58,2,0.0176,0.0186,0.0062,0.0107,0.0110,0.0104,0.0000,0.0145
OAK,to,59,2,0.0288,0.0301,0.0134,0.0187,0.0194,0.0188,0.0000,0.0290
OAK,to,60,2,0.0166,0.0197,0.0058,0.0102,0.0110,0.0108,0.0000,0.0145
OAK,to,61,2,0.0065,0.0068,0.0021,0.0041,0.0037,0.0038,0.0000,0.0000
OAK,to,62,2,0.0298,0.0315,0.0110,0.0182,0.0187,0.0174,0.0000,0.0290
OAK,to,63,2,0.0204,0.0207,0.0138,0.0163,0.0167,0.0155,0.0000,0.0145
OAK,to,64,2,0.0268,0.0284,0.0131,0.0182,0.0184,0.0174,0.0000,0.0290
OAK,to,65,2,0.0253,0.0267,0.0094,0.0153,0.0154,0.0151,0.0000,0.0217
OAK,to,66,2,0.0195,0.0207,0.0069,0.0119,0.0122,0.0118,0.0000,0.0145
OAK,to,67,2,0.0205,0.0221,0.0074,0.0129,0.0129,0.0122,0.0000,0.0145
OAK,to,68,2,0.0123,0.0133,0.0044,0.0071,0.0085,0.0071,0.0000,0.0145
OAK,to,69,2,0.0303,0.0336,0.0131,0.0202,0.0212,0.0207,0.0000,0.0290
OAK,to,70,2,0.0319,0.0335,0.0149,0.0212,0.0224,0.0207,0.0000,0.0290
OAK,to,71,2,0.0328,0.0354,0.0209,0.0253,0.0264,0.0259,0.0000,0.0362
OAK,to,72,2,0.0117,0.0124,0.0044,0.0071,0.0075,0.0066,0.0000,0.0145
OAK,to,73,2,0.0175,0.0174,0.0131,0.0146,0.0144,0.0146,0.0000,0.0145
OAK,to,74,2,0.0158,0.0146,0.0423,0.0321,0.0316,0.0339,0.0000,0.0145
OAK,to,75,2,0.0319,0.0195,0.1231,0.0881,0.0834,0.0886,0.5000,0.0507
OAK,to,76,2,0.0060,0.0049,0.0104,0.0085,0.0087,0.0094,0.0000,0.0000
OAK,to,77,2,0.0041,0.0043,0.0014,0.0024,0.0027,0.0024,0.0000,0.0000
OAK,to,78,2,0.0017,0.0016,0.0005,0.0005,0.0007,0.0009,0.0000,0.0000
OAK,to,79,2,0.0065,0.0043,0.0304,0.0212,0.0199,0.0217,0.0000,0.0145
OAK,to,80,2,0.0062,0.0064,0.0019,0.0036,0.0037,0.0033,0.0000,0.0000
OAK,to,81,2,0.0283,0.0241,0.0704,0.0542,0.0525,0.0551,0.0000,0.0362
OAK,to,82,2,0.0135,0.0133,0.0110,0.0122,0.0122,0.0122,0.0000,0.0145
OAK,to,83,2,0.0227,0.0241,0.0085,0.0141,0.0142,0.0132,0.0000,0.0145
OAK,to,84,2,0.0254,0.0232,0.0320,0.0294,0.0286,0.0287,0.0000,0.0290
OAK,to,85,2,0.0135,0.0143,0.0050,0.0078,0.0087,0.0080,0.0000,0.0145
OAK,to,86,2,0.0239,0.0262,0.0179,0.0204,0.0212,0.0207,0.0000,0.0217
OAK,to,87,2,0.0173,0.0185,0.0062,0.0105,0.0107,0.0104,0.0000,0.0145
OAK,to,88,2,0.0270,0.0276,0.0290,0.0280,0.0284,0.0283,0.0000,0.0290
OAK,to,89,2,0.0409,0.0436,0.0149,0.0246,0.0264,0.0245,0.0000,0.0435
OAK,to,90,3,0.0277,0.0356,0.0726,0.0544,0.0562,0.0600,0.0000,0.0357
OAK,to,91,3,0.0258,0.0249,0.0186,0.0220,0.0209,0.0206,0.0000,0.0357
OAK,to,92,3,0.0178,0.0169,0.0122,0.0141,0.0148,0.0141,0.0000,0.0357
OAK,to,93,3,0.0325,0.0312,0.0232,0.0282,0.0266,0.0244,0.0000,0.0357
OAK,to,94,3,0.0122,0.0119,0.0084,0.0099,0.0102,0.0103,0.0000,0.0000
OAK,to,95,3,0.0163,0.0154,0.0118,0.0136,0.0128,0.0131,0.0000,0.0179
OAK,to,96,3,0.0132,0.0130,0.0106,0.0110,0.0102,0.0103,0.0000,0.0000
OAK,to,97,3,0.0160,0.0152,0.0114,0.0131,0.0128,0.0131,0.0000,0.0179
OAK,to,98,3,0.0196,0.0187,0.0139,0.0162,0.0174,0.0150,0.0000,0.0357
OAK,to,99,3,0.0147,0.0139,0.0106,0.0125,0.0112,0.0113,0.0000,0.0179
OAK,to,100,3,0.0111,0.0087,0.0291,0.0220,0.0199,0.0197,0.0000,0.0179
OAK,to,101,3,0.0035,0.0063,0.0013,0.0021,0.0036,0.0038,0.0000,0.0000
OAK,to,102,3,0.0146,0.0139,0.0106,0.0120,0.0112,0.0113,0.0000,0.0179
OAK,to,103,3,0.0253,0.0302,0.0160,0.0220,0.0230,0.0244,0.0000,0.0357
OAK,to,104,3,0.0127,0.0109,0.0203,0.0167,0.0174,0.0159,0.0000,0.0179
OAK,to,105,3,0.0072,0.0067,0.0046,0.0058,0.0061,0.0066,0.0000,0.0000
OAK,to,106,3,0.0066,0.0143,0.0106,0.0099,0.0128,0.0150,0.0000,0.0000
OAK,to,107,3,0.0085,0.0050,0.0397,0.0261,0.0230,0.0244,0.0000,0.0000
OAK,to,108,3,0.0038,0.0083,0.0131,0.0089,0.0102,0.0131,0.0000,0.0000
OAK,to,109,3,0.0082,0.0182,0.0144,0.0131,0.0179,0.0197,0.0000,0.0000
OAK,to,110,3,0.0003,0.0000,0.0000,0.0000,0.0000,0.0000,0.0000,0.0000
OAK,to,111,3,0.0101,0.0145,0.0160,0.0141,0.0174,0.0178,0.0000,0.0000
OAK,to,112,3,0.0124,0.0109,0.0198,0.0162,0.0158,0.0141,0.0000,0.0000
OAK,to,113,3,0.0302,0.0347,0.0203,0.0246,0.0276,0.0281,0.0000,0.0357
OAK,to,114,3,0.0167,0.0159,0.0122,0.0141,0.0128,0.0131,0.0000,0.0179
OAK,to,115,3,0.0083,0.0076,0.0051,0.0068,0.0066,0.0066,0.0000,0.0000
OAK,to,116,3,0.0178,0.0187,0.0228,0.0220,0.0209,0.0206,0.0000,0.0357
OAK,to,117,3,0.0096,0.0091,0.0059,0.0078,0.0077,0.0075,0.0000,0.0000
OAK,to,118,3,0.0118,0.0113,0.0084,0.0099,0.0097,0.0103,0.0000,0.0000
OAK,to,119,3,0.0065,0.0063,0.0038,0.0058,0.0061,0.0047,0.0000,0.0000
OAK,to,120,3,0.0171,0.0161,0.0122,0.0141,0.0133,0.0131,0.0000,0.0179
OAK,to,121,3,0.0149,0.0141,0.0106,0.0125,0.0112,0.0113,0.0000,0.0179
OAK,to,122,3,0.0214,0.0204,0.0148,0.0183,0.0184,0.0169,0.0000,0.0357
OAK,to,123,3,0.0162,0.0154,0.0114,0.0131,0.0128,0.0131,0.0000,0.0179
OAK,to,124,3,0.0078,0.0072,0.0046,0.0058,0.0061,0.0066,0.0000,0.0000
OAK,to,125,3,0.0107,0.0100,0.0076,0.0089,0.0087,0.0084,0.0000,0.0000
OAK,to,126,3,0.0090,0.0087,0.0055,0.0068,0.0072,0.0066,0.0000,0.0000
OAK,to,127,3,0.0189,0.0180,0.0139,0.0152,0.0158,0.0141,0.0000,0.0357
OAK,to,128,3,0.0225,0.0213,0.0156,0.0183,0.0184,0.0188,0.0000,0.0357
OAK,to,129,3,0.0206,0.0197,0.0144,0.0167,0.0179,0.0159,0.0000,0.0357
OAK,to,130,3,0.0203,0.0224,0.0139,0.0162,0.0184,0.0188,0.0000,0.0357
OAK,to,131,3,0.0315,0.0302,0.0228,0.0267,0.0260,0.0244,0.0000,0.0357
OAK,to,132,3,0.0182,0.0169,0.0131,0.0152,0.0148,0.0141,0.0000,0.0357
OAK,to,133,3,0.0237,0.0215,0.0291,0.0267,0.0250,0.0244,0.0000,0.0357
OAK,to,134,3,0.0211,0.0200,0.0144,0.0167,0.0179,0.0169,0.0000,0.0357
OAK,to,135,3,0.0152,0.0145,0.0106,0.0131,0.0117,0.0113,0.0000,0.0179
OAK,to,136,3,0.0107,0.0100,0.0076,0.0089,0.0082,0.0084,0.0000,0.0000
OAK,to,137,3,0.0188,0.0178,0.0139,0.0152,0.0158,0.0141,0.0000,0.0357
OAK,to,138,3,0.0160,0.0152,0.0114,0.0131,0.0128,0.0131,0.0000,0.0179
OAK,to,139,3,0.0107,0.0100,0.0076,0.0089,0.0082,0.0084,0.0000,0.0000
OAK,to,140,3,0.0102,0.0087,0.0186,0.0152,0.0138,0.0141,0.0000,0.0000
OAK,to,141,3,0.0007,0.0006,0.0000,0.0000,0.0000,0.0000,0.0000,0.0000
OAK,to,142,3,0.0057,0.0076,0.0262,0.0173,0.0184,0.0188,0.0000,0.0000
OAK,to,143,3,0.0003,0.0000,0.0000,0.0000,0.0000,0.0000,0.0000,0.0000
OAK,to,144,3,0.0011,0.0006,0.0000,0.0000,0.0000,0.0000,0.0000,0.0000
OAK,to,145,3,0.0015,0.0011,0.0000,0.0000,0.0000,0.0000,0.0000,0.0000
OAK,to,146,3,0.0013,0.0004,0.0106,0.0058,0.0061,0.0066,0.0000,0.0000
OAK,to,147,3,0.0053,0.0108,0.0013,0.0042,0.0066,0.0075,0.0000,0.0000
OAK,to,148,3,0.0011,0.0006,0.0000,0.0000,0.0000,0.0000,0.0000,0.0000
OAK,to,149,3,0.0097,0.0091,0.0063,0.0078,0.0077,0.0075,0.0000,0.0000
OAK,to,150,3,0.0049,0.0046,0.0034,0.0042,0.0036,0.0038,0.0000,0.0000
OAK,to,151,3,0.0046,0.0041,0.0034,0.0037,0.0026,0.0038,0.0000,0.0000
OAK,to,152,3,0.0135,0.0132,0.0106,0.0110,0.0102,0.0103,0.0000,0.0000
OAK,to,153,3,0.0105,0.0100,0.0076,0.0089,0.0082,0.0084,0.0000,0.0000
OAK,to,154,3,0.0073,0.0067,0.0046,0.0058,0.0061,0.0066,0.0000,0.0000
OAK,to,155,3,0.0074,0.0067,0.0046,0.0058,0.0061,0.0066,0.0000,0.0000
OAK,to,156,3,0.0063,0.0063,0.0038,0.0052,0.0056,0.0047,0.0000,0.0000
OAK,to,157,3,0.0010,0.0006,0.0000,0.0000,0.0000,0.0000,0.0000,0.0000
OAK,to,158,3,0.0011,0.0007,0.0000,0.0000,0.0000,0.0000,0.0000,0.0000
OAK,to,159,3,0.0120,0.0117,0.0084,0.0099,0.0097,0.0103,0.0000,0.0000
OAK,to,160,3,0.0124,0.0119,0.0084,0.0099,0.0102,0.0103,0.0000,0.0000
OAK,to,161,3,0.0081,0.0076,0.0051,0.0063,0.0066,0.0066,0.0000,0.0000
OAK,to,162,3,0.0113,0.0109,0.0080,0.0094,0.0097,0.0094,0.0000,0.0000
OAK,to,163,3,0.0085,0.0076,0.0051,0.0068,0.0066,0.0066,0.0000,0.0000
OAK,to,164,3,0.0240,0.0232,0.0169,0.0209,0.0199,0.0188,0.0000,0.0357
OAK,to,165,3,0.0172,0.0167,0.0122,0.0141,0.0138,0.0131,0.0000,0.0179
OAK,to,166,3,0.0320,0.0265,0.1018,0.0706,0.0659,0.0675,0.0000,0.0714
OAK,to,167,3,0.0147,0.0139,0.0106,0.0125,0.0112,0.0113,0.0000,0.0179
OAK,to,168,4,0.0422,0.0389,0.0318,0.0395,0.0375,0.0354,0.0000,0.0444
OAK,to,169,4,0.0825,0.0770,0.0674,0.0781,0.0733,0.0708,0.0000,0.0889
OAK,to,170,4,0.0667,0.0596,0.1031,0.0790,0.0724,0.0726,0.0000,0.0889
OAK,to,171,4,0.0248,0.0229,0.0165,0.0235,0.0214,0.0212,0.0000,0.0222
OAK,to,172,4,0.0560,0.0520,0.0433,0.0527,0.0509,0.0460,0.0000,0.0444
OAK,to,173,4,0.0349,0.0323,0.0267,0.0320,0.0322,0.0283,0.0000,0.0444
OAK,to,174,4,0.0477,0.0449,0.0369,0.0433,0.0438,0.0407,0.0000,0.0444
OAK,to,175,4,0.0302,0.0281,0.0242,0.0273,0.0277,0.0248,0.0000,0.0444
OAK,to,176,4,0.0198,0.0187,0.0140,0.0179,0.0179,0.0177,0.0000,0.0000
OAK,to,177,4,0.0696,0.0699,0.0751,0.0706,0.0697,0.0726,0.0000,0.0889
OAK,to,178,4,0.0424,0.0397,0.0318,0.0395,0.0384,0.0354,0.0000,0.0444
OAK,to,179,4,0.0589,0.0549,0.0471,0.0555,0.0536,0.0496,0.0000,0.0444
OAK,to,180,4,0.0225,0.0187,0.0687,0.0395,0.0349,0.0354,0.0000,0.0222
OAK,to,181,4,0.0336,0.0310,0.0254,0.0301,0.0313,0.0265,0.0000,0.0444
OAK,to,182,4,0.0390,0.0426,0.0318,0.0357,0.0375,0.0389,0.0000,0.0444
OAK,to,183,4,0.0402,0.0373,0.0318,0.0395,0.0357,0.0354,0.0000,0.0444
OAK,to,184,4,0.0560,0.0520,0.0433,0.0527,0.0509,0.0460,0.0000,0.0444
OAK,to,185,4,0.0459,0.0428,0.0369,0.0433,0.0402,0.0389,0.0000,0.0444
OAK,to,186,4,0.0626,0.0583,0.0483,0.0564,0.0545,0.0549,0.0000,0.0667
OAK,to,187,4,0.0410,0.0452,0.0318,0.0386,0.0393,0.0407,0.0000,0.0444
OAK,to,188,4,0.0543,0.1051,0.1450,0.0790,0.1117,0.1434,0.0000,0.0444
OAK,to,189,4,0.0202,0.0192,0.0140,0.0179,0.0179,0.0177,0.0000,0.0000
OAK,to,190,4,0.0091,0.0089,0.0051,0.0085,0.0071,0.0071,0.0000,0.0000
OAK,to,191,5,0.0159,0.0203,0.0021,0.0090,0.0105,0.0107,0.0000,0.0000
OAK,to,192,5,0.0019,0.0010,0.0000,0.0000,0.0000,0.0000,0.0000,0.0000
OAK,to,193,5,0.0135,0.0140,0.0021,0.0090,0.0097,0.0061,0.0000,0.0000
OAK,to,194,5,0.0246,0.0262,0.0057,0.0156,0.0161,0.0138,0.0000,0.0000
OAK,to,195,5,0.0155,0.0164,0.0021,0.0090,0.0097,0.0092,0.0000,0.0000
OAK,to,196,5,0.0246,0.0262,0.0057,0.0156,0.0161,0.0138,0.0000,0.0000
OAK,to,197,5,0.0188,0.0203,0.0028,0.0115,0.0121,0.0107,0.0000,0.0000
OAK,to,198,5,0.0041,0.0042,0.0000,0.0016,0.0016,0.0000,0.0000,0.0000
OAK,to,199,5,0.0054,0.0059,0.0043,0.0041,0.0040,0.0061,0.0000,0.0000
OAK,to,200,5,0.0054,0.0042,0.0078,0.0074,0.0064,0.0061,0.0000,0.0000
OAK,to,201,5,0.0079,0.0077,0.0000,0.0033,0.0040,0.0046,0.0000,0.0000
OAK,to,202,5,0.0242,0.0259,0.0057,0.0156,0.0153,0.0138,0.0000,0.0000
OAK,to,203,5,0.0112,0.0119,0.0021,0.0066,0.0064,0.0061,0.0000,0.0000
OAK,to,204,5,0.0232,0.0248,0.0035,0.0139,0.0153,0.0138,0.0000,0.0000
OAK,to,205,5,0.0269,0.0280,0.0057,0.0156,0.0161,0.0153,0.0000,0.0000
OAK,to,206,5,0.0122,0.0126,0.0021,0.0074,0.0080,0.0061,0.0000,0.0000
OAK,to,207,5,0.0111,0.0119,0.0021,0.0066,0.0064,0.0061,0.0000,0.0000
OAK,to,208,5,0.0192,0.0126,0.0525,0.0360,0.0330,0.0337,0.0000,0.0000
OAK,to,209,5,0.0273,0.0276,0.0085,0.0188,0.0177,0.0168,0.0000,0.0000
OAK,to,210,5,0.0039,0.0038,0.0000,0.0008,0.0016,0.0000,0.0000,0.0000
OAK,to,211,5,0.0142,0.0157,0.0021,0.0090,0.0097,0.0077,0.0000,0.0000
OAK,to,212,5,0.0571,0.0356,0.2732,0.1630,0.1521,0.1669,0.0000,0.3750
OAK,to,213,5,0.0185,0.0203,0.0064,0.0139,0.0137,0.0138,0.0000,0.0000
OAK,to,214,5,0.0171,0.0164,0.0177,0.0156,0.0161,0.0168,0.0000,0.0000
OAK,to,215,5,0.0145,0.0143,0.0021,0.0090,0.0097,0.0077,0.0000,0.0000
OAK,to,216,5,0.0074,0.0091,0.0000,0.0033,0.0040,0.0046,0.0000,0.0000
OAK,to,217,5,0.0131,0.0157,0.0021,0.0082,0.0097,0.0092,0.0000,0.0000
OAK,to,218,5,0.0216,0.0224,0.0035,0.0139,0.0137,0.0107,0.0000,0.0000
OAK,to,219,5,0.0257,0.0269,0.0057,0.0156,0.0161,0.0138,0.0000,0.0000
OAK,to,220,5,0.0169,0.0178,0.0021,0.0098,0.0105,0.0107,0.0000,0.0000
OAK,to,221,5,0.0169,0.0175,0.0021,0.0098,0.0105,0.0107,0.0000,0.0000
OAK,to,222,5,0.0141,0.0178,0.0021,0.0082,0.0097,0.0107,0.0000,0.0000
OAK,to,223,5,0.0134,0.0140,0.0021,0.0090,0.0097,0.0061,0.0000,0.0000
OAK,to,224,5,0.0105,0.0112,0.0021,0.0066,0.0064,0.0061,0.0000,0.0000
OAK,to,225,5,0.0154,0.0126,0.0234,0.0197,0.0169,0.0184,0.0000,0.0000
OAK,to,226,5,0.0225,0.0227,0.0078,0.0156,0.0161,0.0153,0.0000,0.0000
OAK,to,227,5,0.0230,0.0248,0.0035,0.0139,0.0153,0.0138,0.0000,0.0000
OAK,to,228,5,0.0000,0.0000,0.0000,0.0000,0.0000,0.0000,0.0000,0.0000
OAK,to,229,5,0.0185,0.0192,0.0028,0.0106,0.0121,0.0107,0.0000,0.0000
OAK,to,230,5,0.0248,0.0269,0.0057,0.0156,0.0161,0.0153,0.0000,0.0000
OAK,to,231,5,0.0201,0.0210,0.0035,0.0123,0.0121,0.0107,0.0000,0.0000
OAK,to,232,5,0.0183,0.0189,0.0028,0.0106,0.0113,0.0107,0.0000,0.0000
OAK,to,233,5,0.0228,0.0245,0.0035,0.0139,0.0153,0.0123,0.0000,0.0000
OAK,to,234,5,0.0092,0.0045,0.0440,0.0262,0.0274,0.0276,0.0000,0.0000
OAK,to,235,5,0.0105,0.0115,0.0021,0.0066,0.0064,0.0061,0.0000,0.0000
OAK,to,236,5,0.0176,0.0178,0.0199,0.0188,0.0169,0.0184,0.0000,0.0000
OAK,to,237,5,0.0072,0.0066,0.0057,0.0057,0.0048,0.0061,0.0000,0.0000
OAK,to,238,5,0.0103,0.0091,0.0142,0.0123,0.0113,0.0107,0.0000,0.0000
OAK,to,239,5,0.0034,0.0000,0.0263,0.0139,0.0121,0.0138,0.0000,0.0000
OAK,to,240,5,0.0583,0.0730,0.1576,0.1040,0.1102,0.1271,0.0000,0.2500
OAK,to,241,5,0.0105,0.0119,0.0021,0.0066,0.0064,0.0061,0.0000,0.0000
OAK,to,242,5,0.0098,0.0098,0.0014,0.0057,0.0048,0.0061,0.0000,0.0000
OAK,to,243,5,0.0112,0.0119,0.0021,0.0066,0.0064,0.0061,0.0000,0.0000
OAK,to,244,5,0.0133,0.0143,0.0021,0.0082,0.0097,0.0077,0.0000,0.0000
OAK,to,245,5,0.0166,0.0171,0.0064,0.0115,0.0121,0.0107,0.0000,0.0000
OAK,to,246,5,0.0367,0.0384,0.0114,0.0238,0.0274,0.0230,0.0000,0.1250
OAK,to,247,5,0.0173,0.0171,0.0064,0.0131,0.0121,0.0107,0.0000,0.0000
OAK,to,248,5,0.0450,0.0262,0.2065,0.1229,0.1158,0.1240,0.0000,0.2500
OAK,to,249,6,0.0654,0.0412,0.2857,0.1790,0.1707,0.1803,0.0000,0.2500
OAK,to,250,6,0.0226,0.0246,0.0093,0.0164,0.0172,0.0180,0.0000,0.0000
OAK,to,251,6,0.0204,0.0246,0.0057,0.0129,0.0138,0.0148,0.0000,0.0000
OAK,to,252,6,0.0399,0.0396,0.0323,0.0361,0.0353,0.0344,0.0000,0.1250
OAK,to,253,6,0.0157,0.0158,0.0043,0.0095,0.0103,0.0115,0.0000,0.0000
OAK,to,254,6,0.0346,0.0365,0.0101,0.0215,0.0216,0.0197,0.0000,0.0625
OAK,to,255,6,0.0201,0.0208,0.0093,0.0146,0.0164,0.0148,0.0000,0.0000
OAK,to,256,6,0.0206,0.0246,0.0057,0.0129,0.0138,0.0148,0.0000,0.0000
OAK,to,257,6,0.0147,0.0173,0.0079,0.0112,0.0121,0.0115,0.0000,0.0000
OAK,to,258,6,0.0169,0.0235,0.0036,0.0095,0.0129,0.0131,0.0000,0.0000
OAK,to,259,6,0.0149,0.0154,0.0036,0.0095,0.0103,0.0082,0.0000,0.0000
OAK,to,260,6,0.0107,0.0108,0.0022,0.0069,0.0060,0.0066,0.0000,0.0000
OAK,to,261,6,0.0163,0.0131,0.0352,0.0250,0.0250,0.0246,0.0000,0.0000
OAK,to,262,6,0.0124,0.0131,0.0029,0.0077,0.0086,0.0066,0.0000,0.0000
OAK,to,263,6,0.0094,0.0100,0.0022,0.0043,0.0043,0.0066,0.0000,0.0000
OAK,to,264,6,0.0273,0.0131,0.1199,0.0749,0.0672,0.0721,0.0000,0.1250
OAK,to,265,6,0.0185,0.0138,0.0409,0.0301,0.0302,0.0295,0.0000,0.0000
OAK,to,266,6,0.0484,0.0350,0.1393,0.0964,0.0914,0.0934,0.0000,0.1250
OAK,to,267,6,0.0164,0.0173,0.0057,0.0095,0.0112,0.0115,0.0000,0.0000
OAK,to,268,6,0.0156,0.0158,0.0086,0.0120,0.0121,0.0115,0.0000,0.0000
OAK,to,269,6,0.0155,0.0158,0.0036,0.0095,0.0103,0.0082,0.0000,0.0000
OAK,to,270,6,0.0117,0.0131,0.0022,0.0069,0.0069,0.0066,0.0000,0.0000
OAK,to,271,6,0.0213,0.0212,0.0136,0.0164,0.0172,0.0180,0.0000,0.0000
OAK,to,272,6,0.0139,0.0138,0.0036,0.0095,0.0103,0.0082,0.0000,0.0000
OAK,to,273,6,0.0220,0.0231,0.0065,0.0146,0.0138,0.0131,0.0000,0.0000
OAK,to,274,6,0.0156,0.0158,0.0036,0.0095,0.0103,0.0098,0.0000,0.0000
OAK,to,275,6,0.0178,0.0158,0.0359,0.0267,0.0267,0.0262,0.0000,0.0000
OAK,to,276,6,0.0120,0.0131,0.0022,0.0077,0.0069,0.0066,0.0000,0.0000
OAK,to,277,6,0.0178,0.0212,0.0057,0.0103,0.0121,0.0115,0.0000,0.0000
OAK,to,278,6,0.0139,0.0119,0.0237,0.0198,0.0172,0.0180,0.0000,0.0000
OAK,to,279,6,0.0154,0.0158,0.0208,0.0181,0.0172,0.0197,0.0000,0.0000
OAK,to,280,6,0.0128,0.0138,0.0029,0.0077,0.0095,0.0066,0.0000,0.0000
OAK,to,281,6,0.0156,0.0188,0.0036,0.0095,0.0112,0.0115,0.0000,0.0000
OAK,to,282,6,0.0140,0.0188,0.0022,0.0086,0.0103,0.0115,0.0000,0.0000
OAK,to,283,6,0.0163,0.0173,0.0057,0.0095,0.0112,0.0115,0.0000,0.0000
OAK,to,284,6,0.0073,0.0077,0.0022,0.0034,0.0034,0.0049,0.0000,0.0000
OAK,to,285,6,0.0132,0.0138,0.0029,0.0086,0.0103,0.0066,0.0000,0.0000
OAK,to,286,6,0.0324,0.0335,0.0144,0.0232,0.0224,0.0230,0.0000,0.0625
OAK,to,287,6,0.0147,0.0173,0.0115,0.0129,0.0138,0.0148,0.0000,0.0000
OAK,to,288,6,0.0297,0.0315,0.0086,0.0198,0.0181,0.0180,0.0000,0.0000
OAK,to,289,6,0.0288,0.0304,0.0079,0.0181,0.0172,0.0180,0.0000,0.0000
OAK,to,290,6,0.0156,0.0158,0.0036,0.0095,0.0103,0.0098,0.0000,0.0000
OAK,to,291,6,0.0192,0.0227,0.0057,0.0112,0.0129,0.0131,0.0000,0.0000
OAK,to,292,6,0.0124,0.0131,0.0029,0.0077,0.0086,0.0066,0.0000,0.0000
OAK,to,293,6,0.0304,0.0319,0.0086,0.0198,0.0190,0.0180,0.0000,0.0625
OAK,to,294,6,0.0304,0.0315,0.0144,0.0215,0.0216,0.0197,0.0000,0.0625
OAK,to,295,6,0.0209,0.0223,0.0065,0.0138,0.0129,0.0115,0.0000,0.0000
OAK,to,296,6,0.0488,0.0535,0.0409,0.0465,0.0474,0.0459,0.0000,0.1250
OAK,to,297,7,0.0241,0.0211,0.0146,0.0160,0.0160,0.0222,0.0000,0.0000
OAK,to,298,7,0.0465,0.0584,0.0165,0.0288,0.0351,0.0278,0.0000,0.0000
OAK,to,299,7,0.0248,0.0227,0.0146,0.0160,0.0160,0.0222,0.0000,0.0000
OAK,to,300,7,0.0183,0.0195,0.0055,0.0064,0.0096,0.0111,0.0000,0.0000
OAK,to,301,7,0.0323,0.0357,0.0146,0.0160,0.0160,0.0222,0.0000,0.0000
OAK,to,302,7,0.0253,0.0244,0.0073,0.0096,0.0128,0.0167,0.0000,0.0000
OAK,to,303,7,0.0227,0.0211,0.0055,0.0064,0.0096,0.0111,0.0000,0.0000
OAK,to,304,7,0.0301,0.0341,0.0091,0.0160,0.0160,0.0167,0.0000,0.0000
OAK,to,305,7,0.0080,0.0049,0.0000,0.0000,0.0000,0.0000,0.0000,0.0000
OAK,to,306,7,0.0164,0.0179,0.0055,0.0064,0.0064,0.0056,0.0000,0.0000
OAK,to,307,7,0.0260,0.0276,0.0073,0.0128,0.0128,0.0167,0.0000,0.0000
OAK,to,308,7,0.0162,0.0162,0.0146,0.0096,0.0096,0.0111,0.0000,0.0000
OAK,to,309,7,0.0323,0.0308,0.0457,0.0481,0.0447,0.0389,0.0000,0.0000
OAK,to,310,7,0.0166,0.0146,0.0567,0.0545,0.0479,0.0500,0.0000,0.0000
OAK,to,311,7,0.0538,0.0341,0.2285,0.2019,0.1917,0.1833,0.0000,0.0000
OAK,to,312,7,0.0400,0.0422,0.0366,0.0417,0.0415,0.0389,0.0000,0.0000
OAK,to,313,7,0.0106,0.0049,0.0366,0.0353,0.0319,0.0278,0.0000,0.0000
OAK,to,314,7,0.0111,0.0065,0.0165,0.0128,0.0128,0.0167,0.0000,0.0000
OAK,to,315,7,0.0039,0.0049,0.0055,0.0032,0.0064,0.0111,0.0000,0.0000
OAK,to,316,7,0.0060,0.0049,0.0000,0.0000,0.0000,0.0000,0.0000,0.0000
OAK,to,317,7,0.0190,0.0195,0.0146,0.0128,0.0160,0.0167,0.0000,0.0000
OAK,to,318,7,0.0142,0.0162,0.0055,0.0064,0.0064,0.0000,0.0000,0.0000
OAK,to,319,7,0.0152,0.0162,0.0055,0.0064,0.0064,0.0000,0.0000,0.0000
OAK,to,320,7,0.0215,0.0211,0.0146,0.0160,0.0160,0.0222,0.0000,0.0000
OAK,to,321,7,0.0128,0.0146,0.0037,0.0032,0.0032,0.0000,0.0000,0.0000
OAK,to,322,7,0.0227,0.0211,0.0055,0.0064,0.0096,0.0111,0.0000,0.0000
OAK,to,323,7,0.0152,0.0195,0.0055,0.0064,0.0064,0.0056,0.0000,0.0000
OAK,to,324,7,0.0060,0.0049,0.0000,0.0000,0.0000,0.0000,0.0000,0.0000
OAK,to,325,7,0.0190,0.0195,0.0146,0.0128,0.0128,0.0167,0.0000,0.0000
OAK,to,326,7,0.0036,0.0000,0.0165,0.0096,0.0096,0.0111,0.0000,0.0000
OAK,to,327,7,0.0123,0.0097,0.0146,0.0064,0.0096,0.0111,0.0000,0.0000
OAK,to,328,7,0.0152,0.0162,0.0055,0.0064,0.0064,0.0000,0.0000,0.0000
OAK,to,329,7,0.0060,0.0049,0.0000,0.0000,0.0000,0.0000,0.0000,0.0000
OAK,to,330,7,0.0166,0.0195,0.0055,0.0064,0.0096,0.0056,0.0000,0.0000
OAK,to,331,7,0.0268,0.0325,0.0530,0.0545,0.0479,0.0500,0.0000,0.0000
OAK,to,332,7,0.0101,0.0081,0.0000,0.0000,0.0000,0.0000,0.0000,0.0000
OAK,to,333,7,0.0289,0.0292,0.0366,0.0353,0.0383,0.0389,0.0000,0.0000
OAK,to,334,7,0.0166,0.0195,0.0055,0.0064,0.0096,0.0056,0.0000,0.0000
OAK,to,335,7,0.0166,0.0146,0.0347,0.0353,0.0319,0.0278,0.0000,0.0000
OAK,to,336,7,0.0186,0.0195,0.0055,0.0064,0.0096,0.0111,0.0000,0.0000
OAK,to,337,7,0.0154,0.0130,0.0347,0.0321,0.0256,0.0278,0.0000,0.0000
OAK,to,338,7,0.0113,0.0097,0.0037,0.0000,0.0000,0.0000,0.0000,0.0000
OAK,to,339,7,0.0193,0.0195,0.0146,0.0128,0.0128,0.0167,0.0000,0.0000
OAK,to,340,7,0.0253,0.0244,0.0238,0.0288,0.0256,0.0278,0.0000,0.0000
OAK,to,341,7,0.0272,0.0341,0.0530,0.0545,0.0479,0.0500,0.0000,0.0000
OAK,to,342,7,0.0371,0.0422,0.0384,0.0417,0.0415,0.0389,0.0000,0.0000
OAK,to,343,7,0.0140,0.0162,0.0055,0.0032,0.0064,0.0000,0.0000,0.0000
OAK,to,344,7,0.0200,0.0211,0.0055,0.0064,0.0096,0.0111,0.0000,0.0000
OAK,to,345,7,0.0253,0.0244,0.0073,0.0096,0.0128,0.0167,0.0000,0.0000
OAK,to,346,7,0.0229,0.0227,0.0256,0.0321,0.0319,0.0278,0.0000,0.0000
OAK,to,347,8,0.0555,0.0601,0.0195,0.0000,0.0294,0.0471,0.0000,0.0702
OAK,to,348,8,0.0030,0.0000,0.0135,0.0000,0.0000,0.0000,0.0000,0.0000
OAK,to,349,8,0.0190,0.0169,0.0498,0.0000,0.0471,0.0471,0.0000,0.0351
OAK,to,350,8,0.0146,0.0169,0.0037,0.0000,0.0000,0.0000,0.0000,0.0000
OAK,to,351,8,0.0344,0.0301,0.0507,0.0000,0.0647,0.0588,0.0000,0.0351
OAK,to,352,8,0.0040,0.0000,0.0205,0.0000,0.0118,0.0000,0.0000,0.0000
OAK,to,353,8,0.0030,0.0061,0.0000,0.0000,0.0000,0.0000,0.0000,0.0000
OAK,to,354,8,0.0099,0.0160,0.0205,0.0000,0.0176,0.0235,0.0000,0.0000
OAK,to,355,8,0.0676,0.0366,0.2559,0.0000,0.2529,0.2588,0.0000,0.1228
OAK,to,356,8,0.0481,0.0517,0.0563,0.0000,0.0706,0.0824,0.0000,0.0526
OAK,to,357,8,0.0346,0.0390,0.0154,0.0000,0.0235,0.0235,0.0000,0.0351
OAK,to,358,8,0.0328,0.0352,0.0088,0.0000,0.0176,0.0118,0.0000,0.0351
OAK,to,359,8,0.0279,0.0301,0.0065,0.0000,0.0118,0.0000,0.0000,0.0351
OAK,to,360,8,0.0270,0.0291,0.0065,0.0000,0.0118,0.0000,0.0000,0.0351
OAK,to,361,8,0.0299,0.0329,0.0084,0.0000,0.0176,0.0000,0.0000,0.0351
OAK,to,362,8,0.0270,0.0287,0.0177,0.0000,0.0176,0.0235,0.0000,0.0351
OAK,to,363,8,0.0133,0.0146,0.0037,0.0000,0.0000,0.0000,0.0000,0.0000
OAK,to,364,8,0.0122,0.0103,0.0126,0.0000,0.0059,0.0000,0.0000,0.0000
OAK,to,365,8,0.0098,0.0052,0.0265,0.0000,0.0176,0.0235,0.0000,0.0000
OAK,to,366,8,0.0374,0.0371,0.0838,0.0000,0.0882,0.0941,0.0000,0.0351
OAK,to,367,8,0.0306,0.0310,0.0144,0.0000,0.0176,0.0235,0.0000,0.0351
OAK,to,368,8,0.0330,0.0305,0.0275,0.0000,0.0294,0.0353,0.0000,0.0351
OAK,to,369,8,0.0408,0.0333,0.0610,0.0000,0.0706,0.0824,0.0000,0.0526
OAK,to,370,8,0.0232,0.0254,0.0056,0.0000,0.0059,0.0000,0.0000,0.0351
OAK,to,371,8,0.0181,0.0193,0.0042,0.0000,0.0000,0.0000,0.0000,0.0175
OAK,to,372,8,0.0179,0.0169,0.0093,0.0000,0.0059,0.0000,0.0000,0.0175
OAK,to,373,8,0.0125,0.0160,0.0023,0.0000,0.0000,0.0000,0.0000,0.0000
OAK,to,374,8,0.0105,0.0094,0.0093,0.0000,0.0000,0.0000,0.0000,0.0000
OAK,to,375,8,0.0077,0.0099,0.0014,0.0000,0.0000,0.0000,0.0000,0.0000
OAK,to,376,8,0.0163,0.0169,0.0042,0.0000,0.0000,0.0000,0.0000,0.0000
OAK,to,377,8,0.0215,0.0272,0.0195,0.0000,0.0176,0.0235,0.0000,0.0175
OAK,to,378,8,0.0166,0.0164,0.0223,0.0000,0.0176,0.0235,0.0000,0.0175
OAK,to,379,8,0.0156,0.0136,0.0172,0.0000,0.0176,0.0118,0.0000,0.0000
OAK,to,380,8,0.0087,0.0117,0.0116,0.0000,0.0059,0.0000,0.0000,0.0000
OAK,to,381,8,0.0287,0.0272,0.0358,0.0000,0.0353,0.0471,0.0000,0.0351
OAK,to,382,8,0.0120,0.0117,0.0084,0.0000,0.0000,0.0000,0.0000,0.0000
OAK,to,383,8,0.0108,0.0117,0.0023,0.0000,0.0000,0.0000,0.0000,0.0000
OAK,to,384,8,0.0275,0.0301,0.0065,0.0000,0.0118,0.0000,0.0000,0.0351
OAK,to,385,8,0.0177,0.0188,0.0042,0.0000,0.0000,0.0000,0.0000,0.0000
OAK,to,386,8,0.0190,0.0193,0.0042,0.0000,0.0000,0.0000,0.0000,0.0175
OAK,to,387,8,0.0225,0.0240,0.0051,0.0000,0.0059,0.0000,0.0000,0.0351
OAK,to,388,8,0.0352,0.0371,0.0093,0.0000,0.0176,0.0118,0.0000,0.0351
OAK,to,389,8,0.0272,0.0333,0.0116,0.0000,0.0176,0.0235,0.0000,0.0351
OAK,to,390,8,0.0156,0.0127,0.0223,0.0000,0.0176,0.0235,0.0000,0.0175
OAK,to,391,9,0.0209,0.0185,0.0095,0.0000,0.0208,0.0000,0.0000,0.0385
OAK,to,392,9,0.0143,0.0142,0.0071,0.0000,0.0000,0.0000,0.0000,0.0000
OAK,to,393,9,0.0135,0.0134,0.0063,0.0000,0.0000,0.0000,0.0000,0.0000
OAK,to,394,9,0.0145,0.0134,0.0095,0.0000,0.0000,0.0000,0.0000,0.0000
OAK,to,395,9,0.0194,0.0193,0.0087,0.0000,0.0104,0.0000,0.0000,0.0000
OAK,to,396,9,0.0003,0.0000,0.0024,0.0000,0.0000,0.0000,0.0000,0.0000
OAK,to,397,9,0.0083,0.0090,0.0063,0.0000,0.0000,0.0000,0.0000,0.0000
OAK,to,398,9,0.0084,0.0075,0.0000,0.0000,0.0000,0.0000,0.0000,0.0000
OAK,to,399,9,0.0050,0.0087,0.0024,0.0000,0.0000,0.0000,0.0000,0.0000
OAK,to,400,9,0.0125,0.0142,0.0040,0.0000,0.0000,0.0000,0.0000,0.0000
OAK,to,401,9,0.0237,0.0358,0.0349,0.0000,0.0521,0.0870,0.0000,0.0000
OAK,to,402,9,0.0094,0.0134,0.0143,0.0000,0.0000,0.0000,0.0000,0.0000
OAK,to,403,9,0.0158,0.0193,0.0420,0.0000,0.0417,0.0652,0.0000,0.0000
OAK,to,404,9,0.0155,0.0185,0.0341,0.0000,0.0312,0.0435,0.0000,0.0000
OAK,to,405,9,0.0023,0.0000,0.0158,0.0000,0.0000,0.0000,0.0000,0.0000
OAK,to,406,9,0.0053,0.0047,0.0198,0.0000,0.0000,0.0000,0.0000,0.0000
OAK,to,407,9,0.0035,0.0047,0.0071,0.0000,0.0000,0.0000,0.0000,0.0000
OAK,to,408,9,0.0125,0.0228,0.0071,0.0000,0.0104,0.0000,0.0000,0.0000
OAK,to,409,9,0.0070,0.0122,0.0063,0.0000,0.0000,0.0000,0.0000,0.0000
OAK,to,410,9,0.0279,0.0307,0.0143,0.0000,0.0312,0.0435,0.0000,0.0385
OAK,to,411,9,0.0000,0.0000,0.0000,0.0000,0.0000,0.0000,0.0000,0.0000
OAK,to,412,9,0.0291,0.0252,0.0261,0.0000,0.0312,0.0435,0.0000,0.0769
OAK,to,413,9,0.0056,0.0047,0.0024,0.0000,0.0000,0.0000,0.0000,0.0000
OAK,to,414,9,0.0171,0.0142,0.0103,0.0000,0.0104,0.0000,0.0000,0.0000
OAK,to,415,9,0.0486,0.0562,0.1109,0.0000,0.1562,0.1739,0.0000,0.0769
OAK,to,416,9,0.0323,0.0256,0.0563,0.0000,0.0625,0.0870,0.0000,0.0769
OAK,to,417,9,0.0009,0.0016,0.0000,0.0000,0.0000,0.0000,0.0000,0.0000
OAK,to,418,9,0.0037,0.0035,0.0000,0.0000,0.0000,0.0000,0.0000,0.0000
OAK,to,419,9,0.0120,0.0098,0.0095,0.0000,0.0000,0.0000,0.0000,0.0000
OAK,to,420,9,0.0119,0.0122,0.0024,0.0000,0.0000,0.0000,0.0000,0.0000
OAK,to,421,9,0.0100,0.0087,0.0111,0.0000,0.0000,0.0000,0.0000,0.0000
OAK,to,422,9,0.0068,0.0051,0.0024,0.0000,0.0000,0.0000,0.0000,0.0000
OAK,to,423,9,0.0116,0.0106,0.0024,0.0000,0.0000,0.0000,0.0000,0.0000
OAK,to,424,9,0.0123,0.0110,0.0024,0.0000,0.0000,0.0000,0.0000,0.0000
OAK,to,425,9,0.0100,0.0083,0.0063,0.0000,0.0000,0.0000,0.0000,0.0000
OAK,to,426,9,0.0152,0.0145,0.0095,0.0000,0.0000,0.0000,0.0000,0.0000
OAK,to,427,9,0.0037,0.0031,0.0103,0.0000,0.0000,0.0000,0.0000,0.0000
OAK,to,428,9,0.0064,0.0047,0.0158,0.0000,0.0000,0.0000,0.0000,0.0000
OAK,to,429,9,0.0116,0.0134,0.0341,0.0000,0.0312,0.0435,0.0000,0.0000
OAK,to,430,9,0.0023,0.0047,0.0000,0.0000,0.0000,0.0000,0.0000,0.0000
OAK,to,431,9,0.0019,0.0016,0.0024,0.0000,0.0000,0.0000,0.0000,0.0000
OAK,to,432,9,0.0039,0.0047,0.0095,0.0000,0.0000,0.0000,0.0000,0.0000
OAK,to,433,9,0.0072,0.0106,0.0048,0.0000,0.0000,0.0000,0.0000,0.0000
OAK,to,434,9,0.0039,0.0067,0.0024,0.0000,0.0000,0.0000,0.0000,0.0000
OAK,to,435,9,0.0636,0.0503,0.2504,0.0000,0.2708,0.3043,0.0000,0.1538
OAK,to,436,9,0.0064,0.0051,0.0024,0.0000,0.0000,0.0000,0.0000,0.0000
OAK,to,437,9,0.0164,0.0177,0.0024,0.0000,0.0000,0.0000,0.0000,0.0000
OAK,to,438,9,0.0104,0.0090,0.0032,0.0000,0.0000,0.0000,0.0000,0.0000
OAK,to,439,9,0.0061,0.0051,0.0000,0.0000,0.0000,0.0000,0.0000,0.0000
OAK,to,440,9,0.0141,0.0134,0.0024,0.0000,0.0000,0.0000,0.0000,0.0000
OAK,to,441,9,0.0194,0.0185,0.0087,0.0000,0.0104,0.0000,0.0000,0.0000
OAK,to,442,9,0.0124,0.0142,0.0016,0.0000,0.0000,0.0000,0.0000,0.0000
OAK,to,443,9,0.0072,0.0059,0.0000,0.0000,0.0000,0.0000,0.0000,0.0000
OAK,to,444,9,0.0226,0.0224,0.0151,0.0000,0.0312,0.0000,0.0000,0.0385
OAK,to,445,9,0.0227,0.0220,0.0063,0.0000,0.0104,0.0000,0.0000,0.0385
OAK,to,446,9,0.0247,0.0252,0.0071,0.0000,0.0208,0.0000,0.0000,0.0385
OAK,to,447,9,0.0176,0.0145,0.0095,0.0000,0.0104,0.0000,0.0000,0.0000
OAK,to,448,9,0.0224,0.0212,0.0293,0.0000,0.0312,0.0435,0.0000,0.0385
OAK,to,449,9,0.0206,0.0201,0.0032,0.0000,0.0000,0.0000,0.0000,0.0385
OAK,to,450,9,0.0099,0.0106,0.0063,0.0000,0.0000,0.0000,0.0000,0.0000
OAK,to,451,9,0.0243,0.0232,0.0071,0.0000,0.0208,0.0000,0.0000,0.0385
OAK,to,452,9,0.0121,0.0106,0.0024,0.0000,0.0000,0.0000,0.0000,0.0000
OAK,to,453,9,0.0257,0.0232,0.0071,0.0000,0.0208,0.0000,0.0000,0.0769
OAK,to,454,9,0.0209,0.0193,0.0063,0.0000,0.0000,0.0000,0.0000,0.0385
OAK,to,455,9,0.0150,0.0142,0.0040,0.0000,0.0000,0.0000,0.0000,0.0000
OAK,to,456,9,0.0281,0.0275,0.0261,0.0000,0.0417,0.0435,0.0000,0.0769
OAK,to,457,9,0.0218,0.0193,0.0063,0.0000,0.0104,0.0000,0.0000,0.0385
OAK,to,458,9,0.0152,0.0145,0.0024,0.0000,0.0000,0.0000,0.0000,0.0000
OAK,to,459,9,0.0323,0.0322,0.0071,0.0000,0.0312,0.0217,0.0000,0.0769
OAK,to,460,10,0.0421,0.0161,0.2022,0.0000,0.6316,0.6250,0.0000,1.0000
OAK,to,461,10,0.0149,0.0141,0.0125,0.0000,0.0000,0.0000,0.0000,0.0000
OAK,to,462,10,0.0166,0.0241,0.0249,0.0000,0.0000,0.0000,0.0000,0.0000
OAK,to,463,10,0.0103,0.0080,0.0042,0.0000,0.0000,0.0000,0.0000,0.0000
OAK,to,464,10,0.0120,0.0161,0.0042,0.0000,0.0000,0.0000,0.0000,0.0000
OAK,to,465,10,0.0138,0.0121,0.0111,0.0000,0.0000,0.0000,0.0000,0.0000
OAK,to,466,10,0.0070,0.0060,0.0000,0.0000,0.0000,0.0000,0.0000,0.0000
OAK,to,467,10,0.0061,0.0000,0.0125,0.0000,0.0000,0.0000,0.0000,0.0000
OAK,to,468,10,0.0077,0.0060,0.0028,0.0000,0.0000,0.0000,0.0000,0.0000
OAK,to,469,10,0.0048,0.0000,0.0180,0.0000,0.0000,0.0000,0.0000,0.0000
OAK,to,470,10,0.0186,0.0241,0.0125,0.0000,0.0000,0.0000,0.0000,0.0000
OAK,to,471,10,0.0055,0.0040,0.0152,0.0000,0.0000,0.0000,0.0000,0.0000
OAK,to,472,10,0.0068,0.0101,0.0000,0.0000,0.0000,0.0000,0.0000,0.0000
OAK,to,473,10,0.0046,0.0020,0.0000,0.0000,0.0000,0.0000,0.0000,0.0000
OAK,to,474,10,0.0072,0.0060,0.0028,0.0000,0.0000,0.0000,0.0000,0.0000
OAK,to,475,10,0.0077,0.0060,0.0069,0.0000,0.0000,0.0000,0.0000,0.0000
OAK,to,476,10,0.0239,0.0262,0.0249,0.0000,0.0000,0.0000,0.0000,0.0000
OAK,to,477,10,0.0147,0.0141,0.0125,0.0000,0.0000,0.0000,0.0000,0.0000
OAK,to,478,10,0.0118,0.0060,0.0152,0.0000,0.0000,0.0000,0.0000,0.0000
OAK,to,479,10,0.0230,0.0241,0.0111,0.0000,0.0000,0.0000,0.0000,0.0000
OAK,to,480,10,0.0138,0.0221,0.0042,0.0000,0.0000,0.0000,0.0000,0.0000
OAK,to,481,10,0.0166,0.0181,0.0055,0.0000,0.0000,0.0000,0.0000,0.0000
OAK,to,482,10,0.0129,0.0121,0.0042,0.0000,0.0000,0.0000,0.0000,0.0000
OAK,to,483,10,0.0129,0.0121,0.0042,0.0000,0.0000,0.0000,0.0000,0.0000
OAK,to,484,10,0.0294,0.0241,0.0651,0.0000,0.1579,0.1250,0.0000,0.0000
OAK,to,485,10,0.0248,0.0241,0.0346,0.0000,0.0000,0.0000,0.0000,0.0000
OAK,to,486,10,0.0226,0.0262,0.0194,0.0000,0.0000,0.0000,0.0000,0.0000
OAK,to,487,10,0.0125,0.0101,0.0111,0.0000,0.0000,0.0000,0.0000,0.0000
OAK,to,488,10,0.0300,0.0423,0.0166,0.0000,0.0000,0.0000,0.0000,0.0000
OAK,to,489,10,0.0280,0.0262,0.0166,0.0000,0.0000,0.0000,0.0000,0.0000
OAK,to,490,10,0.0164,0.0201,0.0042,0.0000,0.0000,0.0000,0.0000,0.0000
OAK,to,491,10,0.0077,0.0060,0.0028,0.0000,0.0000,0.0000,0.0000,0.0000
OAK,to,492,10,0.0206,0.0241,0.0166,0.0000,0.0000,0.0000,0.0000,0.0000
OAK,to,493,10,0.0230,0.0241,0.0111,0.0000,0.0000,0.0000,0.0000,0.0000
OAK,to,494,10,0.0285,0.0282,0.0249,0.0000,0.0000,0.0000,0.0000,0.0000
OAK,to,495,10,0.0278,0.0282,0.0125,0.0000,0.0000,0.0000,0.0000,0.0000
OAK,to,496,10,0.0156,0.0161,0.0125,0.0000,0.0000,0.0000,0.0000,0.0000
OAK,to,497,10,0.0298,0.0302,0.0125,0.0000,0.0000,0.0000,0.0000,0.0000
OAK,to,498,10,0.0149,0.0161,0.0042,0.0000,0.0000,0.0000,0.0000,0.0000
OAK,to,499,10,0.0175,0.0221,0.0055,0.0000,0.0000,0.0000,0.0000,0.0000
OAK,to,500,10,0.0125,0.0121,0.0042,0.0000,0.0000,0.0000,0.0000,0.0000
OAK,to,501,10,0.0116,0.0161,0.0042,0.0000,0.0000,0.0000,0.0000,0.0000
OAK,to,502,10,0.0081,0.0080,0.0028,0.0000,0.0000,0.0000,0.0000,0.0000
OAK,to,503,10,0.0116,0.0161,0.0457,0.0000,0.0526,0.0000,0.0000,0.0000
OAK,to,504,10,0.0064,0.0060,0.0000,0.0000,0.0000,0.0000,0.0000,0.0000
OAK,to,505,10,0.0164,0.0181,0.0042,0.0000,0.0000,0.0000,0.0000,0.0000
OAK,to,506,10,0.0077,0.0060,0.0028,0.0000,0.0000,0.0000,0.0000,0.0000
OAK,to,507,10,0.0175,0.0201,0.0069,0.0000,0.0000,0.0000,0.0000,0.0000
OAK,to,508,10,0.0072,0.0060,0.0028,0.0000,0.0000,0.0000,0.0000,0.0000
OAK,to,509,10,0.0077,0.0060,0.0028,0.0000,0.0000,0.0000,0.0000,0.0000
OAK,to,510,10,0.0127,0.0121,0.0042,0.0000,0.0000,0.0000,0.0000,0.0000
OAK,to,511,10,0.0414,0.0483,0.0762,0.0000,0.1579,0.2500,0.0000,0.0000
OAK,to,512,10,0.0162,0.0201,0.0042,0.0000,0.0000,0.0000,0.0000,0.0000
OAK,to,513,10,0.0116,0.0101,0.0042,0.0000,0.0000,0.0000,0.0000,0.0000
OAK,to,514,10,0.0324,0.0302,0.0346,0.0000,0.0000,0.0000,0.0000,0.0000
OAK,to,515,10,0.0175,0.0181,0.0180,0.0000,0.0000,0.0000,0.0000,0.0000
OAK,to,516,10,0.0129,0.0121,0.0042,0.0000,0.0000,0.0000,0.0000,0.0000
OAK,to,517,10,0.0127,0.0121,0.0042,0.0000,0.0000,0.0000,0.0000,0.0000
OAK,to,518,10,0.0195,0.0221,0.0069,0.0000,0.0000,0.0000,0.0000,0.0000
OAK,to,519,10,0.0226,0.0262,0.0249,0.0000,0.0000,0.0000,0.0000,0.0000
OAK,to,520,10,0.0118,0.0060,0.0152,0.0000,0.0000,0.0000,0.0000,0.0000
OAK,to,521,10,0.0175,0.0101,0.0457,0.0000,0.0000,0.0000,0.0000,0.0000
OAK,to,522,11,0.0297,0.0272,0.0061,0.0000,0.0000,0.0000,0.0000,0.0526
OAK,to,523,11,0.0444,0.0438,0.0097,0.0000,0.0417,0.0000,0.0000,0.1053
OAK,to,524,11,0.0294,0.0272,0.0061,0.0000,0.0000,0.0000,0.0000,0.0526
OAK,to,525,11,0.0227,0.0240,0.0036,0.0000,0.0000,0.0000,0.0000,0.0000
OAK,to,526,11,0.0418,0.0459,0.0097,0.0000,0.0417,0.0323,0.0000,0.1053
OAK,to,527,11,0.0441,0.0416,0.0097,0.0000,0.0417,0.0000,0.0000,0.1053
OAK,to,528,11,0.0323,0.0309,0.0061,0.0000,0.0139,0.0000,0.0000,0.0526
OAK,to,529,11,0.0174,0.0165,0.0036,0.0000,0.0000,0.0000,0.0000,0.0000
OAK,to,530,11,0.0365,0.0443,0.0109,0.0000,0.0417,0.0323,0.0000,0.0526
OAK,to,531,11,0.0158,0.0144,0.0036,0.0000,0.0000,0.0000,0.0000,0.0000
OAK,to,532,11,0.0029,0.0016,0.0000,0.0000,0.0000,0.0000,0.0000,0.0000
OAK,to,533,11,0.0144,0.0144,0.0097,0.0000,0.0000,0.0000,0.0000,0.0000
OAK,to,534,11,0.0352,0.0400,0.0375,0.0000,0.0556,0.0645,0.0000,0.0526
OAK,to,535,11,0.0093,0.0139,0.0109,0.0000,0.0000,0.0000,0.0000,0.0000
OAK,to,536,11,0.0029,0.0016,0.0000,0.0000,0.0000,0.0000,0.0000,0.0000
OAK,to,537,11,0.0053,0.0080,0.0000,0.0000,0.0000,0.0000,0.0000,0.0000
OAK,to,538,11,0.0046,0.0075,0.0000,0.0000,0.0000,0.0000,0.0000,0.0000
OAK,to,539,11,0.0046,0.0069,0.0036,0.0000,0.0000,0.0000,0.0000,0.0000
OAK,to,540,11,0.0256,0.0240,0.0036,0.0000,0.0000,0.0000,0.0000,0.0000
OAK,to,541,11,0.0304,0.0272,0.0133,0.0000,0.0278,0.0000,0.0000,0.0526
OAK,to,542,11,0.0151,0.0144,0.0097,0.0000,0.0000,0.0000,0.0000,0.0000
OAK,to,543,11,0.0175,0.0112,0.0617,0.0000,0.0417,0.0645,0.0000,0.0000
OAK,to,544,11,0.0184,0.0219,0.0303,0.0000,0.0278,0.0323,0.0000,0.0000
OAK,to,545,11,0.0379,0.0646,0.0508,0.0000,0.0694,0.1290,0.0000,0.0000
OAK,to,546,11,0.0192,0.0288,0.0230,0.0000,0.0278,0.0323,0.0000,0.0000
OAK,to,547,11,0.0083,0.0101,0.0157,0.0000,0.0000,0.0000,0.0000,0.0000
OAK,to,548,11,0.0182,0.0192,0.0061,0.0000,0.0000,0.0000,0.0000,0.0000
OAK,to,549,11,0.0078,0.0091,0.0109,0.0000,0.0000,0.0000,0.0000,0.0000
OAK,to,550,11,0.0090,0.0139,0.0097,0.0000,0.0000,0.0000,0.0000,0.0000
OAK,to,551,11,0.0037,0.0032,0.0000,0.0000,0.0000,0.0000,0.0000,0.0000
OAK,to,552,11,0.0022,0.0016,0.0000,0.0000,0.0000,0.0000,0.0000,0.0000
OAK,to,553,11,0.0029,0.0016,0.0000,0.0000,0.0000,0.0000,0.0000,0.0000
OAK,to,554,11,0.0208,0.0192,0.0242,0.0000,0.0139,0.0000,0.0000,0.0000
OAK,to,555,11,0.0046,0.0027,0.0097,0.0000,0.0000,0.0000,0.0000,0.0000
OAK,to,556,11,0.0053,0.0080,0.0000,0.0000,0.0000,0.0000,0.0000,0.0000
OAK,to,557,11,0.0011,0.0011,0.0000,0.0000,0.0000,0.0000,0.0000,0.0000
OAK,to,558,11,0.0228,0.0053,0.1586,0.0000,0.1528,0.1613,0.0000,0.0526
OAK,to,559,11,0.0179,0.0165,0.0097,0.0000,0.0000,0.0000,0.0000,0.0000
OAK,to,560,11,0.0240,0.0016,0.1719,0.0000,0.1667,0.1613,0.0000,0.1053
OAK,to,561,11,0.0053,0.0075,0.0000,0.0000,0.0000,0.0000,0.0000,0.0000
OAK,to,562,11,0.0026,0.0016,0.0000,0.0000,0.0000,0.0000,0.0000,0.0000
OAK,to,563,11,0.0162,0.0165,0.0448,0.0000,0.0417,0.0645,0.0000,0.0000
OAK,to,564,11,0.0220,0.0197,0.0036,0.0000,0.0000,0.0000,0.0000,0.0000
OAK,to,565,11,0.0194,0.0187,0.0036,0.0000,0.0000,0.0000,0.0000,0.0000
OAK,to,566,11,0.0036,0.0053,0.0000,0.0000,0.0000,0.0000,0.0000,0.0000
OAK,to,567,11,0.0488,0.0528,0.1804,0.0000,0.1944,0.2258,0.0000,0.1053
OAK,to,568,11,0.0098,0.0080,0.0000,0.0000,0.0000,0.0000,0.0000,0.0000
OAK,to,569,11,0.0049,0.0048,0.0000,0.0000,0.0000,0.0000,0.0000,0.0000
OAK,to,570,11,0.0065,0.0059,0.0000,0.0000,0.0000,0.0000,0.0000,0.0000
OAK,to,571,11,0.0162,0.0149,0.0036,0.0000,0.0000,0.0000,0.0000,0.0000
OAK,to,572,11,0.0212,0.0192,0.0036,0.0000,0.0000,0.0000,0.0000,0.0000
OAK,to,573,11,0.0276,0.0288,0.0048,0.0000,0.0000,0.0000,0.0000,0.0526
OAK,to,574,11,0.0024,0.0016,0.0000,0.0000,0.0000,0.0000,0.0000,0.0000
OAK,to,575,11,0.0276,0.0261,0.0048,0.0000,0.0000,0.0000,0.0000,0.0526
OAK,to,576,11,0.0243,0.0219,0.0036,0.0000,0.0000,0.0000,0.0000,0.0000
OAK,to,577,11,0.0159,0.0144,0.0036,0.0000,0.0000,0.0000,0.0000,0.0000
OAK,to,578,11,0.0162,0.0149,0.0036,0.0000,0.0000,0.0000,0.0000,0.0000
OAK,to,579,11,0.0011,0.0005,0.0000,0.0000,0.0000,0.0000,0.0000,0.0000
OAK,to,580,11,0.0024,0.0016,0.0000,0.0000,0.0000,0.0000,0.0000,0.0000
OAK,to,581,12,0.0036,0.0018,0.0000,0.0000,0.0000,0.0000,0.0000,0.0000
OAK,to,582,12,0.0004,0.0000,0.0000,0.0000,0.0000,0.0000,0.0000,0.0000
OAK,to,583,12,0.0189,0.0218,0.0000,0.0000,0.0000,0.0000,0.0000,0.0000
OAK,to,584,12,0.0076,0.0054,0.0000,0.0000,0.0000,0.0000,0.0000,0.0000
OAK,to,585,12,0.0139,0.0109,0.0000,0.0000,0.0000,0.0000,0.0000,0.0000
OAK,to,586,12,0.0139,0.0109,0.0000,0.0000,0.0000,0.0000,0.0000,0.0000
OAK,to,587,12,0.0040,0.0018,0.0000,0.0000,0.0000,0.0000,0.0000,0.0000
OAK,to,588,12,0.0108,0.0091,0.0000,0.0000,0.0000,0.0000,0.0000,0.0000
OAK,to,589,12,0.0094,0.0054,0.0000,0.0000,0.0000,0.0000,0.0000,0.0000
OAK,to,590,12,0.0072,0.0054,0.0000,0.0000,0.0000,0.0000,0.0000,0.0000
OAK,to,591,12,0.0013,0.0000,0.0000,0.0000,0.0000,0.0000,0.0000,0.0000
OAK,to,592,12,0.0000,0.0000,0.0000,0.0000,0.0000,0.0000,0.0000,0.0000
OAK,to,593,12,0.0130,0.0254,0.0000,0.0000,0.0000,0.0000,0.0000,0.0000
OAK,to,594,12,0.0090,0.0054,0.0000,0.0000,0.0000,0.0000,0.0000,0.0000
OAK,to,595,12,0.0063,0.0073,0.0000,0.0000,0.0000,0.0000,0.0000,0.0000
OAK,to,596,12,0.0036,0.0000,0.0000,0.0000,0.0000,0.0000,0.0000,0.0000
OAK,to,597,12,0.0009,0.0000,0.0000,0.0000,0.0000,0.0000,0.0000,0.0000
OAK,to,598,12,0.0220,0.0218,0.0253,0.0000,0.0000,0.0000,0.0000,0.0000
OAK,to,599,12,0.0112,0.0091,0.0000,0.0000,0.0000,0.0000,0.0000,0.0000
OAK,to,600,12,0.0139,0.0145,0.0000,0.0000,0.0000,0.0000,0.0000,0.0000
OAK,to,601,12,0.0247,0.0236,0.0000,0.0000,0.0000,0.0000,0.0000,0.0000
OAK,to,602,12,0.0000,0.0000,0.0000,0.0000,0.0000,0.0000,0.0000,0.0000
OAK,to,603,12,0.0260,0.0617,0.0000,0.0000,0.0000,0.0000,0.0000,0.0000
OAK,to,604,12,0.0018,0.0000,0.0380,0.0000,0.0000,0.0000,0.0000,0.0000
OAK,to,605,12,0.0745,0.1071,0.3924,0.0000,1.0000,1.0000,0.0000,0.0000
OAK,to,606,12,0.0112,0.0073,0.0380,0.0000,0.0000,0.0000,0.0000,0.0000
OAK,to,607,12,0.0090,0.0054,0.0380,0.0000,0.0000,0.0000,0.0000,0.0000
OAK,to,608,12,0.0108,0.0218,0.0000,0.0000,0.0000,0.0000,0.0000,0.0000
OAK,to,609,12,0.0400,0.0490,0.2405,0.0000,0.0000,0.0000,0.0000,0.0000
OAK,to,610,12,0.0036,0.0018,0.0000,0.0000,0.0000,0.0000,0.0000,0.0000
OAK,to,611,12,0.0220,0.0236,0.0633,0.0000,0.0000,0.0000,0.0000,0.0000
OAK,to,612,12,0.0207,0.0254,0.0253,0.0000,0.0000,0.0000,0.0000,0.0000
OAK,to,613,12,0.0108,0.0054,0.0380,0.0000,0.0000,0.0000,0.0000,0.0000
OAK,to,614,12,0.0139,0.0145,0.0000,0.0000,0.0000,0.0000,0.0000,0.0000
OAK,to,615,12,0.0148,0.0163,0.0000,0.0000,0.0000,0.0000,0.0000,0.0000
OAK,to,616,12,0.0108,0.0073,0.0000,0.0000,0.0000,0.0000,0.0000,0.0000
OAK,to,617,12,0.0054,0.0036,0.0000,0.0000,0.0000,0.0000,0.0000,0.0000
OAK,to,618,12,0.0090,0.0054,0.0000,0.0000,0.0000,0.0000,0.0000,0.0000
OAK,to,619,12,0.0220,0.0236,0.0000,0.0000,0.0000,0.0000,0.0000,0.0000
OAK,to,620,12,0.0112,0.0073,0.0380,0.0000,0.0000,0.0000,0.0000,0.0000
OAK,to,621,12,0.0099,0.0054,0.0000,0.0000,0.0000,0.0000,0.0000,0.0000
OAK,to,622,12,0.0148,0.0163,0.0000,0.0000,0.0000,0.0000,0.0000,0.0000
OAK,to,623,12,0.0189,0.0181,0.0000,0.0000,0.0000,0.0000,0.0000,0.0000
OAK,to,624,12,0.0094,0.0054,0.0000,0.0000,0.0000,0.0000,0.0000,0.0000
OAK,to,625,12,0.0144,0.0145,0.0000,0.0000,0.0000,0.0000,0.0000,0.0000
OAK,to,626,12,0.0135,0.0109,0.0000,0.0000,0.0000,0.0000,0.0000,0.0000
OAK,to,627,12,0.0139,0.0127,0.0000,0.0000,0.0000,0.0000,0.0000,0.0000
OAK,to,628,12,0.0198,0.0218,0.0253,0.0000,0.0000,0.0000,0.0000,0.0000
OAK,to,629,12,0.0130,0.0109,0.0000,0.0000,0.0000,0.0000,0.0000,0.0000
OAK,to,630,12,0.0094,0.0054,0.0000,0.0000,0.0000,0.0000,0.0000,0.0000
OAK,to,631,12,0.0144,0.0145,0.0000,0.0000,0.0000,0.0000,0.0000,0.0000
OAK,to,632,12,0.0108,0.0073,0.0000,0.0000,0.0000,0.0000,0.0000,0.0000
OAK,to,633,12,0.0090,0.0054,0.0000,0.0000,0.0000,0.0000,0.0000,0.0000
OAK,to,634,12,0.0004,0.0000,0.0000,0.0000,0.0000,0.0000,0.0000,0.0000
OAK,to,635,12,0.0036,0.0000,0.0000,0.0000,0.0000,0.0000,0.0000,0.0000
OAK,to,636,12,0.0036,0.0000,0.0000,0.0000,0.0000,0.0000,0.0000,0.0000
OAK,to,637,12,0.0189,0.0181,0.0000,0.0000,0.0000,0.0000,0.0000,0.0000
OAK,to,638,12,0.0189,0.0218,0.0000,0.0000,0.0000,0.0000,0.0000,0.0000
OAK,to,639,12,0.0094,0.0054,0.0000,0.0000,0.0000,0.0000,0.0000,0.0000
OAK,to,640,12,0.0045,0.0036,0.0000,0.0000,0.0000,0.0000,0.0000,0.0000
OAK,to,641,12,0.0094,0.0054,0.0000,0.0000,0.0000,0.0000,0.0000,0.0000
OAK,to,642,12,0.0108,0.0073,0.0000,0.0000,0.0000,0.0000,0.0000,0.0000
OAK,to,643,12,0.0108,0.0091,0.0000,0.0000,0.0000,0.0000,0.0000,0.0000
OAK,to,644,12,0.0189,0.0181,0.0000,0.0000,0.0000,0.0000,0.0000,0.0000
OAK,to,645,12,0.0135,0.0109,0.0000,0.0000,0.0000,0.0000,0.0000,0.0000
OAK,to,646,12,0.0108,0.0091,0.0000,0.0000,0.0000,0.0000,0.0000,0.0000
OAK,to,647,12,0.0148,0.0163,0.0000,0.0000,0.0000,0.0000,0.0000,0.0000
OAK,to,648,12,0.0108,0.0091,0.0000,0.0000,0.0000,0.0000,0.0000,0.0000
OAK,to,649,12,0.0157,0.0218,0.0000,0.0000,0.0000,0.0000,0.0000,0.0000
OAK,to,650,12,0.0189,0.0181,0.0000,0.0000,0.0000,0.0000,0.0000,0.0000
OAK,to,651,12,0.0148,0.0145,0.0000,0.0000,0.0000,0.0000,0.0000,0.0000
OAK,to,652,12,0.0130,0.0109,0.0000,0.0000,0.0000,0.0000,0.0000,0.0000
OAK,to,653,12,0.0283,0.0236,0.0000,0.0000,0.0000,0.0000,0.0000,0.0000
OAK,to,654,12,0.0260,0.0236,0.0000,0.0000,0.0000,0.0000,0.0000,0.0000
OAK,to,655,12,0.0400,0.0381,0.0380,0.0000,0.0000,0.0000,0.0000,0.0000
OAK,to,656,13,0.0436,0.0449,0.1212,0.0000,0.0000,0.0000,0.0000,0.0000
OAK,to,657,13,0.0363,0.0349,0.0909,0.0000,0.0000,0.0000,0.0000,0.0000
OAK,to,658,13,0.0211,0.0199,0.0000,0.0000,0.0000,0.0000,0.0000,0.0000
OAK,to,659,13,0.0110,0.0083,0.0000,0.0000,0.0000,0.0000,0.0000,0.0000
OAK,to,660,13,0.0151,0.0133,0.1515,0.0000,0.0000,0.0000,0.0000,0.0000
OAK,to,661,13,0.0358,0.0349,0.1818,0.0000,0.0000,0.0000,0.0000,0.0000
OAK,to,662,13,0.0225,0.0216,0.0000,0.0000,0.0000,0.0000,0.0000,0.0000
OAK,to,663,13,0.0170,0.0166,0.0000,0.0000,0.0000,0.0000,0.0000,0.0000
OAK,to,664,13,0.0344,0.0415,0.0000,0.0000,0.0000,0.0000,0.0000,0.0000
OAK,to,665,13,0.0298,0.0316,0.0000,0.0000,0.0000,0.0000,0.0000,0.0000
OAK,to,666,13,0.0037,0.0033,0.0000,0.0000,0.0000,0.0000,0.0000,0.0000
OAK,to,667,13,0.0106,0.0066,0.0000,0.0000,0.0000,0.0000,0.0000,0.0000
OAK,to,668,13,0.0280,0.0233,0.0909,0.0000,0.0000,0.0000,0.0000,0.0000
OAK,to,669,13,0.0092,0.0083,0.0000,0.0000,0.0000,0.0000,0.0000,0.0000
OAK,to,670,13,0.0390,0.0449,0.0606,0.0000,0.0000,0.0000,0.0000,0.0000
OAK,to,671,13,0.0156,0.0166,0.0000,0.0000,0.0000,0.0000,0.0000,0.0000
OAK,to,672,13,0.0211,0.0199,0.0000,0.0000,0.0000,0.0000,0.0000,0.0000
OAK,to,673,13,0.0142,0.0133,0.0000,0.0000,0.0000,0.0000,0.0000,0.0000
OAK,to,674,13,0.0289,0.0316,0.0000,0.0000,0.0000,0.0000,0.0000,0.0000
OAK,to,675,13,0.0243,0.0216,0.0000,0.0000,0.0000,0.0000,0.0000,0.0000
OAK,to,676,13,0.0344,0.0449,0.0000,0.0000,0.0000,0.0000,0.0000,0.0000
OAK,to,677,13,0.0096,0.0050,0.0000,0.0000,0.0000,0.0000,0.0000,0.0000
OAK,to,678,13,0.0211,0.0199,0.0909,0.0000,0.0000,0.0000,0.0000,0.0000
OAK,to,679,13,0.0142,0.0133,0.0000,0.0000,0.0000,0.0000,0.0000,0.0000
OAK,to,680,13,0.0326,0.0349,0.0000,0.0000,0.0000,0.0000,0.0000,0.0000
OAK,to,681,13,0.0193,0.0216,0.0000,0.0000,0.0000,0.0000,0.0000,0.0000
OAK,to,682,13,0.0289,0.0316,0.0000,0.0000,0.0000,0.0000,0.0000,0.0000
OAK,to,683,13,0.0179,0.0183,0.0000,0.0000,0.0000,0.0000,0.0000,0.0000
OAK,to,684,13,0.0312,0.0316,0.0000,0.0000,0.0000,0.0000,0.0000,0.0000
OAK,to,685,13,0.0151,0.0166,0.0000,0.0000,0.0000,0.0000,0.0000,0.0000
OAK,to,686,13,0.0142,0.0166,0.0000,0.0000,0.0000,0.0000,0.0000,0.0000
OAK,to,687,13,0.0092,0.0050,0.0000,0.0000,0.0000,0.0000,0.0000,0.0000
OAK,to,688,13,0.0326,0.0316,0.0000,0.0000,0.0000,0.0000,0.0000,0.0000
OAK,to,689,13,0.0312,0.0316,0.0000,0.0000,0.0000,0.0000,0.0000,0.0000
OAK,to,690,13,0.0367,0.0349,0.0000,0.0000,0.0000,0.0000,0.0000,0.0000
OAK,to,691,13,0.0211,0.0199,0.0000,0.0000,0.0000,0.0000,0.0000,0.0000
OAK,to,692,13,0.0161,0.0150,0.0606,0.0000,0.0000,0.0000,0.0000,0.0000
OAK,to,693,13,0.0243,0.0216,0.0000,0.0000,0.0000,0.0000,0.0000,0.0000
OAK,to,694,13,0.0367,0.0365,0.0000,0.0000,0.0000,0.0000,0.0000,0.0000
OAK,to,695,13,0.0555,0.0565,0.0909,0.0000,0.0000,0.0000,0.0000,0.0000
OAK,to,696,13,0.0367,0.0365,0.0606,0.0000,0.0000,0.0000,0.0000,0.0000
OAK,to,697,14,0.0348,0.0330,0.0109,0.0000,0.0000,0.0000,0.0000,0.0000
OAK,to,698,14,0.0764,0.0761,0.0271,0.0000,0.0000,0.0000,0.0000,0.1000
OAK,to,699,14,0.0670,0.0533,0.0651,0.0000,0.0714,0.0769,0.0000,0.1000
OAK,to,700,14,0.1413,0.0863,0.3609,0.0000,0.4762,0.4231,0.0000,0.4000
OAK,to,701,14,0.0670,0.0660,0.0244,0.0000,0.0000,0.0000,0.0000,0.0000
OAK,to,702,14,0.0708,0.0787,0.0651,0.0000,0.0714,0.0769,0.0000,0.1000
OAK,to,703,14,0.0430,0.0355,0.0122,0.0000,0.0000,0.0000,0.0000,0.0000
OAK,to,704,14,0.0445,0.0635,0.0122,0.0000,0.0000,0.0000,0.0000,0.0000
OAK,to,705,14,0.0635,0.0635,0.0217,0.0000,0.0000,0.0000,0.0000,0.0000
OAK,to,706,14,0.0582,0.0533,0.1669,0.0000,0.2381,0.1923,0.0000,0.2000
OAK,to,707,14,0.0287,0.0508,0.0502,0.0000,0.0476,0.0385,0.0000,0.0000
OAK,to,708,14,0.0395,0.0305,0.0570,0.0000,0.0476,0.0385,0.0000,0.0000
OAK,to,709,14,0.0325,0.0508,0.0109,0.0000,0.0000,0.0000,0.0000,0.0000
OAK,to,710,14,0.0135,0.0076,0.0041,0.0000,0.0000,0.0000,0.0000,0.0000
OAK,to,711,14,0.0787,0.0914,0.0271,0.0000,0.0000,0.0000,0.0000,0.1000
OAK,to,712,14,0.0331,0.0305,0.0109,0.0000,0.0000,0.0000,0.0000,0.0000
OAK,to,713,14,0.0582,0.0761,0.0163,0.0000,0.0000,0.0000,0.0000,0.0000
OAK,to,714,14,0.0494,0.0533,0.0570,1.0000,0.0476,0.1538,0.0000,0.0000
OAK,to,715,15,0.0340,0.0377,0.0227,0.0274,0.0294,0.0284,0.0256,0.0323
OAK,to,716,15,0.0100,0.0094,0.0093,0.0094,0.0096,0.0090,0.0085,0.0105
OAK,to,717,15,0.0170,0.0175,0.0045,0.0101,0.0102,0.0090,0.0000,0.0158
OAK,to,718,15,0.0542,0.0624,0.0346,0.0433,0.0464,0.0477,0.0491,0.0496
OAK,to,719,15,0.0301,0.0336,0.0216,0.0251,0.0273,0.0271,0.0256,0.0286
OAK,to,720,15,0.0181,0.0215,0.0045,0.0104,0.0130,0.0116,0.0085,0.0158
OAK,to,721,15,0.0283,0.0320,0.0076,0.0176,0.0177,0.0181,0.0128,0.0271
OAK,to,722,15,0.0241,0.0252,0.0066,0.0150,0.0137,0.0142,0.0021,0.0241
OAK,to,723,15,0.0178,0.0183,0.0048,0.0104,0.0109,0.0090,0.0000,0.0180
OAK,to,724,15,0.0237,0.0248,0.0066,0.0150,0.0137,0.0142,0.0021,0.0233
OAK,to,725,15,0.0129,0.0134,0.0036,0.0081,0.0082,0.0077,0.0000,0.0135
OAK,to,726,15,0.0336,0.0348,0.0093,0.0205,0.0232,0.0181,0.0043,0.0331
OAK,to,727,15,0.0103,0.0107,0.0031,0.0062,0.0068,0.0052,0.0000,0.0098
OAK,to,728,15,0.0296,0.0292,0.0192,0.0241,0.0246,0.0232,0.0150,0.0301
OAK,to,729,15,0.0174,0.0097,0.0592,0.0404,0.0382,0.0400,0.0556,0.0211
OAK,to,730,15,0.0718,0.0661,0.0751,0.0743,0.0724,0.0684,0.0641,0.0744
OAK,to,731,15,0.0192,0.0199,0.0054,0.0117,0.0130,0.0116,0.0000,0.0180
OAK,to,732,15,0.0365,0.0451,0.0209,0.0274,0.0307,0.0335,0.0363,0.0323
OAK,to,733,15,0.0344,0.0284,0.0568,0.0466,0.0437,0.0439,0.0513,0.0383
OAK,to,734,15,0.0427,0.0434,0.0193,0.0306,0.0307,0.0284,0.0150,0.0429
OAK,to,735,15,0.0496,0.0596,0.1052,0.0795,0.0833,0.0929,0.1474,0.0429
OAK,to,736,15,0.0512,0.0477,0.0489,0.0505,0.0485,0.0477,0.0406,0.0534
OAK,to,737,15,0.0354,0.0308,0.0773,0.0577,0.0553,0.0594,0.0833,0.0383
OAK,to,738,15,0.0327,0.0339,0.0091,0.0199,0.0212,0.0181,0.0043,0.0323
OAK,to,739,15,0.0210,0.0138,0.0744,0.0499,0.0464,0.0490,0.0769,0.0241
OAK,to,740,15,0.0168,0.0175,0.0045,0.0101,0.0102,0.0090,0.0000,0.0158
OAK,to,741,15,0.0246,0.0255,0.0068,0.0150,0.0143,0.0142,0.0021,0.0241
OAK,to,742,15,0.0780,0.0579,0.2179,0.1528,0.1447,0.1535,0.2179,0.0872
OAK,to,743,15,0.0463,0.0484,0.0391,0.0427,0.0423,0.0426,0.0427,0.0451
OAK,to,744,15,0.0179,0.0185,0.0049,0.0108,0.0109,0.0090,0.0000,0.0180
OAK,to,745,15,0.0193,0.0200,0.0054,0.0124,0.0130,0.0116,0.0000,0.0188
OAK,to,746,15,0.0417,0.0434,0.0117,0.0251,0.0266,0.0245,0.0085,0.0414
OAK,to,747,16,0.0167,0.0166,0.0069,0.0107,0.0079,0.0112,0.0000,0.0180
OAK,to,748,16,0.0147,0.0145,0.0064,0.0093,0.0079,0.0112,0.0000,0.0150
OAK,to,749,16,0.0142,0.0140,0.0064,0.0093,0.0079,0.0084,0.0000,0.0135
OAK,to,750,16,0.0042,0.0059,0.0176,0.0122,0.0127,0.0140,0.0324,0.0030
OAK,to,751,16,0.0206,0.0117,0.1282,0.0858,0.0857,0.0868,0.1622,0.0270
OAK,to,752,16,0.0030,0.0017,0.0084,0.0057,0.0048,0.0056,0.0054,0.0030
OAK,to,753,16,0.0201,0.0200,0.0084,0.0136,0.0127,0.0112,0.0000,0.0195
OAK,to,754,16,0.0182,0.0181,0.0074,0.0122,0.0111,0.0112,0.0000,0.0180
OAK,to,755,16,0.0379,0.0360,0.0301,0.0336,0.0317,0.0308,0.0216,0.0390
OAK,to,756,16,0.0216,0.0216,0.0087,0.0136,0.0159,0.0112,0.0000,0.0210
OAK,to,757,16,0.0073,0.0072,0.0023,0.0036,0.0032,0.0000,0.0000,0.0075
OAK,to,758,16,0.0144,0.0142,0.0064,0.0093,0.0079,0.0084,0.0000,0.0135
OAK,to,759,16,0.0192,0.0190,0.0079,0.0122,0.0127,0.0112,0.0000,0.0180
OAK,to,760,16,0.0148,0.0135,0.0135,0.0136,0.0127,0.0112,0.0108,0.0150
OAK,to,761,16,0.0184,0.0182,0.0074,0.0122,0.0111,0.0112,0.0000,0.0180
OAK,to,762,16,0.0077,0.0077,0.0028,0.0036,0.0032,0.0028,0.0000,0.0075
OAK,to,763,16,0.0137,0.0135,0.0056,0.0079,0.0079,0.0084,0.0000,0.0135
OAK,to,764,16,0.0183,0.0182,0.0074,0.0122,0.0111,0.0112,0.0000,0.0180
OAK,to,765,16,0.0109,0.0171,0.0031,0.0064,0.0079,0.0112,0.0216,0.0090
OAK,to,766,16,0.0086,0.0077,0.0107,0.0093,0.0079,0.0112,0.0054,0.0105
OAK,to,767,16,0.0453,0.0349,0.1456,0.1058,0.1063,0.1036,0.1730,0.0526
OAK,to,768,16,0.0271,0.0216,0.0480,0.0407,0.0365,0.0392,0.0486,0.0285
OAK,to,769,16,0.0426,0.0550,0.0151,0.0272,0.0317,0.0336,0.0378,0.0360
OAK,to,770,16,0.0157,0.0157,0.0064,0.0093,0.0079,0.0112,0.0000,0.0150
OAK,to,771,16,0.0256,0.0216,0.0398,0.0336,0.0317,0.0336,0.0378,0.0285
OAK,to,772,16,0.0110,0.0090,0.0207,0.0172,0.0190,0.0168,0.0216,0.0120
OAK,to,773,16,0.0175,0.0227,0.0151,0.0164,0.0190,0.0196,0.0324,0.0150
OAK,to,774,16,0.0120,0.0119,0.0049,0.0079,0.0063,0.0084,0.0000,0.0120
OAK,to,775,16,0.0226,0.0226,0.0089,0.0150,0.0175,0.0140,0.0000,0.0210
OAK,to,776,16,0.0185,0.0176,0.0146,0.0164,0.0190,0.0140,0.0108,0.0180
OAK,to,777,16,0.0189,0.0279,0.0332,0.0286,0.0317,0.0336,0.0649,0.0165
OAK,to,778,16,0.0408,0.0519,0.0248,0.0322,0.0365,0.0392,0.0486,0.0360
OAK,to,779,16,0.0178,0.0176,0.0074,0.0122,0.0111,0.0112,0.0000,0.0180
OAK,to,780,16,0.0180,0.0233,0.0151,0.0172,0.0206,0.0196,0.0324,0.0165
OAK,to,781,16,0.0139,0.0139,0.0064,0.0086,0.0079,0.0084,0.0000,0.0135
OAK,to,782,16,0.0195,0.0195,0.0079,0.0122,0.0127,0.0112,0.0000,0.0180
OAK,to,783,16,0.0090,0.0091,0.0033,0.0057,0.0048,0.0056,0.0000,0.0090
OAK,to,784,16,0.0183,0.0171,0.0176,0.0179,0.0190,0.0196,0.0162,0.0180
OAK,to,785,16,0.0153,0.0139,0.0151,0.0150,0.0175,0.0140,0.0108,0.0165
OAK,to,786,16,0.0109,0.0109,0.0046,0.0071,0.0048,0.0056,0.0000,0.0105
OAK,to,787,16,0.0187,0.0187,0.0074,0.0122,0.0111,0.0112,0.0000,0.0180
OAK,to,788,16,0.0196,0.0233,0.0074,0.0122,0.0159,0.0140,0.0108,0.0180
OAK,to,789,16,0.0166,0.0166,0.0064,0.0107,0.0079,0.0112,0.0000,0.0180
OAK,to,790,16,0.0185,0.0184,0.0074,0.0122,0.0111,0.0112,0.0000,0.0180
OAK,to,791,16,0.0112,0.0112,0.0046,0.0079,0.0063,0.0056,0.0000,0.0105
OAK,to,792,16,0.0127,0.0126,0.0051,0.0079,0.0063,0.0084,0.0000,0.0120
OAK,to,793,16,0.0109,0.0111,0.0046,0.0071,0.0048,0.0056,0.0000,0.0105
OAK,to,794,16,0.0135,0.0135,0.0054,0.0079,0.0079,0.0084,0.0000,0.0135
OAK,to,795,16,0.0066,0.0066,0.0023,0.0029,0.0032,0.0000,0.0000,0.0060
OAK,to,796,16,0.0405,0.0244,0.1351,0.0965,0.0952,0.0924,0.1459,0.0495
OAK,to,797,16,0.0176,0.0166,0.0146,0.0164,0.0190,0.0140,0.0108,0.0180
OAK,to,798,16,0.0082,0.0072,0.0107,0.0093,0.0079,0.0112,0.0054,0.0090
OAK,to,799,16,0.0170,0.0171,0.0069,0.0114,0.0095,0.0112,0.0000,0.0180
OAK,to,800,16,0.0179,0.0242,0.0064,0.0114,0.0159,0.0140,0.0216,0.0150
OAK,to,801,16,0.0252,0.0241,0.0176,0.0207,0.0206,0.0196,0.0108,0.0270
OAK,to,802,16,0.0126,0.0125,0.0051,0.0079,0.0063,0.0084,0.0000,0.0120
OAK,to,803,16,0.0077,0.0079,0.0028,0.0036,0.0048,0.0028,0.0000,0.0075
OAK,to,804,17,0.0130,0.0130,0.0048,0.0089,0.0099,0.0067,0.0000,0.0123
OAK,to,805,17,0.0283,0.0285,0.0103,0.0195,0.0180,0.0184,0.0032,0.0280
OAK,to,806,17,0.0311,0.0303,0.0607,0.0475,0.0495,0.0518,0.0732,0.0315
OAK,to,807,17,0.0131,0.0132,0.0048,0.0089,0.0108,0.0084,0.0000,0.0123
OAK,to,808,17,0.0124,0.0126,0.0048,0.0081,0.0090,0.0067,0.0000,0.0123
OAK,to,809,17,0.0093,0.0062,0.0277,0.0195,0.0180,0.0184,0.0287,0.0105
OAK,to,810,17,0.0500,0.0738,0.0630,0.0573,0.0684,0.0769,0.1433,0.0394
OAK,to,811,17,0.0274,0.0350,0.0327,0.0305,0.0351,0.0368,0.0605,0.0236
OAK,to,812,17,0.0115,0.0101,0.0166,0.0136,0.0135,0.0134,0.0159,0.0123
OAK,to,813,17,0.0089,0.0090,0.0033,0.0055,0.0045,0.0067,0.0000,0.0088
OAK,to,814,17,0.0104,0.0105,0.0041,0.0072,0.0063,0.0067,0.0000,0.0105
OAK,to,815,17,0.0016,0.0016,0.0005,0.0000,0.0000,0.0000,0.0000,0.0018
OAK,to,816,17,0.0066,0.0066,0.0021,0.0047,0.0036,0.0033,0.0000,0.0070
OAK,to,817,17,0.0029,0.0028,0.0008,0.0008,0.0000,0.0000,0.0000,0.0026
OAK,to,818,17,0.0135,0.0135,0.0051,0.0089,0.0108,0.0084,0.0000,0.0123
OAK,to,819,17,0.0032,0.0032,0.0010,0.0013,0.0000,0.0000,0.0000,0.0026
OAK,to,820,17,0.0593,0.0582,0.0350,0.0475,0.0495,0.0435,0.0255,0.0595
OAK,to,821,17,0.0280,0.0312,0.0097,0.0191,0.0189,0.0201,0.0127,0.0271
OAK,to,822,17,0.0170,0.0171,0.0062,0.0115,0.0117,0.0117,0.0000,0.0166
OAK,to,823,17,0.0178,0.0179,0.0066,0.0119,0.0126,0.0117,0.0000,0.0175
OAK,to,824,17,0.0123,0.0065,0.0505,0.0322,0.0315,0.0334,0.0541,0.0158
OAK,to,825,17,0.0098,0.0099,0.0041,0.0068,0.0054,0.0067,0.0000,0.0105
OAK,to,826,17,0.0015,0.0014,0.0005,0.0000,0.0000,0.0000,0.0000,0.0018
OAK,to,827,17,0.0071,0.0072,0.0023,0.0047,0.0036,0.0050,0.0000,0.0070
OAK,to,828,17,0.0116,0.0118,0.0041,0.0081,0.0072,0.0067,0.0000,0.0114
OAK,to,829,17,0.0092,0.0048,0.0396,0.0255,0.0225,0.0234,0.0382,0.0105
OAK,to,830,17,0.0087,0.0087,0.0033,0.0055,0.0045,0.0067,0.0000,0.0088
OAK,to,831,17,0.0016,0.0016,0.0005,0.0004,0.0000,0.0000,0.0000,0.0018
OAK,to,832,17,0.0067,0.0067,0.0021,0.0047,0.0036,0.0033,0.0000,0.0070
OAK,to,833,17,0.0122,0.0122,0.0046,0.0081,0.0090,0.0067,0.0000,0.0123
OAK,to,834,17,0.0150,0.0154,0.0056,0.0106,0.0108,0.0100,0.0000,0.0158
OAK,to,835,17,0.0139,0.0139,0.0054,0.0098,0.0108,0.0084,0.0000,0.0131
OAK,to,836,17,0.0066,0.0066,0.0021,0.0047,0.0036,0.0033,0.0000,0.0070
OAK,to,837,17,0.0031,0.0032,0.0008,0.0013,0.0000,0.0000,0.0000,0.0026
OAK,to,838,17,0.0012,0.0012,0.0003,0.0000,0.0000,0.0000,0.0000,0.0009
OAK,to,839,17,0.0030,0.0015,0.0133,0.0081,0.0072,0.0067,0.0127,0.0035
OAK,to,840,17,0.0160,0.0145,0.0182,0.0178,0.0171,0.0184,0.0191,0.0166
OAK,to,841,17,0.0125,0.0127,0.0048,0.0081,0.0090,0.0067,0.0000,0.0123
OAK,to,842,17,0.0096,0.0097,0.0039,0.0064,0.0054,0.0067,0.0000,0.0105
OAK,to,843,17,0.0171,0.0171,0.0062,0.0115,0.0117,0.0117,0.0000,0.0175
OAK,to,844,17,0.0515,0.0502,0.0320,0.0420,0.0423,0.0385,0.0223,0.0525
OAK,to,845,17,0.0385,0.0388,0.0141,0.0259,0.0279,0.0234,0.0064,0.0385
OAK,to,846,17,0.0167,0.0169,0.0061,0.0115,0.0117,0.0117,0.0000,0.0166
OAK,to,847,17,0.0028,0.0028,0.0008,0.0008,0.0000,0.0000,0.0000,0.0026
OAK,to,848,17,0.0074,0.0075,0.0026,0.0047,0.0036,0.0050,0.0000,0.0079
OAK,to,849,17,0.0172,0.0173,0.0062,0.0115,0.0117,0.0117,0.0000,0.0175
OAK,to,850,17,0.0192,0.0193,0.0072,0.0132,0.0135,0.0117,0.0000,0.0184
OAK,to,851,17,0.0124,0.0126,0.0048,0.0081,0.0090,0.0067,0.0000,0.0123
OAK,to,852,17,0.0289,0.0292,0.0110,0.0195,0.0189,0.0184,0.0032,0.0289
OAK,to,853,17,0.0231,0.0212,0.0215,0.0233,0.0216,0.0234,0.0191,0.0228
OAK,to,854,17,0.0021,0.0021,0.0005,0.0008,0.0000,0.0000,0.0000,0.0018
OAK,to,855,17,0.0015,0.0015,0.0005,0.0000,0.0000,0.0000,0.0000,0.0018
OAK,to,856,17,0.0099,0.0084,0.0167,0.0132,0.0126,0.0117,0.0191,0.0105
OAK,to,857,17,0.0098,0.0068,0.0277,0.0195,0.0180,0.0184,0.0287,0.0105
OAK,to,858,17,0.0160,0.0086,0.0660,0.0424,0.0405,0.0435,0.0637,0.0201
OAK,to,859,17,0.0124,0.0126,0.0048,0.0081,0.0090,0.0067,0.0000,0.0123
OAK,to,860,17,0.0245,0.0231,0.0215,0.0233,0.0225,0.0201,0.0191,0.0263
OAK,to,861,17,0.0168,0.0169,0.0061,0.0115,0.0117,0.0117,0.0000,0.0166
OAK,to,862,17,0.0127,0.0232,0.0030,0.0072,0.0117,0.0151,0.0318,0.0079
OAK,to,863,17,0.0075,0.0075,0.0030,0.0047,0.0045,0.0050,0.0000,0.0079
OAK,to,864,17,0.0023,0.0024,0.0005,0.0008,0.0000,0.0000,0.0000,0.0018
OAK,to,865,17,0.0053,0.0053,0.0015,0.0034,0.0027,0.0033,0.0000,0.0053
OAK,to,866,17,0.0194,0.0248,0.0061,0.0123,0.0153,0.0151,0.0191,0.0166
OAK,to,867,17,0.0101,0.0102,0.0041,0.0072,0.0063,0.0067,0.0000,0.0105
OAK,to,868,17,0.0094,0.0094,0.0034,0.0064,0.0045,0.0067,0.0000,0.0096
OAK,to,869,17,0.0116,0.0118,0.0041,0.0081,0.0072,0.0067,0.0000,0.0105
OAK,to,870,17,0.0043,0.0043,0.0015,0.0021,0.0018,0.0000,0.0000,0.0044
OAK,to,871,17,0.0100,0.0024,0.0638,0.0382,0.0360,0.0368,0.0637,0.0140
OAK,to,872,17,0.0201,0.0158,0.0437,0.0322,0.0324,0.0334,0.0382,0.0228
OAK,to,873,17,0.0324,0.0264,0.1433,0.0921,0.0900,0.0953,0.1783,0.0359
OAK,to,874,18,0.0000,0.0000,0.0000,0.0000,0.0000,0.0000,0.0000,0.0000
OAK,to,875,18,0.1233,0.0864,0.4626,0.3485,0.3353,0.3531,0.4732,0.1485
OAK,to,876,18,0.0006,0.0006,0.0001,0.0002,0.0000,0.0000,0.0000,0.0006
OAK,to,877,18,0.0009,0.0009,0.0002,0.0002,0.0000,0.0000,0.0000,0.0006
OAK,to,878,18,0.0016,0.0016,0.0003,0.0007,0.0007,0.0004,0.0000,0.0017
OAK,to,879,18,0.0010,0.0009,0.0003,0.0002,0.0000,0.0000,0.0000,0.0009
OAK,to,880,18,0.0011,0.0011,0.0003,0.0004,0.0002,0.0000,0.0000,0.0012
OAK,to,881,18,0.0010,0.0010,0.0003,0.0003,0.0000,0.0000,0.0000,0.0009
OAK,to,882,18,0.0008,0.0008,0.0002,0.0002,0.0000,0.0000,0.0000,0.0006
OAK,to,883,18,0.0116,0.0114,0.0028,0.0059,0.0055,0.0056,0.0011,0.0114
OAK,to,884,18,0.0180,0.0168,0.0097,0.0126,0.0126,0.0112,0.0064,0.0183
OAK,to,885,18,0.0294,0.0291,0.0072,0.0149,0.0151,0.0132,0.0032,0.0288
OAK,to,886,18,0.0109,0.0108,0.0027,0.0057,0.0055,0.0048,0.0011,0.0105
OAK,to,887,18,0.0081,0.0081,0.0020,0.0044,0.0042,0.0036,0.0000,0.0079
OAK,to,888,18,0.0015,0.0015,0.0003,0.0006,0.0007,0.0004,0.0000,0.0015
OAK,to,889,18,0.0011,0.0011,0.0003,0.0004,0.0002,0.0000,0.0000,0.0012
OAK,to,890,18,0.0016,0.0016,0.0003,0.0007,0.0007,0.0004,0.0000,0.0015
OAK,to,891,18,0.0015,0.0015,0.0003,0.0007,0.0007,0.0004,0.0000,0.0015
OAK,to,892,18,0.0013,0.0013,0.0003,0.0005,0.0004,0.0000,0.0000,0.0012
OAK,to,893,18,0.0010,0.0010,0.0003,0.0003,0.0000,0.0000,0.0000,0.0009
OAK,to,894,18,0.0021,0.0009,0.0057,0.0044,0.0042,0.0044,0.0048,0.0026
OAK,to,895,18,0.0026,0.0042,0.0004,0.0012,0.0016,0.0016,0.0021,0.0020
OAK,to,896,18,0.0013,0.0007,0.0028,0.0024,0.0024,0.0020,0.0021,0.0015
OAK,to,897,18,0.0012,0.0012,0.0003,0.0004,0.0004,0.0000,0.0000,0.0012
OAK,to,898,18,0.0013,0.0013,0.0003,0.0004,0.0004,0.0000,0.0000,0.0012
OAK,to,899,18,0.0032,0.0048,0.0006,0.0014,0.0022,0.0020,0.0021,0.0023
OAK,to,900,18,0.0015,0.0015,0.0003,0.0005,0.0007,0.0004,0.0000,0.0015
OAK,to,901,18,0.0013,0.0012,0.0003,0.0004,0.0004,0.0000,0.0000,0.0012
OAK,to,902,18,0.0036,0.0052,0.0007,0.0018,0.0024,0.0028,0.0026,0.0029
OAK,to,903,18,0.0069,0.0069,0.0017,0.0034,0.0033,0.0032,0.0000,0.0070
OAK,to,904,18,0.0019,0.0019,0.0004,0.0009,0.0007,0.0008,0.0000,0.0020
OAK,to,905,18,0.0024,0.0024,0.0006,0.0012,0.0009,0.0012,0.0000,0.0023
OAK,to,906,18,0.0019,0.0019,0.0004,0.0009,0.0007,0.0008,0.0000,0.0020
OAK,to,907,18,0.0084,0.0083,0.0020,0.0044,0.0044,0.0040,0.0005,0.0082
OAK,to,908,18,0.0121,0.0119,0.0029,0.0062,0.0064,0.0056,0.0011,0.0119
OAK,to,909,18,0.0107,0.0106,0.0027,0.0057,0.0053,0.0048,0.0011,0.0105
OAK,to,910,18,0.0169,0.0168,0.0041,0.0087,0.0089,0.0080,0.0021,0.0166
OAK,to,911,18,0.0141,0.0156,0.0033,0.0070,0.0080,0.0072,0.0037,0.0131
OAK,to,912,18,0.0251,0.0249,0.0062,0.0127,0.0133,0.0112,0.0032,0.0245
OAK,to,913,18,0.0297,0.0294,0.0073,0.0150,0.0153,0.0132,0.0032,0.0294
OAK,to,914,18,0.0268,0.0256,0.0119,0.0168,0.0168,0.0152,0.0079,0.0274
OAK,to,915,18,0.0181,0.0179,0.0044,0.0091,0.0093,0.0084,0.0021,0.0183
OAK,to,916,18,0.0189,0.0221,0.0043,0.0093,0.0109,0.0104,0.0064,0.0172
OAK,to,917,18,0.0278,0.0276,0.0069,0.0142,0.0142,0.0132,0.0032,0.0277
OAK,to,918,18,0.0421,0.0416,0.0104,0.0212,0.0217,0.0192,0.0042,0.0414
OAK,to,919,18,0.0094,0.0093,0.0023,0.0048,0.0044,0.0044,0.0005,0.0093
OAK,to,920,18,0.0114,0.0113,0.0028,0.0058,0.0055,0.0048,0.0011,0.0114
OAK,to,921,18,0.0067,0.0066,0.0017,0.0033,0.0033,0.0028,0.0000,0.0067
OAK,to,922,18,0.0135,0.0134,0.0034,0.0067,0.0075,0.0060,0.0011,0.0131
OAK,to,923,18,0.0023,0.0022,0.0005,0.0012,0.0009,0.0008,0.0000,0.0023
OAK,to,924,18,0.0019,0.0018,0.0004,0.0009,0.0007,0.0008,0.0000,0.0020
OAK,to,925,18,0.0026,0.0021,0.0033,0.0029,0.0029,0.0028,0.0026,0.0029
OAK,to,926,18,0.0014,0.0014,0.0003,0.0005,0.0004,0.0000,0.0000,0.0015
OAK,to,927,18,0.0016,0.0016,0.0003,0.0007,0.0007,0.0004,0.0000,0.0015
OAK,to,928,18,0.0017,0.0017,0.0004,0.0008,0.0007,0.0008,0.0000,0.0017
OAK,to,929,18,0.0013,0.0013,0.0003,0.0005,0.0004,0.0000,0.0000,0.0012
OAK,to,930,18,0.0031,0.0031,0.0008,0.0016,0.0011,0.0016,0.0000,0.0029
OAK,to,931,18,0.0011,0.0011,0.0003,0.0004,0.0002,0.0000,0.0000,0.0012
OAK,to,932,18,0.0014,0.0014,0.0003,0.0005,0.0004,0.0000,0.0000,0.0015
OAK,to,933,18,0.0024,0.0023,0.0006,0.0012,0.0009,0.0012,0.0000,0.0023
OAK,to,934,18,0.0025,0.0025,0.0006,0.0012,0.0009,0.0012,0.0000,0.0023
OAK,to,935,18,0.0012,0.0012,0.0003,0.0004,0.0004,0.0000,0.0000,0.0012
OAK,to,936,18,0.0011,0.0011,0.0003,0.0004,0.0002,0.0000,0.0000,0.0012
OAK,to,937,18,0.0145,0.0160,0.0034,0.0075,0.0080,0.0080,0.0037,0.0134
OAK,to,938,18,0.0237,0.0235,0.0059,0.0121,0.0126,0.0104,0.0026,0.0233
OAK,to,939,18,0.0107,0.0105,0.0026,0.0056,0.0053,0.0048,0.0011,0.0105
OAK,to,940,18,0.0045,0.0044,0.0011,0.0022,0.0027,0.0020,0.0000,0.0041
OAK,to,941,18,0.0013,0.0013,0.0003,0.0005,0.0004,0.0000,0.0000,0.0012
OAK,to,942,18,0.0024,0.0041,0.0003,0.0012,0.0013,0.0016,0.0026,0.0017
OAK,to,943,18,0.0129,0.0127,0.0032,0.0064,0.0069,0.0056,0.0011,0.0128
OAK,to,944,18,0.0023,0.0017,0.0032,0.0028,0.0027,0.0028,0.0026,0.0026
OAK,to,945,18,0.0017,0.0011,0.0030,0.0026,0.0027,0.0028,0.0026,0.0020
OAK,to,946,18,0.0023,0.0035,0.0029,0.0027,0.0031,0.0036,0.0048,0.0020
OAK,to,947,18,0.0128,0.0091,0.0443,0.0338,0.0321,0.0340,0.0450,0.0151
OAK,to,948,18,0.0048,0.0080,0.0008,0.0021,0.0033,0.0036,0.0048,0.0035
OAK,to,949,18,0.0168,0.0166,0.0041,0.0087,0.0089,0.0080,0.0021,0.0166
OAK,to,950,18,0.0127,0.0120,0.0057,0.0080,0.0082,0.0080,0.0037,0.0128
OAK,to,951,18,0.0188,0.0186,0.0047,0.0094,0.0095,0.0088,0.0021,0.0183
OAK,to,952,18,0.0341,0.0434,0.0176,0.0233,0.0266,0.0272,0.0281,0.0297
OAK,to,953,18,0.0424,0.0420,0.0104,0.0215,0.0217,0.0192,0.0048,0.0419
OAK,to,954,18,0.0095,0.0100,0.0076,0.0081,0.0086,0.0084,0.0085,0.0093
OAK,to,955,18,0.0029,0.0035,0.0057,0.0048,0.0047,0.0056,0.0064,0.0026
OAK,to,956,18,0.0154,0.0154,0.0039,0.0079,0.0080,0.0072,0.0016,0.0151
OAK,to,957,18,0.0102,0.0102,0.0025,0.0052,0.0049,0.0048,0.0011,0.0099
OAK,to,958,18,0.0095,0.0094,0.0023,0.0048,0.0044,0.0044,0.0005,0.0093
OAK,to,959,18,0.0095,0.0095,0.0024,0.0048,0.0044,0.0044,0.0005,0.0093
OAK,to,960,18,0.0219,0.0231,0.0307,0.0276,0.0283,0.0288,0.0334,0.0218
OAK,to,961,18,0.0016,0.0005,0.0056,0.0044,0.0042,0.0044,0.0048,0.0020
OAK,to,962,18,0.0015,0.0015,0.0003,0.0005,0.0007,0.0004,0.0000,0.0015
OAK,to,963,18,0.0141,0.0140,0.0035,0.0073,0.0078,0.0060,0.0016,0.0137
OAK,to,964,18,0.0056,0.0056,0.0014,0.0028,0.0029,0.0028,0.0000,0.0055
OAK,to,965,18,0.0030,0.0063,0.0003,0.0012,0.0027,0.0028,0.0048,0.0015
OAK,to,966,18,0.0000,0.0000,0.0000,0.0000,0.0000,0.0000,0.0000,0.0000
OAK,to,967,18,0.0143,0.0059,0.0608,0.0450,0.0421,0.0436,0.0572,0.0192
OAK,to,968,18,0.0379,0.0569,0.0820,0.0673,0.0731,0.0805,0.1176,0.0309
OAK,to,969,18,0.0108,0.0220,0.0117,0.0112,0.0151,0.0176,0.0276,0.0061
OAK,to,970,18,0.0033,0.0060,0.0031,0.0030,0.0042,0.0044,0.0064,0.0023
OAK,to,971,18,0.0121,0.0113,0.0390,0.0301,0.0297,0.0316,0.0429,0.0131
OAK,to,972,18,0.0030,0.0019,0.0059,0.0049,0.0044,0.0044,0.0053,0.0035
OAK,to,973,18,0.0050,0.0045,0.0039,0.0044,0.0042,0.0044,0.0032,0.0055
OAK,to,974,18,0.0028,0.0028,0.0007,0.0014,0.0011,0.0012,0.0000,0.0026
OAK,to,975,18,0.0030,0.0029,0.0008,0.0014,0.0011,0.0016,0.0000,0.0029
OAK,to,976,18,0.0012,0.0012,0.0003,0.0004,0.0004,0.0000,0.0000,0.0012
OAK,to,977,18,0.0022,0.0017,0.0032,0.0028,0.0027,0.0028,0.0026,0.0026
OAK,to,978,18,0.0015,0.0015,0.0003,0.0005,0.0007,0.0004,0.0000,0.0015
OAK,to,979,18,0.0035,0.0035,0.0085,0.0067,0.0071,0.0072,0.0095,0.0035
OAK,to,980,18,0.0006,0.0006,0.0001,0.0001,0.0000,0.0000,0.0000,0.0006
OAK,to,981,18,0.0014,0.0003,0.0057,0.0044,0.0042,0.0044,0.0053,0.0020
OAK,to,982,18,0.0005,0.0005,0.0001,0.0001,0.0000,0.0000,0.0000,0.0006
OAK,to,983,18,0.0008,0.0008,0.0001,0.0002,0.0000,0.0000,0.0000,0.0006
OAK,to,984,18,0.0001,0.0001,0.0000,0.0000,0.0000,0.0000,0.0000,0.0000
OAK,to,985,18,0.0004,0.0003,0.0001,0.0000,0.0000,0.0000,0.0000,0.0003
OAK,to,986,18,0.0006,0.0006,0.0001,0.0002,0.0000,0.0000,0.0000,0.0006
OAK,to,987,18,0.0028,0.0028,0.0007,0.0014,0.0011,0.0012,0.0000,0.0026
OAK,to,988,18,0.0022,0.0033,0.0029,0.0026,0.0031,0.0036,0.0048,0.0020
OAK,to,989,18,0.0006,0.0006,0.0001,0.0001,0.0000,0.0000,0.0000,0.0006
OAK,to,990,18,0.0008,0.0008,0.0001,0.0002,0.0000,0.0000,0.0000,0.0006
OAK,to,991,19,0.0741,0.0720,0.1942,0.1428,0.1413,0.1520,0.2192,0.0761
OAK,to,992,19,0.0017,0.0017,0.0004,0.0005,0.0000,0.0000,0.0000,0.0011
OAK,to,993,19,0.0045,0.0076,0.0008,0.0024,0.0025,0.0038,0.0058,0.0034
OAK,to,994,19,0.0014,0.0015,0.0003,0.0005,0.0000,0.0000,0.0000,0.0011
OAK,to,995,19,0.0028,0.0028,0.0008,0.0012,0.0015,0.0009,0.0000,0.0028
OAK,to,996,19,0.0032,0.0032,0.0008,0.0019,0.0015,0.0019,0.0000,0.0034
OAK,to,997,19,0.0051,0.0052,0.0016,0.0029,0.0025,0.0028,0.0000,0.0051
OAK,to,998,19,0.0425,0.0420,0.0190,0.0296,0.0302,0.0272,0.0116,0.0423
OAK,to,999,19,0.0255,0.0248,0.0142,0.0190,0.0196,0.0188,0.0102,0.0254
OAK,to,1000,19,0.0320,0.0353,0.0094,0.0190,0.0206,0.0197,0.0102,0.0299
OAK,to,1001,19,0.0063,0.0055,0.0077,0.0070,0.0065,0.0066,0.0058,0.0068
OAK,to,1002,19,0.0047,0.0047,0.0014,0.0026,0.0025,0.0028,0.0000,0.0045
OAK,to,1003,19,0.0147,0.0138,0.0105,0.0127,0.0116,0.0113,0.0087,0.0147
OAK,to,1004,19,0.0601,0.0467,0.1103,0.0884,0.0835,0.0844,0.0943,0.0671
OAK,to,1005,19,0.0413,0.0392,0.0296,0.0348,0.0342,0.0319,0.0232,0.0423
OAK,to,1006,19,0.0377,0.0381,0.0114,0.0231,0.0236,0.0206,0.0058,0.0372
OAK,to,1007,19,0.0028,0.0028,0.0008,0.0012,0.0015,0.0009,0.0000,0.0028
OAK,to,1008,19,0.0519,0.0540,0.1979,0.1348,0.1342,0.1482,0.2409,0.0530
OAK,to,1009,19,0.0076,0.0136,0.0014,0.0041,0.0065,0.0075,0.0131,0.0045
OAK,to,1010,19,0.0246,0.0238,0.0140,0.0183,0.0186,0.0188,0.0102,0.0248
OAK,to,1011,19,0.0021,0.0021,0.0007,0.0010,0.0005,0.0000,0.0000,0.0023
OAK,to,1012,19,0.0035,0.0035,0.0010,0.0019,0.0015,0.0019,0.0000,0.0039
OAK,to,1013,19,0.0025,0.0025,0.0007,0.0012,0.0010,0.0000,0.0000,0.0023
OAK,to,1014,19,0.0208,0.0009,0.1372,0.0872,0.0784,0.0844,0.1248,0.0316
OAK,to,1015,19,0.0021,0.0021,0.0007,0.0010,0.0005,0.0000,0.0000,0.0023
OAK,to,1016,19,0.0027,0.0028,0.0008,0.0012,0.0010,0.0000,0.0000,0.0028
OAK,to,1017,19,0.0212,0.0214,0.0064,0.0132,0.0126,0.0113,0.0029,0.0209
OAK,to,1018,19,0.0142,0.0167,0.0455,0.0317,0.0337,0.0356,0.0581,0.0135
OAK,to,1019,19,0.0044,0.0104,0.0003,0.0019,0.0040,0.0066,0.0131,0.0011
OAK,to,1020,19,0.0056,0.0076,0.0075,0.0065,0.0075,0.0084,0.0131,0.0045
OAK,to,1021,19,0.0026,0.0026,0.0007,0.0012,0.0010,0.0000,0.0000,0.0028
OAK,to,1022,19,0.0145,0.0146,0.0046,0.0091,0.0096,0.0084,0.0000,0.0147
OAK,to,1023,19,0.0129,0.0120,0.0097,0.0111,0.0101,0.0103,0.0087,0.0135
OAK,to,1024,19,0.0028,0.0019,0.0068,0.0050,0.0050,0.0047,0.0058,0.0034
OAK,to,1025,19,0.0250,0.0252,0.0075,0.0151,0.0171,0.0141,0.0029,0.0248
OAK,to,1026,19,0.0204,0.0189,0.0180,0.0190,0.0186,0.0188,0.0145,0.0214
OAK,to,1027,19,0.0277,0.0309,0.0081,0.0171,0.0181,0.0178,0.0102,0.0254
OAK,to,1028,19,0.0470,0.0476,0.0145,0.0288,0.0297,0.0263,0.0087,0.0468
OAK,to,1029,19,0.0515,0.0520,0.0160,0.0317,0.0312,0.0291,0.0087,0.0507
OAK,to,1030,19,0.0288,0.0291,0.0088,0.0178,0.0181,0.0159,0.0044,0.0287
OAK,to,1031,19,0.0609,0.0675,0.0177,0.0365,0.0392,0.0375,0.0218,0.0569
OAK,to,1032,19,0.0253,0.0255,0.0075,0.0154,0.0171,0.0141,0.0029,0.0254
OAK,to,1033,19,0.0524,0.0529,0.0160,0.0320,0.0322,0.0300,0.0087,0.0519
OAK,to,1034,19,0.0307,0.0310,0.0094,0.0185,0.0196,0.0188,0.0058,0.0299
OAK,to,1035,19,0.0192,0.0194,0.0060,0.0118,0.0111,0.0103,0.0029,0.0186
OAK,to,1036,19,0.0114,0.0115,0.0034,0.0070,0.0070,0.0066,0.0000,0.0113
OAK,to,1037,19,0.0118,0.0151,0.0032,0.0065,0.0080,0.0084,0.0087,0.0107
OAK,to,1038,19,0.0042,0.0063,0.0067,0.0058,0.0065,0.0066,0.0102,0.0034
OAK,to,1039,19,0.0270,0.0274,0.0084,0.0171,0.0176,0.0141,0.0044,0.0265
OAK,to,1040,20,0.0008,0.0009,0.0000,0.0000,0.0000,0.0000,0.0000,0.0000
OAK,to,1041,20,0.0033,0.0035,0.0008,0.0014,0.0000,0.0000,0.0000,0.0030
OAK,to,1042,20,0.0106,0.0109,0.0025,0.0076,0.0061,0.0056,0.0000,0.0104
OAK,to,1043,20,0.0232,0.0241,0.0069,0.0159,0.0182,0.0139,0.0000,0.0208
OAK,to,1044,20,0.0246,0.0259,0.0075,0.0166,0.0182,0.0167,0.0000,0.0252
OAK,to,1045,20,0.0264,0.0277,0.0080,0.0173,0.0197,0.0195,0.0000,0.0267
OAK,to,1046,20,0.0158,0.0164,0.0050,0.0104,0.0091,0.0111,0.0000,0.0163
OAK,to,1047,20,0.0071,0.0073,0.0022,0.0035,0.0030,0.0000,0.0000,0.0074
OAK,to,1048,20,0.0038,0.0041,0.0008,0.0014,0.0000,0.0000,0.0000,0.0030
OAK,to,1049,20,0.0235,0.0372,0.0053,0.0131,0.0212,0.0251,0.0368,0.0178
OAK,to,1050,20,0.0040,0.0041,0.0008,0.0014,0.0000,0.0000,0.0000,0.0030
OAK,to,1051,20,0.0237,0.0124,0.0968,0.0602,0.0592,0.0613,0.1000,0.0297
OAK,to,1052,20,0.0118,0.0124,0.0030,0.0076,0.0061,0.0084,0.0000,0.0119
OAK,to,1053,20,0.0252,0.0264,0.0077,0.0173,0.0182,0.0195,0.0000,0.0267
OAK,to,1054,20,0.0131,0.0137,0.0036,0.0083,0.0076,0.0084,0.0000,0.0134
OAK,to,1055,20,0.0059,0.0061,0.0014,0.0028,0.0030,0.0000,0.0000,0.0059
OAK,to,1056,20,0.0099,0.0025,0.0606,0.0367,0.0303,0.0334,0.0632,0.0134
OAK,to,1057,20,0.0025,0.0025,0.0006,0.0000,0.0000,0.0000,0.0000,0.0030
OAK,to,1058,20,0.0082,0.0151,0.0011,0.0035,0.0061,0.0111,0.0211,0.0030
OAK,to,1059,20,0.0442,0.0492,0.0412,0.0429,0.0516,0.0446,0.0579,0.0415
OAK,to,1060,20,0.0035,0.0038,0.0008,0.0014,0.0000,0.0000,0.0000,0.0030
OAK,to,1061,20,0.0090,0.0156,0.0014,0.0048,0.0061,0.0111,0.0211,0.0059
OAK,to,1062,20,0.0417,0.0555,0.0667,0.0526,0.0622,0.0696,0.1263,0.0341
OAK,to,1063,20,0.0033,0.0035,0.0008,0.0014,0.0000,0.0000,0.0000,0.0030
OAK,to,1064,20,0.0024,0.0024,0.0006,0.0000,0.0000,0.0000,0.0000,0.0030
OAK,to,1065,20,0.0095,0.0098,0.0025,0.0062,0.0046,0.0056,0.0000,0.0104
OAK,to,1066,20,0.0301,0.0041,0.2108,0.1218,0.1153,0.1226,0.2105,0.0415
OAK,to,1067,20,0.0052,0.0054,0.0011,0.0021,0.0000,0.0000,0.0000,0.0045
OAK,to,1068,20,0.0023,0.0024,0.0006,0.0000,0.0000,0.0000,0.0000,0.0015
OAK,to,1069,20,0.0436,0.0108,0.2697,0.1599,0.1517,0.1588,0.2789,0.0579
OAK,to,1070,20,0.0093,0.0098,0.0025,0.0062,0.0046,0.0056,0.0000,0.0104
OAK,to,1071,20,0.0131,0.0137,0.0036,0.0083,0.0076,0.0084,0.0000,0.0134
OAK,to,1072,20,0.0024,0.0024,0.0006,0.0000,0.0000,0.0000,0.0000,0.0030
OAK,to,1073,20,0.0047,0.0051,0.0008,0.0014,0.0000,0.0000,0.0000,0.0030
OAK,to,1074,20,0.0278,0.0291,0.0086,0.0187,0.0197,0.0195,0.0000,0.0282
OAK,to,1075,20,0.0049,0.0051,0.0008,0.0014,0.0000,0.0000,0.0000,0.0045
OAK,to,1076,20,0.0144,0.0152,0.0039,0.0090,0.0076,0.0111,0.0000,0.0148
OAK,to,1077,20,0.0143,0.0151,0.0039,0.0090,0.0076,0.0111,0.0000,0.0134
OAK,to,1078,20,0.0176,0.0186,0.0053,0.0118,0.0121,0.0111,0.0000,0.0178
OAK,to,1079,20,0.0734,0.0767,0.0224,0.0498,0.0546,0.0446,0.0158,0.0727
OAK,to,1080,20,0.0308,0.0322,0.0091,0.0201,0.0212,0.0195,0.0000,0.0312
OAK,to,1081,20,0.0109,0.0114,0.0025,0.0076,0.0061,0.0056,0.0000,0.0104
OAK,to,1082,20,0.0188,0.0198,0.0055,0.0125,0.0121,0.0111,0.0000,0.0178
OAK,to,1083,20,0.0517,0.0540,0.0158,0.0353,0.0364,0.0334,0.0105,0.0490
OAK,to,1084,20,0.0495,0.0515,0.0149,0.0339,0.0334,0.0306,0.0053,0.0490
OAK,to,1085,20,0.0497,0.0518,0.0152,0.0339,0.0334,0.0306,0.0105,0.0490
OAK,to,1086,20,0.0482,0.0504,0.0149,0.0325,0.0319,0.0306,0.0053,0.0475
OAK,to,1087,20,0.0713,0.0717,0.0448,0.0595,0.0622,0.0557,0.0368,0.0712
OAK,to,1088,20,0.0312,0.0325,0.0094,0.0201,0.0228,0.0195,0.0000,0.0312
OAK,to,1089,20,0.0067,0.0071,0.0022,0.0035,0.0030,0.0000,0.0000,0.0059
OAK,to,1090,20,0.0108,0.0114,0.0025,0.0076,0.0061,0.0056,0.0000,0.0104
OAK,to,1091,21,0.0036,0.0018,0.0118,0.0083,0.0071,0.0073,0.0125,0.0043
OAK,to,1092,21,0.0006,0.0005,0.0000,0.0000,0.0000,0.0000,0.0000,0.0000
OAK,to,1093,21,0.0055,0.0120,0.0005,0.0019,0.0031,0.0055,0.0125,0.0022
OAK,to,1094,21,0.0252,0.0272,0.0070,0.0144,0.0153,0.0128,0.0000,0.0237
OAK,to,1095,21,0.0031,0.0033,0.0005,0.0009,0.0000,0.0000,0.0000,0.0022
OAK,to,1096,21,0.0406,0.0401,0.0328,0.0352,0.0367,0.0366,0.0312,0.0410
OAK,to,1097,21,0.0224,0.0203,0.0279,0.0264,0.0255,0.0256,0.0280,0.0227
OAK,to,1098,21,0.0289,0.0312,0.0081,0.0162,0.0163,0.0165,0.0000,0.0280
OAK,to,1099,21,0.0466,0.0520,0.0338,0.0389,0.0407,0.0403,0.0374,0.0442
OAK,to,1100,21,0.0498,0.0537,0.0137,0.0278,0.0295,0.0275,0.0062,0.0475
OAK,to,1101,21,0.0236,0.0256,0.0064,0.0134,0.0132,0.0128,0.0000,0.0227
OAK,to,1102,21,0.0081,0.0088,0.0019,0.0046,0.0031,0.0037,0.0000,0.0076
OAK,to,1103,21,0.0383,0.0472,0.0099,0.0213,0.0224,0.0220,0.0187,0.0345
OAK,to,1104,21,0.0293,0.0277,0.0299,0.0297,0.0295,0.0275,0.0280,0.0302
OAK,to,1105,21,0.0057,0.0062,0.0014,0.0023,0.0020,0.0018,0.0000,0.0054
OAK,to,1106,21,0.0265,0.0343,0.0067,0.0144,0.0163,0.0183,0.0125,0.0227
OAK,to,1107,21,0.0128,0.0137,0.0040,0.0074,0.0051,0.0073,0.0000,0.0129
OAK,to,1108,21,0.0344,0.0312,0.0422,0.0389,0.0397,0.0385,0.0374,0.0356
OAK,to,1109,21,0.0278,0.0302,0.0076,0.0162,0.0153,0.0165,0.0000,0.0259
OAK,to,1110,21,0.0202,0.0221,0.0054,0.0116,0.0122,0.0128,0.0000,0.0194
OAK,to,1111,21,0.0199,0.0272,0.0049,0.0111,0.0132,0.0128,0.0125,0.0151
OAK,to,1112,21,0.0203,0.0221,0.0054,0.0116,0.0122,0.0128,0.0000,0.0205
OAK,to,1113,21,0.0075,0.0100,0.0231,0.0167,0.0193,0.0201,0.0343,0.0076
OAK,to,1114,21,0.0026,0.0027,0.0005,0.0009,0.0000,0.0000,0.0000,0.0022
OAK,to,1115,21,0.0019,0.0020,0.0005,0.0000,0.0000,0.0000,0.0000,0.0022
OAK,to,1116,21,0.0161,0.0172,0.0045,0.0088,0.0102,0.0073,0.0000,0.0151
OAK,to,1117,21,0.0191,0.0205,0.0053,0.0111,0.0122,0.0110,0.0000,0.0194
OAK,to,1118,21,0.0249,0.0246,0.0188,0.0213,0.0204,0.0201,0.0187,0.0259
OAK,to,1119,21,0.0317,0.0342,0.0088,0.0195,0.0193,0.0183,0.0000,0.0302
OAK,to,1120,21,0.0052,0.0035,0.0129,0.0097,0.0102,0.0092,0.0125,0.0065
OAK,to,1121,21,0.0522,0.0307,0.1893,0.1348,0.1314,0.1337,0.2087,0.0615
OAK,to,1122,21,0.0788,0.0318,0.3798,0.2572,0.2495,0.2601,0.4361,0.1036
OAK,to,1123,21,0.0171,0.0186,0.0046,0.0097,0.0112,0.0092,0.0000,0.0151
OAK,to,1124,21,0.0309,0.0312,0.0196,0.0250,0.0234,0.0220,0.0187,0.0302
OAK,to,1125,21,0.0278,0.0302,0.0076,0.0162,0.0153,0.0165,0.0000,0.0259
OAK,to,1126,21,0.0430,0.0464,0.0118,0.0250,0.0255,0.0220,0.0062,0.0421
OAK,to,1127,21,0.0333,0.0358,0.0091,0.0195,0.0193,0.0201,0.0031,0.0324
OAK,to,1128,21,0.0209,0.0227,0.0056,0.0116,0.0122,0.0128,0.0000,0.0205
OAK,to,1129,21,0.0253,0.0255,0.0178,0.0213,0.0204,0.0201,0.0187,0.0259
OAK,to,1130,21,0.0199,0.0218,0.0054,0.0116,0.0122,0.0128,0.0000,0.0194
OAK,to,1131,21,0.0484,0.0520,0.0134,0.0273,0.0295,0.0256,0.0062,0.0464
OAK,to,1132,22,0.0384,0.0372,0.0150,0.0261,0.0246,0.0247,0.0061,0.0384
OAK,to,1133,22,0.0474,0.0460,0.0195,0.0325,0.0331,0.0282,0.0091,0.0472
OAK,to,1134,22,0.0580,0.0257,0.2715,0.1747,0.1568,0.1640,0.2515,0.0758
OAK,to,1135,22,0.0256,0.0248,0.0103,0.0174,0.0179,0.0159,0.0000,0.0256
OAK,to,1136,22,0.0272,0.0198,0.0635,0.0466,0.0425,0.0459,0.0576,0.0315
OAK,to,1137,22,0.0315,0.0328,0.0381,0.0348,0.0359,0.0370,0.0455,0.0315
OAK,to,1138,22,0.0423,0.0410,0.0172,0.0279,0.0293,0.0247,0.0061,0.0423
OAK,to,1139,22,0.0304,0.0296,0.0123,0.0210,0.0189,0.0194,0.0030,0.0305
OAK,to,1140,22,0.0237,0.0286,0.0085,0.0146,0.0179,0.0194,0.0182,0.0207
OAK,to,1141,22,0.0414,0.0401,0.0170,0.0274,0.0283,0.0247,0.0061,0.0413
OAK,to,1142,22,0.0304,0.0262,0.0390,0.0348,0.0340,0.0353,0.0333,0.0325
OAK,to,1143,22,0.0302,0.0408,0.0099,0.0192,0.0236,0.0247,0.0333,0.0256
OAK,to,1144,22,0.0282,0.0272,0.0117,0.0192,0.0189,0.0194,0.0030,0.0285
OAK,to,1145,22,0.0320,0.0530,0.0550,0.0444,0.0538,0.0600,0.1152,0.0236
OAK,to,1146,22,0.0051,0.0049,0.0016,0.0032,0.0028,0.0018,0.0000,0.0049
OAK,to,1147,22,0.0410,0.0399,0.0169,0.0274,0.0283,0.0247,0.0061,0.0413
OAK,to,1148,22,0.0101,0.0154,0.0031,0.0059,0.0076,0.0088,0.0152,0.0079
OAK,to,1149,22,0.0265,0.0257,0.0108,0.0187,0.0179,0.0159,0.0000,0.0256
OAK,to,1150,22,0.0385,0.0308,0.0684,0.0549,0.0529,0.0529,0.0576,0.0423
OAK,to,1151,22,0.0495,0.0534,0.0193,0.0329,0.0349,0.0353,0.0212,0.0463
OAK,to,1152,22,0.0405,0.0447,0.0150,0.0270,0.0302,0.0265,0.0212,0.0384
OAK,to,1153,22,0.0328,0.0318,0.0132,0.0215,0.0198,0.0194,0.0061,0.0325
OAK,to,1154,22,0.0589,0.0572,0.0238,0.0393,0.0397,0.0353,0.0121,0.0591
OAK,to,1155,22,0.0142,0.0138,0.0057,0.0096,0.0104,0.0088,0.0000,0.0138
OAK,to,1156,22,0.0274,0.0266,0.0108,0.0192,0.0179,0.0176,0.0030,0.0276
OAK,to,1157,22,0.0168,0.0163,0.0066,0.0114,0.0113,0.0123,0.0000,0.0177
OAK,to,1158,22,0.0375,0.0364,0.0150,0.0256,0.0236,0.0212,0.0061,0.0384
OAK,to,1159,22,0.0663,0.0721,0.1837,0.1303,0.1303,0.1393,0.2303,0.0659
OAK,to,1160,22,0.0485,0.0582,0.0177,0.0325,0.0368,0.0370,0.0333,0.0433
OAK,to,1161,23,0.0768,0.0805,0.0239,0.0528,0.0552,0.0489,0.0175,0.0753
OAK,to,1162,23,0.0065,0.0068,0.0019,0.0044,0.0034,0.0044,0.0000,0.0068
OAK,to,1163,23,0.0277,0.0290,0.0082,0.0191,0.0191,0.0178,0.0000,0.0274
OAK,to,1164,23,0.0470,0.0492,0.0143,0.0321,0.0338,0.0311,0.0087,0.0468
OAK,to,1165,23,0.0564,0.0593,0.0174,0.0392,0.0405,0.0356,0.0131,0.0559
OAK,to,1166,23,0.0867,0.0908,0.0268,0.0605,0.0631,0.0578,0.0175,0.0855
OAK,to,1167,23,0.0797,0.0838,0.0246,0.0539,0.0574,0.0511,0.0175,0.0787
OAK,to,1168,23,0.1153,0.0854,0.4633,0.2707,0.2556,0.2844,0.5066,0.1254
OAK,to,1169,23,0.0485,0.0471,0.0781,0.0621,0.0619,0.0622,0.0873,0.0490
OAK,to,1170,23,0.0481,0.0568,0.0314,0.0403,0.0439,0.0444,0.0524,0.0445
OAK,to,1171,23,0.0781,0.0675,0.1762,0.1220,0.1194,0.1267,0.1834,0.0821
OAK,to,1172,23,0.0384,0.0404,0.0116,0.0267,0.0259,0.0244,0.0087,0.0376
OAK,to,1173,23,0.0290,0.0305,0.0089,0.0207,0.0214,0.0200,0.0000,0.0274
OAK,to,1174,23,0.0372,0.0389,0.0116,0.0256,0.0236,0.0244,0.0044,0.0365
OAK,to,1175,23,0.0757,0.0777,0.0561,0.0675,0.0676,0.0689,0.0524,0.0741
OAK,to,1176,23,0.1490,0.1563,0.0457,0.1024,0.1081,0.0978,0.0306,0.1471
OAK,to,1177,24,0.0820,0.0808,0.0561,0.0759,0.0774,0.0711,0.0411,0.0827
OAK,to,1178,24,0.2164,0.2067,0.2614,0.2348,0.2322,0.2301,0.2466,0.2231
OAK,to,1179,24,0.0394,0.0386,0.0271,0.0354,0.0356,0.0377,0.0000,0.0406
OAK,to,1180,24,0.0296,0.0290,0.0203,0.0273,0.0272,0.0293,0.0000,0.0296
OAK,to,1181,24,0.0017,0.0015,0.0000,0.0000,0.0000,0.0000,0.0000,0.0000
OAK,to,1182,24,0.0475,0.0470,0.0333,0.0425,0.0418,0.0460,0.0137,0.0484
OAK,to,1183,24,0.0142,0.0141,0.0086,0.0121,0.0105,0.0126,0.0000,0.0140
OAK,to,1184,24,0.0314,0.0306,0.0210,0.0273,0.0293,0.0293,0.0000,0.0328
OAK,to,1185,24,0.0727,0.0718,0.0499,0.0678,0.0711,0.0628,0.0274,0.0733
OAK,to,1186,24,0.1044,0.1028,0.0727,0.0962,0.0941,0.0921,0.0548,0.1061
OAK,to,1187,24,0.0359,0.0356,0.0240,0.0314,0.0314,0.0293,0.0000,0.0374
OAK,to,1188,24,0.0117,0.0115,0.0068,0.0111,0.0084,0.0084,0.0000,0.0125
OAK,to,1189,24,0.0281,0.0628,0.0068,0.0192,0.0418,0.0586,0.2603,0.0109
OAK,to,1190,24,0.0021,0.0017,0.0000,0.0000,0.0000,0.0000,0.0000,0.0016
OAK,to,1191,24,0.0035,0.0034,0.0018,0.0020,0.0000,0.0000,0.0000,0.0031
OAK,to,1192,24,0.0228,0.0225,0.0154,0.0202,0.0230,0.0167,0.0000,0.0218
OAK,to,1193,24,0.0091,0.0088,0.0055,0.0081,0.0063,0.0084,0.0000,0.0094
OAK,to,1194,24,0.0195,0.0193,0.0136,0.0172,0.0167,0.0167,0.0000,0.0187
OAK,to,1195,24,0.0750,0.0738,0.0512,0.0698,0.0732,0.0628,0.0411,0.0764
OAK,to,1196,24,0.0214,0.0212,0.0154,0.0192,0.0209,0.0167,0.0000,0.0218
OAK,to,1197,24,0.0016,0.0015,0.0000,0.0000,0.0000,0.0000,0.0000,0.0000
OAK,to,1198,24,0.0071,0.0070,0.0049,0.0051,0.0042,0.0000,0.0000,0.0078
OAK,to,1199,24,0.0031,0.0031,0.0018,0.0010,0.0000,0.0000,0.0000,0.0031
OAK,to,1200,24,0.0358,0.0354,0.0240,0.0314,0.0314,0.0293,0.0000,0.0374
OAK,to,1201,24,0.0155,0.0154,0.0111,0.0132,0.0105,0.0167,0.0000,0.0156
OAK,to,1202,24,0.0112,0.0110,0.0068,0.0101,0.0084,0.0084,0.0000,0.0109
OAK,to,1203,24,0.0021,0.0019,0.0000,0.0000,0.0000,0.0000,0.0000,0.0016
OAK,to,1204,24,0.0011,0.0011,0.0000,0.0000,0.0000,0.0000,0.0000,0.0000
OAK,to,1205,24,0.0170,0.0102,0.1227,0.0547,0.0439,0.0502,0.1507,0.0187
OAK,to,1206,24,0.0053,0.0016,0.0604,0.0233,0.0230,0.0251,0.0822,0.0062
OAK,to,1207,24,0.0178,0.0143,0.0691,0.0354,0.0314,0.0377,0.0822,0.0187
OAK,to,1208,24,0.0031,0.0031,0.0018,0.0010,0.0000,0.0000,0.0000,0.0031
OAK,to,1209,24,0.0083,0.0084,0.0049,0.0071,0.0063,0.0042,0.0000,0.0094
OAK,to,1210,24,0.0026,0.0025,0.0012,0.0000,0.0000,0.0000,0.0000,0.0031
OAK,to,1211,25,0.0406,0.0607,0.0140,0.0155,0.0323,0.0656,0.1290,0.0294
OAK,to,1212,25,0.0365,0.0321,0.0532,0.0543,0.0387,0.0492,0.0000,0.0389
OAK,to,1213,25,0.0235,0.0227,0.0106,0.0155,0.0129,0.0000,0.0000,0.0240
OAK,to,1214,25,0.0430,0.0314,0.1345,0.1008,0.0903,0.0984,0.1290,0.0497
OAK,to,1215,25,0.0369,0.0355,0.0179,0.0155,0.0258,0.0328,0.0000,0.0377
OAK,to,1216,25,0.0403,0.0390,0.0187,0.0310,0.0258,0.0328,0.0000,0.0413
OAK,to,1217,25,0.0510,0.0494,0.0243,0.0388,0.0323,0.0492,0.0000,0.0521
OAK,to,1218,25,0.0558,0.0536,0.0264,0.0465,0.0452,0.0492,0.0000,0.0575
OAK,to,1219,25,0.0246,0.0239,0.0119,0.0155,0.0194,0.0000,0.0000,0.0258
OAK,to,1220,25,0.0938,0.0906,0.0456,0.0853,0.0839,0.0656,0.0000,0.0965
OAK,to,1221,25,0.0237,0.0230,0.0111,0.0155,0.0194,0.0000,0.0000,0.0246
OAK,to,1222,25,0.0271,0.0474,0.0077,0.0155,0.0258,0.0328,0.0968,0.0156
OAK,to,1223,25,0.0063,0.0024,0.0379,0.0155,0.0129,0.0000,0.0000,0.0084
OAK,to,1224,25,0.0023,0.0022,0.0009,0.0000,0.0000,0.0000,0.0000,0.0024
OAK,to,1225,25,0.0020,0.0018,0.0000,0.0000,0.0000,0.0000,0.0000,0.0018
OAK,to,1226,25,0.0024,0.0022,0.0009,0.0000,0.0000,0.0000,0.0000,0.0024
OAK,to,1227,25,0.0158,0.0153,0.0077,0.0000,0.0000,0.0000,0.0000,0.0156
OAK,to,1228,25,0.0086,0.0081,0.0038,0.0000,0.0000,0.0000,0.0000,0.0084
OAK,to,1229,25,0.0026,0.0022,0.0009,0.0000,0.0000,0.0000,0.0000,0.0030
OAK,to,1230,25,0.0773,0.0681,0.1086,0.1163,0.0968,0.1148,0.1290,0.0827
OAK,to,1231,25,0.0166,0.0161,0.0081,0.0000,0.0000,0.0000,0.0000,0.0168
OAK,to,1232,25,0.0022,0.0020,0.0009,0.0000,0.0000,0.0000,0.0000,0.0024
OAK,to,1233,25,0.0201,0.0193,0.0106,0.0078,0.0129,0.0000,0.0000,0.0204
OAK,to,1234,25,0.0060,0.0022,0.0375,0.0155,0.0129,0.0000,0.0000,0.0072
OAK,to,1235,25,0.0020,0.0020,0.0000,0.0000,0.0000,0.0000,0.0000,0.0018
OAK,to,1236,25,0.0030,0.0024,0.0013,0.0000,0.0000,0.0000,0.0000,0.0030
OAK,to,1237,25,0.0045,0.0042,0.0013,0.0000,0.0000,0.0000,0.0000,0.0048
OAK,to,1238,25,0.0002,0.0000,0.0000,0.0000,0.0000,0.0000,0.0000,0.0000
OAK,to,1239,25,0.0387,0.0378,0.0187,0.0233,0.0258,0.0328,0.0000,0.0395
OAK,to,1240,25,0.0363,0.0319,0.0532,0.0465,0.0387,0.0492,0.0000,0.0389
OAK,to,1241,25,0.0012,0.0008,0.0000,0.0000,0.0000,0.0000,0.0000,0.0012
OAK,to,1242,25,0.0204,0.0193,0.0106,0.0078,0.0129,0.0000,0.0000,0.0204
OAK,to,1243,25,0.0386,0.0482,0.1243,0.0853,0.0968,0.1148,0.2258,0.0324
OAK,to,1244,25,0.0416,0.0403,0.0204,0.0310,0.0323,0.0328,0.0000,0.0431
OAK,to,1245,25,0.0523,0.0442,0.0958,0.0853,0.0839,0.0656,0.0968,0.0575
OAK,to,1246,25,0.1021,0.1176,0.0809,0.1163,0.1226,0.1148,0.1935,0.0929
OAK,to,1247,26,0.0366,0.0369,0.0129,0.0000,0.0000,0.0000,0.0000,0.0348
OAK,to,1248,26,0.0393,0.0398,0.0134,0.0000,0.0000,0.0000,0.0000,0.0377
OAK,to,1249,26,0.0894,0.1964,0.0672,0.0877,0.1765,0.1923,0.2692,0.0493
OAK,to,1250,26,0.0027,0.0014,0.0000,0.0000,0.0000,0.0000,0.0000,0.0029
OAK,to,1251,26,0.0264,0.0263,0.0075,0.0000,0.0000,0.0000,0.0000,0.0261
OAK,to,1252,26,0.0040,0.0043,0.0011,0.0000,0.0000,0.0000,0.0000,0.0029
OAK,to,1253,26,0.0070,0.0062,0.0016,0.0000,0.0000,0.0000,0.0000,0.0073
OAK,to,1254,26,0.0280,0.0283,0.0086,0.0000,0.0000,0.0000,0.0000,0.0276
OAK,to,1255,26,0.0163,0.0163,0.0048,0.0000,0.0000,0.0000,0.0000,0.0160
OAK,to,1256,26,0.0053,0.0057,0.0016,0.0000,0.0000,0.0000,0.0000,0.0058
OAK,to,1257,26,0.0032,0.0019,0.0000,0.0000,0.0000,0.0000,0.0000,0.0029
OAK,to,1258,26,0.0013,0.0014,0.0000,0.0000,0.0000,0.0000,0.0000,0.0000
OAK,to,1259,26,0.0016,0.0014,0.0000,0.0000,0.0000,0.0000,0.0000,0.0015
OAK,to,1260,26,0.0013,0.0010,0.0000,0.0000,0.0000,0.0000,0.0000,0.0000
OAK,to,1261,26,0.0142,0.0144,0.0043,0.0000,0.0000,0.0000,0.0000,0.0131
OAK,to,1262,26,0.0013,0.0010,0.0000,0.0000,0.0000,0.0000,0.0000,0.0000
OAK,to,1263,26,0.0013,0.0010,0.0000,0.0000,0.0000,0.0000,0.0000,0.0000
OAK,to,1264,26,0.0120,0.0014,0.0602,0.0351,0.0441,0.0385,0.0000,0.0174
OAK,to,1265,26,0.0200,0.0014,0.1119,0.0877,0.0735,0.1154,0.1154,0.0305
OAK,to,1266,26,0.0040,0.0043,0.0011,0.0000,0.0000,0.0000,0.0000,0.0029
OAK,to,1267,26,0.0225,0.0230,0.0065,0.0000,0.0000,0.0000,0.0000,0.0203
OAK,to,1268,26,0.0625,0.0642,0.0199,0.0351,0.0441,0.0000,0.0000,0.0610
OAK,to,1269,26,0.0664,0.0378,0.1910,0.2281,0.1912,0.2308,0.1923,0.0827
OAK,to,1270,26,0.0543,0.0546,0.0178,0.0175,0.0294,0.0000,0.0000,0.0522
OAK,to,1271,26,0.0597,0.0608,0.0183,0.0351,0.0294,0.0000,0.0000,0.0581
OAK,to,1272,26,0.0000,0.0000,0.0000,0.0000,0.0000,0.0000,0.0000,0.0000
OAK,to,1273,26,0.0291,0.0302,0.0097,0.0000,0.0000,0.0000,0.0000,0.0290
OAK,to,1274,26,0.0035,0.0029,0.0000,0.0000,0.0000,0.0000,0.0000,0.0029
OAK,to,1275,26,0.0085,0.0081,0.0016,0.0000,0.0000,0.0000,0.0000,0.0087
OAK,to,1276,26,0.0118,0.0115,0.0027,0.0000,0.0000,0.0000,0.0000,0.0116
OAK,to,1277,26,0.0283,0.0292,0.0097,0.0000,0.0000,0.0000,0.0000,0.0276
OAK,to,1278,26,0.0155,0.0163,0.0043,0.0000,0.0000,0.0000,0.0000,0.0145
OAK,to,1279,26,0.0359,0.0172,0.1248,0.1404,0.1176,0.1538,0.1538,0.0479
OAK,to,1280,26,0.0647,0.0297,0.2329,0.2807,0.2206,0.2692,0.2692,0.0871
OAK,to,1281,26,0.0026,0.0014,0.0000,0.0000,0.0000,0.0000,0.0000,0.0029
OAK,to,1282,26,0.0618,0.0623,0.0199,0.0351,0.0441,0.0000,0.0000,0.0595
OAK,to,1283,26,0.0046,0.0048,0.0011,0.0000,0.0000,0.0000,0.0000,0.0044
OAK,to,1284,26,0.0193,0.0192,0.0048,0.0000,0.0000,0.0000,0.0000,0.0174
OAK,to,1285,26,0.0281,0.0287,0.0086,0.0000,0.0000,0.0000,0.0000,0.0276
OAK,to,1286,26,0.0251,0.0259,0.0070,0.0000,0.0000,0.0000,0.0000,0.0261
OAK,to,1287,26,0.0093,0.0091,0.0016,0.0000,0.0000,0.0000,0.0000,0.0102
OAK,to,1288,26,0.0514,0.0522,0.0167,0.0175,0.0294,0.0000,0.0000,0.0493
OAK,to,1289,26,0.0034,0.0029,0.0000,0.0000,0.0000,0.0000,0.0000,0.0029
OAK,to,1290,26,0.0168,0.0172,0.0048,0.0000,0.0000,0.0000,0.0000,0.0174
OAK,to,1291,27,0.0043,0.0048,0.0005,0.0000,0.0000,0.0000,0.0000,0.0039
OAK,to,1292,27,0.1177,0.1254,0.0881,0.1008,0.0913,0.1038,0.0909,0.1160
OAK,to,1293,27,0.0543,0.0836,0.0081,0.0126,0.0166,0.0189,0.0000,0.0436
OAK,to,1294,27,0.0165,0.0216,0.0023,0.0000,0.0000,0.0000,0.0000,0.0148
OAK,to,1295,27,0.0541,0.0598,0.0361,0.0420,0.0456,0.0377,0.0260,0.0514
OAK,to,1296,27,0.0472,0.0627,0.0074,0.0084,0.0124,0.0094,0.0000,0.0405
OAK,to,1297,27,0.0386,0.0447,0.0210,0.0210,0.0207,0.0189,0.0000,0.0350
OAK,to,1298,27,0.0157,0.0084,0.0309,0.0210,0.0207,0.0283,0.0260,0.0187
OAK,to,1299,27,0.0535,0.0048,0.1645,0.1345,0.1452,0.1321,0.1818,0.0770
OAK,to,1300,27,0.0147,0.0187,0.0020,0.0000,0.0000,0.0000,0.0000,0.0125
OAK,to,1301,27,0.0579,0.0125,0.1622,0.1345,0.1452,0.1321,0.1558,0.0809
OAK,to,1302,27,0.0587,0.0766,0.0096,0.0168,0.0166,0.0189,0.0000,0.0506
OAK,to,1303,27,0.0441,0.0583,0.0070,0.0084,0.0124,0.0094,0.0000,0.0381
OAK,to,1304,27,0.0556,0.0605,0.0384,0.0462,0.0498,0.0377,0.0390,0.0537
OAK,to,1305,27,0.0041,0.0048,0.0005,0.0000,0.0000,0.0000,0.0000,0.0031
OAK,to,1306,27,0.0820,0.1159,0.0238,0.0378,0.0456,0.0377,0.0260,0.0693
OAK,to,1307,27,0.1918,0.1595,0.3121,0.3109,0.2946,0.3113,0.3636,0.2070
OAK,to,1308,27,0.0893,0.0774,0.0855,0.1050,0.0830,0.1038,0.0909,0.0840
OAK,to,1309,28,0.0631,0.0922,0.0224,0.0134,0.0189,0.0161,0.0000,0.0529
OAK,to,1310,28,0.0696,0.0656,0.0694,0.0738,0.0755,0.0645,0.0714,0.0691
OAK,to,1311,28,0.2377,0.2592,0.1914,0.2081,0.2138,0.1935,0.1964,0.2265
OAK,to,1312,28,0.0345,0.0287,0.0384,0.0268,0.0314,0.0323,0.0357,0.0353
OAK,to,1313,28,0.2193,0.1506,0.2923,0.2953,0.2767,0.3226,0.3036,0.2412
OAK,to,1314,28,0.1151,0.1455,0.0678,0.0738,0.0755,0.0645,0.0714,0.1044
OAK,to,1315,28,0.0998,0.0768,0.1222,0.1275,0.1195,0.1129,0.1250,0.1059
OAK,to,1316,28,0.0451,0.1311,0.0043,0.0000,0.0063,0.0000,0.0000,0.0265
OAK,to,1317,28,0.1159,0.0502,0.1918,0.1812,0.1824,0.1935,0.1964,0.1382
OAK,to,1318,29,0.0412,0.0368,0.0478,0.0450,0.0450,0.0511,0.0488,0.0435
OAK,to,1319,29,0.0298,0.0297,0.0095,0.0173,0.0150,0.0146,0.0000,0.0303
OAK,to,1320,29,0.0318,0.0382,0.0214,0.0277,0.0360,0.0292,0.0488,0.0278
OAK,to,1321,29,0.0240,0.0238,0.0077,0.0138,0.0150,0.0146,0.0000,0.0246
OAK,to,1322,29,0.0343,0.0323,0.0240,0.0311,0.0330,0.0292,0.0000,0.0357
OAK,to,1323,29,0.0630,0.0354,0.2432,0.1626,0.1471,0.1460,0.2073,0.0770
OAK,to,1324,29,0.0247,0.0164,0.0746,0.0519,0.0450,0.0511,0.0732,0.0292
OAK,to,1325,29,0.0622,0.0528,0.0927,0.0865,0.0751,0.0803,0.0854,0.0678
OAK,to,1326,29,0.0361,0.0356,0.0117,0.0277,0.0240,0.0219,0.0000,0.0371
OAK,to,1327,29,0.0278,0.0274,0.0087,0.0138,0.0150,0.0146,0.0000,0.0282
OAK,to,1328,29,0.0358,0.0323,0.0367,0.0381,0.0360,0.0292,0.0244,0.0382
OAK,to,1329,29,0.0228,0.0229,0.0073,0.0104,0.0120,0.0146,0.0000,0.0232
OAK,to,1330,29,0.0230,0.0229,0.0073,0.0104,0.0120,0.0146,0.0000,0.0232
OAK,to,1331,29,0.0140,0.0139,0.0050,0.0069,0.0060,0.0000,0.0000,0.0143
OAK,to,1332,29,0.0366,0.0419,0.0341,0.0381,0.0390,0.0365,0.0488,0.0335
OAK,to,1333,29,0.0223,0.0217,0.0073,0.0069,0.0120,0.0146,0.0000,0.0225
OAK,to,1334,29,0.0260,0.0257,0.0085,0.0138,0.0150,0.0146,0.0000,0.0267
OAK,to,1335,29,0.0343,0.0339,0.0113,0.0242,0.0210,0.0219,0.0000,0.0350
OAK,to,1336,29,0.0895,0.0872,0.0409,0.0727,0.0661,0.0657,0.0244,0.0917
OAK,to,1337,29,0.0388,0.0473,0.0828,0.0657,0.0601,0.0803,0.1220,0.0328
OAK,to,1338,29,0.0153,0.0152,0.0050,0.0069,0.0090,0.0000,0.0000,0.0157
OAK,to,1339,29,0.0257,0.0253,0.0083,0.0138,0.0150,0.0146,0.0000,0.0267
OAK,to,1340,29,0.0337,0.0332,0.0109,0.0242,0.0210,0.0219,0.0000,0.0342
OAK,to,1341,29,0.0433,0.0513,0.0123,0.0311,0.0360,0.0292,0.0244,0.0385
OAK,to,1342,29,0.0423,0.0630,0.0447,0.0450,0.0571,0.0657,0.1098,0.0292
OAK,to,1343,29,0.0111,0.0109,0.0038,0.0000,0.0030,0.0000,0.0000,0.0114
OAK,to,1344,29,0.0025,0.0024,0.0006,0.0000,0.0000,0.0000,0.0000,0.0025
OAK,to,1345,29,0.0115,0.0114,0.0038,0.0000,0.0060,0.0000,0.0000,0.0118
OAK,to,1346,29,0.0262,0.0259,0.0085,0.0138,0.0150,0.0146,0.0000,0.0267
OAK,to,1347,29,0.0702,0.0834,0.1193,0.1003,0.1081,0.1095,0.1829,0.0610
OAK,to,1348,30,0.0137,0.0034,0.0603,0.0449,0.0382,0.0407,0.0600,0.0187
OAK,to,1349,30,0.0157,0.0098,0.0381,0.0299,0.0286,0.0317,0.0400,0.0187
OAK,to,1350,30,0.0374,0.0513,0.0078,0.0214,0.0248,0.0271,0.0267,0.0306
OAK,to,1351,30,0.0204,0.0208,0.0049,0.0085,0.0095,0.0090,0.0000,0.0203
OAK,to,1352,30,0.0330,0.0340,0.0081,0.0192,0.0210,0.0181,0.0000,0.0325
OAK,to,1353,30,0.0357,0.0366,0.0088,0.0214,0.0229,0.0181,0.0000,0.0355
OAK,to,1354,30,0.0556,0.0569,0.0137,0.0321,0.0324,0.0317,0.0000,0.0553
OAK,to,1355,30,0.0041,0.0041,0.0009,0.0000,0.0000,0.0000,0.0000,0.0038
OAK,to,1356,30,0.0153,0.0158,0.0038,0.0043,0.0057,0.0045,0.0000,0.0152
OAK,to,1357,30,0.0180,0.0187,0.0045,0.0064,0.0076,0.0090,0.0000,0.0179
OAK,to,1358,30,0.0272,0.0278,0.0066,0.0150,0.0153,0.0136,0.0000,0.0268
OAK,to,1359,30,0.0200,0.0186,0.0164,0.0192,0.0191,0.0181,0.0133,0.0209
OAK,to,1360,30,0.0015,0.0014,0.0003,0.0000,0.0000,0.0000,0.0000,0.0016
OAK,to,1361,30,0.0126,0.0237,0.0128,0.0107,0.0153,0.0181,0.0400,0.0065
OAK,to,1362,30,0.0017,0.0017,0.0003,0.0000,0.0000,0.0000,0.0000,0.0019
OAK,to,1363,30,0.0426,0.0683,0.0877,0.0748,0.0821,0.0905,0.1533,0.0293
OAK,to,1364,30,0.0051,0.0053,0.0011,0.0000,0.0000,0.0000,0.0000,0.0052
OAK,to,1365,30,0.0352,0.0249,0.0694,0.0577,0.0553,0.0543,0.0667,0.0404
OAK,to,1366,30,0.0816,0.0851,0.0768,0.0897,0.0821,0.0814,0.0800,0.0784
OAK,to,1367,30,0.0340,0.0305,0.0312,0.0363,0.0324,0.0317,0.0267,0.0358
OAK,to,1368,30,0.0450,0.0830,0.0179,0.0278,0.0401,0.0498,0.0800,0.0258
OAK,to,1369,30,0.0391,0.0272,0.0794,0.0662,0.0668,0.0633,0.0733,0.0450
OAK,to,1370,30,0.0295,0.0303,0.0072,0.0171,0.0153,0.0181,0.0000,0.0293
OAK,to,1371,30,0.0217,0.0221,0.0054,0.0085,0.0095,0.0090,0.0000,0.0211
OAK,to,1372,30,0.0162,0.0165,0.0039,0.0043,0.0076,0.0045,0.0000,0.0163
OAK,to,1373,30,0.0067,0.0028,0.0243,0.0171,0.0153,0.0181,0.0267,0.0089
OAK,to,1374,30,0.0049,0.0030,0.0126,0.0043,0.0057,0.0090,0.0067,0.0057
OAK,to,1375,30,0.0158,0.0163,0.0038,0.0043,0.0057,0.0045,0.0000,0.0155
OAK,to,1376,30,0.0590,0.0158,0.2589,0.1902,0.1737,0.1719,0.2400,0.0813
OAK,to,1377,30,0.0052,0.0053,0.0011,0.0000,0.0000,0.0000,0.0000,0.0052
OAK,to,1378,30,0.0058,0.0039,0.0128,0.0064,0.0076,0.0090,0.0067,0.0065
OAK,to,1379,30,0.0104,0.0085,0.0139,0.0107,0.0095,0.0090,0.0067,0.0114
OAK,to,1380,30,0.0315,0.0278,0.0321,0.0363,0.0305,0.0317,0.0267,0.0334
OAK,to,1381,30,0.0211,0.0216,0.0052,0.0085,0.0095,0.0090,0.0000,0.0209
OAK,to,1382,30,0.0310,0.0318,0.0076,0.0171,0.0191,0.0181,0.0000,0.0309
OAK,to,1383,30,0.0344,0.0352,0.0084,0.0192,0.0229,0.0181,0.0000,0.0342
OAK,to,1384,30,0.0232,0.0237,0.0058,0.0107,0.0095,0.0090,0.0000,0.0228
OAK,to,1385,30,0.0214,0.0174,0.0297,0.0278,0.0248,0.0226,0.0267,0.0236
OAK,to,1386,30,0.0131,0.0135,0.0034,0.0043,0.0057,0.0000,0.0000,0.0130
OAK,to,1387,30,0.0285,0.0292,0.0070,0.0171,0.0153,0.0136,0.0000,0.0282
OAK,to,1388,30,0.0259,0.0264,0.0063,0.0107,0.0134,0.0136,0.0000,0.0258
OAK,to,1389,31,0.1256,0.1353,0.3107,0.2947,0.2906,0.3256,0.4615,0.1341
OAK,to,1390,31,0.0146,0.0142,0.0050,0.0000,0.0000,0.0000,0.0000,0.0134
OAK,to,1391,31,0.0113,0.0044,0.0446,0.0211,0.0256,0.0000,0.0000,0.0156
OAK,to,1392,31,0.0525,0.0514,0.0202,0.0211,0.0256,0.0000,0.0000,0.0503
OAK,to,1393,31,0.0423,0.0419,0.0161,0.0105,0.0171,0.0000,0.0000,0.0402
OAK,to,1394,31,0.1069,0.1341,0.0384,0.0526,0.0684,0.0930,0.0385,0.0939
OAK,to,1395,31,0.1078,0.1230,0.1190,0.1368,0.1282,0.1628,0.1923,0.1050
OAK,to,1396,31,0.1669,0.1653,0.0649,0.1158,0.1026,0.0930,0.0000,0.1609
OAK,to,1397,31,0.0549,0.0483,0.0620,0.0526,0.0427,0.0698,0.0385,0.0570
OAK,to,1398,31,0.0447,0.0435,0.0174,0.0105,0.0171,0.0000,0.0000,0.0436
OAK,to,1399,31,0.0304,0.0237,0.0500,0.0316,0.0342,0.0465,0.0000,0.0346
OAK,to,1400,31,0.0738,0.0609,0.1050,0.1158,0.1026,0.0930,0.1154,0.0804
OAK,to,1401,31,0.0664,0.0661,0.0256,0.0211,0.0256,0.0233,0.0000,0.0637
OAK,to,1402,31,0.0423,0.0423,0.0161,0.0105,0.0171,0.0000,0.0000,0.0402
OAK,to,1403,31,0.0598,0.0455,0.1050,0.1053,0.1026,0.0930,0.1538,0.0670
OAK,to,1404,32,0.0577,0.0522,0.0279,0.0222,0.0367,0.0444,0.0000,0.0622
OAK,to,1405,32,0.0359,0.0328,0.0197,0.0222,0.0183,0.0000,0.0000,0.0385
OAK,to,1406,32,0.0401,0.0367,0.0205,0.0222,0.0275,0.0000,0.0000,0.0434
OAK,to,1407,32,0.0668,0.0449,0.2635,0.1444,0.1284,0.1556,0.1600,0.0809
OAK,to,1408,32,0.1683,0.2072,0.1880,0.1889,0.1927,0.2444,0.3600,0.1392
OAK,to,1409,32,0.1322,0.1521,0.0567,0.1222,0.1193,0.1111,0.1600,0.1185
OAK,to,1410,32,0.0318,0.0287,0.0156,0.0111,0.0183,0.0000,0.0000,0.0326
OAK,to,1411,32,0.0937,0.0855,0.0468,0.0778,0.0734,0.0667,0.0000,0.0997
OAK,to,1412,32,0.1511,0.1686,0.0665,0.1222,0.1376,0.1556,0.1600,0.1392
OAK,to,1413,32,0.0635,0.0454,0.2143,0.1222,0.1101,0.1111,0.1600,0.0750
OAK,to,1414,32,0.1591,0.1458,0.0805,0.1444,0.1376,0.1111,0.0000,0.1708
OAK,to,1415,33,0.0366,0.0269,0.0644,0.0586,0.0513,0.0522,0.0674,0.0420
OAK,to,1416,33,0.0139,0.0092,0.0304,0.0241,0.0192,0.0224,0.0225,0.0167
OAK,to,1417,33,0.0068,0.0024,0.0279,0.0172,0.0160,0.0149,0.0225,0.0098
OAK,to,1418,33,0.0320,0.0266,0.0381,0.0379,0.0385,0.0299,0.0337,0.0342
OAK,to,1419,33,0.0227,0.0217,0.0086,0.0069,0.0096,0.0075,0.0000,0.0223
OAK,to,1420,33,0.0850,0.0980,0.0296,0.0483,0.0609,0.0522,0.0449,0.0771
OAK,to,1421,33,0.0828,0.0912,0.1570,0.1448,0.1410,0.1493,0.1910,0.0843
OAK,to,1422,33,0.0648,0.0774,0.0224,0.0379,0.0417,0.0448,0.0337,0.0578
OAK,to,1423,33,0.0663,0.0615,0.0386,0.0448,0.0481,0.0522,0.0225,0.0664
OAK,to,1424,33,0.0335,0.0484,0.0099,0.0138,0.0224,0.0299,0.0225,0.0270
OAK,to,1425,33,0.0905,0.0476,0.2789,0.2207,0.2051,0.1940,0.2697,0.1164
OAK,to,1426,33,0.0842,0.0931,0.0554,0.0655,0.0641,0.0672,0.0674,0.0792
OAK,to,1427,33,0.0670,0.0609,0.0480,0.0586,0.0513,0.0522,0.0337,0.0681
OAK,to,1428,33,0.0160,0.0111,0.0311,0.0241,0.0224,0.0299,0.0225,0.0184
OAK,to,1429,33,0.0386,0.0505,0.0259,0.0310,0.0385,0.0299,0.0449,0.0334
OAK,to,1430,33,0.0483,0.0773,0.0138,0.0276,0.0385,0.0373,0.0562,0.0360
OAK,to,1431,33,0.0634,0.0612,0.0242,0.0379,0.0385,0.0299,0.0000,0.0625
OAK,to,1432,33,0.0495,0.0413,0.0581,0.0586,0.0513,0.0522,0.0449,0.0527
OAK,to,1433,33,0.0280,0.0269,0.0109,0.0103,0.0128,0.0149,0.0000,0.0274
OAK,to,1434,33,0.0394,0.0374,0.0150,0.0172,0.0160,0.0224,0.0000,0.0381
OAK,to,1435,33,0.0307,0.0294,0.0118,0.0138,0.0128,0.0149,0.0000,0.0304
OAK,to,1436,34,0.0604,0.0763,0.0200,0.0273,0.0302,0.0345,0.0000,0.0530
OAK,to,1437,34,0.0793,0.1158,0.0427,0.0601,0.0653,0.0805,0.0784,0.0661
OAK,to,1438,34,0.0962,0.0675,0.2634,0.2404,0.2261,0.2299,0.3333,0.1177
OAK,to,1439,34,0.0367,0.0388,0.0130,0.0109,0.0151,0.0115,0.0000,0.0340
OAK,to,1440,34,0.0613,0.0616,0.0407,0.0492,0.0553,0.0460,0.0196,0.0595
OAK,to,1441,34,0.0431,0.0452,0.0152,0.0109,0.0201,0.0230,0.0000,0.0412
OAK,to,1442,34,0.0606,0.0639,0.0218,0.0273,0.0251,0.0345,0.0000,0.0569
OAK,to,1443,34,0.0403,0.0429,0.0143,0.0109,0.0151,0.0115,0.0000,0.0373
OAK,to,1444,34,0.0528,0.0534,0.0885,0.0929,0.0804,0.0805,0.1373,0.0549
OAK,to,1445,34,0.0617,0.0647,0.0222,0.0273,0.0251,0.0345,0.0000,0.0576
OAK,to,1446,34,0.0657,0.0665,0.0407,0.0546,0.0553,0.0460,0.0196,0.0641
OAK,to,1447,34,0.0263,0.0275,0.0092,0.0055,0.0101,0.0000,0.0000,0.0249
OAK,to,1448,34,0.0908,0.0814,0.1068,0.1093,0.1005,0.1034,0.1176,0.0942
OAK,to,1449,34,0.0022,0.0023,0.0007,0.0000,0.0000,0.0000,0.0000,0.0020
OAK,to,1450,34,0.0629,0.0665,0.0225,0.0273,0.0251,0.0345,0.0000,0.0582
OAK,to,1451,34,0.0456,0.0488,0.0163,0.0164,0.0201,0.0230,0.0000,0.0425
OAK,to,1452,34,0.0544,0.0503,0.0566,0.0601,0.0603,0.0460,0.0588,0.0562
OAK,to,1453,34,0.0409,0.0067,0.1984,0.1694,0.1709,0.1609,0.2353,0.0628
OAK,to,1454,34,0.0188,0.0198,0.0068,0.0000,0.0000,0.0000,0.0000,0.0170
SFO,from,1,1,0.0105,0.0331,0.0068,0.0089,0.0071,0.0079,0.0180,0.0084
SFO,from,2,1,0.0177,0.0448,0.0154,0.0187,0.0167,0.0170,0.0303,0.0159
SFO,from,3,1,0.0024,0.0002,0.0043,0.0042,0.0043,0.0043,0.0037,0.0036
SFO,from,4,1,0.0174,0.0351,0.0191,0.0211,0.0197,0.0203,0.0293,0.0183
SFO,from,5,1,0.0370,0.0395,0.0561,0.0559,0.0551,0.0570,0.0606,0.0490
SFO,from,6,1,0.0240,0.0058,0.0453,0.0405,0.0404,0.0445,0.0351,0.0399
SFO,from,7,1,0.1028,0.0265,0.1910,0.1777,0.1808,0.1896,0.1636,0.1619
SFO,from,8,1,0.0182,0.0042,0.0292,0.0283,0.0293,0.0290,0.0246,0.0240
SFO,from,9,1,0.0138,0.0281,0.0098,0.0116,0.0108,0.0107,0.0183,0.0113
SFO,from,10,1,0.0310,0.0197,0.0561,0.0492,0.0478,0.0553,0.0461,0.0517
SFO,from,11,1,0.0394,0.0064,0.0716,0.0697,0.0720,0.0714,0.0626,0.0574
SFO,from,12,1,0.0283,0.0227,0.0463,0.0438,0.0433,0.0464,0.0439,0.0411
SFO,from,13,1,0.0036,0.0081,0.0020,0.0025,0.0022,0.0022,0.0042,0.0024
SFO,from,14,1,0.0057,0.0184,0.0024,0.0037,0.0028,0.0030,0.0085,0.0036
SFO,from,15,1,0.0171,0.0407,0.0093,0.0114,0.0098,0.0104,0.0209,0.0127
SFO,from,16,1,0.0278,0.0790,0.0043,0.0094,0.0060,0.0063,0.0278,0.0139
SFO,from,17,1,0.0418,0.0534,0.0051,0.0079,0.0083,0.0043,0.0054,0.0180
SFO,from,18,1,0.0078,0.0189,0.0013,0.0024,0.0017,0.0016,0.0058,0.0036
SFO,from,19,1,0.0193,0.0240,0.0019,0.0031,0.0034,0.0015,0.0015,0.0079
SFO,from,20,1,0.0076,0.0051,0.0116,0.0107,0.0106,0.0115,0.0100,0.0106
SFO,from,21,1,0.0019,0.0017,0.0009,0.0010,0.0011,0.0009,0.0007,0.0010
SFO,from,22,1,0.0397,0.0638,0.0318,0.0355,0.0340,0.0332,0.0448,0.0339
SFO,from,23,1,0.0072,0.0127,0.0016,0.0024,0.0021,0.0017,0.0035,0.0036
SFO,from,24,1,0.0101,0.0316,0.0061,0.0083,0.0066,0.0072,0.0168,0.0079
SFO,from,25,1,0.0127,0.0053,0.0209,0.0202,0.0206,0.0208,0.0186,0.0178
SFO,from,26,1,0.0018,0.0041,0.0008,0.0010,0.0009,0.0009,0.0019,0.0010
SFO,from,27,1,0.0016,0.0015,0.0005,0.0006,0.0007,0.0004,0.0003,0.0010
SFO,from,28,1,0.0481,0.0340,0.0376,0.0378,0.0398,0.0366,0.0308,0.0401
SFO,from,29,1,0.0326,0.0236,0.0265,0.0252,0.0259,0.0255,0.0191,0.0291
SFO,from,30,1,0.0069,0.0036,0.0082,0.0075,0.0076,0.0080,0.0061,0.0079
SFO,from,31,1,0.0105,0.0023,0.0176,0.0164,0.0168,0.0174,0.0139,0.0151
SFO,from,32,1,0.0032,0.0060,0.0003,0.0006,0.0005,0.0003,0.0012,0.0014
SFO,from,33,1,0.0155,0.0198,0.0015,0.0025,0.0027,0.0012,0.0015,0.0062
SFO,from,34,1,0.0300,0.0328,0.0033,0.0050,0.0057,0.0025,0.0009,0.0123
SFO,from,35,1,0.0372,0.0410,0.0037,0.0058,0.0066,0.0026,0.0006,0.0151
SFO,from,36,1,0.0079,0.0095,0.0082,0.0084,0.0083,0.0083,0.0092,0.0079
SFO,from,37,1,0.0073,0.0078,0.0011,0.0015,0.0016,0.0009,0.0004,0.0034
SFO,from,38,1,0.0377,0.0436,0.0044,0.0066,0.0074,0.0035,0.0028,0.0159
SFO,from,39,1,0.0429,0.0328,0.0343,0.0342,0.0353,0.0334,0.0278,0.0368
SFO,from,40,1,0.0398,0.0441,0.0092,0.0098,0.0101,0.0079,0.0047,0.0209
SFO,from,41,1,0.1200,0.0514,0.1917,0.1867,0.1914,0.1916,0.1741,0.1615
SFO,from,42,1,0.0123,0.0136,0.0012,0.0019,0.0022,0.0009,0.0002,0.0050
SFO,from,43,2,0.0319,0.0308,0.0257,0.0281,0.0290,0.0253,0.0165,0.0299
SFO,from,44,2,0.0460,0.0461,0.1348,0.0947,0.0849,0.1289,0.1502,0.0669
SFO,from,45,2,0.0350,0.0315,0.0478,0.0435,0.0532,0.0546,0.1473,0.0397
SFO,from,46,2,0.0412,0.0429,0.0270,0.0335,0.0335,0.0279,0.0262,0.0383
SFO,from,47,2,0.0187,0.0208,0.0100,0.0145,0.0138,0.0113,0.0165,0.0174
SFO,from,48,2,0.0246,0.0246,0.0108,0.0162,0.0174,0.0110,0.0029,0.0216
SFO,from,49,2,0.0342,0.0341,0.0149,0.0227,0.0239,0.0154,0.0048,0.0299
SFO,from,50,2,0.0350,0.0292,0.0763,0.0597,0.0590,0.0728,0.0659,0.0425
SFO,from,51,2,0.0226,0.0228,0.0097,0.0150,0.0161,0.0102,0.0029,0.0202
SFO,from,52,2,0.0138,0.0122,0.0259,0.0210,0.0208,0.0246,0.0213,0.0153
SFO,from,53,2,0.0026,0.0075,0.0032,0.0047,0.0020,0.0049,0.0271,0.0028
SFO,from,54,2,0.0254,0.0242,0.0284,0.0260,0.0263,0.0271,0.0174,0.0265
SFO,from,55,2,0.0131,0.0131,0.0057,0.0086,0.0094,0.0059,0.0019,0.0111
SFO,from,56,2,0.0011,0.0011,0.0003,0.0007,0.0007,0.0004,0.0000,0.0000
SFO,from,57,2,0.0198,0.0198,0.0088,0.0131,0.0139,0.0089,0.0029,0.0174
SFO,from,58,2,0.0183,0.0184,0.0077,0.0121,0.0130,0.0081,0.0029,0.0160
SFO,from,59,2,0.0297,0.0298,0.0154,0.0210,0.0222,0.0157,0.0048,0.0265
SFO,from,60,2,0.0174,0.0200,0.0075,0.0122,0.0117,0.0085,0.0136,0.0153
SFO,from,61,2,0.0068,0.0067,0.0031,0.0046,0.0048,0.0029,0.0000,0.0056
SFO,from,62,2,0.0311,0.0313,0.0134,0.0205,0.0218,0.0141,0.0039,0.0272
SFO,from,63,2,0.0208,0.0204,0.0139,0.0167,0.0174,0.0141,0.0078,0.0195
SFO,from,64,2,0.0277,0.0275,0.0145,0.0198,0.0209,0.0149,0.0048,0.0258
SFO,from,65,2,0.0265,0.0266,0.0113,0.0175,0.0186,0.0120,0.0029,0.0230
SFO,from,66,2,0.0204,0.0204,0.0089,0.0134,0.0142,0.0092,0.0029,0.0174
SFO,from,67,2,0.0214,0.0214,0.0092,0.0142,0.0151,0.0098,0.0029,0.0195
SFO,from,68,2,0.0129,0.0129,0.0056,0.0086,0.0092,0.0057,0.0019,0.0111
SFO,from,69,2,0.0315,0.0337,0.0154,0.0227,0.0227,0.0168,0.0174,0.0286
SFO,from,70,2,0.0332,0.0330,0.0171,0.0235,0.0248,0.0173,0.0068,0.0299
SFO,from,71,2,0.0341,0.0358,0.0215,0.0274,0.0273,0.0225,0.0233,0.0313
SFO,from,72,2,0.0123,0.0122,0.0053,0.0081,0.0087,0.0056,0.0019,0.0104
SFO,from,73,2,0.0178,0.0173,0.0175,0.0167,0.0168,0.0170,0.0087,0.0174
SFO,from,74,2,0.0135,0.0153,0.0388,0.0292,0.0255,0.0385,0.0562,0.0195
SFO,from,75,2,0.0241,0.0204,0.1055,0.0724,0.0666,0.1007,0.1172,0.0404
SFO,from,76,2,0.0055,0.0047,0.0089,0.0076,0.0074,0.0084,0.0078,0.0056
SFO,from,77,2,0.0044,0.0043,0.0019,0.0028,0.0031,0.0019,0.0000,0.0035
SFO,from,78,2,0.0018,0.0018,0.0006,0.0011,0.0014,0.0007,0.0000,0.0021
SFO,from,79,2,0.0044,0.0046,0.0284,0.0186,0.0161,0.0271,0.0368,0.0097
SFO,from,80,2,0.0066,0.0065,0.0030,0.0044,0.0046,0.0029,0.0000,0.0056
SFO,from,81,2,0.0247,0.0249,0.0663,0.0493,0.0451,0.0644,0.0775,0.0341
SFO,from,82,2,0.0135,0.0131,0.0108,0.0119,0.0121,0.0105,0.0068,0.0125
SFO,from,83,2,0.0240,0.0241,0.0103,0.0157,0.0168,0.0109,0.0029,0.0209
SFO,from,84,2,0.0247,0.0230,0.0331,0.0285,0.0287,0.0317,0.0233,0.0265
SFO,from,85,2,0.0141,0.0142,0.0060,0.0094,0.0100,0.0064,0.0019,0.0125
SFO,from,86,2,0.0243,0.0261,0.0174,0.0210,0.0203,0.0184,0.0223,0.0230
SFO,from,87,2,0.0181,0.0183,0.0077,0.0120,0.0126,0.0081,0.0029,0.0160
SFO,from,88,2,0.0266,0.0276,0.0262,0.0271,0.0263,0.0263,0.0291,0.0265
SFO,from,89,2,0.0429,0.0431,0.0186,0.0284,0.0304,0.0194,0.0048,0.0376
SFO,from,90,3,0.0278,0.0389,0.0473,0.0403,0.0282,0.0496,0.1478,0.0308
SFO,from,91,3,0.0258,0.0239,0.0197,0.0230,0.0254,0.0205,0.0040,0.0242
SFO,from,92,3,0.0178,0.0167,0.0136,0.0160,0.0175,0.0139,0.0040,0.0175
SFO,from,93,3,0.0324,0.0301,0.0248,0.0291,0.0320,0.0257,0.0066,0.0317
SFO,from,94,3,0.0121,0.0112,0.0092,0.0108,0.0121,0.0094,0.0026,0.0117
SFO,from,95,3,0.0163,0.0152,0.0126,0.0147,0.0160,0.0130,0.0040,0.0158
SFO,from,96,3,0.0133,0.0123,0.0102,0.0119,0.0132,0.0104,0.0026,0.0125
SFO,from,97,3,0.0160,0.0150,0.0124,0.0142,0.0157,0.0125,0.0040,0.0158
SFO,from,98,3,0.0196,0.0183,0.0146,0.0174,0.0194,0.0153,0.0040,0.0192
SFO,from,99,3,0.0146,0.0137,0.0104,0.0131,0.0143,0.0116,0.0026,0.0150
SFO,from,100,3,0.0096,0.0085,0.0189,0.0121,0.0129,0.0144,0.0066,0.0100
SFO,from,101,3,0.0047,0.0068,0.0163,0.0082,0.0051,0.0132,0.0303,0.0067
SFO,from,102,3,0.0145,0.0136,0.0104,0.0129,0.0142,0.0116,0.0026,0.0150
SFO,from,103,3,0.0269,0.0309,0.0197,0.0268,0.0231,0.0253,0.0580,0.0275
SFO,from,104,3,0.0118,0.0107,0.0146,0.0124,0.0135,0.0132,0.0040,0.0117
SFO,from,105,3,0.0073,0.0067,0.0053,0.0066,0.0071,0.0057,0.0000,0.0067
SFO,from,106,3,0.0086,0.0167,0.0092,0.0130,0.0048,0.0151,0.0844,0.0092
SFO,from,107,3,0.0065,0.0049,0.0352,0.0137,0.0135,0.0238,0.0132,0.0092
SFO,from,108,3,0.0047,0.0096,0.0087,0.0085,0.0031,0.0109,0.0554,0.0050
SFO,from,109,3,0.0108,0.0213,0.0114,0.0167,0.0059,0.0196,0.1108,0.0117
SFO,from,110,3,0.0004,0.0004,0.0000,0.0003,0.0001,0.0002,0.0000,0.0000
SFO,from,111,3,0.0110,0.0159,0.0131,0.0141,0.0093,0.0163,0.0580,0.0117
SFO,from,112,3,0.0116,0.0106,0.0143,0.0121,0.0132,0.0127,0.0040,0.0117
SFO,from,113,3,0.0317,0.0350,0.0228,0.0310,0.0278,0.0286,0.0567,0.0308
SFO,from,114,3,0.0167,0.0154,0.0131,0.0149,0.0165,0.0132,0.0040,0.0158
SFO,from,115,3,0.0083,0.0076,0.0066,0.0074,0.0080,0.0061,0.0000,0.0083
SFO,from,116,3,0.0177,0.0191,0.0189,0.0189,0.0175,0.0194,0.0317,0.0175
SFO,from,117,3,0.0096,0.0088,0.0075,0.0085,0.0093,0.0076,0.0000,0.0092
SFO,from,118,3,0.0117,0.0107,0.0092,0.0105,0.0115,0.0092,0.0026,0.0117
SFO,from,119,3,0.0065,0.0061,0.0049,0.0058,0.0063,0.0052,0.0000,0.0067
SFO,from,120,3,0.0170,0.0159,0.0131,0.0152,0.0166,0.0132,0.0040,0.0167
SFO,from,121,3,0.0148,0.0138,0.0109,0.0133,0.0147,0.0118,0.0026,0.0150
SFO,from,122,3,0.0213,0.0198,0.0160,0.0191,0.0208,0.0170,0.0040,0.0208
SFO,from,123,3,0.0161,0.0151,0.0124,0.0144,0.0157,0.0127,0.0040,0.0158
SFO,from,124,3,0.0077,0.0071,0.0056,0.0069,0.0075,0.0059,0.0000,0.0075
SFO,from,125,3,0.0106,0.0099,0.0085,0.0095,0.0103,0.0083,0.0026,0.0100
SFO,from,126,3,0.0089,0.0083,0.0066,0.0081,0.0088,0.0071,0.0000,0.0092
SFO,from,127,3,0.0189,0.0176,0.0141,0.0168,0.0186,0.0149,0.0040,0.0183
SFO,from,128,3,0.0223,0.0209,0.0167,0.0201,0.0221,0.0179,0.0040,0.0217
SFO,from,129,3,0.0206,0.0192,0.0155,0.0185,0.0200,0.0163,0.0040,0.0208
SFO,from,130,3,0.0211,0.0223,0.0150,0.0202,0.0192,0.0186,0.0303,0.0208
SFO,from,131,3,0.0314,0.0292,0.0238,0.0281,0.0309,0.0250,0.0053,0.0308
SFO,from,132,3,0.0181,0.0169,0.0138,0.0162,0.0176,0.0144,0.0040,0.0175
SFO,from,133,3,0.0228,0.0210,0.0233,0.0222,0.0244,0.0220,0.0066,0.0233
SFO,from,134,3,0.0209,0.0195,0.0155,0.0187,0.0203,0.0165,0.0040,0.0208
SFO,from,135,3,0.0151,0.0142,0.0114,0.0136,0.0149,0.0120,0.0026,0.0150
SFO,from,136,3,0.0106,0.0099,0.0085,0.0095,0.0103,0.0083,0.0013,0.0100
SFO,from,137,3,0.0187,0.0173,0.0141,0.0167,0.0183,0.0149,0.0040,0.0183
SFO,from,138,3,0.0160,0.0150,0.0124,0.0142,0.0157,0.0125,0.0040,0.0150
SFO,from,139,3,0.0106,0.0099,0.0085,0.0095,0.0103,0.0083,0.0026,0.0100
SFO,from,140,3,0.0094,0.0085,0.0133,0.0103,0.0107,0.0111,0.0040,0.0092
SFO,from,141,3,0.0007,0.0005,0.0002,0.0006,0.0007,0.0007,0.0000,0.0000
SFO,from,142,3,0.0054,0.0089,0.0146,0.0105,0.0063,0.0144,0.0488,0.0067
SFO,from,143,3,0.0004,0.0004,0.0000,0.0003,0.0001,0.0002,0.0000,0.0000
SFO,from,144,3,0.0011,0.0010,0.0005,0.0009,0.0009,0.0007,0.0000,0.0000
SFO,from,145,3,0.0014,0.0014,0.0007,0.0011,0.0012,0.0009,0.0000,0.0000
SFO,from,146,3,0.0007,0.0004,0.0049,0.0022,0.0021,0.0033,0.0026,0.0000
SFO,from,147,3,0.0069,0.0120,0.0036,0.0087,0.0034,0.0092,0.0528,0.0067
SFO,from,148,3,0.0011,0.0010,0.0005,0.0009,0.0009,0.0007,0.0000,0.0000
SFO,from,149,3,0.0117,0.0090,0.0762,0.0237,0.0217,0.0489,0.0185,0.0208
SFO,from,150,3,0.0049,0.0044,0.0034,0.0042,0.0047,0.0040,0.0000,0.0050
SFO,from,151,3,0.0045,0.0041,0.0034,0.0040,0.0045,0.0038,0.0000,0.0033
SFO,from,152,3,0.0134,0.0126,0.0102,0.0120,0.0134,0.0104,0.0026,0.0125
SFO,from,153,3,0.0104,0.0098,0.0080,0.0094,0.0103,0.0083,0.0013,0.0100
SFO,from,154,3,0.0073,0.0067,0.0053,0.0066,0.0071,0.0057,0.0000,0.0067
SFO,from,155,3,0.0073,0.0067,0.0053,0.0066,0.0071,0.0059,0.0000,0.0067
SFO,from,156,3,0.0063,0.0058,0.0046,0.0056,0.0060,0.0050,0.0000,0.0067
SFO,from,157,3,0.0010,0.0009,0.0005,0.0008,0.0009,0.0007,0.0000,0.0000
SFO,from,158,3,0.0012,0.0010,0.0005,0.0009,0.0009,0.0009,0.0000,0.0000
SFO,from,159,3,0.0120,0.0111,0.0092,0.0107,0.0120,0.0092,0.0026,0.0117
SFO,from,160,3,0.0123,0.0115,0.0092,0.0110,0.0121,0.0099,0.0026,0.0117
SFO,from,161,3,0.0080,0.0073,0.0061,0.0072,0.0079,0.0061,0.0000,0.0083
SFO,from,162,3,0.0113,0.0106,0.0090,0.0102,0.0108,0.0090,0.0026,0.0117
SFO,from,163,3,0.0085,0.0079,0.0066,0.0074,0.0083,0.0068,0.0000,0.0083
SFO,from,164,3,0.0239,0.0223,0.0187,0.0214,0.0234,0.0191,0.0040,0.0242
SFO,from,165,3,0.0171,0.0160,0.0133,0.0152,0.0168,0.0132,0.0040,0.0167
SFO,from,166,3,0.0273,0.0267,0.0612,0.0385,0.0374,0.0493,0.0528,0.0308
SFO,from,167,3,0.0147,0.0138,0.0104,0.0131,0.0146,0.0116,0.0026,0.0150
SFO,from,168,4,0.0424,0.0389,0.0369,0.0384,0.0425,0.0360,0.0100,0.0415
SFO,from,169,4,0.0842,0.0760,0.0719,0.0765,0.0840,0.0720,0.0166,0.0830
SFO,from,170,4,0.0661,0.0588,0.0880,0.0692,0.0749,0.0746,0.0266,0.0685
SFO,from,171,4,0.0252,0.0229,0.0228,0.0230,0.0254,0.0219,0.0033,0.0249
SFO,from,172,4,0.0568,0.0517,0.0510,0.0522,0.0569,0.0482,0.0100,0.0560
SFO,from,173,4,0.0352,0.0322,0.0289,0.0323,0.0354,0.0296,0.0066,0.0373
SFO,from,174,4,0.0481,0.0440,0.0403,0.0438,0.0487,0.0405,0.0100,0.0456
SFO,from,175,4,0.0304,0.0274,0.0255,0.0277,0.0307,0.0251,0.0066,0.0290
SFO,from,176,4,0.0200,0.0180,0.0181,0.0182,0.0198,0.0167,0.0000,0.0207
SFO,from,177,4,0.0691,0.0700,0.0712,0.0707,0.0690,0.0727,0.0797,0.0685
SFO,from,178,4,0.0427,0.0393,0.0376,0.0389,0.0428,0.0360,0.0100,0.0415
SFO,from,179,4,0.0593,0.0545,0.0524,0.0543,0.0593,0.0508,0.0100,0.0602
SFO,from,180,4,0.0209,0.0180,0.0490,0.0279,0.0295,0.0360,0.0166,0.0228
SFO,from,181,4,0.0337,0.0306,0.0289,0.0308,0.0339,0.0283,0.0066,0.0311
SFO,from,182,4,0.0391,0.0430,0.0322,0.0388,0.0357,0.0379,0.0631,0.0394
SFO,from,183,4,0.0403,0.0371,0.0363,0.0368,0.0407,0.0341,0.0100,0.0394
SFO,from,184,4,0.0563,0.0517,0.0497,0.0517,0.0566,0.0482,0.0100,0.0560
SFO,from,185,4,0.0461,0.0422,0.0396,0.0422,0.0460,0.0386,0.0100,0.0456
SFO,from,186,4,0.0630,0.0574,0.0551,0.0577,0.0634,0.0534,0.0100,0.0602
SFO,from,187,4,0.0415,0.0454,0.0349,0.0413,0.0389,0.0392,0.0698,0.0415
SFO,from,188,4,0.0498,0.1146,0.1034,0.0999,0.0369,0.1350,0.6146,0.0581
SFO,from,189,4,0.0207,0.0184,0.0181,0.0190,0.0206,0.0167,0.0000,0.0207
SFO,from,190,4,0.0092,0.0081,0.0081,0.0086,0.0086,0.0084,0.0000,0.0083
SFO,from,191,5,0.0155,0.0202,0.0030,0.0085,0.0073,0.0051,0.0134,0.0112
SFO,from,192,5,0.0018,0.0020,0.0003,0.0007,0.0008,0.0004,0.0000,0.0000
SFO,from,193,5,0.0134,0.0139,0.0030,0.0066,0.0072,0.0036,0.0012,0.0105
SFO,from,194,5,0.0245,0.0250,0.0054,0.0119,0.0132,0.0067,0.0018,0.0187
SFO,from,195,5,0.0155,0.0157,0.0033,0.0075,0.0084,0.0041,0.0012,0.0112
SFO,from,196,5,0.0245,0.0250,0.0054,0.0119,0.0132,0.0067,0.0018,0.0187
SFO,from,197,5,0.0189,0.0193,0.0041,0.0091,0.0104,0.0051,0.0012,0.0135
SFO,from,198,5,0.0040,0.0040,0.0009,0.0019,0.0021,0.0011,0.0000,0.0030
SFO,from,199,5,0.0053,0.0062,0.0038,0.0047,0.0044,0.0041,0.0067,0.0045
SFO,from,200,5,0.0053,0.0045,0.0065,0.0063,0.0066,0.0062,0.0049,0.0052
SFO,from,201,5,0.0079,0.0078,0.0016,0.0037,0.0040,0.0022,0.0000,0.0060
SFO,from,202,5,0.0240,0.0246,0.0052,0.0117,0.0131,0.0064,0.0018,0.0180
SFO,from,203,5,0.0110,0.0114,0.0025,0.0053,0.0061,0.0029,0.0000,0.0082
SFO,from,204,5,0.0231,0.0236,0.0050,0.0111,0.0125,0.0062,0.0018,0.0165
SFO,from,205,5,0.0267,0.0273,0.0058,0.0130,0.0144,0.0073,0.0018,0.0195
SFO,from,206,5,0.0119,0.0121,0.0027,0.0058,0.0064,0.0032,0.0000,0.0082
SFO,from,207,5,0.0109,0.0112,0.0025,0.0051,0.0060,0.0029,0.0000,0.0082
SFO,from,208,5,0.0179,0.0125,0.0356,0.0311,0.0318,0.0336,0.0279,0.0217
SFO,from,209,5,0.0271,0.0272,0.0084,0.0149,0.0165,0.0097,0.0036,0.0210
SFO,from,210,5,0.0037,0.0037,0.0008,0.0018,0.0021,0.0010,0.0000,0.0030
SFO,from,211,5,0.0140,0.0150,0.0030,0.0069,0.0072,0.0038,0.0030,0.0105
SFO,from,212,5,0.0674,0.0409,0.3343,0.2250,0.2082,0.3054,0.2781,0.1612
SFO,from,213,5,0.0180,0.0195,0.0065,0.0109,0.0112,0.0076,0.0079,0.0142
SFO,from,214,5,0.0167,0.0156,0.0115,0.0137,0.0146,0.0118,0.0079,0.0142
SFO,from,215,5,0.0144,0.0148,0.0030,0.0070,0.0079,0.0038,0.0012,0.0105
SFO,from,216,5,0.0074,0.0089,0.0014,0.0040,0.0038,0.0022,0.0049,0.0060
SFO,from,217,5,0.0129,0.0158,0.0027,0.0069,0.0063,0.0039,0.0085,0.0097
SFO,from,218,5,0.0214,0.0220,0.0045,0.0104,0.0115,0.0058,0.0018,0.0157
SFO,from,219,5,0.0255,0.0262,0.0057,0.0123,0.0137,0.0069,0.0018,0.0187
SFO,from,220,5,0.0168,0.0173,0.0037,0.0082,0.0091,0.0045,0.0012,0.0127
SFO,from,221,5,0.0169,0.0173,0.0037,0.0082,0.0091,0.0045,0.0012,0.0135
SFO,from,222,5,0.0137,0.0185,0.0027,0.0076,0.0064,0.0045,0.0128,0.0105
SFO,from,223,5,0.0134,0.0138,0.0029,0.0065,0.0072,0.0036,0.0012,0.0105
SFO,from,224,5,0.0104,0.0106,0.0023,0.0049,0.0057,0.0029,0.0000,0.0075
SFO,from,225,5,0.0173,0.0127,0.0374,0.0269,0.0260,0.0339,0.0206,0.0247
SFO,from,226,5,0.0222,0.0223,0.0073,0.0127,0.0137,0.0085,0.0030,0.0165
SFO,from,227,5,0.0229,0.0235,0.0048,0.0111,0.0124,0.0062,0.0018,0.0165
SFO,from,228,5,0.0000,0.0000,0.0000,0.0000,0.0000,0.0000,0.0000,0.0000
SFO,from,229,5,0.0184,0.0190,0.0040,0.0089,0.0099,0.0050,0.0012,0.0135
SFO,from,230,5,0.0245,0.0266,0.0052,0.0122,0.0130,0.0069,0.0049,0.0187
SFO,from,231,5,0.0199,0.0204,0.0042,0.0097,0.0108,0.0054,0.0018,0.0150
SFO,from,232,5,0.0181,0.0185,0.0039,0.0088,0.0099,0.0049,0.0012,0.0135
SFO,from,233,5,0.0225,0.0232,0.0048,0.0109,0.0123,0.0060,0.0018,0.0165
SFO,from,234,5,0.0089,0.0058,0.0388,0.0289,0.0274,0.0361,0.0358,0.0180
SFO,from,235,5,0.0104,0.0106,0.0023,0.0050,0.0057,0.0029,0.0000,0.0075
SFO,from,236,5,0.0168,0.0184,0.0141,0.0162,0.0159,0.0148,0.0176,0.0157
SFO,from,237,5,0.0073,0.0064,0.0041,0.0053,0.0067,0.0048,0.0085,0.0060
SFO,from,238,5,0.0099,0.0088,0.0100,0.0105,0.0110,0.0099,0.0073,0.0097
SFO,from,239,5,0.0033,0.0000,0.0214,0.0152,0.0152,0.0194,0.0158,0.0082
SFO,from,240,5,0.0580,0.0826,0.1440,0.1231,0.1080,0.1474,0.2714,0.0885
SFO,from,241,5,0.0106,0.0107,0.0023,0.0051,0.0058,0.0029,0.0000,0.0082
SFO,from,242,5,0.0096,0.0098,0.0021,0.0046,0.0052,0.0026,0.0000,0.0075
SFO,from,243,5,0.0109,0.0112,0.0025,0.0053,0.0060,0.0029,0.0000,0.0082
SFO,from,244,5,0.0132,0.0143,0.0028,0.0066,0.0070,0.0037,0.0030,0.0105
SFO,from,245,5,0.0170,0.0177,0.0061,0.0102,0.0125,0.0082,0.0188,0.0135
SFO,from,246,5,0.0365,0.0380,0.0104,0.0199,0.0213,0.0127,0.0085,0.0277
SFO,from,247,5,0.0172,0.0172,0.0063,0.0102,0.0112,0.0072,0.0030,0.0135
SFO,from,248,5,0.0431,0.0291,0.1671,0.1277,0.1247,0.1576,0.1730,0.0795
SFO,from,249,6,0.0536,0.0429,0.2651,0.1675,0.1541,0.2400,0.2763,0.0970
SFO,from,250,6,0.0232,0.0248,0.0110,0.0170,0.0171,0.0131,0.0154,0.0205
SFO,from,251,6,0.0210,0.0242,0.0075,0.0144,0.0137,0.0101,0.0197,0.0181
SFO,from,252,6,0.0411,0.0389,0.0306,0.0348,0.0372,0.0308,0.0197,0.0386
SFO,from,253,6,0.0167,0.0164,0.0063,0.0108,0.0117,0.0074,0.0022,0.0148
SFO,from,254,6,0.0365,0.0360,0.0141,0.0235,0.0257,0.0160,0.0044,0.0312
SFO,from,255,6,0.0207,0.0203,0.0111,0.0151,0.0163,0.0119,0.0055,0.0181
SFO,from,256,6,0.0213,0.0244,0.0077,0.0146,0.0140,0.0104,0.0197,0.0181
SFO,from,257,6,0.0146,0.0177,0.0088,0.0123,0.0112,0.0104,0.0230,0.0131
SFO,from,258,6,0.0174,0.0241,0.0061,0.0131,0.0106,0.0095,0.0362,0.0148
SFO,from,259,6,0.0155,0.0154,0.0061,0.0100,0.0111,0.0066,0.0022,0.0131
SFO,from,260,6,0.0111,0.0111,0.0043,0.0071,0.0078,0.0048,0.0000,0.0090
SFO,from,261,6,0.0153,0.0123,0.0342,0.0250,0.0247,0.0314,0.0263,0.0197
SFO,from,262,6,0.0129,0.0128,0.0048,0.0084,0.0089,0.0056,0.0022,0.0115
SFO,from,263,6,0.0096,0.0096,0.0037,0.0061,0.0066,0.0039,0.0000,0.0082
SFO,from,264,6,0.0228,0.0132,0.1147,0.0698,0.0669,0.1018,0.0899,0.0419
SFO,from,265,6,0.0172,0.0143,0.0334,0.0263,0.0266,0.0312,0.0274,0.0197
SFO,from,266,6,0.0428,0.0359,0.1211,0.0858,0.0827,0.1113,0.1151,0.0583
SFO,from,267,6,0.0172,0.0171,0.0065,0.0110,0.0121,0.0074,0.0022,0.0148
SFO,from,268,6,0.0161,0.0156,0.0092,0.0123,0.0132,0.0098,0.0055,0.0148
SFO,from,269,6,0.0160,0.0158,0.0062,0.0103,0.0112,0.0069,0.0022,0.0148
SFO,from,270,6,0.0122,0.0120,0.0047,0.0079,0.0085,0.0053,0.0011,0.0107
SFO,from,271,6,0.0218,0.0212,0.0132,0.0169,0.0181,0.0139,0.0077,0.0205
SFO,from,272,6,0.0145,0.0143,0.0054,0.0092,0.0103,0.0063,0.0022,0.0123
SFO,from,273,6,0.0230,0.0228,0.0088,0.0147,0.0161,0.0100,0.0033,0.0205
SFO,from,274,6,0.0163,0.0162,0.0062,0.0106,0.0115,0.0069,0.0022,0.0148
SFO,from,275,6,0.0164,0.0159,0.0287,0.0240,0.0233,0.0275,0.0318,0.0181
SFO,from,276,6,0.0124,0.0122,0.0047,0.0080,0.0085,0.0054,0.0011,0.0115
SFO,from,277,6,0.0181,0.0215,0.0065,0.0126,0.0118,0.0089,0.0197,0.0156
SFO,from,278,6,0.0131,0.0117,0.0199,0.0170,0.0172,0.0189,0.0154,0.0148
SFO,from,279,6,0.0147,0.0169,0.0178,0.0176,0.0160,0.0183,0.0307,0.0148
SFO,from,280,6,0.0133,0.0133,0.0048,0.0086,0.0093,0.0059,0.0022,0.0115
SFO,from,281,6,0.0161,0.0193,0.0059,0.0113,0.0106,0.0078,0.0186,0.0148
SFO,from,282,6,0.0145,0.0195,0.0048,0.0108,0.0087,0.0078,0.0274,0.0123
SFO,from,283,6,0.0170,0.0170,0.0064,0.0109,0.0121,0.0074,0.0022,0.0148
SFO,from,284,6,0.0077,0.0076,0.0030,0.0051,0.0054,0.0033,0.0000,0.0066
SFO,from,285,6,0.0139,0.0138,0.0052,0.0089,0.0099,0.0059,0.0022,0.0123
SFO,from,286,6,0.0334,0.0330,0.0159,0.0235,0.0253,0.0175,0.0077,0.0304
SFO,from,287,6,0.0144,0.0177,0.0108,0.0137,0.0123,0.0125,0.0263,0.0148
SFO,from,288,6,0.0310,0.0309,0.0116,0.0199,0.0217,0.0136,0.0033,0.0271
SFO,from,289,6,0.0303,0.0301,0.0115,0.0195,0.0212,0.0134,0.0033,0.0271
SFO,from,290,6,0.0164,0.0162,0.0062,0.0106,0.0116,0.0071,0.0022,0.0148
SFO,from,291,6,0.0200,0.0231,0.0072,0.0138,0.0132,0.0095,0.0197,0.0173
SFO,from,292,6,0.0130,0.0129,0.0048,0.0084,0.0089,0.0056,0.0022,0.0115
SFO,from,293,6,0.0317,0.0316,0.0118,0.0205,0.0223,0.0139,0.0033,0.0271
SFO,from,294,6,0.0314,0.0309,0.0152,0.0221,0.0240,0.0169,0.0066,0.0279
SFO,from,295,6,0.0217,0.0217,0.0083,0.0139,0.0153,0.0094,0.0033,0.0189
SFO,from,296,6,0.0489,0.0535,0.0378,0.0447,0.0433,0.0407,0.0592,0.0468
SFO,from,297,7,0.0246,0.0234,0.0161,0.0206,0.0221,0.0177,0.0073,0.0227
SFO,from,298,7,0.0510,0.0541,0.0240,0.0409,0.0413,0.0317,0.0440,0.0468
SFO,from,299,7,0.0252,0.0239,0.0164,0.0212,0.0228,0.0177,0.0073,0.0227
SFO,from,300,7,0.0192,0.0185,0.0097,0.0145,0.0159,0.0113,0.0024,0.0166
SFO,from,301,7,0.0345,0.0335,0.0167,0.0264,0.0288,0.0201,0.0073,0.0317
SFO,from,302,7,0.0269,0.0258,0.0126,0.0205,0.0225,0.0157,0.0049,0.0242
SFO,from,303,7,0.0237,0.0231,0.0111,0.0181,0.0200,0.0133,0.0049,0.0211
SFO,from,304,7,0.0319,0.0310,0.0158,0.0244,0.0269,0.0188,0.0073,0.0287
SFO,from,305,7,0.0090,0.0085,0.0041,0.0066,0.0075,0.0055,0.0000,0.0076
SFO,from,306,7,0.0173,0.0167,0.0082,0.0132,0.0148,0.0102,0.0000,0.0166
SFO,from,307,7,0.0273,0.0265,0.0126,0.0211,0.0230,0.0157,0.0049,0.0272
SFO,from,308,7,0.0163,0.0154,0.0123,0.0143,0.0152,0.0126,0.0073,0.0151
SFO,from,309,7,0.0312,0.0286,0.0545,0.0382,0.0382,0.0471,0.0269,0.0363
SFO,from,310,7,0.0130,0.0149,0.0384,0.0255,0.0230,0.0351,0.0733,0.0166
SFO,from,311,7,0.0370,0.0361,0.1820,0.0979,0.0864,0.1487,0.1956,0.0574
SFO,from,312,7,0.0401,0.0379,0.0311,0.0361,0.0386,0.0327,0.0171,0.0378
SFO,from,313,7,0.0071,0.0051,0.0237,0.0142,0.0140,0.0191,0.0171,0.0091
SFO,from,314,7,0.0101,0.0090,0.0126,0.0113,0.0115,0.0119,0.0073,0.0106
SFO,from,315,7,0.0040,0.0083,0.0062,0.0069,0.0036,0.0082,0.0416,0.0060
SFO,from,316,7,0.0067,0.0064,0.0035,0.0051,0.0054,0.0044,0.0000,0.0060
SFO,from,317,7,0.0186,0.0178,0.0144,0.0170,0.0175,0.0147,0.0073,0.0166
SFO,from,318,7,0.0154,0.0148,0.0073,0.0118,0.0129,0.0089,0.0000,0.0151
SFO,from,319,7,0.0159,0.0152,0.0079,0.0122,0.0130,0.0089,0.0000,0.0151
SFO,from,320,7,0.0228,0.0244,0.0152,0.0202,0.0198,0.0177,0.0269,0.0211
SFO,from,321,7,0.0134,0.0128,0.0062,0.0105,0.0111,0.0075,0.0000,0.0121
SFO,from,322,7,0.0238,0.0231,0.0111,0.0182,0.0201,0.0133,0.0049,0.0211
SFO,from,323,7,0.0165,0.0189,0.0079,0.0137,0.0129,0.0109,0.0196,0.0151
SFO,from,324,7,0.0070,0.0064,0.0035,0.0054,0.0054,0.0044,0.0000,0.0060
SFO,from,325,7,0.0190,0.0181,0.0126,0.0165,0.0175,0.0143,0.0073,0.0181
SFO,from,326,7,0.0016,0.0008,0.0111,0.0058,0.0054,0.0085,0.0073,0.0030
SFO,from,327,7,0.0118,0.0109,0.0111,0.0113,0.0121,0.0109,0.0073,0.0121
SFO,from,328,7,0.0159,0.0154,0.0079,0.0123,0.0130,0.0089,0.0000,0.0151
SFO,from,329,7,0.0070,0.0064,0.0035,0.0054,0.0054,0.0044,0.0000,0.0060
SFO,from,330,7,0.0176,0.0173,0.0085,0.0133,0.0150,0.0102,0.0000,0.0166
SFO,from,331,7,0.0282,0.0332,0.0941,0.0519,0.0418,0.0795,0.1174,0.0423
SFO,from,332,7,0.0103,0.0099,0.0044,0.0076,0.0088,0.0058,0.0000,0.0106
SFO,from,333,7,0.0276,0.0289,0.0293,0.0292,0.0286,0.0297,0.0391,0.0272
SFO,from,334,7,0.0176,0.0173,0.0085,0.0133,0.0150,0.0102,0.0000,0.0166
SFO,from,335,7,0.0147,0.0132,0.0237,0.0184,0.0192,0.0208,0.0147,0.0151
SFO,from,336,7,0.0196,0.0189,0.0097,0.0150,0.0163,0.0116,0.0024,0.0181
SFO,from,337,7,0.0137,0.0120,0.0234,0.0178,0.0177,0.0201,0.0122,0.0151
SFO,from,338,7,0.0119,0.0112,0.0067,0.0096,0.0098,0.0075,0.0000,0.0121
SFO,from,339,7,0.0200,0.0189,0.0135,0.0171,0.0182,0.0147,0.0073,0.0196
SFO,from,340,7,0.0251,0.0265,0.0229,0.0246,0.0240,0.0235,0.0342,0.0242
SFO,from,341,7,0.0263,0.0343,0.0375,0.0354,0.0286,0.0396,0.1002,0.0272
SFO,from,342,7,0.0376,0.0404,0.0328,0.0372,0.0359,0.0351,0.0538,0.0378
SFO,from,343,7,0.0146,0.0140,0.0067,0.0113,0.0121,0.0085,0.0000,0.0136
SFO,from,344,7,0.0213,0.0204,0.0106,0.0165,0.0175,0.0123,0.0049,0.0211
SFO,from,345,7,0.0262,0.0252,0.0126,0.0200,0.0221,0.0150,0.0049,0.0227
SFO,from,346,7,0.0231,0.0263,0.0234,0.0246,0.0223,0.0249,0.0513,0.0227
SFO,from,347,8,0.0601,0.0623,0.0206,0.0366,0.0424,0.0251,0.0236,0.0541
SFO,from,348,8,0.0037,0.0006,0.0237,0.0203,0.0164,0.0184,0.0157,0.0087
SFO,from,349,8,0.0135,0.0149,0.0382,0.0256,0.0209,0.0385,0.0630,0.0152
SFO,from,350,8,0.0157,0.0175,0.0042,0.0087,0.0099,0.0059,0.0079,0.0152
SFO,from,351,8,0.0313,0.0300,0.0404,0.0325,0.0326,0.0410,0.0394,0.0303
SFO,from,352,8,0.0017,0.0001,0.0152,0.0070,0.0067,0.0142,0.0157,0.0000
SFO,from,353,8,0.0031,0.0056,0.0006,0.0012,0.0012,0.0025,0.0157,0.0000
SFO,from,354,8,0.0075,0.0123,0.0165,0.0105,0.0085,0.0184,0.0394,0.0087
SFO,from,355,8,0.0462,0.0319,0.2346,0.1527,0.1346,0.2152,0.2677,0.0736
SFO,from,356,8,0.0450,0.0493,0.0460,0.0412,0.0410,0.0494,0.0709,0.0411
SFO,from,357,8,0.0385,0.0394,0.0279,0.0366,0.0375,0.0276,0.0236,0.0411
SFO,from,358,8,0.0357,0.0362,0.0095,0.0209,0.0241,0.0117,0.0000,0.0325
SFO,from,359,8,0.0306,0.0311,0.0081,0.0180,0.0207,0.0109,0.0000,0.0281
SFO,from,360,8,0.0293,0.0298,0.0080,0.0180,0.0197,0.0109,0.0000,0.0260
SFO,from,361,8,0.0323,0.0327,0.0088,0.0197,0.0221,0.0109,0.0000,0.0303
SFO,from,362,8,0.0275,0.0287,0.0162,0.0209,0.0215,0.0184,0.0236,0.0238
SFO,from,363,8,0.0144,0.0148,0.0038,0.0075,0.0097,0.0042,0.0000,0.0130
SFO,from,364,8,0.0118,0.0111,0.0103,0.0099,0.0107,0.0109,0.0000,0.0087
SFO,from,365,8,0.0073,0.0054,0.0209,0.0122,0.0118,0.0193,0.0236,0.0087
SFO,from,366,8,0.0325,0.0327,0.0918,0.0726,0.0602,0.0846,0.1260,0.0455
SFO,from,367,8,0.0322,0.0322,0.0136,0.0209,0.0235,0.0159,0.0000,0.0303
SFO,from,368,8,0.0336,0.0325,0.0239,0.0267,0.0284,0.0251,0.0236,0.0303
SFO,from,369,8,0.0400,0.0344,0.0626,0.0546,0.0523,0.0578,0.0394,0.0455
SFO,from,370,8,0.0255,0.0259,0.0068,0.0139,0.0174,0.0084,0.0000,0.0238
SFO,from,371,8,0.0199,0.0204,0.0055,0.0105,0.0132,0.0059,0.0000,0.0173
SFO,from,372,8,0.0186,0.0187,0.0088,0.0105,0.0138,0.0109,0.0000,0.0173
SFO,from,373,8,0.0134,0.0153,0.0037,0.0075,0.0083,0.0050,0.0000,0.0087
SFO,from,374,8,0.0103,0.0099,0.0079,0.0075,0.0089,0.0084,0.0000,0.0087
SFO,from,375,8,0.0080,0.0099,0.0020,0.0052,0.0047,0.0034,0.0000,0.0087
SFO,from,376,8,0.0194,0.0176,0.0182,0.0238,0.0227,0.0142,0.0000,0.0238
SFO,from,377,8,0.0204,0.0246,0.0163,0.0186,0.0160,0.0184,0.0394,0.0173
SFO,from,378,8,0.0153,0.0158,0.0178,0.0157,0.0152,0.0184,0.0236,0.0152
SFO,from,379,8,0.0150,0.0143,0.0139,0.0128,0.0136,0.0142,0.0079,0.0152
SFO,from,380,8,0.0078,0.0104,0.0093,0.0081,0.0073,0.0109,0.0236,0.0087
SFO,from,381,8,0.0329,0.0267,0.0693,0.0674,0.0602,0.0578,0.0472,0.0519
SFO,from,382,8,0.0123,0.0123,0.0072,0.0087,0.0097,0.0075,0.0000,0.0087
SFO,from,383,8,0.0118,0.0120,0.0033,0.0058,0.0079,0.0034,0.0000,0.0087
SFO,from,384,8,0.0302,0.0308,0.0081,0.0180,0.0205,0.0109,0.0000,0.0281
SFO,from,385,8,0.0195,0.0199,0.0054,0.0105,0.0132,0.0059,0.0000,0.0173
SFO,from,386,8,0.0205,0.0209,0.0056,0.0105,0.0138,0.0067,0.0000,0.0173
SFO,from,387,8,0.0245,0.0250,0.0065,0.0134,0.0168,0.0084,0.0000,0.0216
SFO,from,388,8,0.0384,0.0391,0.0102,0.0226,0.0261,0.0134,0.0000,0.0325
SFO,from,389,8,0.0284,0.0318,0.0113,0.0203,0.0193,0.0142,0.0236,0.0238
SFO,from,390,8,0.0144,0.0132,0.0176,0.0139,0.0150,0.0168,0.0157,0.0152
SFO,from,391,9,0.0231,0.0212,0.0105,0.0158,0.0164,0.0108,0.0000,0.0210
SFO,from,392,9,0.0144,0.0150,0.0089,0.0105,0.0107,0.0099,0.0121,0.0153
SFO,from,393,9,0.0143,0.0142,0.0065,0.0094,0.0100,0.0075,0.0000,0.0134
SFO,from,394,9,0.0149,0.0145,0.0098,0.0105,0.0114,0.0108,0.0081,0.0153
SFO,from,395,9,0.0198,0.0202,0.0095,0.0134,0.0139,0.0108,0.0121,0.0191
SFO,from,396,9,0.0004,0.0001,0.0020,0.0000,0.0011,0.0025,0.0000,0.0000
SFO,from,397,9,0.0073,0.0084,0.0053,0.0053,0.0050,0.0058,0.0081,0.0076
SFO,from,398,9,0.0095,0.0087,0.0024,0.0053,0.0061,0.0025,0.0000,0.0076
SFO,from,399,9,0.0027,0.0061,0.0019,0.0029,0.0009,0.0033,0.0121,0.0000
SFO,from,400,9,0.0128,0.0138,0.0053,0.0082,0.0086,0.0058,0.0081,0.0115
SFO,from,401,9,0.0131,0.0251,0.0269,0.0228,0.0113,0.0307,0.0565,0.0076
SFO,from,402,9,0.0061,0.0098,0.0103,0.0082,0.0050,0.0116,0.0202,0.0076
SFO,from,403,9,0.0085,0.0135,0.0308,0.0205,0.0122,0.0307,0.0323,0.0076
SFO,from,404,9,0.0101,0.0140,0.0255,0.0181,0.0120,0.0265,0.0323,0.0076
SFO,from,405,9,0.0062,0.0018,0.0114,0.0076,0.0234,0.0141,0.0323,0.0076
SFO,from,406,9,0.0028,0.0033,0.0145,0.0076,0.0055,0.0141,0.0121,0.0000
SFO,from,407,9,0.0035,0.0033,0.0172,0.0140,0.0105,0.0141,0.0121,0.0076
SFO,from,408,9,0.0072,0.0156,0.0061,0.0076,0.0032,0.0108,0.0323,0.0057
SFO,from,409,9,0.0039,0.0083,0.0053,0.0053,0.0018,0.0075,0.0161,0.0000
SFO,from,410,9,0.0455,0.0352,0.0344,0.0473,0.0899,0.0406,0.1169,0.0553
SFO,from,411,9,0.0000,0.0000,0.0000,0.0000,0.0000,0.0000,0.0000,0.0000
SFO,from,412,9,0.0354,0.0300,0.0219,0.0269,0.0429,0.0249,0.0403,0.0344
SFO,from,413,9,0.0062,0.0056,0.0033,0.0041,0.0046,0.0033,0.0000,0.0076
SFO,from,414,9,0.0202,0.0168,0.0215,0.0251,0.0223,0.0174,0.0081,0.0248
SFO,from,415,9,0.0375,0.0427,0.1169,0.0923,0.0681,0.1069,0.1048,0.0477
SFO,from,416,9,0.0309,0.0274,0.0437,0.0345,0.0313,0.0414,0.0202,0.0286
SFO,from,417,9,0.0007,0.0016,0.0008,0.0006,0.0002,0.0008,0.0000,0.0000
SFO,from,418,9,0.0044,0.0039,0.0011,0.0012,0.0032,0.0008,0.0000,0.0057
SFO,from,419,9,0.0127,0.0113,0.0093,0.0099,0.0104,0.0083,0.0000,0.0134
SFO,from,420,9,0.0127,0.0130,0.0034,0.0064,0.0080,0.0041,0.0000,0.0115
SFO,from,421,9,0.0100,0.0097,0.0098,0.0088,0.0088,0.0108,0.0081,0.0076
SFO,from,422,9,0.0076,0.0068,0.0039,0.0053,0.0052,0.0033,0.0000,0.0076
SFO,from,423,9,0.0132,0.0125,0.0035,0.0064,0.0088,0.0033,0.0000,0.0134
SFO,from,424,9,0.0141,0.0133,0.0037,0.0076,0.0089,0.0033,0.0000,0.0153
SFO,from,425,9,0.0111,0.0101,0.0057,0.0070,0.0086,0.0058,0.0000,0.0115
SFO,from,426,9,0.0150,0.0156,0.0097,0.0105,0.0113,0.0108,0.0121,0.0153
SFO,from,427,9,0.0029,0.0027,0.0101,0.0058,0.0048,0.0091,0.0081,0.0019
SFO,from,428,9,0.0053,0.0048,0.0119,0.0076,0.0066,0.0108,0.0081,0.0076
SFO,from,429,9,0.0061,0.0087,0.0247,0.0152,0.0098,0.0249,0.0242,0.0076
SFO,from,430,9,0.0013,0.0033,0.0001,0.0000,0.0000,0.0008,0.0081,0.0000
SFO,from,431,9,0.0009,0.0016,0.0034,0.0012,0.0013,0.0033,0.0000,0.0000
SFO,from,432,9,0.0048,0.0036,0.0189,0.0169,0.0148,0.0157,0.0202,0.0076
SFO,from,433,9,0.0051,0.0083,0.0044,0.0053,0.0032,0.0058,0.0121,0.0057
SFO,from,434,9,0.0024,0.0049,0.0019,0.0023,0.0011,0.0033,0.0121,0.0000
SFO,from,435,9,0.0456,0.0383,0.2091,0.1321,0.1155,0.1930,0.1774,0.0553
SFO,from,436,9,0.0073,0.0066,0.0034,0.0047,0.0050,0.0033,0.0000,0.0076
SFO,from,437,9,0.0173,0.0183,0.0043,0.0099,0.0107,0.0058,0.0081,0.0153
SFO,from,438,9,0.0116,0.0107,0.0044,0.0064,0.0084,0.0041,0.0000,0.0115
SFO,from,439,9,0.0072,0.0066,0.0026,0.0047,0.0050,0.0025,0.0000,0.0076
SFO,from,440,9,0.0161,0.0152,0.0040,0.0088,0.0105,0.0041,0.0000,0.0153
SFO,from,441,9,0.0205,0.0199,0.0096,0.0134,0.0145,0.0108,0.0081,0.0191
SFO,from,442,9,0.0126,0.0140,0.0034,0.0070,0.0075,0.0041,0.0081,0.0115
SFO,from,443,9,0.0085,0.0079,0.0020,0.0047,0.0052,0.0025,0.0000,0.0076
SFO,from,444,9,0.0252,0.0232,0.0249,0.0286,0.0257,0.0215,0.0121,0.0286
SFO,from,445,9,0.0266,0.0243,0.0188,0.0263,0.0248,0.0157,0.0081,0.0286
SFO,from,446,9,0.0261,0.0262,0.0096,0.0181,0.0175,0.0108,0.0081,0.0248
SFO,from,447,9,0.0196,0.0179,0.0108,0.0140,0.0152,0.0108,0.0000,0.0191
SFO,from,448,9,0.0214,0.0213,0.0233,0.0210,0.0189,0.0215,0.0202,0.0210
SFO,from,449,9,0.0228,0.0223,0.0057,0.0129,0.0145,0.0066,0.0000,0.0210
SFO,from,450,9,0.0103,0.0107,0.0057,0.0070,0.0102,0.0075,0.0121,0.0076
SFO,from,451,9,0.0264,0.0254,0.0096,0.0181,0.0182,0.0108,0.0040,0.0267
SFO,from,452,9,0.0137,0.0128,0.0037,0.0076,0.0089,0.0033,0.0000,0.0134
SFO,from,453,9,0.0291,0.0270,0.0089,0.0181,0.0200,0.0108,0.0000,0.0286
SFO,from,454,9,0.0242,0.0225,0.0079,0.0140,0.0163,0.0083,0.0000,0.0229
SFO,from,455,9,0.0165,0.0163,0.0056,0.0099,0.0113,0.0058,0.0000,0.0153
SFO,from,456,9,0.0281,0.0279,0.0220,0.0240,0.0223,0.0215,0.0161,0.0267
SFO,from,457,9,0.0247,0.0229,0.0080,0.0152,0.0164,0.0083,0.0000,0.0229
SFO,from,458,9,0.0165,0.0165,0.0041,0.0094,0.0105,0.0050,0.0000,0.0153
SFO,from,459,9,0.0353,0.0351,0.0103,0.0228,0.0236,0.0124,0.0081,0.0344
SFO,from,460,10,0.0257,0.0124,0.2148,0.1367,0.0919,0.1802,0.1818,0.0505
SFO,from,461,10,0.0146,0.0147,0.0104,0.0122,0.0113,0.0099,0.0000,0.0135
SFO,from,462,10,0.0144,0.0184,0.0168,0.0135,0.0113,0.0173,0.0455,0.0135
SFO,from,463,10,0.0107,0.0107,0.0043,0.0068,0.0080,0.0074,0.0000,0.0135
SFO,from,464,10,0.0129,0.0141,0.0055,0.0108,0.0095,0.0074,0.0000,0.0135
SFO,from,465,10,0.0132,0.0129,0.0098,0.0108,0.0102,0.0099,0.0000,0.0135
SFO,from,466,10,0.0074,0.0073,0.0035,0.0027,0.0066,0.0025,0.0000,0.0067
SFO,from,467,10,0.0076,0.0041,0.0420,0.0311,0.0230,0.0321,0.0000,0.0135
SFO,from,468,10,0.0083,0.0083,0.0038,0.0054,0.0066,0.0049,0.0000,0.0101
SFO,from,469,10,0.0023,0.0016,0.0113,0.0027,0.0033,0.0099,0.0000,0.0000
SFO,from,470,10,0.0181,0.0201,0.0124,0.0135,0.0139,0.0123,0.0000,0.0135
SFO,from,471,10,0.0042,0.0045,0.0110,0.0068,0.0047,0.0099,0.0000,0.0000
SFO,from,472,10,0.0074,0.0096,0.0032,0.0054,0.0044,0.0049,0.0000,0.0067
SFO,from,473,10,0.0050,0.0048,0.0017,0.0027,0.0029,0.0000,0.0000,0.0000
SFO,from,474,10,0.0079,0.0080,0.0038,0.0054,0.0066,0.0025,0.0000,0.0101
SFO,from,475,10,0.0074,0.0071,0.0067,0.0068,0.0066,0.0074,0.0000,0.0101
SFO,from,476,10,0.0225,0.0256,0.0174,0.0203,0.0179,0.0198,0.0455,0.0202
SFO,from,477,10,0.0144,0.0144,0.0104,0.0122,0.0106,0.0099,0.0000,0.0135
SFO,from,478,10,0.0107,0.0103,0.0119,0.0108,0.0095,0.0099,0.0000,0.0135
SFO,from,479,10,0.0239,0.0240,0.0124,0.0189,0.0186,0.0123,0.0000,0.0236
SFO,from,480,10,0.0147,0.0171,0.0061,0.0122,0.0095,0.0074,0.0000,0.0135
SFO,from,481,10,0.0170,0.0172,0.0078,0.0122,0.0128,0.0074,0.0000,0.0135
SFO,from,482,10,0.0139,0.0141,0.0058,0.0108,0.0098,0.0074,0.0000,0.0135
SFO,from,483,10,0.0138,0.0139,0.0058,0.0108,0.0095,0.0074,0.0000,0.0135
SFO,from,484,10,0.0234,0.0217,0.0420,0.0298,0.0262,0.0420,0.0227,0.0236
SFO,from,485,10,0.0226,0.0220,0.0235,0.0203,0.0201,0.0222,0.0000,0.0236
SFO,from,486,10,0.0214,0.0237,0.0162,0.0176,0.0175,0.0173,0.0000,0.0202
SFO,from,487,10,0.0120,0.0119,0.0096,0.0108,0.0095,0.0099,0.0000,0.0135
SFO,from,488,10,0.0306,0.0352,0.0168,0.0230,0.0219,0.0222,0.0455,0.0269
SFO,from,489,10,0.0289,0.0292,0.0162,0.0230,0.0230,0.0173,0.0000,0.0269
SFO,from,490,10,0.0169,0.0184,0.0075,0.0122,0.0120,0.0099,0.0000,0.0135
SFO,from,491,10,0.0084,0.0083,0.0038,0.0054,0.0066,0.0049,0.0000,0.0101
SFO,from,492,10,0.0201,0.0209,0.0139,0.0149,0.0157,0.0148,0.0000,0.0202
SFO,from,493,10,0.0243,0.0248,0.0110,0.0176,0.0182,0.0123,0.0000,0.0236
SFO,from,494,10,0.0282,0.0293,0.0194,0.0230,0.0230,0.0222,0.0000,0.0269
SFO,from,495,10,0.0299,0.0303,0.0124,0.0230,0.0230,0.0123,0.0000,0.0269
SFO,from,496,10,0.0153,0.0152,0.0113,0.0122,0.0128,0.0099,0.0000,0.0135
SFO,from,497,10,0.0320,0.0323,0.0142,0.0230,0.0244,0.0148,0.0000,0.0303
SFO,from,498,10,0.0155,0.0157,0.0067,0.0122,0.0113,0.0074,0.0000,0.0135
SFO,from,499,10,0.0183,0.0195,0.0078,0.0122,0.0135,0.0099,0.0000,0.0135
SFO,from,500,10,0.0132,0.0129,0.0081,0.0122,0.0106,0.0074,0.0000,0.0135
SFO,from,501,10,0.0123,0.0135,0.0049,0.0081,0.0087,0.0074,0.0000,0.0135
SFO,from,502,10,0.0088,0.0100,0.0038,0.0068,0.0066,0.0049,0.0000,0.0101
SFO,from,503,10,0.0061,0.0101,0.0269,0.0135,0.0080,0.0321,0.0682,0.0000
SFO,from,504,10,0.0068,0.0068,0.0032,0.0027,0.0055,0.0025,0.0000,0.0067
SFO,from,505,10,0.0166,0.0165,0.0078,0.0122,0.0120,0.0074,0.0000,0.0135
SFO,from,506,10,0.0084,0.0083,0.0038,0.0054,0.0066,0.0049,0.0000,0.0101
SFO,from,507,10,0.0190,0.0192,0.0087,0.0135,0.0146,0.0099,0.0000,0.0135
SFO,from,508,10,0.0078,0.0077,0.0038,0.0027,0.0066,0.0025,0.0000,0.0101
SFO,from,509,10,0.0085,0.0084,0.0038,0.0054,0.0066,0.0049,0.0000,0.0101
SFO,from,510,10,0.0137,0.0137,0.0058,0.0108,0.0098,0.0074,0.0000,0.0135
SFO,from,511,10,0.0407,0.0393,0.1155,0.0934,0.0693,0.0963,0.1136,0.0539
SFO,from,512,10,0.0390,0.0263,0.0078,0.0244,0.1112,0.0395,0.4773,0.0404
SFO,from,513,10,0.0126,0.0125,0.0055,0.0081,0.0095,0.0074,0.0000,0.0135
SFO,from,514,10,0.0320,0.0316,0.0249,0.0244,0.0266,0.0247,0.0000,0.0303
SFO,from,515,10,0.0166,0.0163,0.0148,0.0135,0.0142,0.0123,0.0000,0.0135
SFO,from,516,10,0.0137,0.0139,0.0058,0.0108,0.0095,0.0074,0.0000,0.0135
SFO,from,517,10,0.0134,0.0135,0.0058,0.0108,0.0095,0.0074,0.0000,0.0135
SFO,from,518,10,0.0201,0.0203,0.0096,0.0135,0.0149,0.0099,0.0000,0.0202
SFO,from,519,10,0.0210,0.0229,0.0197,0.0203,0.0182,0.0198,0.0000,0.0202
SFO,from,520,10,0.0108,0.0104,0.0122,0.0108,0.0095,0.0099,0.0000,0.0135
SFO,from,521,10,0.0131,0.0119,0.0272,0.0149,0.0149,0.0247,0.0000,0.0135
SFO,from,522,11,0.0321,0.0305,0.0089,0.0159,0.0197,0.0077,0.0000,0.0294
SFO,from,523,11,0.0471,0.0466,0.0125,0.0245,0.0289,0.0135,0.0000,0.0392
SFO,from,524,11,0.0318,0.0301,0.0089,0.0159,0.0197,0.0077,0.0000,0.0294
SFO,from,525,11,0.0238,0.0243,0.0064,0.0130,0.0133,0.0077,0.0000,0.0196
SFO,from,526,11,0.0421,0.0458,0.0114,0.0245,0.0239,0.0135,0.0250,0.0392
SFO,from,527,11,0.0476,0.0452,0.0127,0.0245,0.0294,0.0135,0.0000,0.0441
SFO,from,528,11,0.0349,0.0331,0.0091,0.0173,0.0220,0.0096,0.0000,0.0343
SFO,from,529,11,0.0185,0.0174,0.0049,0.0087,0.0115,0.0058,0.0000,0.0196
SFO,from,530,11,0.0345,0.0420,0.0127,0.0231,0.0220,0.0154,0.0375,0.0343
SFO,from,531,11,0.0168,0.0163,0.0042,0.0072,0.0101,0.0058,0.0000,0.0196
SFO,from,532,11,0.0028,0.0027,0.0004,0.0000,0.0005,0.0000,0.0000,0.0000
SFO,from,533,11,0.0147,0.0149,0.0091,0.0115,0.0110,0.0096,0.0000,0.0196
SFO,from,534,11,0.0314,0.0366,0.0311,0.0317,0.0275,0.0328,0.0375,0.0294
SFO,from,535,11,0.0066,0.0105,0.0091,0.0072,0.0060,0.0096,0.0250,0.0000
SFO,from,536,11,0.0027,0.0025,0.0004,0.0000,0.0005,0.0000,0.0000,0.0000
SFO,from,537,11,0.0039,0.0073,0.0006,0.0000,0.0005,0.0000,0.0000,0.0000
SFO,from,538,11,0.0030,0.0061,0.0004,0.0000,0.0000,0.0000,0.0000,0.0000
SFO,from,539,11,0.0031,0.0059,0.0047,0.0029,0.0032,0.0058,0.0000,0.0000
SFO,from,540,11,0.0291,0.0266,0.0076,0.0144,0.0229,0.0077,0.0000,0.0294
SFO,from,541,11,0.0337,0.0305,0.0142,0.0202,0.0289,0.0135,0.0250,0.0343
SFO,from,542,11,0.0145,0.0149,0.0091,0.0115,0.0106,0.0096,0.0000,0.0196
SFO,from,543,11,0.0155,0.0115,0.0468,0.0317,0.0275,0.0462,0.0375,0.0196
SFO,from,544,11,0.0165,0.0197,0.0244,0.0216,0.0229,0.0270,0.0500,0.0196
SFO,from,545,11,0.0227,0.0466,0.0403,0.0404,0.0225,0.0501,0.1000,0.0196
SFO,from,546,11,0.0143,0.0228,0.0172,0.0159,0.0119,0.0212,0.0375,0.0196
SFO,from,547,11,0.0060,0.0077,0.0127,0.0101,0.0083,0.0135,0.0250,0.0000
SFO,from,548,11,0.0202,0.0197,0.0081,0.0130,0.0184,0.0096,0.0250,0.0196
SFO,from,549,11,0.0104,0.0092,0.0091,0.0101,0.0252,0.0135,0.0625,0.0147
SFO,from,550,11,0.0063,0.0107,0.0070,0.0072,0.0037,0.0077,0.0250,0.0000
SFO,from,551,11,0.0043,0.0038,0.0008,0.0000,0.0028,0.0000,0.0000,0.0000
SFO,from,552,11,0.0021,0.0019,0.0004,0.0000,0.0005,0.0000,0.0000,0.0000
SFO,from,553,11,0.0035,0.0034,0.0006,0.0000,0.0028,0.0000,0.0000,0.0000
SFO,from,554,11,0.0220,0.0203,0.0195,0.0188,0.0234,0.0212,0.0375,0.0196
SFO,from,555,11,0.0049,0.0038,0.0070,0.0029,0.0041,0.0058,0.0000,0.0000
SFO,from,556,11,0.0039,0.0073,0.0006,0.0000,0.0005,0.0000,0.0000,0.0000
SFO,from,557,11,0.0016,0.0011,0.0002,0.0000,0.0000,0.0000,0.0000,0.0000
SFO,from,558,11,0.0228,0.0048,0.1479,0.1025,0.0922,0.1407,0.1000,0.0441
SFO,from,559,11,0.0204,0.0178,0.0089,0.0130,0.0193,0.0096,0.0125,0.0196
SFO,from,560,11,0.0262,0.0036,0.1733,0.1328,0.1074,0.1580,0.1000,0.0588
SFO,from,561,11,0.0044,0.0073,0.0006,0.0014,0.0009,0.0000,0.0000,0.0000
SFO,from,562,11,0.0026,0.0025,0.0004,0.0000,0.0005,0.0000,0.0000,0.0000
SFO,from,563,11,0.0122,0.0132,0.0345,0.0245,0.0193,0.0366,0.0375,0.0196
SFO,from,564,11,0.0236,0.0226,0.0070,0.0130,0.0133,0.0058,0.0000,0.0196
SFO,from,565,11,0.0210,0.0199,0.0057,0.0115,0.0124,0.0058,0.0000,0.0196
SFO,from,566,11,0.0030,0.0046,0.0004,0.0000,0.0005,0.0000,0.0000,0.0000
SFO,from,567,11,0.0330,0.0399,0.1343,0.0909,0.0748,0.1445,0.1750,0.0392
SFO,from,568,11,0.0216,0.0105,0.0642,0.0794,0.0647,0.0482,0.0250,0.0539
SFO,from,569,11,0.0062,0.0057,0.0013,0.0014,0.0037,0.0000,0.0000,0.0000
SFO,from,570,11,0.0071,0.0065,0.0017,0.0029,0.0037,0.0000,0.0000,0.0000
SFO,from,571,11,0.0173,0.0167,0.0044,0.0087,0.0106,0.0058,0.0000,0.0196
SFO,from,572,11,0.0231,0.0220,0.0064,0.0130,0.0133,0.0058,0.0000,0.0196
SFO,from,573,11,0.0290,0.0293,0.0081,0.0144,0.0174,0.0077,0.0000,0.0245
SFO,from,574,11,0.0023,0.0023,0.0004,0.0000,0.0005,0.0000,0.0000,0.0000
SFO,from,575,11,0.0298,0.0284,0.0081,0.0144,0.0184,0.0077,0.0000,0.0294
SFO,from,576,11,0.0261,0.0251,0.0076,0.0130,0.0161,0.0077,0.0000,0.0196
SFO,from,577,11,0.0172,0.0167,0.0044,0.0087,0.0106,0.0058,0.0000,0.0196
SFO,from,578,11,0.0184,0.0174,0.0047,0.0087,0.0115,0.0058,0.0000,0.0196
SFO,from,579,11,0.0015,0.0011,0.0002,0.0000,0.0000,0.0000,0.0000,0.0000
SFO,from,580,11,0.0027,0.0023,0.0021,0.0000,0.0028,0.0000,0.0000,0.0000
SFO,from,581,12,0.0051,0.0050,0.0022,0.0000,0.0039,0.0000,0.0000,0.0000
SFO,from,582,12,0.0016,0.0014,0.0000,0.0000,0.0000,0.0000,0.0000,0.0000
SFO,from,583,12,0.0160,0.0179,0.0093,0.0141,0.0122,0.0126,0.0000,0.0172
SFO,from,584,12,0.0078,0.0072,0.0036,0.0056,0.0050,0.0000,0.0000,0.0000
SFO,from,585,12,0.0142,0.0136,0.0122,0.0141,0.0122,0.0189,0.0000,0.0172
SFO,from,586,12,0.0142,0.0136,0.0122,0.0141,0.0122,0.0189,0.0000,0.0172
SFO,from,587,12,0.0049,0.0045,0.0101,0.0056,0.0044,0.0063,0.0000,0.0000
SFO,from,588,12,0.0122,0.0118,0.0058,0.0056,0.0100,0.0000,0.0000,0.0172
SFO,from,589,12,0.0097,0.0093,0.0043,0.0056,0.0083,0.0000,0.0000,0.0129
SFO,from,590,12,0.0071,0.0068,0.0029,0.0056,0.0044,0.0000,0.0000,0.0000
SFO,from,591,12,0.0021,0.0020,0.0000,0.0000,0.0006,0.0000,0.0000,0.0000
SFO,from,592,12,0.0011,0.0011,0.0000,0.0000,0.0000,0.0000,0.0000,0.0000
SFO,from,593,12,0.0042,0.0106,0.0014,0.0028,0.0000,0.0063,0.0278,0.0000
SFO,from,594,12,0.0085,0.0081,0.0036,0.0056,0.0055,0.0000,0.0000,0.0043
SFO,from,595,12,0.0028,0.0048,0.0007,0.0000,0.0006,0.0000,0.0000,0.0000
SFO,from,596,12,0.0034,0.0032,0.0079,0.0000,0.0039,0.0000,0.0000,0.0000
SFO,from,597,12,0.0016,0.0011,0.0058,0.0000,0.0006,0.0000,0.0000,0.0000
SFO,from,598,12,0.0228,0.0219,0.0180,0.0254,0.0188,0.0189,0.0000,0.0172
SFO,from,599,12,0.0123,0.0120,0.0065,0.0056,0.0100,0.0000,0.0000,0.0172
SFO,from,600,12,0.0152,0.0152,0.0086,0.0141,0.0122,0.0063,0.0000,0.0172
SFO,from,601,12,0.0271,0.0267,0.0144,0.0254,0.0221,0.0189,0.0000,0.0258
SFO,from,602,12,0.0004,0.0002,0.0000,0.0000,0.0000,0.0000,0.0000,0.0000
SFO,from,603,12,0.0074,0.0197,0.0093,0.0113,0.0006,0.0189,0.0833,0.0000
SFO,from,604,12,0.0013,0.0002,0.0194,0.0056,0.0039,0.0189,0.0000,0.0000
SFO,from,605,12,0.0434,0.0541,0.1488,0.0901,0.0471,0.1572,0.1389,0.0343
SFO,from,606,12,0.0119,0.0113,0.0180,0.0141,0.0111,0.0189,0.0000,0.0172
SFO,from,607,12,0.0125,0.0072,0.0855,0.0507,0.0316,0.0629,0.0000,0.0172
SFO,from,608,12,0.0045,0.0081,0.0079,0.0056,0.0033,0.0126,0.0000,0.0000
SFO,from,609,12,0.0497,0.0391,0.0913,0.0676,0.1179,0.1384,0.3889,0.0472
SFO,from,610,12,0.0045,0.0045,0.0014,0.0000,0.0039,0.0000,0.0000,0.0000
SFO,from,611,12,0.0161,0.0181,0.0309,0.0254,0.0144,0.0314,0.0000,0.0172
SFO,from,612,12,0.0198,0.0192,0.0805,0.0620,0.0332,0.0629,0.0556,0.0258
SFO,from,613,12,0.0105,0.0102,0.0158,0.0113,0.0100,0.0189,0.0000,0.0129
SFO,from,614,12,0.0153,0.0152,0.0086,0.0141,0.0122,0.0063,0.0000,0.0172
SFO,from,615,12,0.0167,0.0167,0.0093,0.0141,0.0138,0.0063,0.0000,0.0172
SFO,from,616,12,0.0112,0.0111,0.0058,0.0056,0.0100,0.0000,0.0000,0.0172
SFO,from,617,12,0.0058,0.0054,0.0093,0.0056,0.0044,0.0063,0.0000,0.0000
SFO,from,618,12,0.0089,0.0088,0.0043,0.0056,0.0066,0.0000,0.0000,0.0086
SFO,from,619,12,0.0198,0.0217,0.0101,0.0169,0.0144,0.0189,0.0000,0.0172
SFO,from,620,12,0.0122,0.0115,0.0180,0.0141,0.0111,0.0189,0.0000,0.0172
SFO,from,621,12,0.0104,0.0104,0.0043,0.0056,0.0094,0.0000,0.0000,0.0129
SFO,from,622,12,0.0170,0.0167,0.0093,0.0141,0.0138,0.0063,0.0000,0.0172
SFO,from,623,12,0.0188,0.0188,0.0101,0.0169,0.0144,0.0126,0.0000,0.0172
SFO,from,624,12,0.0102,0.0104,0.0043,0.0056,0.0094,0.0000,0.0000,0.0129
SFO,from,625,12,0.0154,0.0152,0.0086,0.0141,0.0122,0.0063,0.0000,0.0172
SFO,from,626,12,0.0146,0.0140,0.0086,0.0141,0.0116,0.0063,0.0000,0.0172
SFO,from,627,12,0.0149,0.0147,0.0086,0.0141,0.0122,0.0063,0.0000,0.0172
SFO,from,628,12,0.0166,0.0181,0.0144,0.0169,0.0133,0.0189,0.0000,0.0172
SFO,from,629,12,0.0135,0.0133,0.0079,0.0113,0.0111,0.0063,0.0000,0.0172
SFO,from,630,12,0.0104,0.0102,0.0101,0.0113,0.0100,0.0063,0.0000,0.0172
SFO,from,631,12,0.0155,0.0152,0.0086,0.0141,0.0122,0.0063,0.0000,0.0172
SFO,from,632,12,0.0115,0.0113,0.0058,0.0056,0.0100,0.0000,0.0000,0.0172
SFO,from,633,12,0.0089,0.0088,0.0043,0.0056,0.0072,0.0000,0.0000,0.0086
SFO,from,634,12,0.0021,0.0016,0.0000,0.0000,0.0006,0.0000,0.0000,0.0000
SFO,from,635,12,0.0039,0.0043,0.0014,0.0000,0.0033,0.0000,0.0000,0.0000
SFO,from,636,12,0.0042,0.0043,0.0014,0.0000,0.0033,0.0000,0.0000,0.0000
SFO,from,637,12,0.0195,0.0192,0.0101,0.0169,0.0150,0.0126,0.0000,0.0172
SFO,from,638,12,0.0158,0.0176,0.0086,0.0141,0.0116,0.0126,0.0000,0.0172
SFO,from,639,12,0.0101,0.0102,0.0043,0.0056,0.0094,0.0000,0.0000,0.0129
SFO,from,640,12,0.0058,0.0057,0.0022,0.0000,0.0044,0.0000,0.0000,0.0000
SFO,from,641,12,0.0097,0.0090,0.0101,0.0056,0.0100,0.0126,0.0000,0.0129
SFO,from,642,12,0.0115,0.0113,0.0108,0.0113,0.0105,0.0126,0.0000,0.0172
SFO,from,643,12,0.0122,0.0118,0.0058,0.0056,0.0100,0.0000,0.0000,0.0172
SFO,from,644,12,0.0195,0.0192,0.0101,0.0169,0.0144,0.0126,0.0000,0.0172
SFO,from,645,12,0.0146,0.0140,0.0086,0.0141,0.0116,0.0063,0.0000,0.0172
SFO,from,646,12,0.0122,0.0120,0.0065,0.0056,0.0100,0.0000,0.0000,0.0172
SFO,from,647,12,0.0168,0.0167,0.0093,0.0141,0.0138,0.0063,0.0000,0.0172
SFO,from,648,12,0.0125,0.0120,0.0065,0.0056,0.0105,0.0000,0.0000,0.0172
SFO,from,649,12,0.0140,0.0156,0.0079,0.0141,0.0105,0.0126,0.0000,0.0172
SFO,from,650,12,0.0192,0.0192,0.0101,0.0169,0.0144,0.0126,0.0000,0.0172
SFO,from,651,12,0.0374,0.0240,0.0093,0.0282,0.0986,0.0503,0.3056,0.0343
SFO,from,652,12,0.0140,0.0136,0.0079,0.0113,0.0111,0.0063,0.0000,0.0172
SFO,from,653,12,0.0305,0.0305,0.0158,0.0282,0.0249,0.0189,0.0000,0.0300
SFO,from,654,12,0.0274,0.0271,0.0144,0.0254,0.0221,0.0189,0.0000,0.0258
SFO,from,655,12,0.0438,0.0437,0.0302,0.0423,0.0371,0.0252,0.0000,0.0429
SFO,from,656,13,0.0422,0.0434,0.0445,0.0385,0.0401,0.0513,0.1250,0.0430
SFO,from,657,13,0.0348,0.0355,0.0319,0.0321,0.0313,0.0299,0.0000,0.0323
SFO,from,658,13,0.0206,0.0203,0.0096,0.0171,0.0169,0.0128,0.0000,0.0215
SFO,from,659,13,0.0110,0.0106,0.0048,0.0043,0.0113,0.0085,0.0000,0.0108
SFO,from,660,13,0.0340,0.0134,0.3373,0.2115,0.1515,0.2094,0.1875,0.0968
SFO,from,661,13,0.0342,0.0336,0.0559,0.0363,0.0376,0.0556,0.0625,0.0323
SFO,from,662,13,0.0228,0.0223,0.0114,0.0192,0.0182,0.0128,0.0000,0.0215
SFO,from,663,13,0.0176,0.0172,0.0084,0.0128,0.0157,0.0128,0.0000,0.0215
SFO,from,664,13,0.0313,0.0366,0.0162,0.0256,0.0244,0.0214,0.1250,0.0215
SFO,from,665,13,0.0296,0.0309,0.0150,0.0214,0.0250,0.0214,0.0000,0.0215
SFO,from,666,13,0.0053,0.0046,0.0018,0.0000,0.0044,0.0000,0.0000,0.0000
SFO,from,667,13,0.0107,0.0101,0.0120,0.0107,0.0113,0.0128,0.0000,0.0108
SFO,from,668,13,0.0282,0.0268,0.0265,0.0235,0.0269,0.0299,0.0000,0.0215
SFO,from,669,13,0.0086,0.0096,0.0096,0.0085,0.0081,0.0128,0.0000,0.0000
SFO,from,670,13,0.0363,0.0415,0.0253,0.0321,0.0301,0.0299,0.1875,0.0323
SFO,from,671,13,0.0167,0.0161,0.0084,0.0128,0.0144,0.0128,0.0000,0.0215
SFO,from,672,13,0.0203,0.0199,0.0090,0.0171,0.0163,0.0128,0.0000,0.0215
SFO,from,673,13,0.0143,0.0137,0.0078,0.0107,0.0125,0.0128,0.0000,0.0215
SFO,from,674,13,0.0288,0.0297,0.0138,0.0214,0.0244,0.0171,0.0000,0.0215
SFO,from,675,13,0.0242,0.0239,0.0120,0.0192,0.0207,0.0171,0.0000,0.0215
SFO,from,676,13,0.0301,0.0378,0.0150,0.0235,0.0219,0.0256,0.1875,0.0215
SFO,from,677,13,0.0097,0.0091,0.0042,0.0043,0.0088,0.0043,0.0000,0.0000
SFO,from,678,13,0.0191,0.0190,0.0361,0.0214,0.0207,0.0299,0.0000,0.0215
SFO,from,679,13,0.0143,0.0139,0.0078,0.0107,0.0125,0.0128,0.0000,0.0215
SFO,from,680,13,0.0324,0.0331,0.0216,0.0278,0.0301,0.0214,0.0000,0.0323
SFO,from,681,13,0.0161,0.0203,0.0138,0.0171,0.0125,0.0171,0.1250,0.0215
SFO,from,682,13,0.0272,0.0299,0.0132,0.0214,0.0225,0.0214,0.0000,0.0215
SFO,from,683,13,0.0181,0.0177,0.0084,0.0128,0.0163,0.0128,0.0000,0.0215
SFO,from,684,13,0.0315,0.0309,0.0162,0.0235,0.0276,0.0214,0.0000,0.0269
SFO,from,685,13,0.0162,0.0156,0.0084,0.0107,0.0138,0.0128,0.0000,0.0215
SFO,from,686,13,0.0135,0.0146,0.0132,0.0128,0.0125,0.0128,0.0000,0.0161
SFO,from,687,13,0.0085,0.0082,0.0036,0.0043,0.0063,0.0043,0.0000,0.0000
SFO,from,688,13,0.0329,0.0323,0.0162,0.0235,0.0301,0.0214,0.0000,0.0323
SFO,from,689,13,0.0312,0.0323,0.0162,0.0235,0.0263,0.0214,0.0000,0.0215
SFO,from,690,13,0.0371,0.0362,0.0198,0.0278,0.0313,0.0214,0.0000,0.0376
SFO,from,691,13,0.0212,0.0204,0.0096,0.0171,0.0175,0.0128,0.0000,0.0215
SFO,from,692,13,0.0165,0.0153,0.0229,0.0171,0.0163,0.0214,0.0000,0.0215
SFO,from,693,13,0.0235,0.0247,0.0120,0.0192,0.0182,0.0171,0.0000,0.0215
SFO,from,694,13,0.0364,0.0372,0.0198,0.0278,0.0313,0.0214,0.0000,0.0323
SFO,from,695,13,0.0564,0.0546,0.0349,0.0470,0.0507,0.0427,0.0000,0.0538
SFO,from,696,13,0.0366,0.0372,0.0253,0.0321,0.0319,0.0299,0.0000,0.0376
SFO,from,697,14,0.0387,0.0358,0.0154,0.0262,0.0330,0.0268,0.0000,0.0588
SFO,from,698,14,0.0871,0.0811,0.0347,0.0576,0.0743,0.0446,0.0000,0.0735
SFO,from,699,14,0.0654,0.0602,0.0489,0.0524,0.0611,0.0446,0.0000,0.0588
SFO,from,700,14,0.0858,0.0807,0.2098,0.1204,0.1106,0.1786,0.1429,0.0882
SFO,from,701,14,0.0756,0.0693,0.0283,0.0524,0.0627,0.0357,0.0000,0.0588
SFO,from,702,14,0.0723,0.0754,0.0502,0.0576,0.0611,0.0625,0.0952,0.0588
SFO,from,703,14,0.0495,0.0454,0.0180,0.0314,0.0413,0.0268,0.0000,0.0588
SFO,from,704,14,0.0534,0.0602,0.0193,0.0419,0.0380,0.0357,0.0476,0.0588
SFO,from,705,14,0.0711,0.0650,0.0257,0.0471,0.0611,0.0357,0.0000,0.0588
SFO,from,706,14,0.0354,0.0454,0.0978,0.0524,0.0396,0.0893,0.1429,0.0294
SFO,from,707,14,0.0274,0.0419,0.0322,0.0314,0.0149,0.0446,0.1429,0.0000
SFO,from,708,14,0.0354,0.0305,0.0373,0.0314,0.0363,0.0357,0.0000,0.0441
SFO,from,709,14,0.0395,0.0471,0.0154,0.0262,0.0297,0.0268,0.0476,0.0441
SFO,from,710,14,0.0161,0.0140,0.0039,0.0052,0.0132,0.0000,0.0000,0.0000
SFO,from,711,14,0.0926,0.0968,0.0347,0.0681,0.0710,0.0536,0.0952,0.0882
SFO,from,712,14,0.0374,0.0345,0.0154,0.0262,0.0314,0.0268,0.0000,0.0441
SFO,from,713,14,0.0681,0.0733,0.0257,0.0471,0.0479,0.0357,0.0476,0.0588
SFO,from,714,14,0.0495,0.0436,0.2870,0.2251,0.1733,0.1964,0.2381,0.1176
SFO,from,715,15,0.0337,0.0371,0.0228,0.0272,0.0272,0.0254,0.0400,0.0326
SFO,from,716,15,0.0100,0.0093,0.0096,0.0094,0.0092,0.0076,0.0000,0.0104
SFO,from,717,15,0.0177,0.0179,0.0044,0.0094,0.0109,0.0076,0.0000,0.0169
SFO,from,718,15,0.0533,0.0606,0.0344,0.0449,0.0422,0.0355,0.0600,0.0495
SFO,from,719,15,0.0296,0.0328,0.0212,0.0240,0.0242,0.0228,0.0400,0.0286
SFO,from,720,15,0.0182,0.0211,0.0044,0.0104,0.0109,0.0076,0.0000,0.0169
SFO,from,721,15,0.0289,0.0323,0.0083,0.0178,0.0180,0.0102,0.0000,0.0273
SFO,from,722,15,0.0249,0.0256,0.0070,0.0136,0.0159,0.0076,0.0000,0.0234
SFO,from,723,15,0.0185,0.0190,0.0049,0.0094,0.0109,0.0076,0.0000,0.0182
SFO,from,724,15,0.0247,0.0251,0.0070,0.0136,0.0159,0.0076,0.0000,0.0234
SFO,from,725,15,0.0136,0.0136,0.0036,0.0084,0.0088,0.0051,0.0000,0.0130
SFO,from,726,15,0.0350,0.0362,0.0098,0.0188,0.0217,0.0102,0.0000,0.0326
SFO,from,727,15,0.0107,0.0108,0.0031,0.0052,0.0075,0.0025,0.0000,0.0104
SFO,from,728,15,0.0304,0.0299,0.0192,0.0219,0.0247,0.0178,0.0000,0.0286
SFO,from,729,15,0.0157,0.0095,0.0578,0.0366,0.0360,0.0508,0.0600,0.0195
SFO,from,730,15,0.0727,0.0679,0.0741,0.0700,0.0723,0.0660,0.0600,0.0729
SFO,from,731,15,0.0200,0.0204,0.0052,0.0104,0.0121,0.0076,0.0000,0.0182
SFO,from,732,15,0.0353,0.0427,0.0212,0.0293,0.0263,0.0254,0.0600,0.0326
SFO,from,733,15,0.0338,0.0292,0.0554,0.0439,0.0439,0.0508,0.0600,0.0352
SFO,from,734,15,0.0444,0.0452,0.0199,0.0324,0.0326,0.0203,0.0000,0.0430
SFO,from,735,15,0.0423,0.0520,0.1033,0.0742,0.0690,0.0990,0.1600,0.0456
SFO,from,736,15,0.0522,0.0496,0.0482,0.0481,0.0502,0.0457,0.0400,0.0508
SFO,from,737,15,0.0358,0.0299,0.0821,0.0805,0.0690,0.0914,0.0800,0.0430
SFO,from,738,15,0.0344,0.0353,0.0098,0.0188,0.0213,0.0102,0.0000,0.0326
SFO,from,739,15,0.0181,0.0133,0.0725,0.0449,0.0439,0.0635,0.0600,0.0234
SFO,from,740,15,0.0176,0.0179,0.0044,0.0094,0.0109,0.0076,0.0000,0.0169
SFO,from,741,15,0.0258,0.0262,0.0070,0.0136,0.0167,0.0076,0.0000,0.0234
SFO,from,742,15,0.0737,0.0565,0.2191,0.1682,0.1543,0.2107,0.2200,0.0872
SFO,from,743,15,0.0461,0.0482,0.0381,0.0408,0.0418,0.0406,0.0600,0.0443
SFO,from,744,15,0.0186,0.0190,0.0052,0.0094,0.0113,0.0076,0.0000,0.0182
SFO,from,745,15,0.0201,0.0206,0.0052,0.0104,0.0121,0.0076,0.0000,0.0182
SFO,from,746,15,0.0441,0.0453,0.0117,0.0251,0.0284,0.0127,0.0000,0.0430
SFO,from,747,16,0.0186,0.0181,0.0073,0.0134,0.0160,0.0117,0.0000,0.0188
SFO,from,748,16,0.0159,0.0155,0.0068,0.0112,0.0122,0.0078,0.0000,0.0157
SFO,from,749,16,0.0150,0.0150,0.0068,0.0112,0.0118,0.0078,0.0000,0.0146
SFO,from,750,16,0.0018,0.0033,0.0151,0.0045,0.0034,0.0117,0.0000,0.0000
SFO,from,751,16,0.0114,0.0066,0.1286,0.0739,0.0532,0.1250,0.1875,0.0157
SFO,from,752,16,0.0025,0.0021,0.0073,0.0022,0.0034,0.0039,0.0000,0.0042
SFO,from,753,16,0.0221,0.0213,0.0083,0.0168,0.0186,0.0117,0.0000,0.0220
SFO,from,754,16,0.0203,0.0199,0.0078,0.0146,0.0169,0.0117,0.0000,0.0199
SFO,from,755,16,0.0400,0.0392,0.0297,0.0381,0.0372,0.0273,0.0000,0.0397
SFO,from,756,16,0.0232,0.0232,0.0099,0.0179,0.0203,0.0117,0.0000,0.0230
SFO,from,757,16,0.0078,0.0078,0.0026,0.0056,0.0076,0.0000,0.0000,0.0084
SFO,from,758,16,0.0154,0.0152,0.0068,0.0112,0.0122,0.0078,0.0000,0.0146
SFO,from,759,16,0.0205,0.0204,0.0078,0.0146,0.0173,0.0117,0.0000,0.0199
SFO,from,760,16,0.0150,0.0148,0.0130,0.0123,0.0135,0.0117,0.0000,0.0146
SFO,from,761,16,0.0196,0.0193,0.0078,0.0146,0.0165,0.0117,0.0000,0.0188
SFO,from,762,16,0.0082,0.0082,0.0031,0.0056,0.0076,0.0000,0.0000,0.0084
SFO,from,763,16,0.0146,0.0145,0.0068,0.0101,0.0114,0.0078,0.0000,0.0146
SFO,from,764,16,0.0196,0.0193,0.0078,0.0146,0.0160,0.0117,0.0000,0.0188
SFO,from,765,16,0.0098,0.0132,0.0031,0.0090,0.0076,0.0078,0.0000,0.0084
SFO,from,766,16,0.0085,0.0082,0.0099,0.0090,0.0084,0.0078,0.0000,0.0084
SFO,from,767,16,0.0339,0.0322,0.1276,0.0571,0.0545,0.0859,0.1875,0.0356
SFO,from,768,16,0.0320,0.0232,0.0781,0.1030,0.0718,0.1289,0.0000,0.0387
SFO,from,769,16,0.0422,0.0493,0.0188,0.0358,0.0329,0.0234,0.1250,0.0397
SFO,from,770,16,0.0167,0.0164,0.0073,0.0112,0.0131,0.0117,0.0000,0.0157
SFO,from,771,16,0.0246,0.0232,0.0354,0.0246,0.0266,0.0273,0.0000,0.0251
SFO,from,772,16,0.0101,0.0091,0.0193,0.0101,0.0110,0.0117,0.0000,0.0105
SFO,from,773,16,0.0158,0.0192,0.0146,0.0146,0.0131,0.0156,0.0000,0.0146
SFO,from,774,16,0.0128,0.0125,0.0057,0.0101,0.0110,0.0078,0.0000,0.0126
SFO,from,775,16,0.0241,0.0241,0.0104,0.0190,0.0207,0.0117,0.0000,0.0230
SFO,from,776,16,0.0190,0.0185,0.0141,0.0168,0.0173,0.0117,0.0000,0.0188
SFO,from,777,16,0.0137,0.0197,0.0302,0.0168,0.0144,0.0273,0.1875,0.0126
SFO,from,778,16,0.0390,0.0457,0.0250,0.0347,0.0329,0.0273,0.1250,0.0387
SFO,from,779,16,0.0193,0.0193,0.0078,0.0146,0.0160,0.0117,0.0000,0.0188
SFO,from,780,16,0.0168,0.0199,0.0151,0.0146,0.0148,0.0156,0.0000,0.0157
SFO,from,781,16,0.0150,0.0148,0.0068,0.0112,0.0118,0.0078,0.0000,0.0146
SFO,from,782,16,0.0210,0.0206,0.0083,0.0157,0.0173,0.0117,0.0000,0.0209
SFO,from,783,16,0.0098,0.0092,0.0031,0.0067,0.0084,0.0039,0.0000,0.0094
SFO,from,784,16,0.0187,0.0180,0.0172,0.0168,0.0177,0.0156,0.0000,0.0188
SFO,from,785,16,0.0154,0.0148,0.0141,0.0123,0.0144,0.0117,0.0000,0.0157
SFO,from,786,16,0.0117,0.0115,0.0047,0.0090,0.0093,0.0039,0.0000,0.0115
SFO,from,787,16,0.0200,0.0197,0.0078,0.0146,0.0169,0.0117,0.0000,0.0199
SFO,from,788,16,0.0198,0.0216,0.0078,0.0146,0.0160,0.0117,0.0000,0.0188
SFO,from,789,16,0.0180,0.0176,0.0073,0.0123,0.0156,0.0117,0.0000,0.0188
SFO,from,790,16,0.0200,0.0197,0.0078,0.0146,0.0169,0.0117,0.0000,0.0199
SFO,from,791,16,0.0119,0.0117,0.0047,0.0101,0.0101,0.0039,0.0000,0.0115
SFO,from,792,16,0.0137,0.0132,0.0062,0.0101,0.0110,0.0078,0.0000,0.0136
SFO,from,793,16,0.0117,0.0115,0.0047,0.0090,0.0093,0.0039,0.0000,0.0115
SFO,from,794,16,0.0149,0.0148,0.0068,0.0101,0.0118,0.0078,0.0000,0.0146
SFO,from,795,16,0.0070,0.0068,0.0026,0.0056,0.0059,0.0000,0.0000,0.0073
SFO,from,796,16,0.0318,0.0263,0.1188,0.0526,0.0511,0.0820,0.1875,0.0345
SFO,from,797,16,0.0180,0.0174,0.0141,0.0146,0.0169,0.0117,0.0000,0.0188
SFO,from,798,16,0.0080,0.0078,0.0089,0.0067,0.0084,0.0078,0.0000,0.0084
SFO,from,799,16,0.0184,0.0181,0.0073,0.0123,0.0156,0.0117,0.0000,0.0188
SFO,from,800,16,0.0172,0.0206,0.0073,0.0123,0.0122,0.0117,0.0000,0.0157
SFO,from,801,16,0.0262,0.0254,0.0188,0.0202,0.0232,0.0156,0.0000,0.0262
SFO,from,802,16,0.0135,0.0132,0.0062,0.0101,0.0110,0.0078,0.0000,0.0136
SFO,from,803,16,0.0083,0.0082,0.0031,0.0056,0.0076,0.0000,0.0000,0.0084
SFO,from,804,17,0.0138,0.0138,0.0050,0.0109,0.0114,0.0051,0.0000,0.0136
SFO,from,805,17,0.0301,0.0300,0.0118,0.0231,0.0249,0.0152,0.0000,0.0297
SFO,from,806,17,0.0269,0.0281,0.0566,0.0326,0.0318,0.0505,0.1667,0.0272
SFO,from,807,17,0.0139,0.0138,0.0050,0.0109,0.0114,0.0051,0.0000,0.0136
SFO,from,808,17,0.0132,0.0128,0.0044,0.0109,0.0109,0.0051,0.0000,0.0136
SFO,from,809,17,0.0078,0.0064,0.0242,0.0122,0.0114,0.0202,0.0000,0.0087
SFO,from,810,17,0.0378,0.0539,0.0597,0.0475,0.0363,0.0657,0.4167,0.0359
SFO,from,811,17,0.0230,0.0285,0.0317,0.0231,0.0224,0.0303,0.1667,0.0223
SFO,from,812,17,0.0111,0.0105,0.0155,0.0122,0.0119,0.0152,0.0000,0.0111
SFO,from,813,17,0.0095,0.0095,0.0031,0.0068,0.0090,0.0000,0.0000,0.0099
SFO,from,814,17,0.0110,0.0107,0.0037,0.0081,0.0095,0.0000,0.0000,0.0099
SFO,from,815,17,0.0017,0.0012,0.0000,0.0000,0.0005,0.0000,0.0000,0.0000
SFO,from,816,17,0.0071,0.0066,0.0019,0.0027,0.0050,0.0000,0.0000,0.0074
SFO,from,817,17,0.0031,0.0033,0.0006,0.0000,0.0030,0.0000,0.0000,0.0050
SFO,from,818,17,0.0143,0.0143,0.0050,0.0122,0.0119,0.0051,0.0000,0.0136
SFO,from,819,17,0.0035,0.0035,0.0006,0.0000,0.0030,0.0000,0.0000,0.0050
SFO,from,820,17,0.0624,0.0622,0.0360,0.0543,0.0562,0.0404,0.0000,0.0606
SFO,from,821,17,0.0289,0.0308,0.0106,0.0231,0.0244,0.0152,0.0000,0.0272
SFO,from,822,17,0.0185,0.0184,0.0075,0.0136,0.0144,0.0101,0.0000,0.0186
SFO,from,823,17,0.0190,0.0188,0.0081,0.0136,0.0149,0.0101,0.0000,0.0186
SFO,from,824,17,0.0125,0.0066,0.0615,0.0529,0.0373,0.0808,0.0000,0.0161
SFO,from,825,17,0.0107,0.0107,0.0037,0.0081,0.0095,0.0000,0.0000,0.0099
SFO,from,826,17,0.0020,0.0014,0.0000,0.0000,0.0005,0.0000,0.0000,0.0000
SFO,from,827,17,0.0076,0.0074,0.0019,0.0054,0.0060,0.0000,0.0000,0.0074
SFO,from,828,17,0.0126,0.0124,0.0037,0.0109,0.0104,0.0051,0.0000,0.0124
SFO,from,829,17,0.0068,0.0050,0.0360,0.0122,0.0129,0.0253,0.0000,0.0074
SFO,from,830,17,0.0097,0.0097,0.0031,0.0068,0.0090,0.0000,0.0000,0.0099
SFO,from,831,17,0.0021,0.0019,0.0000,0.0000,0.0005,0.0000,0.0000,0.0012
SFO,from,832,17,0.0074,0.0072,0.0019,0.0054,0.0055,0.0000,0.0000,0.0074
SFO,from,833,17,0.0130,0.0128,0.0044,0.0109,0.0109,0.0051,0.0000,0.0124
SFO,from,834,17,0.0160,0.0161,0.0068,0.0122,0.0129,0.0101,0.0000,0.0161
SFO,from,835,17,0.0148,0.0145,0.0056,0.0122,0.0124,0.0051,0.0000,0.0136
SFO,from,836,17,0.0073,0.0066,0.0019,0.0027,0.0050,0.0000,0.0000,0.0074
SFO,from,837,17,0.0033,0.0033,0.0006,0.0000,0.0030,0.0000,0.0000,0.0050
SFO,from,838,17,0.0013,0.0010,0.0000,0.0000,0.0000,0.0000,0.0000,0.0000
SFO,from,839,17,0.0021,0.0012,0.0118,0.0027,0.0040,0.0101,0.0000,0.0025
SFO,from,840,17,0.0160,0.0155,0.0168,0.0136,0.0154,0.0152,0.0000,0.0173
SFO,from,841,17,0.0132,0.0130,0.0044,0.0109,0.0109,0.0051,0.0000,0.0136
SFO,from,842,17,0.0103,0.0103,0.0037,0.0068,0.0090,0.0000,0.0000,0.0099
SFO,from,843,17,0.0182,0.0182,0.0075,0.0136,0.0144,0.0101,0.0000,0.0173
SFO,from,844,17,0.0547,0.0544,0.0342,0.0488,0.0498,0.0354,0.0000,0.0545
SFO,from,845,17,0.0416,0.0422,0.0168,0.0326,0.0353,0.0202,0.0000,0.0408
SFO,from,846,17,0.0177,0.0178,0.0075,0.0122,0.0139,0.0101,0.0000,0.0173
SFO,from,847,17,0.0032,0.0033,0.0006,0.0000,0.0030,0.0000,0.0000,0.0050
SFO,from,848,17,0.0081,0.0081,0.0019,0.0054,0.0070,0.0000,0.0000,0.0087
SFO,from,849,17,0.0185,0.0184,0.0075,0.0136,0.0144,0.0101,0.0000,0.0186
SFO,from,850,17,0.0207,0.0207,0.0081,0.0149,0.0174,0.0152,0.0000,0.0198
SFO,from,851,17,0.0135,0.0132,0.0044,0.0109,0.0109,0.0051,0.0000,0.0136
SFO,from,852,17,0.0311,0.0308,0.0124,0.0231,0.0254,0.0152,0.0000,0.0309
SFO,from,853,17,0.0297,0.0229,0.0541,0.0923,0.0622,0.1111,0.0000,0.0359
SFO,from,854,17,0.0022,0.0021,0.0000,0.0000,0.0005,0.0000,0.0000,0.0000
SFO,from,855,17,0.0016,0.0012,0.0000,0.0000,0.0005,0.0000,0.0000,0.0000
SFO,from,856,17,0.0099,0.0095,0.0155,0.0109,0.0109,0.0152,0.0000,0.0099
SFO,from,857,17,0.0084,0.0070,0.0255,0.0122,0.0119,0.0202,0.0000,0.0087
SFO,from,858,17,0.0121,0.0095,0.0597,0.0231,0.0239,0.0455,0.0000,0.0136
SFO,from,859,17,0.0131,0.0128,0.0044,0.0109,0.0109,0.0051,0.0000,0.0136
SFO,from,860,17,0.0251,0.0244,0.0224,0.0231,0.0239,0.0202,0.0000,0.0248
SFO,from,861,17,0.0179,0.0180,0.0075,0.0136,0.0144,0.0101,0.0000,0.0173
SFO,from,862,17,0.0102,0.0163,0.0031,0.0081,0.0065,0.0101,0.0000,0.0099
SFO,from,863,17,0.0081,0.0081,0.0019,0.0054,0.0070,0.0000,0.0000,0.0087
SFO,from,864,17,0.0026,0.0025,0.0000,0.0000,0.0010,0.0000,0.0000,0.0025
SFO,from,865,17,0.0058,0.0056,0.0012,0.0027,0.0040,0.0000,0.0000,0.0050
SFO,from,866,17,0.0187,0.0219,0.0075,0.0136,0.0139,0.0152,0.0000,0.0173
SFO,from,867,17,0.0108,0.0107,0.0037,0.0081,0.0095,0.0000,0.0000,0.0099
SFO,from,868,17,0.0101,0.0101,0.0031,0.0068,0.0090,0.0000,0.0000,0.0099
SFO,from,869,17,0.0122,0.0122,0.0037,0.0109,0.0104,0.0051,0.0000,0.0124
SFO,from,870,17,0.0048,0.0048,0.0012,0.0027,0.0040,0.0000,0.0000,0.0050
SFO,from,871,17,0.0063,0.0033,0.0578,0.0176,0.0184,0.0354,0.0000,0.0074
SFO,from,872,17,0.0185,0.0165,0.0398,0.0231,0.0239,0.0354,0.0000,0.0186
SFO,from,873,17,0.0192,0.0192,0.1287,0.0488,0.0423,0.0960,0.2500,0.0223
SFO,from,874,18,0.0000,0.0000,0.0000,0.0000,0.0000,0.0000,0.0000,0.0000
SFO,from,875,18,0.0802,0.0649,0.4595,0.3072,0.2762,0.4312,0.5375,0.1066
SFO,from,876,18,0.0007,0.0006,0.0000,0.0000,0.0000,0.0000,0.0000,0.0000
SFO,from,877,18,0.0010,0.0007,0.0000,0.0000,0.0000,0.0000,0.0000,0.0000
SFO,from,878,18,0.0018,0.0017,0.0002,0.0000,0.0008,0.0000,0.0000,0.0017
SFO,from,879,18,0.0011,0.0008,0.0000,0.0000,0.0003,0.0000,0.0000,0.0000
SFO,from,880,18,0.0012,0.0010,0.0000,0.0000,0.0003,0.0000,0.0000,0.0000
SFO,from,881,18,0.0012,0.0010,0.0000,0.0000,0.0003,0.0000,0.0000,0.0000
SFO,from,882,18,0.0009,0.0007,0.0000,0.0000,0.0000,0.0000,0.0000,0.0000
SFO,from,883,18,0.0129,0.0125,0.0028,0.0069,0.0078,0.0050,0.0000,0.0125
SFO,from,884,18,0.0196,0.0184,0.0099,0.0124,0.0153,0.0101,0.0000,0.0200
SFO,from,885,18,0.0332,0.0323,0.0079,0.0213,0.0217,0.0101,0.0000,0.0316
SFO,from,886,18,0.0122,0.0117,0.0026,0.0069,0.0075,0.0050,0.0000,0.0117
SFO,from,887,18,0.0091,0.0087,0.0023,0.0055,0.0059,0.0034,0.0000,0.0092
SFO,from,888,18,0.0017,0.0016,0.0002,0.0000,0.0005,0.0000,0.0000,0.0017
SFO,from,889,18,0.0012,0.0011,0.0002,0.0000,0.0003,0.0000,0.0000,0.0000
SFO,from,890,18,0.0017,0.0016,0.0002,0.0000,0.0005,0.0000,0.0000,0.0017
SFO,from,891,18,0.0017,0.0016,0.0002,0.0000,0.0005,0.0000,0.0000,0.0017
SFO,from,892,18,0.0017,0.0016,0.0002,0.0000,0.0008,0.0000,0.0000,0.0025
SFO,from,893,18,0.0012,0.0010,0.0000,0.0000,0.0003,0.0000,0.0000,0.0000
SFO,from,894,18,0.0017,0.0008,0.0058,0.0034,0.0029,0.0050,0.0000,0.0025
SFO,from,895,18,0.0024,0.0034,0.0004,0.0014,0.0008,0.0000,0.0000,0.0033
SFO,from,896,18,0.0011,0.0006,0.0026,0.0014,0.0019,0.0017,0.0000,0.0000
SFO,from,897,18,0.0013,0.0012,0.0002,0.0000,0.0003,0.0000,0.0000,0.0000
SFO,from,898,18,0.0014,0.0012,0.0002,0.0000,0.0003,0.0000,0.0000,0.0000
SFO,from,899,18,0.0031,0.0042,0.0005,0.0014,0.0016,0.0000,0.0000,0.0033
SFO,from,900,18,0.0017,0.0016,0.0002,0.0000,0.0005,0.0000,0.0000,0.0017
SFO,from,901,18,0.0014,0.0012,0.0002,0.0000,0.0003,0.0000,0.0000,0.0000
SFO,from,902,18,0.0037,0.0047,0.0005,0.0014,0.0021,0.0000,0.0000,0.0033
SFO,from,903,18,0.0078,0.0075,0.0019,0.0041,0.0054,0.0017,0.0000,0.0075
SFO,from,904,18,0.0022,0.0023,0.0004,0.0000,0.0016,0.0000,0.0000,0.0033
SFO,from,905,18,0.0027,0.0025,0.0005,0.0014,0.0019,0.0000,0.0000,0.0033
SFO,from,906,18,0.0021,0.0023,0.0004,0.0000,0.0016,0.0000,0.0000,0.0033
SFO,from,907,18,0.0093,0.0090,0.0023,0.0055,0.0059,0.0034,0.0000,0.0092
SFO,from,908,18,0.0134,0.0131,0.0030,0.0076,0.0083,0.0050,0.0000,0.0125
SFO,from,909,18,0.0119,0.0115,0.0026,0.0069,0.0075,0.0050,0.0000,0.0117
SFO,from,910,18,0.0188,0.0183,0.0048,0.0117,0.0128,0.0050,0.0000,0.0183
SFO,from,911,18,0.0155,0.0164,0.0035,0.0089,0.0099,0.0050,0.0000,0.0150
SFO,from,912,18,0.0286,0.0278,0.0069,0.0179,0.0190,0.0084,0.0000,0.0275
SFO,from,913,18,0.0336,0.0326,0.0081,0.0213,0.0222,0.0101,0.0000,0.0325
SFO,from,914,18,0.0297,0.0284,0.0124,0.0213,0.0219,0.0117,0.0000,0.0283
SFO,from,915,18,0.0205,0.0200,0.0049,0.0117,0.0134,0.0067,0.0000,0.0200
SFO,from,916,18,0.0205,0.0226,0.0048,0.0117,0.0131,0.0067,0.0000,0.0200
SFO,from,917,18,0.0316,0.0309,0.0076,0.0213,0.0209,0.0084,0.0000,0.0308
SFO,from,918,18,0.0485,0.0467,0.0116,0.0302,0.0324,0.0151,0.0000,0.0475
SFO,from,919,18,0.0107,0.0104,0.0025,0.0062,0.0070,0.0034,0.0000,0.0108
SFO,from,920,18,0.0129,0.0125,0.0028,0.0069,0.0078,0.0050,0.0000,0.0125
SFO,from,921,18,0.0074,0.0072,0.0019,0.0041,0.0051,0.0017,0.0000,0.0067
SFO,from,922,18,0.0150,0.0146,0.0035,0.0089,0.0099,0.0050,0.0000,0.0150
SFO,from,923,18,0.0025,0.0024,0.0004,0.0007,0.0016,0.0000,0.0000,0.0033
SFO,from,924,18,0.0020,0.0021,0.0004,0.0000,0.0016,0.0000,0.0000,0.0033
SFO,from,925,18,0.0026,0.0023,0.0028,0.0014,0.0021,0.0034,0.0000,0.0033
SFO,from,926,18,0.0016,0.0015,0.0002,0.0000,0.0003,0.0000,0.0000,0.0000
SFO,from,927,18,0.0017,0.0016,0.0002,0.0000,0.0005,0.0000,0.0000,0.0017
SFO,from,928,18,0.0019,0.0019,0.0002,0.0000,0.0008,0.0000,0.0000,0.0025
SFO,from,929,18,0.0014,0.0013,0.0002,0.0000,0.0003,0.0000,0.0000,0.0000
SFO,from,930,18,0.0035,0.0033,0.0005,0.0014,0.0021,0.0000,0.0000,0.0033
SFO,from,931,18,0.0013,0.0011,0.0002,0.0000,0.0003,0.0000,0.0000,0.0000
SFO,from,932,18,0.0016,0.0015,0.0002,0.0000,0.0003,0.0000,0.0000,0.0008
SFO,from,933,18,0.0026,0.0024,0.0004,0.0007,0.0019,0.0000,0.0000,0.0033
SFO,from,934,18,0.0027,0.0025,0.0005,0.0014,0.0019,0.0000,0.0000,0.0033
SFO,from,935,18,0.0013,0.0012,0.0002,0.0000,0.0003,0.0000,0.0000,0.0000
SFO,from,936,18,0.0013,0.0011,0.0002,0.0000,0.0003,0.0000,0.0000,0.0000
SFO,from,937,18,0.0158,0.0167,0.0035,0.0089,0.0102,0.0050,0.0000,0.0150
SFO,from,938,18,0.0269,0.0262,0.0067,0.0158,0.0179,0.0084,0.0000,0.0266
SFO,from,939,18,0.0119,0.0114,0.0026,0.0062,0.0075,0.0050,0.0000,0.0117
SFO,from,940,18,0.0052,0.0049,0.0011,0.0027,0.0029,0.0000,0.0000,0.0050
SFO,from,941,18,0.0014,0.0013,0.0002,0.0000,0.0003,0.0000,0.0000,0.0000
SFO,from,942,18,0.0023,0.0033,0.0004,0.0007,0.0003,0.0000,0.0000,0.0025
SFO,from,943,18,0.0144,0.0141,0.0035,0.0076,0.0094,0.0050,0.0000,0.0142
SFO,from,944,18,0.0023,0.0019,0.0028,0.0014,0.0021,0.0034,0.0000,0.0033
SFO,from,945,18,0.0016,0.0011,0.0026,0.0014,0.0021,0.0017,0.0000,0.0017
SFO,from,946,18,0.0018,0.0027,0.0026,0.0014,0.0019,0.0034,0.0000,0.0025
SFO,from,947,18,0.0089,0.0068,0.0454,0.0351,0.0289,0.0436,0.0500,0.0117
SFO,from,948,18,0.0047,0.0068,0.0009,0.0027,0.0021,0.0017,0.0000,0.0033
SFO,from,949,18,0.0189,0.0183,0.0048,0.0117,0.0128,0.0050,0.0000,0.0183
SFO,from,950,18,0.0138,0.0132,0.0064,0.0089,0.0102,0.0067,0.0000,0.0133
SFO,from,951,18,0.0209,0.0205,0.0053,0.0117,0.0134,0.0067,0.0000,0.0208
SFO,from,952,18,0.0338,0.0408,0.0180,0.0268,0.0241,0.0218,0.0375,0.0316
SFO,from,953,18,0.0481,0.0465,0.0116,0.0302,0.0321,0.0151,0.0000,0.0466
SFO,from,954,18,0.0096,0.0101,0.0076,0.0076,0.0078,0.0067,0.0000,0.0092
SFO,from,955,18,0.0023,0.0029,0.0058,0.0034,0.0035,0.0050,0.0000,0.0033
SFO,from,956,18,0.0172,0.0169,0.0041,0.0103,0.0112,0.0050,0.0000,0.0167
SFO,from,957,18,0.0114,0.0110,0.0026,0.0062,0.0070,0.0050,0.0000,0.0117
SFO,from,958,18,0.0105,0.0103,0.0025,0.0062,0.0070,0.0034,0.0000,0.0100
SFO,from,959,18,0.0107,0.0104,0.0025,0.0062,0.0070,0.0034,0.0000,0.0100
SFO,from,960,18,0.0195,0.0216,0.0304,0.0254,0.0230,0.0285,0.0375,0.0208
SFO,from,961,18,0.0011,0.0006,0.0058,0.0027,0.0024,0.0050,0.0000,0.0000
SFO,from,962,18,0.0017,0.0016,0.0002,0.0000,0.0005,0.0000,0.0000,0.0017
SFO,from,963,18,0.0158,0.0150,0.0035,0.0089,0.0102,0.0050,0.0000,0.0150
SFO,from,964,18,0.0063,0.0061,0.0014,0.0034,0.0048,0.0000,0.0000,0.0067
SFO,from,965,18,0.0025,0.0049,0.0004,0.0014,0.0003,0.0000,0.0000,0.0033
SFO,from,966,18,0.0000,0.0000,0.0000,0.0000,0.0000,0.0000,0.0000,0.0000
SFO,from,967,18,0.0081,0.0044,0.0586,0.0323,0.0305,0.0503,0.0625,0.0117
SFO,from,968,18,0.0255,0.0419,0.0842,0.0708,0.0517,0.0889,0.1750,0.0283
SFO,from,969,18,0.0072,0.0163,0.0113,0.0103,0.0064,0.0117,0.0500,0.0067
SFO,from,970,18,0.0046,0.0051,0.0028,0.0034,0.0102,0.0067,0.0000,0.0033
SFO,from,971,18,0.0072,0.0083,0.0378,0.0241,0.0195,0.0336,0.0500,0.0092
SFO,from,972,18,0.0026,0.0021,0.0058,0.0034,0.0046,0.0050,0.0000,0.0033
SFO,from,973,18,0.0054,0.0049,0.0035,0.0041,0.0048,0.0050,0.0000,0.0058
SFO,from,974,18,0.0035,0.0032,0.0005,0.0014,0.0021,0.0000,0.0000,0.0033
SFO,from,975,18,0.0035,0.0032,0.0005,0.0014,0.0021,0.0000,0.0000,0.0033
SFO,from,976,18,0.0013,0.0012,0.0002,0.0000,0.0003,0.0000,0.0000,0.0000
SFO,from,977,18,0.0022,0.0019,0.0028,0.0014,0.0021,0.0017,0.0000,0.0033
SFO,from,978,18,0.0016,0.0016,0.0002,0.0000,0.0003,0.0000,0.0000,0.0017
SFO,from,979,18,0.0025,0.0028,0.0081,0.0055,0.0048,0.0067,0.0000,0.0033
SFO,from,980,18,0.0007,0.0006,0.0000,0.0000,0.0000,0.0000,0.0000,0.0000
SFO,from,981,18,0.0010,0.0001,0.0058,0.0021,0.0024,0.0050,0.0000,0.0000
SFO,from,982,18,0.0006,0.0006,0.0000,0.0000,0.0000,0.0000,0.0000,0.0000
SFO,from,983,18,0.0009,0.0007,0.0000,0.0000,0.0000,0.0000,0.0000,0.0000
SFO,from,984,18,0.0001,0.0001,0.0000,0.0000,0.0000,0.0000,0.0000,0.0000
SFO,from,985,18,0.0004,0.0002,0.0000,0.0000,0.0000,0.0000,0.0000,0.0000
SFO,from,986,18,0.0007,0.0006,0.0000,0.0000,0.0000,0.0000,0.0000,0.0000
SFO,from,987,18,0.0033,0.0030,0.0005,0.0014,0.0021,0.0000,0.0000,0.0033
SFO,from,988,18,0.0017,0.0025,0.0026,0.0014,0.0019,0.0034,0.0000,0.0017
SFO,from,989,18,0.0007,0.0006,0.0000,0.0000,0.0000,0.0000,0.0000,0.0000
SFO,from,990,18,0.0009,0.0007,0.0000,0.0000,0.0000,0.0000,0.0000,0.0000
SFO,from,991,19,0.0565,0.0645,0.1714,0.0912,0.0894,0.1342,0.2745,0.0600
SFO,from,992,19,0.0018,0.0020,0.0003,0.0000,0.0006,0.0000,0.0000,0.0017
SFO,from,993,19,0.0041,0.0064,0.0008,0.0015,0.0022,0.0000,0.0000,0.0035
SFO,from,994,19,0.0016,0.0015,0.0003,0.0000,0.0003,0.0000,0.0000,0.0000
SFO,from,995,19,0.0030,0.0028,0.0008,0.0015,0.0022,0.0000,0.0000,0.0035
SFO,from,996,19,0.0034,0.0032,0.0008,0.0015,0.0022,0.0000,0.0000,0.0035
SFO,from,997,19,0.0056,0.0055,0.0015,0.0029,0.0034,0.0000,0.0000,0.0052
SFO,from,998,19,0.0445,0.0437,0.0204,0.0299,0.0335,0.0210,0.0000,0.0426
SFO,from,999,19,0.0268,0.0260,0.0143,0.0182,0.0209,0.0147,0.0000,0.0252
SFO,from,1000,19,0.0332,0.0354,0.0109,0.0226,0.0230,0.0147,0.0000,0.0322
SFO,from,1001,19,0.0066,0.0059,0.0071,0.0058,0.0065,0.0063,0.0000,0.0070
SFO,from,1002,19,0.0052,0.0049,0.0015,0.0029,0.0031,0.0000,0.0000,0.0052
SFO,from,1003,19,0.0150,0.0145,0.0099,0.0109,0.0123,0.0084,0.0000,0.0139
SFO,from,1004,19,0.0583,0.0490,0.1054,0.0825,0.0811,0.0964,0.0784,0.0617
SFO,from,1005,19,0.0434,0.0414,0.0290,0.0321,0.0359,0.0273,0.0000,0.0417
SFO,from,1006,19,0.0403,0.0397,0.0138,0.0255,0.0280,0.0147,0.0000,0.0383
SFO,from,1007,19,0.0030,0.0028,0.0008,0.0015,0.0022,0.0000,0.0000,0.0035
SFO,from,1008,19,0.0299,0.0429,0.1719,0.0788,0.0725,0.1321,0.3333,0.0348
SFO,from,1009,19,0.0066,0.0114,0.0015,0.0044,0.0025,0.0042,0.0392,0.0061
SFO,from,1010,19,0.0255,0.0250,0.0140,0.0168,0.0200,0.0147,0.0000,0.0252
SFO,from,1011,19,0.0023,0.0023,0.0005,0.0000,0.0018,0.0000,0.0000,0.0035
SFO,from,1012,19,0.0047,0.0039,0.0010,0.0015,0.0028,0.0000,0.0000,0.0035
SFO,from,1013,19,0.0026,0.0025,0.0005,0.0007,0.0018,0.0000,0.0000,0.0035
SFO,from,1014,19,0.0118,0.0009,0.1245,0.0664,0.0605,0.1027,0.0980,0.0191
SFO,from,1015,19,0.0023,0.0023,0.0005,0.0000,0.0018,0.0000,0.0000,0.0035
SFO,from,1016,19,0.0030,0.0028,0.0008,0.0015,0.0022,0.0000,0.0000,0.0035
SFO,from,1017,19,0.0226,0.0224,0.0076,0.0131,0.0154,0.0084,0.0000,0.0217
SFO,from,1018,19,0.0088,0.0136,0.0397,0.0204,0.0175,0.0335,0.0980,0.0096
SFO,from,1019,19,0.0033,0.0081,0.0005,0.0015,0.0003,0.0021,0.0392,0.0035
SFO,from,1020,19,0.0047,0.0065,0.0069,0.0051,0.0052,0.0063,0.0000,0.0035
SFO,from,1021,19,0.0049,0.0027,0.0084,0.0226,0.0147,0.0210,0.0000,0.0070
SFO,from,1022,19,0.0155,0.0150,0.0051,0.0088,0.0111,0.0063,0.0000,0.0157
SFO,from,1023,19,0.0262,0.0128,0.0512,0.1285,0.0869,0.1279,0.0000,0.0383
SFO,from,1024,19,0.0024,0.0020,0.0059,0.0029,0.0028,0.0063,0.0000,0.0035
SFO,from,1025,19,0.0265,0.0262,0.0092,0.0161,0.0184,0.0105,0.0000,0.0252
SFO,from,1026,19,0.0206,0.0194,0.0171,0.0161,0.0181,0.0147,0.0000,0.0200
SFO,from,1027,19,0.0286,0.0310,0.0097,0.0175,0.0194,0.0105,0.0000,0.0261
SFO,from,1028,19,0.0506,0.0495,0.0163,0.0321,0.0353,0.0210,0.0000,0.0478
SFO,from,1029,19,0.0556,0.0543,0.0186,0.0343,0.0396,0.0210,0.0000,0.0530
SFO,from,1030,19,0.0311,0.0307,0.0099,0.0197,0.0224,0.0105,0.0000,0.0287
SFO,from,1031,19,0.0647,0.0683,0.0209,0.0409,0.0442,0.0273,0.0392,0.0617
SFO,from,1032,19,0.0276,0.0271,0.0094,0.0168,0.0194,0.0105,0.0000,0.0252
SFO,from,1033,19,0.0565,0.0552,0.0191,0.0343,0.0406,0.0210,0.0000,0.0539
SFO,from,1034,19,0.0327,0.0324,0.0107,0.0219,0.0230,0.0126,0.0000,0.0313
SFO,from,1035,19,0.0204,0.0201,0.0069,0.0124,0.0147,0.0084,0.0000,0.0191
SFO,from,1036,19,0.0122,0.0118,0.0038,0.0066,0.0080,0.0063,0.0000,0.0122
SFO,from,1037,19,0.0118,0.0142,0.0036,0.0073,0.0074,0.0063,0.0000,0.0113
SFO,from,1038,19,0.0032,0.0052,0.0059,0.0036,0.0028,0.0063,0.0000,0.0035
SFO,from,1039,19,0.0286,0.0283,0.0097,0.0168,0.0203,0.0105,0.0000,0.0270
SFO,from,1040,20,0.0008,0.0009,0.0000,0.0000,0.0000,0.0000,0.0000,0.0000
SFO,from,1041,20,0.0037,0.0038,0.0007,0.0000,0.0021,0.0000,0.0000,0.0037
SFO,from,1042,20,0.0114,0.0113,0.0029,0.0098,0.0098,0.0000,0.0000,0.0110
SFO,from,1043,20,0.0250,0.0251,0.0088,0.0196,0.0202,0.0184,0.0000,0.0256
SFO,from,1044,20,0.0266,0.0264,0.0096,0.0196,0.0216,0.0184,0.0000,0.0256
SFO,from,1045,20,0.0284,0.0284,0.0103,0.0216,0.0237,0.0184,0.0000,0.0274
SFO,from,1046,20,0.0169,0.0169,0.0044,0.0157,0.0139,0.0123,0.0000,0.0165
SFO,from,1047,20,0.0077,0.0071,0.0015,0.0039,0.0056,0.0000,0.0000,0.0073
SFO,from,1048,20,0.0042,0.0042,0.0007,0.0000,0.0042,0.0000,0.0000,0.0055
SFO,from,1049,20,0.0224,0.0320,0.0081,0.0196,0.0139,0.0184,0.1765,0.0201
SFO,from,1050,20,0.0043,0.0042,0.0007,0.0000,0.0042,0.0000,0.0000,0.0055
SFO,from,1051,20,0.0176,0.0124,0.0922,0.0353,0.0383,0.0736,0.0588,0.0201
SFO,from,1052,20,0.0126,0.0124,0.0037,0.0098,0.0125,0.0061,0.0000,0.0128
SFO,from,1053,20,0.0269,0.0269,0.0096,0.0196,0.0216,0.0184,0.0000,0.0256
SFO,from,1054,20,0.0139,0.0138,0.0044,0.0098,0.0125,0.0061,0.0000,0.0146
SFO,from,1055,20,0.0068,0.0062,0.0015,0.0039,0.0056,0.0000,0.0000,0.0073
SFO,from,1056,20,0.0057,0.0027,0.0575,0.0196,0.0181,0.0429,0.0000,0.0073
SFO,from,1057,20,0.0027,0.0027,0.0000,0.0000,0.0007,0.0000,0.0000,0.0000
SFO,from,1058,20,0.0074,0.0118,0.0015,0.0039,0.0042,0.0000,0.0000,0.0073
SFO,from,1059,20,0.0433,0.0473,0.0428,0.0451,0.0418,0.0429,0.1176,0.0439
SFO,from,1060,20,0.0037,0.0038,0.0007,0.0000,0.0021,0.0000,0.0000,0.0037
SFO,from,1061,20,0.0082,0.0131,0.0022,0.0039,0.0042,0.0061,0.0000,0.0073
SFO,from,1062,20,0.0353,0.0479,0.0664,0.0510,0.0355,0.0736,0.2353,0.0329
SFO,from,1063,20,0.0035,0.0036,0.0000,0.0000,0.0014,0.0000,0.0000,0.0037
SFO,from,1064,20,0.0025,0.0022,0.0000,0.0000,0.0007,0.0000,0.0000,0.0000
SFO,from,1065,20,0.0106,0.0107,0.0022,0.0078,0.0091,0.0000,0.0000,0.0110
SFO,from,1066,20,0.0149,0.0042,0.1962,0.0765,0.0634,0.1350,0.1765,0.0201
SFO,from,1067,20,0.0055,0.0055,0.0007,0.0039,0.0049,0.0000,0.0000,0.0073
SFO,from,1068,20,0.0023,0.0022,0.0000,0.0000,0.0007,0.0000,0.0000,0.0000
SFO,from,1069,20,0.0251,0.0111,0.2507,0.1000,0.0885,0.1840,0.2353,0.0329
SFO,from,1070,20,0.0103,0.0102,0.0022,0.0078,0.0077,0.0000,0.0000,0.0110
SFO,from,1071,20,0.0143,0.0138,0.0044,0.0098,0.0125,0.0061,0.0000,0.0146
SFO,from,1072,20,0.0025,0.0022,0.0000,0.0000,0.0007,0.0000,0.0000,0.0000
SFO,from,1073,20,0.0056,0.0053,0.0007,0.0039,0.0049,0.0000,0.0000,0.0073
SFO,from,1074,20,0.0296,0.0300,0.0103,0.0216,0.0258,0.0184,0.0000,0.0274
SFO,from,1075,20,0.0053,0.0053,0.0007,0.0039,0.0049,0.0000,0.0000,0.0073
SFO,from,1076,20,0.0154,0.0151,0.0044,0.0118,0.0132,0.0061,0.0000,0.0146
SFO,from,1077,20,0.0154,0.0151,0.0044,0.0118,0.0132,0.0061,0.0000,0.0146
SFO,from,1078,20,0.0188,0.0189,0.0059,0.0157,0.0153,0.0123,0.0000,0.0183
SFO,from,1079,20,0.0784,0.0788,0.0280,0.0706,0.0655,0.0429,0.0000,0.0768
SFO,from,1080,20,0.0328,0.0331,0.0111,0.0255,0.0279,0.0184,0.0000,0.0329
SFO,from,1081,20,0.0118,0.0115,0.0029,0.0098,0.0111,0.0000,0.0000,0.0128
SFO,from,1082,20,0.0201,0.0202,0.0066,0.0176,0.0167,0.0123,0.0000,0.0201
SFO,from,1083,20,0.0550,0.0559,0.0199,0.0451,0.0467,0.0307,0.0000,0.0530
SFO,from,1084,20,0.0527,0.0531,0.0184,0.0431,0.0446,0.0307,0.0000,0.0530
SFO,from,1085,20,0.0533,0.0537,0.0184,0.0431,0.0460,0.0307,0.0000,0.0530
SFO,from,1086,20,0.0513,0.0515,0.0184,0.0431,0.0439,0.0307,0.0000,0.0512
SFO,from,1087,20,0.0747,0.0737,0.0472,0.0765,0.0704,0.0613,0.0000,0.0750
SFO,from,1088,20,0.0333,0.0333,0.0111,0.0255,0.0279,0.0184,0.0000,0.0329
SFO,from,1089,20,0.0077,0.0071,0.0015,0.0039,0.0056,0.0000,0.0000,0.0073
SFO,from,1090,20,0.0117,0.0115,0.0029,0.0098,0.0105,0.0000,0.0000,0.0110
SFO,from,1091,21,0.0028,0.0019,0.0112,0.0030,0.0047,0.0113,0.0000,0.0047
SFO,from,1092,21,0.0006,0.0006,0.0000,0.0000,0.0000,0.0000,0.0000,0.0000
SFO,from,1093,21,0.0055,0.0099,0.0009,0.0030,0.0005,0.0000,0.0000,0.0062
SFO,from,1094,21,0.0269,0.0272,0.0085,0.0194,0.0197,0.0113,0.0000,0.0281
SFO,from,1095,21,0.0034,0.0035,0.0004,0.0000,0.0021,0.0000,0.0000,0.0047
SFO,from,1096,21,0.0410,0.0404,0.0350,0.0402,0.0367,0.0340,0.0000,0.0406
SFO,from,1097,21,0.0216,0.0206,0.0269,0.0238,0.0223,0.0264,0.0000,0.0218
SFO,from,1098,21,0.0309,0.0320,0.0094,0.0224,0.0223,0.0151,0.0000,0.0296
SFO,from,1099,21,0.0469,0.0513,0.0363,0.0462,0.0399,0.0377,0.0909,0.0452
SFO,from,1100,21,0.0534,0.0545,0.0170,0.0417,0.0388,0.0264,0.0000,0.0515
SFO,from,1101,21,0.0253,0.0259,0.0072,0.0164,0.0181,0.0113,0.0000,0.0234
SFO,from,1102,21,0.0087,0.0089,0.0022,0.0045,0.0052,0.0000,0.0000,0.0078
SFO,from,1103,21,0.0405,0.0461,0.0126,0.0268,0.0264,0.0189,0.0000,0.0390
SFO,from,1104,21,0.0292,0.0281,0.0296,0.0268,0.0280,0.0264,0.0000,0.0296
SFO,from,1105,21,0.0061,0.0060,0.0013,0.0030,0.0041,0.0000,0.0000,0.0062
SFO,from,1106,21,0.0279,0.0333,0.0085,0.0224,0.0181,0.0151,0.0000,0.0281
SFO,from,1107,21,0.0135,0.0138,0.0040,0.0089,0.0098,0.0075,0.0000,0.0125
SFO,from,1108,21,0.0332,0.0320,0.0422,0.0358,0.0347,0.0377,0.0000,0.0343
SFO,from,1109,21,0.0296,0.0303,0.0090,0.0224,0.0212,0.0151,0.0000,0.0281
SFO,from,1110,21,0.0216,0.0219,0.0067,0.0149,0.0145,0.0113,0.0000,0.0218
SFO,from,1111,21,0.0208,0.0259,0.0063,0.0149,0.0135,0.0113,0.0000,0.0203
SFO,from,1112,21,0.0216,0.0219,0.0067,0.0149,0.0145,0.0113,0.0000,0.0218
SFO,from,1113,21,0.0052,0.0084,0.0220,0.0134,0.0093,0.0189,0.0909,0.0062
SFO,from,1114,21,0.0028,0.0030,0.0004,0.0000,0.0005,0.0000,0.0000,0.0000
SFO,from,1115,21,0.0021,0.0019,0.0000,0.0000,0.0005,0.0000,0.0000,0.0000
SFO,from,1116,21,0.0171,0.0173,0.0058,0.0134,0.0124,0.0113,0.0000,0.0172
SFO,from,1117,21,0.0204,0.0210,0.0063,0.0134,0.0135,0.0113,0.0000,0.0203
SFO,from,1118,21,0.0253,0.0253,0.0188,0.0224,0.0217,0.0189,0.0000,0.0250
SFO,from,1119,21,0.0339,0.0350,0.0103,0.0253,0.0248,0.0151,0.0000,0.0328
SFO,from,1120,21,0.0043,0.0035,0.0121,0.0075,0.0067,0.0113,0.0000,0.0062
SFO,from,1121,21,0.0364,0.0292,0.1780,0.0954,0.0823,0.1396,0.2273,0.0452
SFO,from,1122,21,0.0582,0.0316,0.3543,0.1833,0.2252,0.2981,0.5909,0.0655
SFO,from,1123,21,0.0182,0.0186,0.0058,0.0134,0.0129,0.0113,0.0000,0.0172
SFO,from,1124,21,0.0317,0.0320,0.0193,0.0253,0.0259,0.0189,0.0000,0.0312
SFO,from,1125,21,0.0297,0.0303,0.0090,0.0224,0.0212,0.0151,0.0000,0.0281
SFO,from,1126,21,0.0462,0.0474,0.0157,0.0343,0.0331,0.0189,0.0000,0.0452
SFO,from,1127,21,0.0356,0.0365,0.0112,0.0253,0.0259,0.0151,0.0000,0.0343
SFO,from,1128,21,0.0222,0.0227,0.0067,0.0149,0.0150,0.0113,0.0000,0.0218
SFO,from,1129,21,0.0258,0.0257,0.0188,0.0224,0.0217,0.0189,0.0000,0.0250
SFO,from,1130,21,0.0214,0.0219,0.0063,0.0149,0.0145,0.0113,0.0000,0.0218
SFO,from,1131,21,0.0522,0.0530,0.0170,0.0417,0.0378,0.0264,0.0000,0.0515
SFO,from,1132,22,0.0415,0.0396,0.0189,0.0348,0.0341,0.0188,0.0000,0.0412
SFO,from,1133,22,0.0503,0.0481,0.0218,0.0404,0.0410,0.0263,0.0000,0.0501
SFO,from,1134,22,0.0385,0.0271,0.2323,0.0864,0.0868,0.1579,0.1786,0.0456
SFO,from,1135,22,0.0268,0.0260,0.0124,0.0191,0.0216,0.0150,0.0000,0.0267
SFO,from,1136,22,0.0237,0.0209,0.0566,0.0314,0.0315,0.0451,0.0000,0.0245
SFO,from,1137,22,0.0296,0.0315,0.0367,0.0314,0.0289,0.0338,0.0714,0.0289
SFO,from,1138,22,0.0450,0.0431,0.0208,0.0382,0.0375,0.0263,0.0000,0.0445
SFO,from,1139,22,0.0327,0.0313,0.0149,0.0247,0.0272,0.0150,0.0000,0.0323
SFO,from,1140,22,0.0239,0.0272,0.0099,0.0191,0.0181,0.0150,0.0000,0.0234
SFO,from,1141,22,0.0441,0.0422,0.0194,0.0359,0.0367,0.0263,0.0000,0.0434
SFO,from,1142,22,0.0300,0.0277,0.0367,0.0303,0.0311,0.0301,0.0000,0.0311
SFO,from,1143,22,0.0441,0.0393,0.0407,0.0920,0.1006,0.1128,0.1071,0.0423
SFO,from,1144,22,0.0297,0.0287,0.0134,0.0202,0.0246,0.0150,0.0000,0.0289
SFO,from,1145,22,0.0232,0.0407,0.0506,0.0348,0.0216,0.0489,0.2500,0.0211
SFO,from,1146,22,0.0056,0.0048,0.0015,0.0022,0.0035,0.0000,0.0000,0.0044
SFO,from,1147,22,0.0436,0.0419,0.0194,0.0348,0.0367,0.0226,0.0000,0.0434
SFO,from,1148,22,0.0100,0.0135,0.0035,0.0090,0.0078,0.0075,0.0000,0.0089
SFO,from,1149,22,0.0279,0.0271,0.0124,0.0202,0.0220,0.0150,0.0000,0.0278
SFO,from,1150,22,0.0360,0.0324,0.0620,0.0415,0.0410,0.0489,0.0000,0.0367
SFO,from,1151,22,0.0516,0.0533,0.0228,0.0438,0.0406,0.0263,0.0000,0.0512
SFO,from,1152,22,0.0417,0.0440,0.0189,0.0348,0.0337,0.0263,0.0000,0.0412
SFO,from,1153,22,0.0354,0.0340,0.0164,0.0269,0.0289,0.0188,0.0000,0.0367
SFO,from,1154,22,0.0642,0.0608,0.0288,0.0516,0.0539,0.0338,0.0000,0.0645
SFO,from,1155,22,0.0152,0.0145,0.0069,0.0101,0.0121,0.0113,0.0000,0.0156
SFO,from,1156,22,0.0293,0.0281,0.0134,0.0202,0.0242,0.0150,0.0000,0.0289
SFO,from,1157,22,0.0179,0.0171,0.0074,0.0123,0.0142,0.0113,0.0000,0.0178
SFO,from,1158,22,0.0398,0.0386,0.0189,0.0337,0.0337,0.0188,0.0000,0.0400
SFO,from,1159,22,0.0492,0.0608,0.1613,0.0786,0.0686,0.1278,0.2857,0.0512
SFO,from,1160,22,0.0494,0.0554,0.0213,0.0415,0.0380,0.0301,0.1071,0.0478
SFO,from,1161,23,0.0792,0.0819,0.0255,0.0449,0.0568,0.0284,0.0000,0.0751
SFO,from,1162,23,0.0067,0.0074,0.0009,0.0000,0.0030,0.0000,0.0000,0.0090
SFO,from,1163,23,0.0284,0.0295,0.0085,0.0200,0.0203,0.0142,0.0000,0.0270
SFO,from,1164,23,0.0487,0.0501,0.0142,0.0274,0.0345,0.0213,0.0000,0.0450
SFO,from,1165,23,0.0583,0.0601,0.0189,0.0374,0.0416,0.0213,0.0000,0.0541
SFO,from,1166,23,0.0893,0.0927,0.0312,0.0549,0.0639,0.0355,0.0000,0.0871
SFO,from,1167,23,0.0818,0.0850,0.0255,0.0449,0.0588,0.0355,0.0000,0.0751
SFO,from,1168,23,0.0887,0.0803,0.4011,0.1746,0.1755,0.2766,0.6667,0.0991
SFO,from,1169,23,0.0524,0.0458,0.0956,0.1172,0.0892,0.1206,0.0000,0.0601
SFO,from,1170,23,0.0457,0.0536,0.0312,0.0324,0.0345,0.0284,0.0000,0.0420
SFO,from,1171,23,0.0853,0.0667,0.2081,0.2269,0.1734,0.2482,0.3333,0.1021
SFO,from,1172,23,0.0392,0.0404,0.0123,0.0224,0.0264,0.0213,0.0000,0.0360
SFO,from,1173,23,0.0297,0.0303,0.0104,0.0200,0.0213,0.0142,0.0000,0.0300
SFO,from,1174,23,0.0379,0.0392,0.0123,0.0224,0.0264,0.0213,0.0000,0.0360
SFO,from,1175,23,0.0747,0.0784,0.0530,0.0549,0.0609,0.0496,0.0000,0.0751
SFO,from,1176,23,0.1540,0.1587,0.0511,0.0998,0.1136,0.0638,0.0000,0.1471
SFO,from,1177,24,0.0844,0.0836,0.0652,0.0931,0.0853,0.0725,0.0000,0.0883
SFO,from,1178,24,0.2155,0.2117,0.2671,0.2312,0.2258,0.2464,0.0000,0.2196
SFO,from,1179,24,0.0404,0.0398,0.0342,0.0390,0.0416,0.0435,0.0000,0.0430
SFO,from,1180,24,0.0302,0.0294,0.0186,0.0270,0.0291,0.0290,0.0000,0.0310
SFO,from,1181,24,0.0021,0.0018,0.0000,0.0000,0.0000,0.0000,0.0000,0.0000
SFO,from,1182,24,0.0484,0.0478,0.0404,0.0480,0.0499,0.0435,0.0000,0.0501
SFO,from,1183,24,0.0145,0.0144,0.0093,0.0150,0.0156,0.0000,0.0000,0.0143
SFO,from,1184,24,0.0321,0.0316,0.0217,0.0300,0.0302,0.0435,0.0000,0.0334
SFO,from,1185,24,0.0742,0.0732,0.0590,0.0721,0.0760,0.0725,0.0000,0.0788
SFO,from,1186,24,0.1070,0.1057,0.0839,0.1171,0.1093,0.1014,0.0000,0.1098
SFO,from,1187,24,0.0364,0.0362,0.0280,0.0330,0.0364,0.0435,0.0000,0.0358
SFO,from,1188,24,0.0125,0.0119,0.0062,0.0060,0.0104,0.0000,0.0000,0.0119
SFO,from,1189,24,0.0198,0.0423,0.0155,0.0240,0.0062,0.0435,1.0000,0.0143
SFO,from,1190,24,0.0021,0.0018,0.0000,0.0000,0.0000,0.0000,0.0000,0.0000
SFO,from,1191,24,0.0041,0.0040,0.0000,0.0000,0.0021,0.0000,0.0000,0.0048
SFO,from,1192,24,0.0231,0.0227,0.0155,0.0240,0.0229,0.0145,0.0000,0.0239
SFO,from,1193,24,0.0099,0.0095,0.0031,0.0060,0.0083,0.0000,0.0000,0.0095
SFO,from,1194,24,0.0198,0.0190,0.0124,0.0180,0.0198,0.0145,0.0000,0.0191
SFO,from,1195,24,0.0768,0.0763,0.0621,0.0781,0.0780,0.0725,0.0000,0.0788
SFO,from,1196,24,0.0218,0.0211,0.0124,0.0240,0.0219,0.0145,0.0000,0.0239
SFO,from,1197,24,0.0021,0.0015,0.0000,0.0000,0.0000,0.0000,0.0000,0.0000
SFO,from,1198,24,0.0073,0.0070,0.0031,0.0060,0.0073,0.0000,0.0000,0.0095
SFO,from,1199,24,0.0032,0.0028,0.0000,0.0000,0.0010,0.0000,0.0000,0.0000
SFO,from,1200,24,0.0363,0.0362,0.0280,0.0330,0.0364,0.0435,0.0000,0.0358
SFO,from,1201,24,0.0159,0.0153,0.0093,0.0150,0.0187,0.0000,0.0000,0.0167
SFO,from,1202,24,0.0113,0.0110,0.0062,0.0060,0.0094,0.0000,0.0000,0.0095
SFO,from,1203,24,0.0021,0.0018,0.0000,0.0000,0.0000,0.0000,0.0000,0.0000
SFO,from,1204,24,0.0011,0.0009,0.0000,0.0000,0.0000,0.0000,0.0000,0.0000
SFO,from,1205,24,0.0121,0.0098,0.1025,0.0240,0.0208,0.0435,0.0000,0.0119
SFO,from,1206,24,0.0028,0.0015,0.0435,0.0060,0.0073,0.0145,0.0000,0.0000
SFO,from,1207,24,0.0155,0.0147,0.0497,0.0180,0.0198,0.0435,0.0000,0.0167
SFO,from,1208,24,0.0032,0.0031,0.0000,0.0000,0.0010,0.0000,0.0000,0.0000
SFO,from,1209,24,0.0090,0.0083,0.0031,0.0060,0.0083,0.0000,0.0000,0.0095
SFO,from,1210,24,0.0028,0.0021,0.0000,0.0000,0.0010,0.0000,0.0000,0.0000
SFO,from,1211,25,0.0358,0.0618,0.0196,0.0345,0.0186,0.0513,0.0283,0.0360
SFO,from,1212,25,0.0351,0.0318,0.0485,0.0414,0.0419,0.0769,0.0000,0.0372
SFO,from,1213,25,0.0238,0.0220,0.0144,0.0138,0.0186,0.0000,0.0000,0.0235
SFO,from,1214,25,0.0378,0.0309,0.1109,0.0690,0.0651,0.1282,0.0189,0.0441
SFO,from,1215,25,0.0373,0.0347,0.0222,0.0345,0.0256,0.0000,0.0000,0.0372
SFO,from,1216,25,0.0415,0.0384,0.0253,0.0345,0.0326,0.0000,0.0000,0.0405
SFO,from,1217,25,0.0526,0.0491,0.0320,0.0414,0.0419,0.0256,0.0000,0.0522
SFO,from,1218,25,0.0570,0.0535,0.0351,0.0552,0.0442,0.0256,0.0000,0.0566
SFO,from,1219,25,0.0251,0.0231,0.0155,0.0138,0.0186,0.0000,0.0000,0.0251
SFO,from,1220,25,0.0961,0.0893,0.0593,0.0759,0.0674,0.0769,0.0000,0.0959
SFO,from,1221,25,0.0242,0.0225,0.0150,0.0138,0.0186,0.0000,0.0000,0.0243
SFO,from,1222,25,0.0225,0.0497,0.0103,0.0276,0.0140,0.0256,0.0283,0.0222
SFO,from,1223,25,0.0045,0.0023,0.0299,0.0138,0.0163,0.0256,0.0000,0.0061
SFO,from,1224,25,0.0026,0.0017,0.0010,0.0000,0.0000,0.0000,0.0000,0.0028
SFO,from,1225,25,0.0019,0.0014,0.0005,0.0000,0.0000,0.0000,0.0000,0.0016
SFO,from,1226,25,0.0026,0.0017,0.0010,0.0000,0.0000,0.0000,0.0000,0.0028
SFO,from,1227,25,0.0160,0.0147,0.0098,0.0000,0.0140,0.0000,0.0000,0.0158
SFO,from,1228,25,0.0088,0.0078,0.0057,0.0000,0.0023,0.0000,0.0000,0.0085
SFO,from,1229,25,0.0036,0.0023,0.0015,0.0000,0.0000,0.0000,0.0000,0.0032
SFO,from,1230,25,0.0749,0.0671,0.1011,0.0897,0.0860,0.1026,0.0000,0.0785
SFO,from,1231,25,0.0169,0.0153,0.0103,0.0069,0.0140,0.0000,0.0000,0.0170
SFO,from,1232,25,0.0023,0.0017,0.0010,0.0000,0.0000,0.0000,0.0000,0.0024
SFO,from,1233,25,0.0203,0.0191,0.0119,0.0138,0.0163,0.0000,0.0000,0.0206
SFO,from,1234,25,0.0043,0.0020,0.0299,0.0138,0.0163,0.0256,0.0000,0.0061
SFO,from,1235,25,0.0021,0.0017,0.0005,0.0000,0.0000,0.0000,0.0000,0.0016
SFO,from,1236,25,0.0028,0.0023,0.0010,0.0000,0.0000,0.0000,0.0000,0.0028
SFO,from,1237,25,0.0047,0.0046,0.0026,0.0000,0.0000,0.0000,0.0000,0.0044
SFO,from,1238,25,0.0003,0.0000,0.0000,0.0000,0.0000,0.0000,0.0000,0.0000
SFO,from,1239,25,0.0394,0.0358,0.0237,0.0345,0.0302,0.0000,0.0000,0.0388
SFO,from,1240,25,0.0348,0.0315,0.0485,0.0414,0.0419,0.0769,0.0000,0.0368
SFO,from,1241,25,0.0010,0.0009,0.0000,0.0000,0.0000,0.0000,0.0000,0.0016
SFO,from,1242,25,0.0209,0.0191,0.0129,0.0138,0.0163,0.0000,0.0000,0.0206
SFO,from,1243,25,0.0577,0.0590,0.1016,0.1034,0.1581,0.1282,0.8868,0.0384
SFO,from,1244,25,0.0422,0.0399,0.0263,0.0345,0.0349,0.0000,0.0000,0.0421
SFO,from,1245,25,0.0493,0.0431,0.0846,0.0690,0.0605,0.1026,0.0000,0.0538
SFO,from,1246,25,0.0971,0.1179,0.0866,0.1103,0.0860,0.1282,0.0377,0.0987
SFO,from,1247,26,0.0393,0.0367,0.0122,0.0182,0.0265,0.0000,0.0000,0.0388
SFO,from,1248,26,0.0424,0.0395,0.0144,0.0364,0.0295,0.0000,0.0000,0.0418
SFO,from,1249,26,0.0980,0.1970,0.0821,0.1545,0.0590,0.1892,0.7000,0.0830
SFO,from,1250,26,0.0028,0.0019,0.0000,0.0000,0.0000,0.0000,0.0000,0.0025
SFO,from,1251,26,0.0279,0.0264,0.0094,0.0182,0.0236,0.0000,0.0000,0.0273
SFO,from,1252,26,0.0045,0.0040,0.0007,0.0000,0.0000,0.0000,0.0000,0.0040
SFO,from,1253,26,0.0072,0.0065,0.0014,0.0000,0.0000,0.0000,0.0000,0.0070
SFO,from,1254,26,0.0298,0.0280,0.0101,0.0182,0.0236,0.0000,0.0000,0.0293
SFO,from,1255,26,0.0173,0.0162,0.0050,0.0000,0.0147,0.0000,0.0000,0.0169
SFO,from,1256,26,0.0062,0.0059,0.0014,0.0000,0.0000,0.0000,0.0000,0.0060
SFO,from,1257,26,0.0029,0.0025,0.0000,0.0000,0.0000,0.0000,0.0000,0.0030
SFO,from,1258,26,0.0016,0.0016,0.0000,0.0000,0.0000,0.0000,0.0000,0.0020
SFO,from,1259,26,0.0019,0.0016,0.0000,0.0000,0.0000,0.0000,0.0000,0.0020
SFO,from,1260,26,0.0016,0.0016,0.0000,0.0000,0.0000,0.0000,0.0000,0.0020
SFO,from,1261,26,0.0153,0.0143,0.0043,0.0000,0.0088,0.0000,0.0000,0.0144
SFO,from,1262,26,0.0015,0.0016,0.0000,0.0000,0.0000,0.0000,0.0000,0.0020
SFO,from,1263,26,0.0014,0.0012,0.0000,0.0000,0.0000,0.0000,0.0000,0.0020
SFO,from,1264,26,0.0056,0.0019,0.0562,0.0182,0.0236,0.0541,0.0000,0.0090
SFO,from,1265,26,0.0084,0.0019,0.1023,0.0455,0.0531,0.1081,0.0000,0.0139
SFO,from,1266,26,0.0050,0.0047,0.0007,0.0000,0.0000,0.0000,0.0000,0.0050
SFO,from,1267,26,0.0242,0.0230,0.0086,0.0182,0.0206,0.0000,0.0000,0.0234
SFO,from,1268,26,0.0678,0.0644,0.0238,0.0636,0.0590,0.0270,0.0000,0.0661
SFO,from,1269,26,0.0506,0.0380,0.1794,0.1182,0.1091,0.1892,0.1000,0.0577
SFO,from,1270,26,0.0582,0.0554,0.0195,0.0455,0.0531,0.0270,0.0000,0.0572
SFO,from,1271,26,0.0639,0.0600,0.0238,0.0545,0.0560,0.0270,0.0000,0.0622
SFO,from,1272,26,0.0000,0.0000,0.0000,0.0000,0.0000,0.0000,0.0000,0.0000
SFO,from,1273,26,0.0313,0.0289,0.0101,0.0182,0.0236,0.0000,0.0000,0.0308
SFO,from,1274,26,0.0044,0.0037,0.0007,0.0000,0.0000,0.0000,0.0000,0.0040
SFO,from,1275,26,0.0093,0.0084,0.0022,0.0000,0.0029,0.0000,0.0000,0.0090
SFO,from,1276,26,0.0125,0.0112,0.0036,0.0000,0.0029,0.0000,0.0000,0.0124
SFO,from,1277,26,0.0305,0.0283,0.0101,0.0182,0.0236,0.0000,0.0000,0.0298
SFO,from,1278,26,0.0166,0.0156,0.0043,0.0000,0.0118,0.0000,0.0000,0.0164
SFO,from,1279,26,0.0247,0.0165,0.1174,0.0727,0.0619,0.1081,0.0500,0.0298
SFO,from,1280,26,0.0440,0.0289,0.2169,0.1364,0.1180,0.2162,0.1500,0.0537
SFO,from,1281,26,0.0028,0.0019,0.0000,0.0000,0.0000,0.0000,0.0000,0.0020
SFO,from,1282,26,0.0666,0.0629,0.0238,0.0545,0.0560,0.0270,0.0000,0.0646
SFO,from,1283,26,0.0054,0.0050,0.0007,0.0000,0.0000,0.0000,0.0000,0.0055
SFO,from,1284,26,0.0210,0.0193,0.0072,0.0091,0.0177,0.0000,0.0000,0.0209
SFO,from,1285,26,0.0304,0.0283,0.0101,0.0182,0.0236,0.0000,0.0000,0.0298
SFO,from,1286,26,0.0272,0.0249,0.0094,0.0182,0.0236,0.0000,0.0000,0.0264
SFO,from,1287,26,0.0098,0.0087,0.0022,0.0000,0.0029,0.0000,0.0000,0.0094
SFO,from,1288,26,0.0556,0.0523,0.0195,0.0455,0.0531,0.0270,0.0000,0.0547
SFO,from,1289,26,0.0042,0.0031,0.0007,0.0000,0.0000,0.0000,0.0000,0.0040
SFO,from,1290,26,0.0183,0.0165,0.0058,0.0000,0.0177,0.0000,0.0000,0.0184
SFO,from,1291,27,0.0046,0.0055,0.0005,0.0000,0.0000,0.0000,0.0000,0.0041
SFO,from,1292,27,0.1180,0.1239,0.0811,0.0931,0.0900,0.0927,0.0429,0.1123
SFO,from,1293,27,0.0580,0.0848,0.0073,0.0180,0.0222,0.0132,0.0000,0.0474
SFO,from,1294,27,0.0177,0.0213,0.0023,0.0000,0.0062,0.0000,0.0000,0.0151
SFO,from,1295,27,0.0548,0.0592,0.0331,0.0330,0.0358,0.0331,0.0286,0.0510
SFO,from,1296,27,0.0507,0.0613,0.0068,0.0150,0.0185,0.0000,0.0000,0.0425
SFO,from,1297,27,0.0400,0.0443,0.0191,0.0240,0.0247,0.0199,0.0000,0.0363
SFO,from,1298,27,0.0137,0.0085,0.0286,0.0240,0.0247,0.0265,0.0143,0.0171
SFO,from,1299,27,0.0408,0.0055,0.1519,0.1201,0.1270,0.1656,0.1143,0.0649
SFO,from,1300,27,0.0157,0.0192,0.0021,0.0000,0.0037,0.0000,0.0000,0.0135
SFO,from,1301,27,0.0457,0.0115,0.1498,0.1201,0.1270,0.1656,0.1143,0.0682
SFO,from,1302,27,0.0623,0.0767,0.0087,0.0180,0.0222,0.0066,0.0000,0.0519
SFO,from,1303,27,0.0474,0.0583,0.0061,0.0150,0.0160,0.0000,0.0000,0.0392
SFO,from,1304,27,0.0559,0.0596,0.0351,0.0330,0.0382,0.0331,0.0286,0.0527
SFO,from,1305,27,0.0042,0.0051,0.0003,0.0000,0.0000,0.0000,0.0000,0.0033
SFO,from,1306,27,0.0862,0.1163,0.0217,0.0330,0.0345,0.0265,0.0286,0.0735
SFO,from,1307,27,0.1853,0.1610,0.3279,0.3183,0.2959,0.3311,0.4143,0.2099
SFO,from,1308,27,0.0992,0.0779,0.1175,0.1351,0.1134,0.0861,0.2143,0.0972
SFO,from,1309,28,0.0685,0.0882,0.0218,0.0312,0.0295,0.0259,0.0000,0.0648
SFO,from,1310,28,0.0604,0.0626,0.0646,0.0586,0.0563,0.0690,0.0129,0.0670
SFO,from,1311,28,0.2274,0.2545,0.1800,0.1836,0.1716,0.1897,0.0302,0.2378
SFO,from,1312,28,0.0284,0.0269,0.0357,0.0312,0.0295,0.0345,0.0043,0.0324
SFO,from,1313,28,0.1666,0.1475,0.2702,0.2383,0.2194,0.3017,0.0431,0.2048
SFO,from,1314,28,0.1166,0.1407,0.0644,0.0664,0.0689,0.0603,0.0129,0.1153
SFO,from,1315,28,0.0802,0.0754,0.1133,0.1016,0.0942,0.1207,0.0216,0.0945
SFO,from,1316,28,0.0480,0.1158,0.0057,0.0195,0.0113,0.0086,0.0129,0.0412
SFO,from,1317,28,0.2038,0.0882,0.2442,0.2695,0.3193,0.1897,0.8621,0.1422
SFO,from,1318,29,0.0417,0.0367,0.0462,0.0440,0.0451,0.0449,0.0395,0.0429
SFO,from,1319,29,0.0294,0.0292,0.0069,0.0130,0.0168,0.0064,0.0000,0.0271
SFO,from,1320,29,0.0298,0.0385,0.0198,0.0233,0.0220,0.0256,0.0395,0.0284
SFO,from,1321,29,0.0238,0.0239,0.0059,0.0104,0.0105,0.0000,0.0000,0.0217
SFO,from,1322,29,0.0343,0.0324,0.0214,0.0233,0.0273,0.0256,0.0000,0.0330
SFO,from,1323,29,0.0779,0.0355,0.2804,0.2332,0.2191,0.2756,0.2895,0.1011
SFO,from,1324,29,0.0264,0.0162,0.0756,0.0544,0.0597,0.0833,0.0395,0.0328
SFO,from,1325,29,0.0636,0.0531,0.0905,0.0829,0.0828,0.1026,0.0658,0.0678
SFO,from,1326,29,0.0358,0.0363,0.0087,0.0155,0.0189,0.0064,0.0000,0.0328
SFO,from,1327,29,0.0274,0.0280,0.0066,0.0130,0.0147,0.0000,0.0000,0.0249
SFO,from,1328,29,0.0360,0.0322,0.0349,0.0337,0.0356,0.0321,0.0263,0.0362
SFO,from,1329,29,0.0226,0.0225,0.0056,0.0052,0.0094,0.0000,0.0000,0.0207
SFO,from,1330,29,0.0228,0.0229,0.0058,0.0052,0.0094,0.0000,0.0000,0.0210
SFO,from,1331,29,0.0138,0.0136,0.0031,0.0052,0.0073,0.0000,0.0000,0.0126
SFO,from,1332,29,0.0349,0.0419,0.0323,0.0337,0.0304,0.0385,0.0395,0.0343
SFO,from,1333,29,0.0218,0.0221,0.0056,0.0052,0.0094,0.0000,0.0000,0.0200
SFO,from,1334,29,0.0255,0.0251,0.0061,0.0104,0.0115,0.0000,0.0000,0.0237
SFO,from,1335,29,0.0338,0.0340,0.0084,0.0155,0.0189,0.0064,0.0000,0.0308
SFO,from,1336,29,0.0887,0.0871,0.0340,0.0466,0.0524,0.0321,0.0263,0.0828
SFO,from,1337,29,0.0367,0.0476,0.0837,0.0751,0.0660,0.1026,0.1053,0.0422
SFO,from,1338,29,0.0150,0.0150,0.0036,0.0052,0.0073,0.0000,0.0000,0.0138
SFO,from,1339,29,0.0253,0.0251,0.0061,0.0104,0.0115,0.0000,0.0000,0.0229
SFO,from,1340,29,0.0331,0.0332,0.0083,0.0130,0.0189,0.0064,0.0000,0.0303
SFO,from,1341,29,0.0408,0.0517,0.0094,0.0233,0.0199,0.0128,0.0263,0.0367
SFO,from,1342,29,0.0418,0.0628,0.0607,0.0725,0.0524,0.0577,0.1579,0.0409
SFO,from,1343,29,0.0111,0.0107,0.0023,0.0000,0.0063,0.0000,0.0000,0.0101
SFO,from,1344,29,0.0024,0.0024,0.0005,0.0000,0.0000,0.0000,0.0000,0.0022
SFO,from,1345,29,0.0114,0.0113,0.0025,0.0026,0.0063,0.0000,0.0000,0.0104
SFO,from,1346,29,0.0257,0.0251,0.0061,0.0130,0.0115,0.0000,0.0000,0.0237
SFO,from,1347,29,0.0667,0.0839,0.1192,0.1114,0.0985,0.1410,0.1447,0.0722
SFO,from,1348,30,0.0099,0.0035,0.0576,0.0315,0.0335,0.0493,0.0273,0.0141
SFO,from,1349,30,0.0137,0.0096,0.0368,0.0258,0.0259,0.0352,0.0182,0.0161
SFO,from,1350,30,0.0389,0.0516,0.0078,0.0258,0.0205,0.0211,0.0273,0.0352
SFO,from,1351,30,0.0211,0.0208,0.0043,0.0115,0.0119,0.0000,0.0000,0.0204
SFO,from,1352,30,0.0346,0.0337,0.0076,0.0229,0.0216,0.0141,0.0000,0.0333
SFO,from,1353,30,0.0369,0.0362,0.0078,0.0229,0.0238,0.0141,0.0000,0.0357
SFO,from,1354,30,0.0577,0.0564,0.0123,0.0315,0.0357,0.0211,0.0000,0.0558
SFO,from,1355,30,0.0043,0.0040,0.0006,0.0000,0.0011,0.0000,0.0000,0.0043
SFO,from,1356,30,0.0159,0.0156,0.0031,0.0057,0.0086,0.0000,0.0000,0.0151
SFO,from,1357,30,0.0187,0.0182,0.0039,0.0057,0.0097,0.0000,0.0000,0.0180
SFO,from,1358,30,0.0280,0.0277,0.0061,0.0143,0.0195,0.0070,0.0000,0.0271
SFO,from,1359,30,0.0198,0.0182,0.0159,0.0172,0.0195,0.0211,0.0000,0.0201
SFO,from,1360,30,0.0015,0.0012,0.0000,0.0000,0.0000,0.0000,0.0000,0.0014
SFO,from,1361,30,0.0124,0.0242,0.0131,0.0143,0.0086,0.0211,0.0273,0.0108
SFO,from,1362,30,0.0017,0.0015,0.0002,0.0000,0.0000,0.0000,0.0000,0.0017
SFO,from,1363,30,0.0387,0.0701,0.0876,0.0802,0.0530,0.1056,0.1273,0.0379
SFO,from,1364,30,0.0055,0.0049,0.0008,0.0000,0.0011,0.0000,0.0000,0.0053
SFO,from,1365,30,0.0318,0.0245,0.0664,0.0487,0.0519,0.0634,0.0273,0.0357
SFO,from,1366,30,0.1000,0.0872,0.1173,0.1347,0.1276,0.0915,0.5364,0.0889
SFO,from,1367,30,0.0335,0.0305,0.0294,0.0287,0.0303,0.0282,0.0000,0.0343
SFO,from,1368,30,0.0466,0.0849,0.0196,0.0430,0.0216,0.0352,0.1000,0.0398
SFO,from,1369,30,0.0350,0.0268,0.0760,0.0516,0.0551,0.0704,0.0273,0.0398
SFO,from,1370,30,0.0306,0.0299,0.0067,0.0172,0.0195,0.0070,0.0000,0.0292
SFO,from,1371,30,0.0222,0.0219,0.0045,0.0115,0.0141,0.0000,0.0000,0.0216
SFO,from,1372,30,0.0168,0.0165,0.0033,0.0057,0.0086,0.0000,0.0000,0.0161
SFO,from,1373,30,0.0052,0.0029,0.0235,0.0143,0.0151,0.0211,0.0000,0.0069
SFO,from,1374,30,0.0043,0.0029,0.0118,0.0057,0.0086,0.0141,0.0000,0.0053
SFO,from,1375,30,0.0164,0.0160,0.0031,0.0057,0.0086,0.0000,0.0000,0.0161
SFO,from,1376,30,0.0427,0.0159,0.2490,0.1547,0.1514,0.2394,0.0818,0.0618
SFO,from,1377,30,0.0057,0.0054,0.0010,0.0000,0.0011,0.0000,0.0000,0.0057
SFO,from,1378,30,0.0051,0.0037,0.0121,0.0057,0.0086,0.0141,0.0000,0.0060
SFO,from,1379,30,0.0101,0.0082,0.0131,0.0057,0.0097,0.0141,0.0000,0.0108
SFO,from,1380,30,0.0307,0.0277,0.0300,0.0287,0.0303,0.0282,0.0000,0.0319
SFO,from,1381,30,0.0219,0.0214,0.0045,0.0115,0.0119,0.0000,0.0000,0.0211
SFO,from,1382,30,0.0320,0.0317,0.0074,0.0172,0.0205,0.0070,0.0000,0.0309
SFO,from,1383,30,0.0356,0.0350,0.0078,0.0229,0.0227,0.0141,0.0000,0.0343
SFO,from,1384,30,0.0241,0.0234,0.0051,0.0143,0.0162,0.0000,0.0000,0.0230
SFO,from,1385,30,0.0204,0.0174,0.0280,0.0258,0.0249,0.0282,0.0000,0.0216
SFO,from,1386,30,0.0136,0.0132,0.0029,0.0057,0.0086,0.0000,0.0000,0.0129
SFO,from,1387,30,0.0296,0.0290,0.0067,0.0172,0.0195,0.0070,0.0000,0.0285
SFO,from,1388,30,0.0269,0.0265,0.0055,0.0143,0.0195,0.0070,0.0000,0.0259
SFO,from,1389,31,0.1180,0.1402,0.3345,0.2955,0.2404,0.3667,0.0804,0.1485
SFO,from,1390,31,0.0137,0.0133,0.0044,0.0000,0.0027,0.0000,0.0000,0.0132
SFO,from,1391,31,0.0102,0.0035,0.0473,0.0303,0.0273,0.0500,0.0000,0.0158
SFO,from,1392,31,0.0495,0.0499,0.0168,0.0152,0.0219,0.0000,0.0000,0.0475
SFO,from,1393,31,0.0400,0.0405,0.0133,0.0152,0.0219,0.0000,0.0000,0.0383
SFO,from,1394,31,0.1032,0.1348,0.0323,0.0682,0.0519,0.0500,0.0268,0.0983
SFO,from,1395,31,0.1024,0.1249,0.1221,0.1288,0.1038,0.1167,0.0357,0.1083
SFO,from,1396,31,0.1578,0.1605,0.0513,0.0833,0.0792,0.0500,0.0000,0.1538
SFO,from,1397,31,0.0512,0.0459,0.0619,0.0606,0.0546,0.0667,0.0000,0.0554
SFO,from,1398,31,0.0422,0.0430,0.0146,0.0152,0.0219,0.0000,0.0000,0.0409
SFO,from,1399,31,0.0567,0.0296,0.0513,0.0606,0.1038,0.0500,0.4107,0.0350
SFO,from,1400,31,0.0687,0.0583,0.1066,0.0833,0.0847,0.1167,0.0179,0.0779
SFO,from,1401,31,0.0630,0.0642,0.0204,0.0303,0.0273,0.0167,0.0000,0.0607
SFO,from,1402,31,0.0688,0.0474,0.0146,0.0303,0.0792,0.0000,0.4107,0.0416
SFO,from,1403,31,0.0547,0.0440,0.1084,0.0833,0.0792,0.1167,0.0179,0.0647
SFO,from,1404,32,0.0573,0.0524,0.0278,0.0392,0.0361,0.0000,0.0000,0.0572
SFO,from,1405,32,0.0349,0.0315,0.0143,0.0196,0.0253,0.0000,0.0000,0.0357
SFO,from,1406,32,0.0397,0.0359,0.0168,0.0196,0.0289,0.0000,0.0000,0.0397
SFO,from,1407,32,0.0652,0.0437,0.2817,0.1667,0.1552,0.2500,0.0455,0.0815
SFO,from,1408,32,0.1602,0.2116,0.1976,0.1961,0.1516,0.2500,0.1212,0.1609
SFO,from,1409,32,0.1270,0.1525,0.0521,0.0980,0.0830,0.0833,0.0455,0.1239
SFO,from,1410,32,0.0312,0.0276,0.0126,0.0196,0.0253,0.0000,0.0000,0.0316
SFO,from,1411,32,0.1209,0.0894,0.0412,0.0882,0.1516,0.0556,0.6970,0.0956
SFO,from,1412,32,0.1456,0.1694,0.0622,0.1176,0.0939,0.0833,0.0455,0.1421
SFO,from,1413,32,0.0619,0.0441,0.2246,0.1275,0.1336,0.1944,0.0455,0.0747
SFO,from,1414,32,0.1560,0.1418,0.0690,0.1078,0.1155,0.0833,0.0000,0.1569
SFO,from,1415,33,0.0343,0.0263,0.0638,0.0473,0.0525,0.0547,0.0500,0.0375
SFO,from,1416,33,0.0127,0.0090,0.0299,0.0189,0.0243,0.0312,0.0000,0.0146
SFO,from,1417,33,0.0054,0.0028,0.0277,0.0158,0.0205,0.0234,0.0000,0.0076
SFO,from,1418,33,0.0310,0.0258,0.0371,0.0315,0.0333,0.0312,0.0000,0.0318
SFO,from,1419,33,0.0233,0.0211,0.0081,0.0126,0.0128,0.0000,0.0000,0.0222
SFO,from,1420,33,0.0885,0.0981,0.0280,0.0536,0.0525,0.0312,0.0667,0.0826
SFO,from,1421,33,0.0784,0.0938,0.1573,0.1356,0.1178,0.1719,0.2167,0.0847
SFO,from,1422,33,0.0674,0.0777,0.0210,0.0410,0.0371,0.0312,0.0500,0.0625
SFO,from,1423,33,0.0674,0.0604,0.0363,0.0473,0.0512,0.0312,0.0000,0.0652
SFO,from,1424,33,0.0352,0.0495,0.0103,0.0252,0.0205,0.0234,0.0500,0.0321
SFO,from,1425,33,0.0817,0.0471,0.2998,0.2145,0.2125,0.2734,0.2500,0.1022
SFO,from,1426,33,0.0866,0.0938,0.0540,0.0694,0.0653,0.0547,0.0833,0.0831
SFO,from,1427,33,0.0677,0.0597,0.0452,0.0536,0.0576,0.0391,0.0167,0.0662
SFO,from,1428,33,0.0157,0.0114,0.0306,0.0252,0.0256,0.0312,0.0000,0.0175
SFO,from,1429,33,0.0395,0.0512,0.0256,0.0315,0.0282,0.0312,0.0667,0.0375
SFO,from,1430,33,0.0513,0.0799,0.0142,0.0347,0.0256,0.0312,0.1167,0.0464
SFO,from,1431,33,0.0650,0.0597,0.0216,0.0347,0.0397,0.0234,0.0000,0.0618
SFO,from,1432,33,0.0482,0.0405,0.0566,0.0505,0.0538,0.0547,0.0333,0.0495
SFO,from,1433,33,0.0286,0.0261,0.0094,0.0158,0.0205,0.0078,0.0000,0.0271
SFO,from,1434,33,0.0402,0.0370,0.0131,0.0252,0.0256,0.0156,0.0000,0.0381
SFO,from,1435,33,0.0318,0.0291,0.0105,0.0158,0.0230,0.0078,0.0000,0.0300
SFO,from,1436,34,0.0651,0.0770,0.0187,0.0445,0.0388,0.0244,0.0566,0.0604
SFO,from,1437,34,0.0865,0.1185,0.0439,0.0812,0.0582,0.0610,0.1887,0.0799
SFO,from,1438,34,0.0826,0.0686,0.2724,0.1832,0.1849,0.2500,0.2642,0.0982
SFO,from,1439,34,0.0379,0.0382,0.0113,0.0236,0.0245,0.0183,0.0000,0.0360
SFO,from,1440,34,0.0625,0.0608,0.0390,0.0471,0.0511,0.0427,0.0377,0.0608
SFO,from,1441,34,0.0448,0.0449,0.0138,0.0262,0.0276,0.0183,0.0000,0.0423
SFO,from,1442,34,0.0635,0.0637,0.0190,0.0393,0.0409,0.0244,0.0000,0.0601
SFO,from,1443,34,0.0421,0.0421,0.0126,0.0236,0.0266,0.0183,0.0000,0.0397
SFO,from,1444,34,0.0507,0.0540,0.0918,0.0812,0.0695,0.0854,0.1132,0.0534
SFO,from,1445,34,0.0646,0.0647,0.0192,0.0393,0.0419,0.0244,0.0000,0.0612
SFO,from,1446,34,0.0674,0.0656,0.0390,0.0471,0.0521,0.0427,0.0377,0.0654
SFO,from,1447,34,0.0275,0.0278,0.0081,0.0157,0.0184,0.0061,0.0000,0.0263
SFO,from,1448,34,0.0886,0.0810,0.1069,0.1021,0.1021,0.1037,0.0943,0.0909
SFO,from,1449,34,0.0024,0.0025,0.0006,0.0000,0.0000,0.0000,0.0000,0.0023
SFO,from,1450,34,0.0657,0.0657,0.0196,0.0393,0.0429,0.0244,0.0000,0.0623
SFO,from,1451,34,0.0476,0.0479,0.0147,0.0262,0.0296,0.0183,0.0000,0.0452
SFO,from,1452,34,0.0538,0.0500,0.0564,0.0471,0.0562,0.0549,0.0566,0.0543
SFO,from,1453,34,0.0271,0.0068,0.2066,0.1230,0.1236,0.1829,0.1509,0.0429
SFO,from,1454,34,0.0196,0.0200,0.0062,0.0105,0.0112,0.0000,0.0000,0.0185
SFO,to,1,1,0.0105,0.0332,0.0068,0.0089,0.0071,0.0079,0.0179,0.0085
SFO,to,2,1,0.0178,0.0447,0.0153,0.0187,0.0167,0.0170,0.0304,0.0160
SFO,to,3,1,0.0024,0.0002,0.0043,0.0042,0.0044,0.0043,0.0036,0.0034
SFO,to,4,1,0.0174,0.0352,0.0191,0.0211,0.0197,0.0204,0.0293,0.0182
SFO,to,5,1,0.0370,0.0398,0.0561,0.0559,0.0551,0.0571,0.0606,0.0489
SFO,to,6,1,0.0240,0.0059,0.0453,0.0404,0.0404,0.0445,0.0350,0.0397
SFO,to,7,1,0.1028,0.0265,0.1910,0.1777,0.1808,0.1897,0.1636,0.1621
SFO,to,8,1,0.0182,0.0041,0.0292,0.0283,0.0293,0.0290,0.0246,0.0245
SFO,to,9,1,0.0138,0.0280,0.0099,0.0116,0.0108,0.0107,0.0182,0.0111
SFO,to,10,1,0.0310,0.0195,0.0561,0.0493,0.0478,0.0553,0.0460,0.0521
SFO,to,11,1,0.0394,0.0063,0.0716,0.0697,0.0720,0.0714,0.0626,0.0572
SFO,to,12,1,0.0283,0.0227,0.0463,0.0438,0.0432,0.0464,0.0438,0.0409
SFO,to,13,1,0.0035,0.0082,0.0019,0.0025,0.0022,0.0022,0.0042,0.0024
SFO,to,14,1,0.0057,0.0183,0.0024,0.0037,0.0027,0.0030,0.0084,0.0036
SFO,to,15,1,0.0171,0.0407,0.0093,0.0114,0.0097,0.0104,0.0210,0.0128
SFO,to,16,1,0.0278,0.0791,0.0043,0.0094,0.0060,0.0063,0.0279,0.0141
SFO,to,17,1,0.0418,0.0534,0.0050,0.0079,0.0083,0.0043,0.0053,0.0177
SFO,to,18,1,0.0078,0.0186,0.0013,0.0024,0.0018,0.0016,0.0059,0.0036
SFO,to,19,1,0.0193,0.0241,0.0019,0.0031,0.0034,0.0015,0.0017,0.0080
SFO,to,20,1,0.0076,0.0051,0.0116,0.0107,0.0106,0.0115,0.0099,0.0107
SFO,to,21,1,0.0019,0.0015,0.0009,0.0010,0.0011,0.0008,0.0007,0.0012
SFO,to,22,1,0.0397,0.0639,0.0319,0.0355,0.0341,0.0332,0.0447,0.0337
SFO,to,23,1,0.0072,0.0126,0.0016,0.0024,0.0021,0.0017,0.0036,0.0036
SFO,to,24,1,0.0101,0.0316,0.0061,0.0083,0.0066,0.0071,0.0168,0.0078
SFO,to,25,1,0.0127,0.0052,0.0209,0.0202,0.0206,0.0209,0.0187,0.0174
SFO,to,26,1,0.0017,0.0041,0.0008,0.0011,0.0009,0.0009,0.0019,0.0010
SFO,to,27,1,0.0016,0.0015,0.0005,0.0006,0.0006,0.0005,0.0004,0.0007
SFO,to,28,1,0.0482,0.0341,0.0376,0.0378,0.0398,0.0366,0.0307,0.0400
SFO,to,29,1,0.0326,0.0235,0.0265,0.0252,0.0259,0.0255,0.0189,0.0291
SFO,to,30,1,0.0069,0.0037,0.0082,0.0075,0.0077,0.0080,0.0061,0.0080
SFO,to,31,1,0.0105,0.0022,0.0176,0.0164,0.0167,0.0174,0.0140,0.0150
SFO,to,32,1,0.0032,0.0061,0.0003,0.0006,0.0005,0.0003,0.0013,0.0015
SFO,to,33,1,0.0155,0.0196,0.0015,0.0025,0.0026,0.0012,0.0016,0.0063
SFO,to,34,1,0.0300,0.0328,0.0033,0.0049,0.0057,0.0024,0.0007,0.0124
SFO,to,35,1,0.0373,0.0411,0.0037,0.0058,0.0066,0.0026,0.0006,0.0153
SFO,to,36,1,0.0079,0.0096,0.0082,0.0084,0.0084,0.0083,0.0092,0.0080
SFO,to,37,1,0.0073,0.0079,0.0011,0.0015,0.0017,0.0009,0.0004,0.0031
SFO,to,38,1,0.0376,0.0437,0.0044,0.0067,0.0074,0.0035,0.0028,0.0160
SFO,to,39,1,0.0429,0.0328,0.0342,0.0342,0.0354,0.0334,0.0279,0.0368
SFO,to,40,1,0.0397,0.0440,0.0092,0.0098,0.0102,0.0079,0.0047,0.0211
SFO,to,41,1,0.1200,0.0514,0.1917,0.1867,0.1914,0.1916,0.1743,0.1616
SFO,to,42,1,0.0123,0.0136,0.0012,0.0019,0.0022,0.0009,0.0001,0.0048
SFO,to,43,2,0.0319,0.0308,0.0255,0.0281,0.0290,0.0253,0.0156,0.0301
SFO,to,44,2,0.0460,0.0462,0.1346,0.0947,0.0851,0.1291,0.1515,0.0658
SFO,to,45,2,0.0350,0.0315,0.0479,0.0434,0.0533,0.0544,0.1476,0.0406
SFO,to,46,2,0.0412,0.0430,0.0271,0.0335,0.0336,0.0280,0.0264,0.0392
SFO,to,47,2,0.0187,0.0207,0.0103,0.0144,0.0138,0.0114,0.0166,0.0168
SFO,to,48,2,0.0246,0.0246,0.0106,0.0162,0.0172,0.0110,0.0039,0.0224
SFO,to,49,2,0.0342,0.0341,0.0149,0.0226,0.0243,0.0153,0.0039,0.0301
SFO,to,50,2,0.0350,0.0292,0.0763,0.0598,0.0591,0.0728,0.0655,0.0420
SFO,to,51,2,0.0227,0.0228,0.0096,0.0149,0.0161,0.0101,0.0029,0.0196
SFO,to,52,2,0.0139,0.0120,0.0257,0.0209,0.0208,0.0247,0.0215,0.0161
SFO,to,53,2,0.0026,0.0074,0.0030,0.0046,0.0019,0.0050,0.0274,0.0028
SFO,to,54,2,0.0253,0.0241,0.0284,0.0261,0.0261,0.0272,0.0186,0.0259
SFO,to,55,2,0.0131,0.0130,0.0055,0.0087,0.0092,0.0059,0.0010,0.0112
SFO,to,56,2,0.0011,0.0010,0.0004,0.0008,0.0008,0.0005,0.0000,0.0007
SFO,to,57,2,0.0198,0.0198,0.0086,0.0131,0.0140,0.0090,0.0029,0.0175
SFO,to,58,2,0.0183,0.0184,0.0081,0.0120,0.0127,0.0080,0.0020,0.0161
SFO,to,59,2,0.0297,0.0297,0.0153,0.0210,0.0223,0.0157,0.0059,0.0266
SFO,to,60,2,0.0174,0.0199,0.0072,0.0122,0.0116,0.0086,0.0137,0.0161
SFO,to,61,2,0.0068,0.0067,0.0029,0.0045,0.0049,0.0029,0.0000,0.0063
SFO,to,62,2,0.0311,0.0312,0.0136,0.0206,0.0220,0.0141,0.0039,0.0273
SFO,to,63,2,0.0208,0.0205,0.0143,0.0167,0.0174,0.0141,0.0068,0.0182
SFO,to,64,2,0.0276,0.0276,0.0147,0.0198,0.0208,0.0149,0.0059,0.0245
SFO,to,65,2,0.0264,0.0265,0.0115,0.0175,0.0186,0.0119,0.0039,0.0231
SFO,to,66,2,0.0204,0.0205,0.0087,0.0135,0.0142,0.0093,0.0029,0.0182
SFO,to,67,2,0.0214,0.0215,0.0092,0.0142,0.0151,0.0097,0.0029,0.0182
SFO,to,68,2,0.0129,0.0130,0.0055,0.0086,0.0091,0.0059,0.0010,0.0112
SFO,to,69,2,0.0314,0.0339,0.0153,0.0226,0.0225,0.0168,0.0176,0.0273
SFO,to,70,2,0.0332,0.0331,0.0169,0.0234,0.0247,0.0173,0.0059,0.0294
SFO,to,71,2,0.0341,0.0359,0.0215,0.0274,0.0273,0.0224,0.0244,0.0308
SFO,to,72,2,0.0123,0.0124,0.0054,0.0082,0.0086,0.0056,0.0010,0.0105
SFO,to,73,2,0.0178,0.0171,0.0176,0.0165,0.0168,0.0170,0.0108,0.0182
SFO,to,74,2,0.0135,0.0154,0.0390,0.0292,0.0256,0.0382,0.0557,0.0182
SFO,to,75,2,0.0241,0.0205,0.1054,0.0726,0.0666,0.1008,0.1173,0.0406
SFO,to,76,2,0.0055,0.0048,0.0087,0.0075,0.0074,0.0086,0.0059,0.0063
SFO,to,77,2,0.0044,0.0043,0.0017,0.0029,0.0031,0.0019,0.0000,0.0035
SFO,to,78,2,0.0018,0.0017,0.0007,0.0011,0.0011,0.0009,0.0000,0.0014
SFO,to,79,2,0.0045,0.0046,0.0284,0.0186,0.0161,0.0271,0.0362,0.0091
SFO,to,80,2,0.0065,0.0067,0.0029,0.0043,0.0045,0.0029,0.0000,0.0063
SFO,to,81,2,0.0247,0.0247,0.0666,0.0492,0.0450,0.0644,0.0782,0.0343
SFO,to,82,2,0.0136,0.0130,0.0106,0.0119,0.0120,0.0106,0.0059,0.0133
SFO,to,83,2,0.0239,0.0241,0.0105,0.0159,0.0169,0.0109,0.0029,0.0217
SFO,to,84,2,0.0247,0.0229,0.0332,0.0285,0.0284,0.0315,0.0225,0.0266
SFO,to,85,2,0.0141,0.0140,0.0062,0.0094,0.0100,0.0063,0.0020,0.0126
SFO,to,86,2,0.0243,0.0262,0.0174,0.0210,0.0205,0.0182,0.0215,0.0231
SFO,to,87,2,0.0181,0.0180,0.0079,0.0119,0.0127,0.0080,0.0020,0.0161
SFO,to,88,2,0.0266,0.0277,0.0259,0.0270,0.0264,0.0264,0.0303,0.0259
SFO,to,89,2,0.0429,0.0431,0.0188,0.0284,0.0304,0.0194,0.0059,0.0385
SFO,to,90,3,0.0278,0.0387,0.0474,0.0402,0.0278,0.0495,0.1534,0.0294
SFO,to,91,3,0.0258,0.0239,0.0199,0.0230,0.0251,0.0204,0.0055,0.0260
SFO,to,92,3,0.0178,0.0166,0.0137,0.0159,0.0174,0.0142,0.0027,0.0168
SFO,to,93,3,0.0325,0.0301,0.0248,0.0290,0.0316,0.0253,0.0055,0.0319
SFO,to,94,3,0.0122,0.0113,0.0093,0.0110,0.0119,0.0095,0.0014,0.0109
SFO,to,95,3,0.0163,0.0150,0.0125,0.0146,0.0160,0.0128,0.0027,0.0168
SFO,to,96,3,0.0133,0.0121,0.0101,0.0118,0.0133,0.0104,0.0014,0.0126
SFO,to,97,3,0.0160,0.0148,0.0120,0.0143,0.0158,0.0128,0.0027,0.0159
SFO,to,98,3,0.0196,0.0183,0.0145,0.0174,0.0191,0.0156,0.0041,0.0193
SFO,to,99,3,0.0146,0.0137,0.0108,0.0131,0.0142,0.0114,0.0027,0.0143
SFO,to,100,3,0.0096,0.0086,0.0184,0.0121,0.0128,0.0142,0.0082,0.0101
SFO,to,101,3,0.0047,0.0070,0.0162,0.0082,0.0050,0.0137,0.0315,0.0067
SFO,to,102,3,0.0145,0.0135,0.0108,0.0129,0.0142,0.0114,0.0027,0.0143
SFO,to,103,3,0.0269,0.0308,0.0191,0.0268,0.0231,0.0251,0.0589,0.0268
SFO,to,104,3,0.0118,0.0108,0.0145,0.0125,0.0134,0.0130,0.0055,0.0117
SFO,to,105,3,0.0073,0.0069,0.0064,0.0066,0.0072,0.0059,0.0000,0.0076
SFO,to,106,3,0.0086,0.0166,0.0091,0.0131,0.0049,0.0152,0.0849,0.0084
SFO,to,107,3,0.0065,0.0050,0.0356,0.0138,0.0135,0.0239,0.0151,0.0092
SFO,to,108,3,0.0046,0.0096,0.0083,0.0085,0.0032,0.0111,0.0562,0.0059
SFO,to,109,3,0.0108,0.0214,0.0115,0.0168,0.0059,0.0194,0.1137,0.0109
SFO,to,110,3,0.0004,0.0003,0.0000,0.0003,0.0001,0.0000,0.0000,0.0000
SFO,to,111,3,0.0110,0.0158,0.0128,0.0143,0.0093,0.0159,0.0603,0.0109
SFO,to,112,3,0.0117,0.0106,0.0142,0.0123,0.0133,0.0128,0.0055,0.0109
SFO,to,113,3,0.0317,0.0350,0.0226,0.0309,0.0278,0.0284,0.0575,0.0302
SFO,to,114,3,0.0166,0.0155,0.0128,0.0149,0.0163,0.0133,0.0027,0.0168
SFO,to,115,3,0.0083,0.0078,0.0064,0.0075,0.0082,0.0066,0.0000,0.0076
SFO,to,116,3,0.0177,0.0191,0.0182,0.0189,0.0174,0.0194,0.0329,0.0193
SFO,to,117,3,0.0095,0.0089,0.0076,0.0085,0.0093,0.0076,0.0000,0.0084
SFO,to,118,3,0.0117,0.0109,0.0088,0.0105,0.0116,0.0092,0.0000,0.0109
SFO,to,119,3,0.0065,0.0061,0.0044,0.0057,0.0063,0.0052,0.0000,0.0059
SFO,to,120,3,0.0170,0.0158,0.0128,0.0153,0.0167,0.0137,0.0027,0.0168
SFO,to,121,3,0.0148,0.0139,0.0110,0.0131,0.0144,0.0116,0.0027,0.0143
SFO,to,122,3,0.0213,0.0199,0.0162,0.0191,0.0210,0.0168,0.0041,0.0210
SFO,to,123,3,0.0161,0.0150,0.0123,0.0143,0.0158,0.0128,0.0027,0.0159
SFO,to,124,3,0.0077,0.0072,0.0064,0.0070,0.0077,0.0059,0.0000,0.0076
SFO,to,125,3,0.0106,0.0100,0.0083,0.0094,0.0104,0.0083,0.0000,0.0101
SFO,to,126,3,0.0090,0.0084,0.0071,0.0080,0.0088,0.0069,0.0000,0.0084
SFO,to,127,3,0.0189,0.0176,0.0142,0.0168,0.0184,0.0149,0.0027,0.0193
SFO,to,128,3,0.0224,0.0207,0.0169,0.0201,0.0220,0.0178,0.0041,0.0218
SFO,to,129,3,0.0206,0.0193,0.0157,0.0184,0.0200,0.0163,0.0041,0.0201
SFO,to,130,3,0.0210,0.0226,0.0155,0.0202,0.0190,0.0187,0.0301,0.0210
SFO,to,131,3,0.0315,0.0292,0.0238,0.0282,0.0309,0.0249,0.0055,0.0302
SFO,to,132,3,0.0181,0.0168,0.0142,0.0161,0.0177,0.0142,0.0027,0.0193
SFO,to,133,3,0.0228,0.0210,0.0233,0.0223,0.0242,0.0220,0.0068,0.0218
SFO,to,134,3,0.0209,0.0195,0.0159,0.0187,0.0207,0.0166,0.0041,0.0210
SFO,to,135,3,0.0151,0.0142,0.0115,0.0135,0.0149,0.0121,0.0027,0.0151
SFO,to,136,3,0.0106,0.0100,0.0083,0.0094,0.0104,0.0083,0.0000,0.0101
SFO,to,137,3,0.0187,0.0174,0.0142,0.0168,0.0183,0.0149,0.0027,0.0193
SFO,to,138,3,0.0160,0.0148,0.0120,0.0143,0.0158,0.0128,0.0027,0.0159
SFO,to,139,3,0.0106,0.0100,0.0083,0.0094,0.0104,0.0083,0.0000,0.0101
SFO,to,140,3,0.0093,0.0086,0.0130,0.0102,0.0110,0.0111,0.0055,0.0092
SFO,to,141,3,0.0007,0.0005,0.0000,0.0005,0.0006,0.0005,0.0000,0.0000
SFO,to,142,3,0.0054,0.0090,0.0147,0.0106,0.0063,0.0144,0.0493,0.0059
SFO,to,143,3,0.0004,0.0003,0.0000,0.0003,0.0001,0.0000,0.0000,0.0000
SFO,to,144,3,0.0011,0.0009,0.0007,0.0010,0.0011,0.0009,0.0000,0.0008
SFO,to,145,3,0.0014,0.0012,0.0010,0.0012,0.0014,0.0009,0.0000,0.0017
SFO,to,146,3,0.0007,0.0004,0.0044,0.0020,0.0020,0.0031,0.0027,0.0008
SFO,to,147,3,0.0069,0.0118,0.0042,0.0086,0.0034,0.0090,0.0534,0.0076
SFO,to,148,3,0.0011,0.0009,0.0007,0.0010,0.0011,0.0009,0.0000,0.0008
SFO,to,149,3,0.0117,0.0092,0.0761,0.0236,0.0217,0.0488,0.0205,0.0210
SFO,to,150,3,0.0049,0.0044,0.0034,0.0043,0.0049,0.0038,0.0000,0.0050
SFO,to,151,3,0.0045,0.0041,0.0029,0.0041,0.0046,0.0036,0.0000,0.0042
SFO,to,152,3,0.0134,0.0126,0.0101,0.0120,0.0134,0.0109,0.0014,0.0126
SFO,to,153,3,0.0104,0.0098,0.0079,0.0093,0.0102,0.0083,0.0000,0.0101
SFO,to,154,3,0.0073,0.0069,0.0059,0.0066,0.0070,0.0059,0.0000,0.0076
SFO,to,155,3,0.0074,0.0069,0.0064,0.0067,0.0072,0.0059,0.0000,0.0076
SFO,to,156,3,0.0063,0.0059,0.0044,0.0056,0.0062,0.0052,0.0000,0.0059
SFO,to,157,3,0.0010,0.0008,0.0005,0.0008,0.0011,0.0007,0.0000,0.0008
SFO,to,158,3,0.0011,0.0009,0.0007,0.0011,0.0011,0.0009,0.0000,0.0008
SFO,to,159,3,0.0120,0.0112,0.0091,0.0108,0.0116,0.0095,0.0014,0.0109
SFO,to,160,3,0.0124,0.0116,0.0096,0.0111,0.0120,0.0097,0.0014,0.0117
SFO,to,161,3,0.0080,0.0073,0.0064,0.0072,0.0081,0.0064,0.0000,0.0076
SFO,to,162,3,0.0113,0.0106,0.0083,0.0100,0.0110,0.0090,0.0000,0.0109
SFO,to,163,3,0.0084,0.0078,0.0064,0.0076,0.0085,0.0066,0.0000,0.0076
SFO,to,164,3,0.0239,0.0222,0.0177,0.0214,0.0235,0.0187,0.0055,0.0235
SFO,to,165,3,0.0171,0.0158,0.0130,0.0153,0.0167,0.0137,0.0027,0.0168
SFO,to,166,3,0.0273,0.0267,0.0611,0.0384,0.0374,0.0492,0.0548,0.0294
SFO,to,167,3,0.0147,0.0138,0.0108,0.0131,0.0142,0.0114,0.0027,0.0143
SFO,to,168,4,0.0425,0.0389,0.0373,0.0389,0.0422,0.0362,0.0068,0.0420
SFO,to,169,4,0.0842,0.0761,0.0738,0.0765,0.0850,0.0718,0.0137,0.0819
SFO,to,170,4,0.0660,0.0590,0.0888,0.0692,0.0747,0.0744,0.0240,0.0693
SFO,to,171,4,0.0252,0.0230,0.0217,0.0231,0.0257,0.0213,0.0000,0.0231
SFO,to,172,4,0.0568,0.0516,0.0481,0.0518,0.0570,0.0479,0.0103,0.0546
SFO,to,173,4,0.0352,0.0316,0.0298,0.0322,0.0357,0.0304,0.0068,0.0357
SFO,to,174,4,0.0481,0.0439,0.0407,0.0440,0.0481,0.0408,0.0103,0.0483
SFO,to,175,4,0.0304,0.0282,0.0271,0.0280,0.0301,0.0259,0.0034,0.0294
SFO,to,176,4,0.0199,0.0185,0.0176,0.0182,0.0207,0.0162,0.0000,0.0189
SFO,to,177,4,0.0691,0.0699,0.0732,0.0703,0.0691,0.0718,0.0788,0.0693
SFO,to,178,4,0.0427,0.0389,0.0379,0.0391,0.0425,0.0362,0.0068,0.0420
SFO,to,179,4,0.0593,0.0542,0.0515,0.0541,0.0596,0.0511,0.0137,0.0588
SFO,to,180,4,0.0210,0.0183,0.0481,0.0282,0.0292,0.0369,0.0171,0.0210
SFO,to,181,4,0.0337,0.0308,0.0285,0.0308,0.0337,0.0285,0.0068,0.0336
SFO,to,182,4,0.0392,0.0423,0.0318,0.0391,0.0357,0.0375,0.0651,0.0399
SFO,to,183,4,0.0403,0.0369,0.0352,0.0370,0.0404,0.0343,0.0068,0.0420
SFO,to,184,4,0.0564,0.0516,0.0481,0.0516,0.0570,0.0472,0.0103,0.0546
SFO,to,185,4,0.0460,0.0417,0.0393,0.0422,0.0461,0.0388,0.0068,0.0483
SFO,to,186,4,0.0630,0.0574,0.0562,0.0573,0.0632,0.0530,0.0137,0.0630
SFO,to,187,4,0.0415,0.0451,0.0352,0.0412,0.0381,0.0388,0.0685,0.0420
SFO,to,188,4,0.0498,0.1144,0.1057,0.0996,0.0363,0.1352,0.6301,0.0546
SFO,to,189,4,0.0206,0.0189,0.0176,0.0192,0.0213,0.0181,0.0000,0.0189
SFO,to,190,4,0.0091,0.0085,0.0068,0.0085,0.0086,0.0078,0.0000,0.0084
SFO,to,191,5,0.0155,0.0202,0.0030,0.0085,0.0075,0.0050,0.0130,0.0114
SFO,to,192,5,0.0018,0.0017,0.0003,0.0009,0.0010,0.0005,0.0000,0.0015
SFO,to,193,5,0.0135,0.0140,0.0029,0.0064,0.0073,0.0037,0.0000,0.0099
SFO,to,194,5,0.0245,0.0249,0.0051,0.0119,0.0133,0.0066,0.0019,0.0182
SFO,to,195,5,0.0155,0.0158,0.0033,0.0075,0.0083,0.0042,0.0006,0.0114
SFO,to,196,5,0.0245,0.0250,0.0051,0.0119,0.0133,0.0066,0.0019,0.0182
SFO,to,197,5,0.0189,0.0194,0.0041,0.0091,0.0102,0.0051,0.0012,0.0144
SFO,to,198,5,0.0040,0.0042,0.0007,0.0021,0.0021,0.0011,0.0000,0.0023
SFO,to,199,5,0.0053,0.0062,0.0037,0.0048,0.0043,0.0042,0.0068,0.0053
SFO,to,200,5,0.0053,0.0046,0.0064,0.0062,0.0066,0.0062,0.0043,0.0053
SFO,to,201,5,0.0078,0.0079,0.0019,0.0037,0.0043,0.0022,0.0000,0.0053
SFO,to,202,5,0.0240,0.0246,0.0051,0.0116,0.0129,0.0066,0.0019,0.0182
SFO,to,203,5,0.0110,0.0115,0.0024,0.0053,0.0060,0.0031,0.0000,0.0076
SFO,to,204,5,0.0230,0.0236,0.0049,0.0111,0.0125,0.0062,0.0012,0.0174
SFO,to,205,5,0.0267,0.0272,0.0058,0.0129,0.0144,0.0072,0.0019,0.0197
SFO,to,206,5,0.0119,0.0122,0.0026,0.0058,0.0066,0.0033,0.0000,0.0083
SFO,to,207,5,0.0108,0.0109,0.0024,0.0052,0.0058,0.0029,0.0000,0.0076
SFO,to,208,5,0.0179,0.0129,0.0358,0.0310,0.0319,0.0338,0.0272,0.0212
SFO,to,209,5,0.0271,0.0271,0.0084,0.0149,0.0166,0.0098,0.0037,0.0197
SFO,to,210,5,0.0037,0.0039,0.0007,0.0017,0.0021,0.0011,0.0000,0.0023
SFO,to,211,5,0.0140,0.0152,0.0029,0.0069,0.0075,0.0040,0.0031,0.0099
SFO,to,212,5,0.0674,0.0408,0.3350,0.2250,0.2082,0.3053,0.2810,0.1630
SFO,to,213,5,0.0180,0.0195,0.0064,0.0108,0.0113,0.0074,0.0074,0.0144
SFO,to,214,5,0.0167,0.0158,0.0115,0.0136,0.0144,0.0117,0.0074,0.0152
SFO,to,215,5,0.0144,0.0148,0.0030,0.0070,0.0079,0.0039,0.0000,0.0099
SFO,to,216,5,0.0074,0.0090,0.0016,0.0039,0.0036,0.0023,0.0037,0.0053
SFO,to,217,5,0.0129,0.0160,0.0026,0.0069,0.0063,0.0040,0.0086,0.0099
SFO,to,218,5,0.0214,0.0217,0.0046,0.0104,0.0114,0.0058,0.0012,0.0167
SFO,to,219,5,0.0255,0.0261,0.0054,0.0123,0.0138,0.0069,0.0019,0.0190
SFO,to,220,5,0.0168,0.0170,0.0036,0.0081,0.0091,0.0047,0.0012,0.0121
SFO,to,221,5,0.0169,0.0170,0.0036,0.0081,0.0091,0.0047,0.0012,0.0129
SFO,to,222,5,0.0137,0.0183,0.0028,0.0076,0.0066,0.0046,0.0130,0.0099
SFO,to,223,5,0.0134,0.0138,0.0029,0.0064,0.0073,0.0036,0.0000,0.0099
SFO,to,224,5,0.0104,0.0109,0.0022,0.0050,0.0057,0.0028,0.0000,0.0076
SFO,to,225,5,0.0173,0.0130,0.0376,0.0269,0.0259,0.0340,0.0198,0.0250
SFO,to,226,5,0.0222,0.0220,0.0073,0.0127,0.0140,0.0084,0.0037,0.0174
SFO,to,227,5,0.0229,0.0235,0.0049,0.0111,0.0124,0.0062,0.0012,0.0174
SFO,to,228,5,0.0000,0.0000,0.0000,0.0000,0.0000,0.0000,0.0000,0.0000
SFO,to,229,5,0.0184,0.0188,0.0040,0.0088,0.0099,0.0050,0.0012,0.0144
SFO,to,230,5,0.0245,0.0266,0.0051,0.0122,0.0129,0.0069,0.0062,0.0182
SFO,to,231,5,0.0199,0.0206,0.0041,0.0097,0.0108,0.0053,0.0012,0.0152
SFO,to,232,5,0.0181,0.0186,0.0039,0.0087,0.0098,0.0049,0.0012,0.0136
SFO,to,233,5,0.0225,0.0231,0.0048,0.0109,0.0121,0.0059,0.0012,0.0174
SFO,to,234,5,0.0089,0.0058,0.0389,0.0290,0.0273,0.0361,0.0352,0.0182
SFO,to,235,5,0.0104,0.0109,0.0022,0.0050,0.0057,0.0028,0.0000,0.0076
SFO,to,236,5,0.0168,0.0181,0.0142,0.0162,0.0159,0.0147,0.0185,0.0152
SFO,to,237,5,0.0073,0.0065,0.0041,0.0053,0.0067,0.0048,0.0086,0.0068
SFO,to,238,5,0.0100,0.0089,0.0101,0.0105,0.0110,0.0099,0.0074,0.0091
SFO,to,239,5,0.0033,0.0000,0.0216,0.0152,0.0151,0.0195,0.0154,0.0083
SFO,to,240,5,0.0580,0.0825,0.1441,0.1232,0.1081,0.1475,0.2736,0.0887
SFO,to,241,5,0.0106,0.0109,0.0023,0.0051,0.0057,0.0028,0.0000,0.0076
SFO,to,242,5,0.0096,0.0098,0.0021,0.0047,0.0053,0.0025,0.0000,0.0068
SFO,to,243,5,0.0109,0.0109,0.0024,0.0053,0.0060,0.0029,0.0000,0.0076
SFO,to,244,5,0.0132,0.0144,0.0029,0.0066,0.0070,0.0038,0.0031,0.0099
SFO,to,245,5,0.0169,0.0176,0.0061,0.0102,0.0125,0.0081,0.0198,0.0144
SFO,to,246,5,0.0365,0.0381,0.0106,0.0198,0.0214,0.0126,0.0086,0.0273
SFO,to,247,5,0.0172,0.0169,0.0064,0.0102,0.0112,0.0071,0.0037,0.0136
SFO,to,248,5,0.0431,0.0288,0.1673,0.1278,0.1245,0.1576,0.1748,0.0796
SFO,to,249,6,0.0536,0.0431,0.2654,0.1678,0.1540,0.2399,0.2787,0.0969
SFO,to,250,6,0.0232,0.0248,0.0109,0.0169,0.0172,0.0129,0.0156,0.0207
SFO,to,251,6,0.0210,0.0242,0.0075,0.0144,0.0138,0.0102,0.0201,0.0191
SFO,to,252,6,0.0411,0.0392,0.0303,0.0349,0.0370,0.0308,0.0201,0.0381
SFO,to,253,6,0.0167,0.0164,0.0064,0.0108,0.0117,0.0071,0.0022,0.0149
SFO,to,254,6,0.0366,0.0359,0.0141,0.0234,0.0259,0.0159,0.0045,0.0315
SFO,to,255,6,0.0207,0.0201,0.0111,0.0152,0.0163,0.0120,0.0056,0.0191
SFO,to,256,6,0.0212,0.0245,0.0076,0.0146,0.0139,0.0102,0.0201,0.0191
SFO,to,257,6,0.0146,0.0175,0.0085,0.0123,0.0111,0.0102,0.0212,0.0133
SFO,to,258,6,0.0173,0.0242,0.0059,0.0131,0.0106,0.0096,0.0357,0.0157
SFO,to,259,6,0.0155,0.0156,0.0059,0.0100,0.0110,0.0070,0.0011,0.0133
SFO,to,260,6,0.0111,0.0111,0.0042,0.0071,0.0078,0.0049,0.0000,0.0091
SFO,to,261,6,0.0153,0.0128,0.0343,0.0249,0.0245,0.0314,0.0256,0.0199
SFO,to,262,6,0.0129,0.0129,0.0048,0.0082,0.0091,0.0056,0.0000,0.0108
SFO,to,263,6,0.0096,0.0095,0.0036,0.0062,0.0069,0.0043,0.0000,0.0083
SFO,to,264,6,0.0228,0.0133,0.1148,0.0701,0.0669,0.1016,0.0925,0.0423
SFO,to,265,6,0.0171,0.0146,0.0334,0.0262,0.0266,0.0311,0.0279,0.0199
SFO,to,266,6,0.0428,0.0359,0.1215,0.0858,0.0827,0.1113,0.1171,0.0572
SFO,to,267,6,0.0172,0.0171,0.0066,0.0110,0.0120,0.0074,0.0022,0.0157
SFO,to,268,6,0.0162,0.0157,0.0097,0.0123,0.0132,0.0100,0.0045,0.0149
SFO,to,269,6,0.0160,0.0159,0.0060,0.0104,0.0112,0.0070,0.0022,0.0141
SFO,to,270,6,0.0122,0.0122,0.0045,0.0078,0.0086,0.0053,0.0000,0.0108
SFO,to,271,6,0.0218,0.0211,0.0134,0.0169,0.0180,0.0140,0.0067,0.0199
SFO,to,272,6,0.0145,0.0145,0.0055,0.0094,0.0102,0.0064,0.0011,0.0124
SFO,to,273,6,0.0230,0.0228,0.0086,0.0147,0.0162,0.0102,0.0033,0.0199
SFO,to,274,6,0.0163,0.0161,0.0061,0.0105,0.0114,0.0071,0.0022,0.0141
SFO,to,275,6,0.0164,0.0159,0.0288,0.0240,0.0230,0.0275,0.0334,0.0191
SFO,to,276,6,0.0124,0.0125,0.0047,0.0079,0.0086,0.0053,0.0000,0.0108
SFO,to,277,6,0.0181,0.0214,0.0066,0.0126,0.0117,0.0090,0.0201,0.0166
SFO,to,278,6,0.0131,0.0118,0.0198,0.0169,0.0173,0.0187,0.0156,0.0141
SFO,to,279,6,0.0147,0.0166,0.0178,0.0174,0.0161,0.0182,0.0312,0.0157
SFO,to,280,6,0.0133,0.0134,0.0048,0.0085,0.0095,0.0058,0.0000,0.0108
SFO,to,281,6,0.0161,0.0194,0.0059,0.0113,0.0106,0.0080,0.0190,0.0141
SFO,to,282,6,0.0145,0.0195,0.0048,0.0108,0.0089,0.0077,0.0279,0.0124
SFO,to,283,6,0.0170,0.0170,0.0066,0.0110,0.0118,0.0073,0.0022,0.0157
SFO,to,284,6,0.0077,0.0076,0.0030,0.0050,0.0054,0.0033,0.0000,0.0075
SFO,to,285,6,0.0138,0.0137,0.0052,0.0090,0.0096,0.0061,0.0011,0.0116
SFO,to,286,6,0.0334,0.0330,0.0161,0.0234,0.0255,0.0173,0.0067,0.0290
SFO,to,287,6,0.0144,0.0175,0.0109,0.0136,0.0121,0.0125,0.0279,0.0141
SFO,to,288,6,0.0310,0.0308,0.0115,0.0199,0.0217,0.0135,0.0045,0.0273
SFO,to,289,6,0.0303,0.0300,0.0115,0.0196,0.0215,0.0131,0.0045,0.0265
SFO,to,290,6,0.0164,0.0161,0.0063,0.0106,0.0117,0.0071,0.0022,0.0141
SFO,to,291,6,0.0200,0.0232,0.0072,0.0137,0.0132,0.0097,0.0201,0.0191
SFO,to,292,6,0.0130,0.0129,0.0048,0.0083,0.0091,0.0056,0.0000,0.0108
SFO,to,293,6,0.0317,0.0316,0.0120,0.0204,0.0225,0.0140,0.0045,0.0273
SFO,to,294,6,0.0314,0.0310,0.0152,0.0222,0.0239,0.0167,0.0067,0.0273
SFO,to,295,6,0.0217,0.0214,0.0081,0.0140,0.0152,0.0096,0.0022,0.0191
SFO,to,296,6,0.0489,0.0534,0.0378,0.0447,0.0431,0.0407,0.0602,0.0464
SFO,to,297,7,0.0246,0.0237,0.0159,0.0209,0.0220,0.0175,0.0075,0.0232
SFO,to,298,7,0.0510,0.0539,0.0245,0.0405,0.0405,0.0320,0.0451,0.0495
SFO,to,299,7,0.0252,0.0239,0.0165,0.0212,0.0229,0.0175,0.0075,0.0232
SFO,to,300,7,0.0191,0.0184,0.0092,0.0146,0.0160,0.0110,0.0000,0.0170
SFO,to,301,7,0.0345,0.0331,0.0171,0.0263,0.0285,0.0199,0.0050,0.0325
SFO,to,302,7,0.0269,0.0255,0.0124,0.0205,0.0224,0.0158,0.0050,0.0248
SFO,to,303,7,0.0237,0.0231,0.0118,0.0183,0.0197,0.0137,0.0025,0.0217
SFO,to,304,7,0.0319,0.0311,0.0154,0.0243,0.0266,0.0186,0.0050,0.0310
SFO,to,305,7,0.0089,0.0087,0.0035,0.0069,0.0078,0.0052,0.0000,0.0077
SFO,to,306,7,0.0173,0.0169,0.0086,0.0132,0.0143,0.0096,0.0000,0.0155
SFO,to,307,7,0.0273,0.0260,0.0127,0.0209,0.0229,0.0162,0.0050,0.0263
SFO,to,308,7,0.0164,0.0157,0.0118,0.0144,0.0153,0.0127,0.0050,0.0155
SFO,to,309,7,0.0313,0.0279,0.0540,0.0380,0.0382,0.0467,0.0301,0.0372
SFO,to,310,7,0.0130,0.0150,0.0384,0.0255,0.0231,0.0351,0.0777,0.0155
SFO,to,311,7,0.0371,0.0360,0.1813,0.0981,0.0860,0.1485,0.1980,0.0588
SFO,to,312,7,0.0401,0.0379,0.0319,0.0360,0.0384,0.0326,0.0150,0.0387
SFO,to,313,7,0.0071,0.0058,0.0239,0.0143,0.0139,0.0199,0.0150,0.0108
SFO,to,314,7,0.0100,0.0090,0.0124,0.0114,0.0117,0.0120,0.0100,0.0108
SFO,to,315,7,0.0040,0.0084,0.0071,0.0071,0.0036,0.0086,0.0401,0.0031
SFO,to,316,7,0.0068,0.0068,0.0030,0.0054,0.0055,0.0041,0.0000,0.0046
SFO,to,317,7,0.0187,0.0181,0.0145,0.0165,0.0178,0.0151,0.0075,0.0170
SFO,to,318,7,0.0154,0.0150,0.0077,0.0118,0.0134,0.0086,0.0000,0.0139
SFO,to,319,7,0.0159,0.0153,0.0077,0.0122,0.0134,0.0093,0.0000,0.0139
SFO,to,320,7,0.0227,0.0247,0.0148,0.0201,0.0193,0.0175,0.0276,0.0201
SFO,to,321,7,0.0134,0.0132,0.0071,0.0104,0.0111,0.0076,0.0000,0.0139
SFO,to,322,7,0.0238,0.0231,0.0118,0.0183,0.0197,0.0137,0.0025,0.0217
SFO,to,323,7,0.0165,0.0190,0.0077,0.0135,0.0132,0.0110,0.0251,0.0155
SFO,to,324,7,0.0069,0.0069,0.0030,0.0054,0.0055,0.0041,0.0000,0.0062
SFO,to,325,7,0.0190,0.0184,0.0130,0.0163,0.0176,0.0141,0.0075,0.0170
SFO,to,326,7,0.0017,0.0008,0.0112,0.0058,0.0053,0.0086,0.0100,0.0031
SFO,to,327,7,0.0118,0.0108,0.0115,0.0114,0.0126,0.0110,0.0075,0.0108
SFO,to,328,7,0.0159,0.0153,0.0077,0.0124,0.0134,0.0093,0.0000,0.0139
SFO,to,329,7,0.0069,0.0069,0.0030,0.0054,0.0055,0.0041,0.0000,0.0062
SFO,to,330,7,0.0176,0.0169,0.0086,0.0134,0.0145,0.0100,0.0000,0.0155
SFO,to,331,7,0.0283,0.0328,0.0945,0.0516,0.0424,0.0797,0.1203,0.0402
SFO,to,332,7,0.0103,0.0100,0.0053,0.0080,0.0082,0.0062,0.0000,0.0108
SFO,to,333,7,0.0276,0.0286,0.0295,0.0293,0.0285,0.0296,0.0376,0.0294
SFO,to,334,7,0.0176,0.0169,0.0086,0.0134,0.0147,0.0100,0.0000,0.0155
SFO,to,335,7,0.0147,0.0134,0.0239,0.0187,0.0189,0.0206,0.0150,0.0155
SFO,to,336,7,0.0195,0.0190,0.0094,0.0150,0.0162,0.0113,0.0000,0.0170
SFO,to,337,7,0.0137,0.0123,0.0224,0.0177,0.0180,0.0206,0.0150,0.0139
SFO,to,338,7,0.0119,0.0113,0.0077,0.0095,0.0103,0.0076,0.0000,0.0108
SFO,to,339,7,0.0201,0.0190,0.0136,0.0170,0.0187,0.0148,0.0075,0.0186
SFO,to,340,7,0.0251,0.0258,0.0216,0.0245,0.0239,0.0237,0.0351,0.0248
SFO,to,341,7,0.0262,0.0339,0.0375,0.0351,0.0283,0.0392,0.1028,0.0294
SFO,to,342,7,0.0376,0.0400,0.0331,0.0369,0.0355,0.0351,0.0526,0.0372
SFO,to,343,7,0.0147,0.0140,0.0077,0.0114,0.0126,0.0086,0.0000,0.0139
SFO,to,344,7,0.0213,0.0207,0.0100,0.0161,0.0180,0.0120,0.0000,0.0201
SFO,to,345,7,0.0261,0.0252,0.0124,0.0201,0.0218,0.0151,0.0050,0.0232
SFO,to,346,7,0.0231,0.0258,0.0224,0.0246,0.0224,0.0247,0.0476,0.0232
SFO,to,347,8,0.0601,0.0624,0.0207,0.0384,0.0422,0.0244,0.0163,0.0548
SFO,to,348,8,0.0037,0.0007,0.0237,0.0186,0.0164,0.0185,0.0163,0.0110
SFO,to,349,8,0.0135,0.0148,0.0385,0.0244,0.0209,0.0387,0.0488,0.0154
SFO,to,350,8,0.0157,0.0176,0.0041,0.0099,0.0099,0.0059,0.0000,0.0154
SFO,to,351,8,0.0313,0.0301,0.0407,0.0332,0.0328,0.0404,0.0407,0.0285
SFO,to,352,8,0.0017,0.0000,0.0154,0.0076,0.0063,0.0135,0.0081,0.0022
SFO,to,353,8,0.0031,0.0055,0.0004,0.0012,0.0010,0.0017,0.0081,0.0000
SFO,to,354,8,0.0075,0.0122,0.0166,0.0128,0.0085,0.0185,0.0488,0.0044
SFO,to,355,8,0.0463,0.0319,0.2350,0.1513,0.1350,0.2136,0.2927,0.0724
SFO,to,356,8,0.0450,0.0493,0.0461,0.0436,0.0407,0.0505,0.0894,0.0417
SFO,to,357,8,0.0385,0.0395,0.0278,0.0378,0.0375,0.0269,0.0325,0.0439
SFO,to,358,8,0.0357,0.0363,0.0095,0.0204,0.0239,0.0118,0.0000,0.0329
SFO,to,359,8,0.0306,0.0312,0.0083,0.0169,0.0207,0.0109,0.0000,0.0285
SFO,to,360,8,0.0293,0.0298,0.0078,0.0169,0.0195,0.0101,0.0000,0.0241
SFO,to,361,8,0.0323,0.0329,0.0087,0.0186,0.0217,0.0109,0.0000,0.0285
SFO,to,362,8,0.0275,0.0286,0.0161,0.0198,0.0215,0.0185,0.0163,0.0219
SFO,to,363,8,0.0144,0.0146,0.0040,0.0076,0.0097,0.0059,0.0000,0.0154
SFO,to,364,8,0.0118,0.0113,0.0106,0.0105,0.0107,0.0109,0.0000,0.0110
SFO,to,365,8,0.0073,0.0055,0.0210,0.0134,0.0124,0.0193,0.0163,0.0066
SFO,to,366,8,0.0325,0.0327,0.0915,0.0716,0.0600,0.0841,0.1220,0.0439
SFO,to,367,8,0.0321,0.0322,0.0136,0.0204,0.0237,0.0160,0.0000,0.0285
SFO,to,368,8,0.0336,0.0326,0.0240,0.0268,0.0282,0.0244,0.0163,0.0307
SFO,to,369,8,0.0400,0.0345,0.0628,0.0529,0.0527,0.0572,0.0488,0.0504
SFO,to,370,8,0.0255,0.0259,0.0069,0.0145,0.0172,0.0093,0.0000,0.0219
SFO,to,371,8,0.0199,0.0202,0.0053,0.0111,0.0138,0.0067,0.0000,0.0197
SFO,to,372,8,0.0186,0.0187,0.0087,0.0128,0.0142,0.0101,0.0000,0.0154
SFO,to,373,8,0.0134,0.0153,0.0034,0.0076,0.0083,0.0059,0.0000,0.0110
SFO,to,374,8,0.0103,0.0098,0.0076,0.0076,0.0085,0.0084,0.0000,0.0088
SFO,to,375,8,0.0080,0.0098,0.0018,0.0041,0.0045,0.0034,0.0000,0.0044
SFO,to,376,8,0.0194,0.0177,0.0180,0.0233,0.0227,0.0160,0.0000,0.0219
SFO,to,377,8,0.0204,0.0246,0.0163,0.0169,0.0164,0.0185,0.0407,0.0197
SFO,to,378,8,0.0153,0.0157,0.0176,0.0151,0.0148,0.0185,0.0244,0.0154
SFO,to,379,8,0.0150,0.0142,0.0141,0.0134,0.0142,0.0143,0.0000,0.0154
SFO,to,380,8,0.0079,0.0105,0.0092,0.0087,0.0071,0.0109,0.0325,0.0044
SFO,to,381,8,0.0329,0.0268,0.0692,0.0675,0.0596,0.0563,0.0488,0.0526
SFO,to,382,8,0.0123,0.0120,0.0069,0.0093,0.0097,0.0084,0.0000,0.0110
SFO,to,383,8,0.0118,0.0118,0.0032,0.0052,0.0083,0.0042,0.0000,0.0088
SFO,to,384,8,0.0302,0.0307,0.0082,0.0169,0.0203,0.0101,0.0000,0.0263
SFO,to,385,8,0.0195,0.0199,0.0052,0.0111,0.0136,0.0067,0.0000,0.0175
SFO,to,386,8,0.0206,0.0210,0.0056,0.0122,0.0142,0.0067,0.0000,0.0197
SFO,to,387,8,0.0245,0.0250,0.0066,0.0134,0.0166,0.0093,0.0000,0.0219
SFO,to,388,8,0.0384,0.0391,0.0101,0.0221,0.0259,0.0126,0.0000,0.0329
SFO,to,389,8,0.0284,0.0318,0.0112,0.0186,0.0195,0.0143,0.0244,0.0241
SFO,to,390,8,0.0144,0.0132,0.0175,0.0145,0.0148,0.0168,0.0081,0.0154
SFO,to,391,9,0.0231,0.0212,0.0105,0.0152,0.0168,0.0108,0.0000,0.0216
SFO,to,392,9,0.0144,0.0149,0.0089,0.0111,0.0108,0.0100,0.0087,0.0137
SFO,to,393,9,0.0143,0.0142,0.0065,0.0100,0.0100,0.0067,0.0000,0.0137
SFO,to,394,9,0.0149,0.0144,0.0098,0.0111,0.0118,0.0100,0.0000,0.0137
SFO,to,395,9,0.0199,0.0202,0.0093,0.0135,0.0140,0.0108,0.0087,0.0176
SFO,to,396,9,0.0004,0.0000,0.0019,0.0000,0.0005,0.0017,0.0000,0.0000
SFO,to,397,9,0.0073,0.0085,0.0054,0.0053,0.0052,0.0058,0.0087,0.0059
SFO,to,398,9,0.0095,0.0089,0.0027,0.0047,0.0061,0.0025,0.0000,0.0078
SFO,to,399,9,0.0027,0.0062,0.0019,0.0029,0.0004,0.0033,0.0130,0.0000
SFO,to,400,9,0.0128,0.0139,0.0052,0.0094,0.0081,0.0058,0.0043,0.0137
SFO,to,401,9,0.0131,0.0253,0.0267,0.0217,0.0115,0.0317,0.0609,0.0078
SFO,to,402,9,0.0061,0.0100,0.0103,0.0088,0.0050,0.0108,0.0174,0.0039
SFO,to,403,9,0.0085,0.0136,0.0309,0.0193,0.0125,0.0317,0.0435,0.0059
SFO,to,404,9,0.0101,0.0139,0.0255,0.0170,0.0125,0.0267,0.0261,0.0078
SFO,to,405,9,0.0062,0.0017,0.0116,0.0076,0.0229,0.0133,0.0435,0.0059
SFO,to,406,9,0.0028,0.0033,0.0148,0.0076,0.0054,0.0142,0.0130,0.0020
SFO,to,407,9,0.0035,0.0033,0.0173,0.0146,0.0106,0.0133,0.0130,0.0059
SFO,to,408,9,0.0072,0.0155,0.0061,0.0076,0.0029,0.0100,0.0261,0.0039
SFO,to,409,9,0.0039,0.0083,0.0053,0.0047,0.0022,0.0067,0.0174,0.0020
SFO,to,410,9,0.0454,0.0350,0.0344,0.0486,0.0901,0.0400,0.1304,0.0549
SFO,to,411,9,0.0000,0.0000,0.0000,0.0000,0.0000,0.0000,0.0000,0.0000
SFO,to,412,9,0.0354,0.0298,0.0220,0.0269,0.0425,0.0267,0.0478,0.0373
SFO,to,413,9,0.0062,0.0058,0.0032,0.0035,0.0047,0.0033,0.0000,0.0039
SFO,to,414,9,0.0202,0.0170,0.0217,0.0234,0.0222,0.0183,0.0000,0.0255
SFO,to,415,9,0.0376,0.0427,0.1169,0.0908,0.0681,0.1068,0.1087,0.0490
SFO,to,416,9,0.0308,0.0275,0.0440,0.0340,0.0317,0.0409,0.0261,0.0314
SFO,to,417,9,0.0008,0.0016,0.0007,0.0000,0.0004,0.0000,0.0000,0.0000
SFO,to,418,9,0.0044,0.0040,0.0009,0.0023,0.0029,0.0000,0.0000,0.0039
SFO,to,419,9,0.0127,0.0112,0.0092,0.0105,0.0104,0.0092,0.0000,0.0137
SFO,to,420,9,0.0127,0.0129,0.0032,0.0076,0.0077,0.0042,0.0000,0.0137
SFO,to,421,9,0.0100,0.0096,0.0099,0.0100,0.0084,0.0100,0.0043,0.0098
SFO,to,422,9,0.0076,0.0069,0.0040,0.0047,0.0054,0.0033,0.0000,0.0059
SFO,to,423,9,0.0132,0.0122,0.0033,0.0076,0.0084,0.0033,0.0000,0.0137
SFO,to,424,9,0.0142,0.0133,0.0035,0.0076,0.0095,0.0042,0.0000,0.0137
SFO,to,425,9,0.0111,0.0101,0.0059,0.0076,0.0081,0.0058,0.0000,0.0118
SFO,to,426,9,0.0150,0.0154,0.0097,0.0117,0.0115,0.0108,0.0087,0.0137
SFO,to,427,9,0.0029,0.0028,0.0102,0.0053,0.0050,0.0092,0.0043,0.0039
SFO,to,428,9,0.0053,0.0049,0.0121,0.0076,0.0068,0.0108,0.0087,0.0039
SFO,to,429,9,0.0061,0.0090,0.0250,0.0152,0.0097,0.0234,0.0261,0.0039
SFO,to,430,9,0.0013,0.0033,0.0000,0.0000,0.0000,0.0000,0.0000,0.0000
SFO,to,431,9,0.0010,0.0016,0.0032,0.0012,0.0014,0.0033,0.0000,0.0000
SFO,to,432,9,0.0048,0.0037,0.0188,0.0158,0.0149,0.0158,0.0174,0.0078
SFO,to,433,9,0.0051,0.0083,0.0044,0.0047,0.0030,0.0058,0.0174,0.0039
SFO,to,434,9,0.0023,0.0050,0.0019,0.0023,0.0007,0.0033,0.0087,0.0000
SFO,to,435,9,0.0457,0.0382,0.2095,0.1330,0.1154,0.1935,0.1913,0.0608
SFO,to,436,9,0.0073,0.0067,0.0033,0.0041,0.0052,0.0033,0.0000,0.0059
SFO,to,437,9,0.0173,0.0183,0.0042,0.0111,0.0106,0.0058,0.0043,0.0176
SFO,to,438,9,0.0116,0.0108,0.0043,0.0070,0.0079,0.0050,0.0000,0.0137
SFO,to,439,9,0.0073,0.0067,0.0027,0.0041,0.0052,0.0025,0.0000,0.0059
SFO,to,440,9,0.0161,0.0149,0.0041,0.0100,0.0106,0.0050,0.0000,0.0157
SFO,to,441,9,0.0205,0.0197,0.0095,0.0135,0.0149,0.0100,0.0000,0.0196
SFO,to,442,9,0.0126,0.0139,0.0032,0.0076,0.0075,0.0050,0.0000,0.0137
SFO,to,443,9,0.0085,0.0081,0.0021,0.0041,0.0052,0.0017,0.0000,0.0078
SFO,to,444,9,0.0251,0.0233,0.0250,0.0299,0.0256,0.0209,0.0174,0.0294
SFO,to,445,9,0.0266,0.0243,0.0187,0.0258,0.0249,0.0158,0.0043,0.0294
SFO,to,446,9,0.0261,0.0263,0.0094,0.0164,0.0177,0.0108,0.0087,0.0255
SFO,to,447,9,0.0197,0.0178,0.0109,0.0141,0.0152,0.0108,0.0000,0.0196
SFO,to,448,9,0.0213,0.0212,0.0232,0.0205,0.0190,0.0234,0.0174,0.0196
SFO,to,449,9,0.0228,0.0223,0.0058,0.0135,0.0149,0.0067,0.0000,0.0196
SFO,to,450,9,0.0103,0.0108,0.0059,0.0076,0.0102,0.0067,0.0174,0.0098
SFO,to,451,9,0.0264,0.0253,0.0095,0.0164,0.0177,0.0108,0.0000,0.0255
SFO,to,452,9,0.0137,0.0129,0.0035,0.0076,0.0090,0.0033,0.0000,0.0137
SFO,to,453,9,0.0291,0.0271,0.0090,0.0170,0.0197,0.0100,0.0000,0.0275
SFO,to,454,9,0.0242,0.0223,0.0073,0.0146,0.0167,0.0083,0.0000,0.0235
SFO,to,455,9,0.0165,0.0163,0.0057,0.0111,0.0115,0.0058,0.0000,0.0176
SFO,to,456,9,0.0281,0.0279,0.0222,0.0234,0.0224,0.0234,0.0174,0.0255
SFO,to,457,9,0.0247,0.0230,0.0076,0.0146,0.0168,0.0092,0.0000,0.0235
SFO,to,458,9,0.0165,0.0165,0.0041,0.0100,0.0106,0.0058,0.0000,0.0157
SFO,to,459,9,0.0353,0.0349,0.0104,0.0217,0.0231,0.0117,0.0087,0.0353
SFO,to,460,10,0.0257,0.0127,0.2150,0.1326,0.0916,0.1779,0.1500,0.0538
SFO,to,461,10,0.0145,0.0143,0.0099,0.0108,0.0109,0.0100,0.0000,0.0108
SFO,to,462,10,0.0144,0.0181,0.0170,0.0122,0.0109,0.0175,0.0500,0.0108
SFO,to,463,10,0.0107,0.0110,0.0050,0.0068,0.0084,0.0050,0.0000,0.0072
SFO,to,464,10,0.0129,0.0141,0.0053,0.0095,0.0095,0.0050,0.0000,0.0108
SFO,to,465,10,0.0133,0.0131,0.0094,0.0095,0.0105,0.0100,0.0000,0.0108
SFO,to,466,10,0.0074,0.0074,0.0029,0.0054,0.0051,0.0000,0.0000,0.0072
SFO,to,467,10,0.0076,0.0040,0.0424,0.0311,0.0240,0.0326,0.0000,0.0143
SFO,to,468,10,0.0083,0.0083,0.0035,0.0054,0.0062,0.0025,0.0000,0.0072
SFO,to,469,10,0.0023,0.0015,0.0117,0.0054,0.0044,0.0100,0.0000,0.0000
SFO,to,470,10,0.0182,0.0202,0.0123,0.0122,0.0145,0.0175,0.0000,0.0179
SFO,to,471,10,0.0041,0.0048,0.0105,0.0054,0.0047,0.0100,0.0000,0.0036
SFO,to,472,10,0.0074,0.0095,0.0026,0.0054,0.0047,0.0050,0.0000,0.0072
SFO,to,473,10,0.0049,0.0052,0.0018,0.0014,0.0033,0.0000,0.0000,0.0036
SFO,to,474,10,0.0079,0.0080,0.0032,0.0054,0.0058,0.0025,0.0000,0.0072
SFO,to,475,10,0.0074,0.0072,0.0076,0.0068,0.0062,0.0050,0.0000,0.0072
SFO,to,476,10,0.0225,0.0254,0.0175,0.0230,0.0178,0.0201,0.0250,0.0251
SFO,to,477,10,0.0144,0.0141,0.0099,0.0108,0.0109,0.0100,0.0000,0.0108
SFO,to,478,10,0.0106,0.0102,0.0117,0.0095,0.0095,0.0125,0.0000,0.0072
SFO,to,479,10,0.0239,0.0241,0.0126,0.0203,0.0193,0.0150,0.0000,0.0251
SFO,to,480,10,0.0147,0.0171,0.0070,0.0108,0.0102,0.0100,0.0000,0.0108
SFO,to,481,10,0.0170,0.0171,0.0076,0.0108,0.0124,0.0100,0.0000,0.0143
SFO,to,482,10,0.0139,0.0141,0.0064,0.0095,0.0102,0.0050,0.0000,0.0108
SFO,to,483,10,0.0138,0.0141,0.0061,0.0095,0.0102,0.0050,0.0000,0.0108
SFO,to,484,10,0.0235,0.0214,0.0424,0.0311,0.0262,0.0401,0.0000,0.0251
SFO,to,485,10,0.0226,0.0217,0.0228,0.0230,0.0196,0.0251,0.0000,0.0251
SFO,to,486,10,0.0215,0.0232,0.0170,0.0176,0.0164,0.0175,0.0000,0.0251
SFO,to,487,10,0.0120,0.0117,0.0091,0.0095,0.0098,0.0100,0.0000,0.0108
SFO,to,488,10,0.0307,0.0351,0.0170,0.0257,0.0225,0.0201,0.0500,0.0323
SFO,to,489,10,0.0289,0.0289,0.0170,0.0244,0.0233,0.0175,0.0000,0.0323
SFO,to,490,10,0.0169,0.0181,0.0076,0.0108,0.0113,0.0100,0.0000,0.0143
SFO,to,491,10,0.0084,0.0083,0.0035,0.0054,0.0062,0.0025,0.0000,0.0072
SFO,to,492,10,0.0200,0.0209,0.0143,0.0176,0.0156,0.0175,0.0000,0.0215
SFO,to,493,10,0.0243,0.0248,0.0108,0.0176,0.0182,0.0125,0.0000,0.0251
SFO,to,494,10,0.0283,0.0292,0.0193,0.0257,0.0233,0.0201,0.0000,0.0287
SFO,to,495,10,0.0299,0.0300,0.0129,0.0230,0.0233,0.0175,0.0000,0.0323
SFO,to,496,10,0.0153,0.0153,0.0117,0.0108,0.0124,0.0125,0.0000,0.0143
SFO,to,497,10,0.0320,0.0323,0.0143,0.0257,0.0251,0.0175,0.0000,0.0323
SFO,to,498,10,0.0156,0.0158,0.0076,0.0108,0.0109,0.0075,0.0000,0.0143
SFO,to,499,10,0.0183,0.0197,0.0085,0.0122,0.0131,0.0100,0.0000,0.0179
SFO,to,500,10,0.0131,0.0130,0.0085,0.0108,0.0105,0.0075,0.0000,0.0108
SFO,to,501,10,0.0123,0.0138,0.0053,0.0081,0.0084,0.0050,0.0000,0.0108
SFO,to,502,10,0.0088,0.0102,0.0035,0.0068,0.0062,0.0050,0.0000,0.0072
SFO,to,503,10,0.0061,0.0102,0.0263,0.0122,0.0084,0.0301,0.0750,0.0036
SFO,to,504,10,0.0068,0.0070,0.0026,0.0027,0.0047,0.0000,0.0000,0.0072
SFO,to,505,10,0.0166,0.0169,0.0076,0.0108,0.0113,0.0100,0.0000,0.0143
SFO,to,506,10,0.0084,0.0083,0.0035,0.0054,0.0062,0.0025,0.0000,0.0072
SFO,to,507,10,0.0190,0.0192,0.0088,0.0122,0.0153,0.0100,0.0000,0.0179
SFO,to,508,10,0.0078,0.0076,0.0029,0.0054,0.0058,0.0000,0.0000,0.0072
SFO,to,509,10,0.0085,0.0084,0.0035,0.0054,0.0062,0.0025,0.0000,0.0072
SFO,to,510,10,0.0137,0.0141,0.0061,0.0095,0.0102,0.0050,0.0000,0.0108
SFO,to,511,10,0.0407,0.0388,0.1158,0.0934,0.0691,0.0977,0.1250,0.0573
SFO,to,512,10,0.0390,0.0263,0.0082,0.0257,0.1105,0.0376,0.5250,0.0430
SFO,to,513,10,0.0126,0.0127,0.0053,0.0081,0.0095,0.0050,0.0000,0.0108
SFO,to,514,10,0.0320,0.0317,0.0249,0.0298,0.0265,0.0276,0.0000,0.0323
SFO,to,515,10,0.0167,0.0165,0.0143,0.0122,0.0149,0.0175,0.0000,0.0143
SFO,to,516,10,0.0138,0.0141,0.0061,0.0095,0.0102,0.0050,0.0000,0.0108
SFO,to,517,10,0.0134,0.0138,0.0056,0.0095,0.0098,0.0050,0.0000,0.0108
SFO,to,518,10,0.0201,0.0205,0.0091,0.0122,0.0153,0.0100,0.0000,0.0215
SFO,to,519,10,0.0210,0.0228,0.0193,0.0230,0.0178,0.0201,0.0000,0.0251
SFO,to,520,10,0.0108,0.0106,0.0117,0.0095,0.0098,0.0125,0.0000,0.0072
SFO,to,521,10,0.0131,0.0117,0.0263,0.0176,0.0153,0.0276,0.0000,0.0108
SFO,to,522,11,0.0321,0.0304,0.0085,0.0159,0.0196,0.0077,0.0000,0.0376
SFO,to,523,11,0.0471,0.0465,0.0124,0.0275,0.0292,0.0135,0.0000,0.0484
SFO,to,524,11,0.0319,0.0302,0.0085,0.0130,0.0196,0.0077,0.0000,0.0376
SFO,to,525,11,0.0237,0.0246,0.0066,0.0116,0.0132,0.0077,0.0000,0.0215
SFO,to,526,11,0.0420,0.0456,0.0111,0.0246,0.0246,0.0135,0.0000,0.0376
SFO,to,527,11,0.0476,0.0452,0.0124,0.0275,0.0301,0.0135,0.0000,0.0484
SFO,to,528,11,0.0349,0.0331,0.0089,0.0188,0.0210,0.0097,0.0000,0.0376
SFO,to,529,11,0.0185,0.0179,0.0055,0.0087,0.0114,0.0039,0.0000,0.0161
SFO,to,530,11,0.0345,0.0413,0.0126,0.0246,0.0205,0.0154,0.0429,0.0376
SFO,to,531,11,0.0168,0.0160,0.0047,0.0072,0.0105,0.0039,0.0000,0.0108
SFO,to,532,11,0.0028,0.0023,0.0006,0.0000,0.0009,0.0000,0.0000,0.0000
SFO,to,533,11,0.0147,0.0152,0.0089,0.0101,0.0105,0.0097,0.0000,0.0108
SFO,to,534,11,0.0314,0.0363,0.0320,0.0333,0.0274,0.0367,0.0571,0.0376
SFO,to,535,11,0.0066,0.0108,0.0094,0.0072,0.0059,0.0135,0.0143,0.0054
SFO,to,536,11,0.0027,0.0023,0.0006,0.0000,0.0009,0.0000,0.0000,0.0000
SFO,to,537,11,0.0039,0.0077,0.0006,0.0000,0.0005,0.0000,0.0000,0.0000
SFO,to,538,11,0.0030,0.0067,0.0002,0.0000,0.0000,0.0000,0.0000,0.0000
SFO,to,539,11,0.0030,0.0058,0.0051,0.0029,0.0037,0.0058,0.0000,0.0000
SFO,to,540,11,0.0290,0.0271,0.0072,0.0130,0.0228,0.0077,0.0000,0.0323
SFO,to,541,11,0.0337,0.0304,0.0141,0.0217,0.0292,0.0154,0.0000,0.0376
SFO,to,542,11,0.0145,0.0148,0.0089,0.0101,0.0105,0.0097,0.0000,0.0108
SFO,to,543,11,0.0154,0.0115,0.0465,0.0333,0.0274,0.0483,0.0429,0.0161
SFO,to,544,11,0.0165,0.0198,0.0247,0.0246,0.0224,0.0270,0.0571,0.0161
SFO,to,545,11,0.0227,0.0465,0.0403,0.0391,0.0224,0.0483,0.1429,0.0161
SFO,to,546,11,0.0142,0.0227,0.0168,0.0159,0.0119,0.0212,0.0571,0.0108
SFO,to,547,11,0.0061,0.0083,0.0128,0.0087,0.0078,0.0135,0.0000,0.0054
SFO,to,548,11,0.0202,0.0202,0.0077,0.0116,0.0192,0.0097,0.0143,0.0161
SFO,to,549,11,0.0104,0.0092,0.0094,0.0087,0.0246,0.0135,0.0571,0.0108
SFO,to,550,11,0.0064,0.0108,0.0068,0.0072,0.0041,0.0077,0.0143,0.0000
SFO,to,551,11,0.0043,0.0038,0.0009,0.0000,0.0023,0.0000,0.0000,0.0000
SFO,to,552,11,0.0021,0.0019,0.0002,0.0000,0.0005,0.0000,0.0000,0.0000
SFO,to,553,11,0.0035,0.0031,0.0009,0.0000,0.0014,0.0000,0.0000,0.0000
SFO,to,554,11,0.0220,0.0202,0.0192,0.0188,0.0246,0.0212,0.0286,0.0215
SFO,to,555,11,0.0048,0.0037,0.0068,0.0029,0.0055,0.0077,0.0000,0.0000
SFO,to,556,11,0.0039,0.0075,0.0006,0.0000,0.0005,0.0000,0.0000,0.0000
SFO,to,557,11,0.0016,0.0013,0.0000,0.0000,0.0005,0.0000,0.0000,0.0000
SFO,to,558,11,0.0228,0.0046,0.1477,0.1087,0.0917,0.1390,0.1143,0.0484
SFO,to,559,11,0.0204,0.0183,0.0087,0.0116,0.0192,0.0097,0.0000,0.0161
SFO,to,560,11,0.0262,0.0031,0.1728,0.1319,0.1068,0.1583,0.1000,0.0591
SFO,to,561,11,0.0044,0.0077,0.0009,0.0000,0.0009,0.0000,0.0000,0.0000
SFO,to,562,11,0.0026,0.0021,0.0006,0.0000,0.0005,0.0000,0.0000,0.0000
SFO,to,563,11,0.0121,0.0133,0.0343,0.0261,0.0192,0.0367,0.0429,0.0108
SFO,to,564,11,0.0236,0.0227,0.0066,0.0116,0.0137,0.0077,0.0000,0.0215
SFO,to,565,11,0.0211,0.0202,0.0060,0.0101,0.0128,0.0058,0.0000,0.0161
SFO,to,566,11,0.0030,0.0044,0.0006,0.0000,0.0005,0.0000,0.0000,0.0000
SFO,to,567,11,0.0330,0.0390,0.1336,0.0957,0.0739,0.1409,0.2000,0.0376
SFO,to,568,11,0.0217,0.0106,0.0644,0.0812,0.0644,0.0483,0.0143,0.0538
SFO,to,569,11,0.0062,0.0058,0.0015,0.0000,0.0041,0.0000,0.0000,0.0054
SFO,to,570,11,0.0072,0.0069,0.0017,0.0014,0.0041,0.0000,0.0000,0.0054
SFO,to,571,11,0.0174,0.0167,0.0051,0.0072,0.0105,0.0039,0.0000,0.0108
SFO,to,572,11,0.0230,0.0221,0.0066,0.0116,0.0132,0.0058,0.0000,0.0215
SFO,to,573,11,0.0289,0.0294,0.0079,0.0130,0.0178,0.0077,0.0000,0.0269
SFO,to,574,11,0.0024,0.0021,0.0004,0.0000,0.0005,0.0000,0.0000,0.0000
SFO,to,575,11,0.0298,0.0283,0.0083,0.0130,0.0192,0.0077,0.0000,0.0323
SFO,to,576,11,0.0262,0.0250,0.0072,0.0116,0.0160,0.0077,0.0000,0.0269
SFO,to,577,11,0.0172,0.0165,0.0051,0.0072,0.0105,0.0039,0.0000,0.0108
SFO,to,578,11,0.0183,0.0175,0.0055,0.0087,0.0114,0.0039,0.0000,0.0161
SFO,to,579,11,0.0015,0.0013,0.0000,0.0000,0.0000,0.0000,0.0000,0.0000
SFO,to,580,11,0.0027,0.0021,0.0019,0.0000,0.0023,0.0000,0.0000,0.0000
SFO,to,581,12,0.0051,0.0050,0.0022,0.0000,0.0050,0.0000,0.0000,0.0056
SFO,to,582,12,0.0017,0.0016,0.0000,0.0000,0.0006,0.0000,0.0000,0.0000
SFO,to,583,12,0.0160,0.0178,0.0075,0.0142,0.0122,0.0154,0.0000,0.0111
SFO,to,584,12,0.0078,0.0079,0.0030,0.0028,0.0061,0.0000,0.0000,0.0111
SFO,to,585,12,0.0142,0.0136,0.0134,0.0142,0.0128,0.0154,0.0000,0.0111
SFO,to,586,12,0.0142,0.0136,0.0134,0.0142,0.0128,0.0154,0.0000,0.0111
SFO,to,587,12,0.0049,0.0043,0.0090,0.0028,0.0050,0.0000,0.0000,0.0000
SFO,to,588,12,0.0121,0.0122,0.0060,0.0114,0.0100,0.0000,0.0000,0.0111
SFO,to,589,12,0.0097,0.0097,0.0045,0.0028,0.0072,0.0000,0.0000,0.0111
SFO,to,590,12,0.0070,0.0068,0.0030,0.0028,0.0050,0.0000,0.0000,0.0056
SFO,to,591,12,0.0023,0.0020,0.0000,0.0000,0.0006,0.0000,0.0000,0.0000
SFO,to,592,12,0.0011,0.0009,0.0000,0.0000,0.0000,0.0000,0.0000,0.0000
SFO,to,593,12,0.0042,0.0102,0.0007,0.0000,0.0000,0.0000,0.0000,0.0000
SFO,to,594,12,0.0083,0.0086,0.0030,0.0028,0.0072,0.0000,0.0000,0.0111
SFO,to,595,12,0.0029,0.0050,0.0000,0.0000,0.0006,0.0000,0.0000,0.0000
SFO,to,596,12,0.0036,0.0027,0.0067,0.0000,0.0028,0.0000,0.0000,0.0000
SFO,to,597,12,0.0017,0.0011,0.0052,0.0000,0.0011,0.0000,0.0000,0.0000
SFO,to,598,12,0.0227,0.0221,0.0194,0.0199,0.0178,0.0154,0.0000,0.0278
SFO,to,599,12,0.0124,0.0122,0.0060,0.0114,0.0100,0.0000,0.0000,0.0111
SFO,to,600,12,0.0152,0.0149,0.0075,0.0142,0.0128,0.0000,0.0000,0.0111
SFO,to,601,12,0.0270,0.0267,0.0134,0.0228,0.0233,0.0154,0.0000,0.0389
SFO,to,602,12,0.0004,0.0000,0.0000,0.0000,0.0000,0.0000,0.0000,0.0000
SFO,to,603,12,0.0074,0.0194,0.0082,0.0114,0.0006,0.0308,0.0833,0.0000
SFO,to,604,12,0.0012,0.0000,0.0194,0.0028,0.0028,0.0154,0.0000,0.0000
SFO,to,605,12,0.0434,0.0540,0.1546,0.0855,0.0472,0.1923,0.1667,0.0500
SFO,to,606,12,0.0118,0.0115,0.0194,0.0142,0.0106,0.0154,0.0000,0.0111
SFO,to,607,12,0.0125,0.0079,0.0889,0.0627,0.0317,0.0846,0.0000,0.0222
SFO,to,608,12,0.0045,0.0086,0.0067,0.0028,0.0017,0.0154,0.0000,0.0000
SFO,to,609,12,0.0498,0.0389,0.0934,0.0712,0.1178,0.1692,0.4167,0.0556
SFO,to,610,12,0.0043,0.0038,0.0022,0.0000,0.0028,0.0000,0.0000,0.0000
SFO,to,611,12,0.0161,0.0185,0.0329,0.0228,0.0150,0.0462,0.0000,0.0111
SFO,to,612,12,0.0197,0.0188,0.0836,0.0655,0.0350,0.0846,0.0000,0.0389
SFO,to,613,12,0.0105,0.0099,0.0194,0.0114,0.0100,0.0154,0.0000,0.0111
SFO,to,614,12,0.0153,0.0149,0.0075,0.0142,0.0128,0.0000,0.0000,0.0111
SFO,to,615,12,0.0168,0.0167,0.0090,0.0142,0.0128,0.0000,0.0000,0.0167
SFO,to,616,12,0.0112,0.0111,0.0052,0.0057,0.0089,0.0000,0.0000,0.0111
SFO,to,617,12,0.0058,0.0052,0.0075,0.0028,0.0050,0.0000,0.0000,0.0056
SFO,to,618,12,0.0088,0.0090,0.0030,0.0028,0.0072,0.0000,0.0000,0.0111
SFO,to,619,12,0.0198,0.0215,0.0097,0.0171,0.0150,0.0154,0.0000,0.0167
SFO,to,620,12,0.0122,0.0117,0.0194,0.0142,0.0111,0.0154,0.0000,0.0111
SFO,to,621,12,0.0103,0.0102,0.0052,0.0057,0.0072,0.0000,0.0000,0.0111
SFO,to,622,12,0.0169,0.0172,0.0090,0.0142,0.0139,0.0000,0.0000,0.0167
SFO,to,623,12,0.0188,0.0188,0.0090,0.0142,0.0150,0.0077,0.0000,0.0167
SFO,to,624,12,0.0102,0.0102,0.0052,0.0057,0.0072,0.0000,0.0000,0.0111
SFO,to,625,12,0.0156,0.0151,0.0075,0.0142,0.0128,0.0000,0.0000,0.0167
SFO,to,626,12,0.0146,0.0142,0.0075,0.0142,0.0122,0.0000,0.0000,0.0111
SFO,to,627,12,0.0149,0.0149,0.0075,0.0142,0.0122,0.0000,0.0000,0.0111
SFO,to,628,12,0.0166,0.0185,0.0134,0.0142,0.0128,0.0154,0.0000,0.0167
SFO,to,629,12,0.0134,0.0131,0.0067,0.0114,0.0106,0.0000,0.0000,0.0111
SFO,to,630,12,0.0104,0.0102,0.0090,0.0114,0.0094,0.0000,0.0000,0.0111
SFO,to,631,12,0.0156,0.0151,0.0075,0.0142,0.0128,0.0000,0.0000,0.0167
SFO,to,632,12,0.0115,0.0115,0.0052,0.0057,0.0094,0.0000,0.0000,0.0111
SFO,to,633,12,0.0090,0.0093,0.0030,0.0028,0.0072,0.0000,0.0000,0.0111
SFO,to,634,12,0.0020,0.0018,0.0000,0.0000,0.0006,0.0000,0.0000,0.0000
SFO,to,635,12,0.0039,0.0036,0.0015,0.0000,0.0028,0.0000,0.0000,0.0000
SFO,to,636,12,0.0042,0.0036,0.0015,0.0000,0.0028,0.0000,0.0000,0.0000
SFO,to,637,12,0.0194,0.0190,0.0090,0.0171,0.0156,0.0077,0.0000,0.0222
SFO,to,638,12,0.0158,0.0174,0.0075,0.0142,0.0122,0.0154,0.0000,0.0111
SFO,to,639,12,0.0101,0.0102,0.0052,0.0057,0.0072,0.0000,0.0000,0.0111
SFO,to,640,12,0.0058,0.0054,0.0030,0.0000,0.0050,0.0000,0.0000,0.0056
SFO,to,641,12,0.0097,0.0097,0.0105,0.0057,0.0078,0.0077,0.0000,0.0111
SFO,to,642,12,0.0115,0.0111,0.0127,0.0114,0.0100,0.0154,0.0000,0.0111
SFO,to,643,12,0.0122,0.0122,0.0060,0.0114,0.0100,0.0000,0.0000,0.0111
SFO,to,644,12,0.0194,0.0190,0.0090,0.0171,0.0156,0.0077,0.0000,0.0222
SFO,to,645,12,0.0146,0.0142,0.0075,0.0142,0.0122,0.0000,0.0000,0.0111
SFO,to,646,12,0.0124,0.0122,0.0060,0.0114,0.0100,0.0000,0.0000,0.0111
SFO,to,647,12,0.0168,0.0169,0.0090,0.0142,0.0128,0.0000,0.0000,0.0167
SFO,to,648,12,0.0124,0.0122,0.0060,0.0114,0.0100,0.0000,0.0000,0.0111
SFO,to,649,12,0.0140,0.0156,0.0067,0.0142,0.0106,0.0077,0.0000,0.0111
SFO,to,650,12,0.0192,0.0190,0.0090,0.0171,0.0156,0.0077,0.0000,0.0167
SFO,to,651,12,0.0373,0.0237,0.0090,0.0256,0.0995,0.0615,0.3333,0.0444
SFO,to,652,12,0.0139,0.0136,0.0067,0.0114,0.0111,0.0000,0.0000,0.0111
SFO,to,653,12,0.0304,0.0305,0.0194,0.0256,0.0239,0.0154,0.0000,0.0389
SFO,to,654,12,0.0276,0.0271,0.0157,0.0228,0.0233,0.0154,0.0000,0.0389
SFO,to,655,12,0.0439,0.0434,0.0299,0.0484,0.0378,0.0385,0.0000,0.0500
SFO,to,656,13,0.0422,0.0430,0.0433,0.0400,0.0412,0.0513,0.0000,0.0414
SFO,to,657,13,0.0348,0.0351,0.0317,0.0358,0.0331,0.0342,0.0000,0.0414
SFO,to,658,13,0.0207,0.0204,0.0110,0.0147,0.0175,0.0128,0.0000,0.0178
SFO,to,659,13,0.0111,0.0107,0.0049,0.0084,0.0087,0.0043,0.0000,0.0118
SFO,to,660,13,0.0340,0.0133,0.3388,0.2063,0.1506,0.2009,0.3333,0.1006
SFO,to,661,13,0.0342,0.0333,0.0548,0.0400,0.0369,0.0513,0.0000,0.0414
SFO,to,662,13,0.0227,0.0221,0.0110,0.0168,0.0188,0.0171,0.0000,0.0178
SFO,to,663,13,0.0176,0.0171,0.0079,0.0126,0.0156,0.0085,0.0000,0.0118
SFO,to,664,13,0.0314,0.0363,0.0158,0.0274,0.0256,0.0299,0.1667,0.0296
SFO,to,665,13,0.0297,0.0306,0.0158,0.0189,0.0262,0.0214,0.0000,0.0296
SFO,to,666,13,0.0052,0.0050,0.0024,0.0000,0.0056,0.0000,0.0000,0.0000
SFO,to,667,13,0.0107,0.0102,0.0110,0.0105,0.0106,0.0085,0.0000,0.0118
SFO,to,668,13,0.0281,0.0270,0.0268,0.0274,0.0269,0.0299,0.0000,0.0237
SFO,to,669,13,0.0087,0.0097,0.0110,0.0084,0.0081,0.0085,0.0000,0.0059
SFO,to,670,13,0.0364,0.0416,0.0244,0.0358,0.0288,0.0342,0.1667,0.0414
SFO,to,671,13,0.0167,0.0164,0.0073,0.0105,0.0144,0.0085,0.0000,0.0118
SFO,to,672,13,0.0202,0.0200,0.0110,0.0147,0.0175,0.0128,0.0000,0.0178
SFO,to,673,13,0.0143,0.0142,0.0061,0.0105,0.0119,0.0085,0.0000,0.0118
SFO,to,674,13,0.0288,0.0297,0.0158,0.0189,0.0256,0.0214,0.0000,0.0237
SFO,to,675,13,0.0243,0.0235,0.0110,0.0168,0.0194,0.0171,0.0000,0.0178
SFO,to,676,13,0.0302,0.0377,0.0158,0.0274,0.0213,0.0299,0.2500,0.0237
SFO,to,677,13,0.0098,0.0093,0.0043,0.0042,0.0081,0.0000,0.0000,0.0118
SFO,to,678,13,0.0190,0.0192,0.0353,0.0189,0.0194,0.0342,0.0000,0.0118
SFO,to,679,13,0.0144,0.0142,0.0067,0.0105,0.0119,0.0085,0.0000,0.0118
SFO,to,680,13,0.0324,0.0333,0.0207,0.0274,0.0281,0.0299,0.0000,0.0355
SFO,to,681,13,0.0160,0.0204,0.0158,0.0147,0.0125,0.0171,0.0833,0.0118
SFO,to,682,13,0.0273,0.0299,0.0152,0.0189,0.0225,0.0214,0.0000,0.0237
SFO,to,683,13,0.0181,0.0180,0.0085,0.0126,0.0162,0.0085,0.0000,0.0118
SFO,to,684,13,0.0314,0.0309,0.0158,0.0253,0.0269,0.0214,0.0000,0.0296
SFO,to,685,13,0.0161,0.0161,0.0073,0.0105,0.0144,0.0085,0.0000,0.0118
SFO,to,686,13,0.0136,0.0145,0.0146,0.0105,0.0119,0.0171,0.0000,0.0118
SFO,to,687,13,0.0085,0.0083,0.0030,0.0021,0.0075,0.0000,0.0000,0.0059
SFO,to,688,13,0.0328,0.0323,0.0171,0.0274,0.0281,0.0214,0.0000,0.0355
SFO,to,689,13,0.0312,0.0321,0.0158,0.0253,0.0262,0.0214,0.0000,0.0296
SFO,to,690,13,0.0370,0.0363,0.0189,0.0295,0.0331,0.0256,0.0000,0.0414
SFO,to,691,13,0.0212,0.0204,0.0110,0.0147,0.0181,0.0128,0.0000,0.0178
SFO,to,692,13,0.0165,0.0152,0.0219,0.0147,0.0169,0.0214,0.0000,0.0118
SFO,to,693,13,0.0236,0.0247,0.0110,0.0168,0.0181,0.0171,0.0000,0.0178
SFO,to,694,13,0.0364,0.0368,0.0189,0.0295,0.0306,0.0299,0.0000,0.0414
SFO,to,695,13,0.0563,0.0544,0.0353,0.0484,0.0519,0.0427,0.0000,0.0533
SFO,to,696,13,0.0367,0.0368,0.0250,0.0358,0.0331,0.0299,0.0000,0.0414
SFO,to,697,14,0.0387,0.0365,0.0130,0.0276,0.0313,0.0177,0.0000,0.0351
SFO,to,698,14,0.0872,0.0805,0.0338,0.0663,0.0707,0.0442,0.0000,0.0877
SFO,to,699,14,0.0657,0.0594,0.0506,0.0497,0.0625,0.0531,0.0000,0.0526
SFO,to,700,14,0.0860,0.0805,0.2091,0.1271,0.1135,0.1770,0.2143,0.1053
SFO,to,701,14,0.0756,0.0695,0.0338,0.0497,0.0658,0.0354,0.0000,0.0702
SFO,to,702,14,0.0723,0.0761,0.0519,0.0663,0.0625,0.0619,0.0714,0.0702
SFO,to,703,14,0.0493,0.0462,0.0182,0.0331,0.0428,0.0177,0.0000,0.0351
SFO,to,704,14,0.0534,0.0594,0.0195,0.0387,0.0378,0.0354,0.0000,0.0351
SFO,to,705,14,0.0710,0.0660,0.0299,0.0442,0.0592,0.0354,0.0000,0.0702
SFO,to,706,14,0.0353,0.0462,0.0922,0.0497,0.0378,0.0973,0.2143,0.0351
SFO,to,707,14,0.0274,0.0422,0.0338,0.0276,0.0164,0.0442,0.1429,0.0175
SFO,to,708,14,0.0353,0.0312,0.0377,0.0276,0.0362,0.0354,0.0000,0.0351
SFO,to,709,14,0.0397,0.0462,0.0130,0.0276,0.0263,0.0265,0.0000,0.0351
SFO,to,710,14,0.0158,0.0141,0.0052,0.0000,0.0148,0.0000,0.0000,0.0000
SFO,to,711,14,0.0926,0.0959,0.0377,0.0718,0.0707,0.0619,0.0000,0.1053
SFO,to,712,14,0.0373,0.0347,0.0130,0.0276,0.0313,0.0177,0.0000,0.0351
SFO,to,713,14,0.0682,0.0721,0.0234,0.0442,0.0477,0.0442,0.0000,0.0526
SFO,to,714,14,0.0495,0.0435,0.2844,0.2210,0.1727,0.1947,0.3571,0.1228
SFO,to,715,15,0.0337,0.0367,0.0228,0.0275,0.0274,0.0256,0.0217,0.0331
SFO,to,716,15,0.0101,0.0098,0.0094,0.0085,0.0096,0.0102,0.0000,0.0093
SFO,to,717,15,0.0176,0.0179,0.0047,0.0085,0.0112,0.0051,0.0000,0.0159
SFO,to,718,15,0.0533,0.0605,0.0343,0.0424,0.0411,0.0358,0.0652,0.0503
SFO,to,719,15,0.0296,0.0329,0.0217,0.0244,0.0241,0.0205,0.0217,0.0305
SFO,to,720,15,0.0182,0.0213,0.0047,0.0095,0.0108,0.0051,0.0000,0.0172
SFO,to,721,15,0.0289,0.0320,0.0081,0.0180,0.0179,0.0102,0.0000,0.0265
SFO,to,722,15,0.0251,0.0256,0.0068,0.0138,0.0166,0.0102,0.0000,0.0238
SFO,to,723,15,0.0185,0.0190,0.0047,0.0095,0.0116,0.0051,0.0000,0.0172
SFO,to,724,15,0.0246,0.0256,0.0068,0.0138,0.0162,0.0102,0.0000,0.0238
SFO,to,725,15,0.0135,0.0137,0.0031,0.0074,0.0087,0.0051,0.0000,0.0119
SFO,to,726,15,0.0350,0.0361,0.0097,0.0201,0.0224,0.0128,0.0000,0.0331
SFO,to,727,15,0.0107,0.0108,0.0026,0.0053,0.0067,0.0000,0.0000,0.0093
SFO,to,728,15,0.0304,0.0294,0.0186,0.0244,0.0245,0.0179,0.0000,0.0305
SFO,to,729,15,0.0157,0.0098,0.0573,0.0350,0.0362,0.0486,0.0435,0.0185
SFO,to,730,15,0.0727,0.0683,0.0745,0.0710,0.0732,0.0716,0.0652,0.0742
SFO,to,731,15,0.0200,0.0206,0.0055,0.0095,0.0121,0.0051,0.0000,0.0172
SFO,to,732,15,0.0353,0.0428,0.0214,0.0286,0.0266,0.0256,0.0435,0.0331
SFO,to,733,15,0.0337,0.0289,0.0560,0.0424,0.0436,0.0512,0.0435,0.0344
SFO,to,734,15,0.0444,0.0446,0.0186,0.0297,0.0316,0.0205,0.0000,0.0424
SFO,to,735,15,0.0423,0.0522,0.1038,0.0794,0.0682,0.0997,0.2174,0.0464
SFO,to,736,15,0.0521,0.0498,0.0479,0.0498,0.0503,0.0486,0.0217,0.0517
SFO,to,737,15,0.0359,0.0294,0.0829,0.0816,0.0686,0.0895,0.0870,0.0424
SFO,to,738,15,0.0344,0.0352,0.0094,0.0201,0.0224,0.0102,0.0000,0.0331
SFO,to,739,15,0.0181,0.0134,0.0724,0.0434,0.0428,0.0639,0.0870,0.0225
SFO,to,740,15,0.0176,0.0179,0.0047,0.0085,0.0112,0.0051,0.0000,0.0159
SFO,to,741,15,0.0257,0.0265,0.0073,0.0148,0.0175,0.0102,0.0000,0.0252
SFO,to,742,15,0.0737,0.0569,0.2189,0.1653,0.1530,0.2097,0.2391,0.0887
SFO,to,743,15,0.0462,0.0479,0.0395,0.0424,0.0411,0.0384,0.0435,0.0450
SFO,to,744,15,0.0186,0.0190,0.0047,0.0095,0.0116,0.0051,0.0000,0.0172
SFO,to,745,15,0.0202,0.0206,0.0055,0.0095,0.0121,0.0051,0.0000,0.0172
SFO,to,746,15,0.0442,0.0451,0.0118,0.0265,0.0291,0.0179,0.0000,0.0424
SFO,to,747,16,0.0187,0.0183,0.0069,0.0146,0.0165,0.0085,0.0000,0.0191
SFO,to,748,16,0.0160,0.0154,0.0063,0.0101,0.0127,0.0085,0.0000,0.0159
SFO,to,749,16,0.0150,0.0150,0.0058,0.0101,0.0122,0.0085,0.0000,0.0138
SFO,to,750,16,0.0018,0.0030,0.0153,0.0045,0.0038,0.0085,0.0000,0.0021
SFO,to,751,16,0.0113,0.0070,0.1292,0.0753,0.0528,0.1362,0.2500,0.0159
SFO,to,752,16,0.0025,0.0019,0.0063,0.0011,0.0038,0.0000,0.0000,0.0021
SFO,to,753,16,0.0221,0.0218,0.0095,0.0191,0.0182,0.0085,0.0000,0.0212
SFO,to,754,16,0.0203,0.0199,0.0090,0.0157,0.0177,0.0085,0.0000,0.0212
SFO,to,755,16,0.0400,0.0390,0.0306,0.0337,0.0367,0.0298,0.0000,0.0403
SFO,to,756,16,0.0232,0.0227,0.0095,0.0191,0.0190,0.0128,0.0000,0.0244
SFO,to,757,16,0.0079,0.0079,0.0021,0.0056,0.0059,0.0000,0.0000,0.0074
SFO,to,758,16,0.0154,0.0152,0.0063,0.0101,0.0122,0.0085,0.0000,0.0138
SFO,to,759,16,0.0205,0.0203,0.0090,0.0157,0.0177,0.0085,0.0000,0.0212
SFO,to,760,16,0.0150,0.0145,0.0137,0.0101,0.0127,0.0128,0.0000,0.0138
SFO,to,761,16,0.0197,0.0196,0.0090,0.0146,0.0173,0.0085,0.0000,0.0201
SFO,to,762,16,0.0082,0.0080,0.0021,0.0056,0.0068,0.0000,0.0000,0.0074
SFO,to,763,16,0.0145,0.0145,0.0053,0.0090,0.0118,0.0085,0.0000,0.0138
SFO,to,764,16,0.0195,0.0194,0.0079,0.0146,0.0173,0.0085,0.0000,0.0201
SFO,to,765,16,0.0098,0.0133,0.0037,0.0079,0.0068,0.0043,0.0000,0.0095
SFO,to,766,16,0.0086,0.0080,0.0095,0.0079,0.0084,0.0085,0.0000,0.0095
SFO,to,767,16,0.0340,0.0318,0.1282,0.0573,0.0536,0.0936,0.2500,0.0350
SFO,to,768,16,0.0320,0.0231,0.0796,0.1022,0.0718,0.1362,0.0000,0.0371
SFO,to,769,16,0.0422,0.0486,0.0179,0.0326,0.0329,0.0298,0.1250,0.0403
SFO,to,770,16,0.0167,0.0166,0.0063,0.0101,0.0127,0.0085,0.0000,0.0159
SFO,to,771,16,0.0246,0.0231,0.0364,0.0258,0.0279,0.0298,0.0000,0.0255
SFO,to,772,16,0.0102,0.0094,0.0190,0.0090,0.0118,0.0170,0.0000,0.0095
SFO,to,773,16,0.0159,0.0190,0.0153,0.0146,0.0127,0.0170,0.0000,0.0148
SFO,to,774,16,0.0128,0.0129,0.0047,0.0090,0.0110,0.0043,0.0000,0.0117
SFO,to,775,16,0.0242,0.0236,0.0095,0.0202,0.0198,0.0128,0.0000,0.0244
SFO,to,776,16,0.0191,0.0183,0.0153,0.0180,0.0177,0.0170,0.0000,0.0201
SFO,to,777,16,0.0137,0.0199,0.0306,0.0191,0.0135,0.0298,0.1250,0.0127
SFO,to,778,16,0.0390,0.0454,0.0248,0.0326,0.0321,0.0298,0.1250,0.0371
SFO,to,779,16,0.0192,0.0190,0.0079,0.0146,0.0169,0.0085,0.0000,0.0201
SFO,to,780,16,0.0168,0.0199,0.0153,0.0146,0.0144,0.0170,0.0000,0.0159
SFO,to,781,16,0.0150,0.0147,0.0058,0.0101,0.0122,0.0085,0.0000,0.0138
SFO,to,782,16,0.0210,0.0206,0.0095,0.0180,0.0177,0.0085,0.0000,0.0212
SFO,to,783,16,0.0098,0.0094,0.0037,0.0067,0.0080,0.0000,0.0000,0.0095
SFO,to,784,16,0.0188,0.0183,0.0169,0.0180,0.0177,0.0170,0.0000,0.0191
SFO,to,785,16,0.0154,0.0147,0.0153,0.0146,0.0144,0.0128,0.0000,0.0148
SFO,to,786,16,0.0116,0.0115,0.0042,0.0079,0.0097,0.0000,0.0000,0.0106
SFO,to,787,16,0.0200,0.0199,0.0090,0.0146,0.0177,0.0085,0.0000,0.0201
SFO,to,788,16,0.0199,0.0220,0.0090,0.0146,0.0165,0.0085,0.0000,0.0201
SFO,to,789,16,0.0180,0.0180,0.0063,0.0146,0.0152,0.0085,0.0000,0.0180
SFO,to,790,16,0.0200,0.0199,0.0090,0.0146,0.0177,0.0085,0.0000,0.0201
SFO,to,791,16,0.0120,0.0117,0.0047,0.0079,0.0097,0.0000,0.0000,0.0106
SFO,to,792,16,0.0137,0.0133,0.0053,0.0090,0.0114,0.0043,0.0000,0.0138
SFO,to,793,16,0.0116,0.0115,0.0042,0.0079,0.0097,0.0000,0.0000,0.0106
SFO,to,794,16,0.0148,0.0145,0.0053,0.0101,0.0122,0.0085,0.0000,0.0138
SFO,to,795,16,0.0070,0.0072,0.0021,0.0056,0.0055,0.0000,0.0000,0.0074
SFO,to,796,16,0.0319,0.0264,0.1187,0.0539,0.0511,0.0936,0.1250,0.0350
SFO,to,797,16,0.0180,0.0173,0.0148,0.0146,0.0177,0.0170,0.0000,0.0180
SFO,to,798,16,0.0080,0.0077,0.0095,0.0067,0.0080,0.0085,0.0000,0.0074
SFO,to,799,16,0.0184,0.0183,0.0074,0.0146,0.0152,0.0085,0.0000,0.0180
SFO,to,800,16,0.0173,0.0206,0.0063,0.0146,0.0122,0.0085,0.0000,0.0159
SFO,to,801,16,0.0263,0.0257,0.0179,0.0225,0.0232,0.0170,0.0000,0.0265
SFO,to,802,16,0.0133,0.0133,0.0053,0.0090,0.0110,0.0043,0.0000,0.0138
SFO,to,803,16,0.0084,0.0082,0.0021,0.0056,0.0068,0.0000,0.0000,0.0085
SFO,to,804,17,0.0139,0.0136,0.0045,0.0097,0.0115,0.0000,0.0000,0.0126
SFO,to,805,17,0.0301,0.0301,0.0115,0.0263,0.0251,0.0165,0.0000,0.0302
SFO,to,806,17,0.0268,0.0279,0.0567,0.0346,0.0331,0.0549,0.0000,0.0289
SFO,to,807,17,0.0140,0.0138,0.0051,0.0097,0.0115,0.0000,0.0000,0.0126
SFO,to,808,17,0.0132,0.0130,0.0045,0.0097,0.0115,0.0000,0.0000,0.0126
SFO,to,809,17,0.0078,0.0064,0.0255,0.0111,0.0115,0.0220,0.0000,0.0088
SFO,to,810,17,0.0379,0.0537,0.0605,0.0443,0.0361,0.0659,0.4444,0.0352
SFO,to,811,17,0.0232,0.0279,0.0319,0.0263,0.0215,0.0385,0.1111,0.0239
SFO,to,812,17,0.0111,0.0107,0.0166,0.0111,0.0115,0.0110,0.0000,0.0113
SFO,to,813,17,0.0095,0.0093,0.0025,0.0069,0.0080,0.0000,0.0000,0.0088
SFO,to,814,17,0.0110,0.0112,0.0025,0.0069,0.0095,0.0000,0.0000,0.0113
SFO,to,815,17,0.0018,0.0014,0.0000,0.0000,0.0005,0.0000,0.0000,0.0013
SFO,to,816,17,0.0072,0.0074,0.0025,0.0055,0.0060,0.0000,0.0000,0.0075
SFO,to,817,17,0.0031,0.0029,0.0000,0.0000,0.0015,0.0000,0.0000,0.0025
SFO,to,818,17,0.0144,0.0140,0.0051,0.0111,0.0115,0.0000,0.0000,0.0126
SFO,to,819,17,0.0035,0.0033,0.0000,0.0000,0.0025,0.0000,0.0000,0.0025
SFO,to,820,17,0.0624,0.0617,0.0370,0.0554,0.0566,0.0440,0.0000,0.0616
SFO,to,821,17,0.0289,0.0306,0.0115,0.0263,0.0230,0.0220,0.0000,0.0289
SFO,to,822,17,0.0185,0.0180,0.0064,0.0125,0.0145,0.0110,0.0000,0.0188
SFO,to,823,17,0.0190,0.0192,0.0070,0.0125,0.0150,0.0110,0.0000,0.0188
SFO,to,824,17,0.0125,0.0074,0.0625,0.0554,0.0376,0.0824,0.0000,0.0163
SFO,to,825,17,0.0108,0.0107,0.0025,0.0069,0.0090,0.0000,0.0000,0.0113
SFO,to,826,17,0.0020,0.0017,0.0000,0.0000,0.0005,0.0000,0.0000,0.0013
SFO,to,827,17,0.0076,0.0078,0.0025,0.0055,0.0065,0.0000,0.0000,0.0088
SFO,to,828,17,0.0125,0.0124,0.0045,0.0097,0.0110,0.0000,0.0000,0.0126
SFO,to,829,17,0.0068,0.0050,0.0370,0.0111,0.0135,0.0275,0.0000,0.0088
SFO,to,830,17,0.0097,0.0097,0.0025,0.0069,0.0080,0.0000,0.0000,0.0101
SFO,to,831,17,0.0021,0.0021,0.0000,0.0000,0.0010,0.0000,0.0000,0.0025
SFO,to,832,17,0.0075,0.0074,0.0025,0.0055,0.0065,0.0000,0.0000,0.0088
SFO,to,833,17,0.0130,0.0128,0.0045,0.0097,0.0110,0.0000,0.0000,0.0126
SFO,to,834,17,0.0160,0.0159,0.0057,0.0111,0.0135,0.0055,0.0000,0.0163
SFO,to,835,17,0.0147,0.0147,0.0051,0.0111,0.0125,0.0055,0.0000,0.0138
SFO,to,836,17,0.0072,0.0074,0.0025,0.0055,0.0065,0.0000,0.0000,0.0075
SFO,to,837,17,0.0033,0.0033,0.0000,0.0000,0.0025,0.0000,0.0000,0.0025
SFO,to,838,17,0.0013,0.0010,0.0000,0.0000,0.0000,0.0000,0.0000,0.0000
SFO,to,839,17,0.0022,0.0014,0.0115,0.0014,0.0045,0.0055,0.0000,0.0025
SFO,to,840,17,0.0161,0.0157,0.0185,0.0125,0.0150,0.0165,0.0000,0.0163
SFO,to,841,17,0.0132,0.0130,0.0045,0.0097,0.0115,0.0000,0.0000,0.0126
SFO,to,842,17,0.0103,0.0101,0.0025,0.0069,0.0085,0.0000,0.0000,0.0101
SFO,to,843,17,0.0182,0.0180,0.0064,0.0125,0.0145,0.0110,0.0000,0.0176
SFO,to,844,17,0.0547,0.0539,0.0338,0.0485,0.0496,0.0385,0.0000,0.0540
SFO,to,845,17,0.0415,0.0413,0.0166,0.0346,0.0361,0.0220,0.0000,0.0415
SFO,to,846,17,0.0177,0.0178,0.0064,0.0125,0.0145,0.0110,0.0000,0.0163
SFO,to,847,17,0.0032,0.0029,0.0000,0.0000,0.0020,0.0000,0.0000,0.0025
SFO,to,848,17,0.0082,0.0085,0.0025,0.0055,0.0065,0.0000,0.0000,0.0088
SFO,to,849,17,0.0185,0.0180,0.0064,0.0125,0.0145,0.0110,0.0000,0.0176
SFO,to,850,17,0.0207,0.0204,0.0076,0.0166,0.0170,0.0110,0.0000,0.0201
SFO,to,851,17,0.0135,0.0132,0.0045,0.0097,0.0115,0.0000,0.0000,0.0126
SFO,to,852,17,0.0311,0.0310,0.0115,0.0263,0.0266,0.0220,0.0000,0.0314
SFO,to,853,17,0.0297,0.0227,0.0548,0.0942,0.0611,0.1209,0.0000,0.0352
SFO,to,854,17,0.0022,0.0021,0.0000,0.0000,0.0010,0.0000,0.0000,0.0025
SFO,to,855,17,0.0016,0.0014,0.0000,0.0000,0.0005,0.0000,0.0000,0.0013
SFO,to,856,17,0.0099,0.0093,0.0166,0.0097,0.0115,0.0110,0.0000,0.0113
SFO,to,857,17,0.0084,0.0074,0.0255,0.0111,0.0115,0.0220,0.0000,0.0088
SFO,to,858,17,0.0120,0.0093,0.0605,0.0263,0.0225,0.0440,0.0000,0.0126
SFO,to,859,17,0.0132,0.0130,0.0045,0.0097,0.0115,0.0000,0.0000,0.0126
SFO,to,860,17,0.0250,0.0244,0.0217,0.0249,0.0230,0.0220,0.0000,0.0251
SFO,to,861,17,0.0180,0.0180,0.0064,0.0125,0.0145,0.0110,0.0000,0.0163
SFO,to,862,17,0.0102,0.0163,0.0025,0.0083,0.0065,0.0055,0.0000,0.0088
SFO,to,863,17,0.0081,0.0085,0.0025,0.0055,0.0065,0.0000,0.0000,0.0088
SFO,to,864,17,0.0025,0.0023,0.0000,0.0000,0.0010,0.0000,0.0000,0.0025
SFO,to,865,17,0.0057,0.0058,0.0019,0.0014,0.0045,0.0000,0.0000,0.0050
SFO,to,866,17,0.0187,0.0217,0.0064,0.0125,0.0145,0.0110,0.0000,0.0163
SFO,to,867,17,0.0108,0.0107,0.0025,0.0069,0.0090,0.0000,0.0000,0.0113
SFO,to,868,17,0.0101,0.0099,0.0025,0.0069,0.0085,0.0000,0.0000,0.0101
SFO,to,869,17,0.0123,0.0122,0.0045,0.0097,0.0100,0.0000,0.0000,0.0113
SFO,to,870,17,0.0048,0.0045,0.0013,0.0014,0.0045,0.0000,0.0000,0.0038
SFO,to,871,17,0.0062,0.0033,0.0574,0.0180,0.0180,0.0440,0.0000,0.0088
SFO,to,872,17,0.0185,0.0169,0.0408,0.0249,0.0225,0.0385,0.0000,0.0188
SFO,to,873,17,0.0192,0.0196,0.1319,0.0485,0.0426,0.1044,0.4444,0.0214
SFO,to,874,18,0.0000,0.0000,0.0000,0.0000,0.0000,0.0000,0.0000,0.0000
SFO,to,875,18,0.0801,0.0647,0.4584,0.3118,0.2751,0.4421,0.5309,0.1072
SFO,to,876,18,0.0007,0.0006,0.0000,0.0000,0.0000,0.0000,0.0000,0.0000
SFO,to,877,18,0.0010,0.0009,0.0000,0.0000,0.0003,0.0000,0.0000,0.0009
SFO,to,878,18,0.0018,0.0015,0.0002,0.0000,0.0005,0.0000,0.0000,0.0017
SFO,to,879,18,0.0012,0.0010,0.0000,0.0000,0.0003,0.0000,0.0000,0.0009
SFO,to,880,18,0.0013,0.0011,0.0000,0.0000,0.0003,0.0000,0.0000,0.0009
SFO,to,881,18,0.0012,0.0010,0.0000,0.0000,0.0003,0.0000,0.0000,0.0009
SFO,to,882,18,0.0009,0.0009,0.0000,0.0000,0.0000,0.0000,0.0000,0.0000
SFO,to,883,18,0.0129,0.0128,0.0032,0.0063,0.0080,0.0035,0.0000,0.0128
SFO,to,884,18,0.0197,0.0187,0.0101,0.0154,0.0152,0.0121,0.0000,0.0196
SFO,to,885,18,0.0332,0.0322,0.0080,0.0203,0.0221,0.0121,0.0000,0.0323
SFO,to,886,18,0.0121,0.0118,0.0032,0.0063,0.0077,0.0035,0.0000,0.0111
SFO,to,887,18,0.0090,0.0090,0.0021,0.0049,0.0061,0.0017,0.0000,0.0085
SFO,to,888,18,0.0017,0.0015,0.0000,0.0000,0.0005,0.0000,0.0000,0.0017
SFO,to,889,18,0.0013,0.0011,0.0000,0.0000,0.0003,0.0000,0.0000,0.0009
SFO,to,890,18,0.0017,0.0015,0.0000,0.0000,0.0005,0.0000,0.0000,0.0017
SFO,to,891,18,0.0017,0.0015,0.0000,0.0000,0.0005,0.0000,0.0000,0.0017
SFO,to,892,18,0.0017,0.0015,0.0000,0.0000,0.0005,0.0000,0.0000,0.0017
SFO,to,893,18,0.0012,0.0010,0.0000,0.0000,0.0003,0.0000,0.0000,0.0009
SFO,to,894,18,0.0017,0.0010,0.0055,0.0035,0.0035,0.0035,0.0000,0.0017
SFO,to,895,18,0.0024,0.0037,0.0004,0.0007,0.0005,0.0000,0.0000,0.0017
SFO,to,896,18,0.0011,0.0006,0.0027,0.0007,0.0021,0.0000,0.0000,0.0009
SFO,to,897,18,0.0013,0.0012,0.0000,0.0000,0.0003,0.0000,0.0000,0.0009
SFO,to,898,18,0.0014,0.0013,0.0000,0.0000,0.0005,0.0000,0.0000,0.0017
SFO,to,899,18,0.0031,0.0044,0.0005,0.0007,0.0013,0.0000,0.0000,0.0026
SFO,to,900,18,0.0017,0.0015,0.0000,0.0000,0.0005,0.0000,0.0000,0.0017
SFO,to,901,18,0.0014,0.0013,0.0000,0.0000,0.0003,0.0000,0.0000,0.0017
SFO,to,902,18,0.0037,0.0050,0.0007,0.0014,0.0024,0.0000,0.0000,0.0026
SFO,to,903,18,0.0079,0.0074,0.0016,0.0042,0.0051,0.0000,0.0000,0.0077
SFO,to,904,18,0.0022,0.0020,0.0004,0.0000,0.0011,0.0000,0.0000,0.0017
SFO,to,905,18,0.0027,0.0027,0.0005,0.0007,0.0013,0.0000,0.0000,0.0017
SFO,to,906,18,0.0021,0.0020,0.0004,0.0000,0.0008,0.0000,0.0000,0.0017
SFO,to,907,18,0.0093,0.0093,0.0021,0.0049,0.0061,0.0017,0.0000,0.0085
SFO,to,908,18,0.0134,0.0128,0.0032,0.0063,0.0080,0.0035,0.0000,0.0128
SFO,to,909,18,0.0119,0.0116,0.0030,0.0063,0.0077,0.0035,0.0000,0.0111
SFO,to,910,18,0.0188,0.0183,0.0046,0.0119,0.0120,0.0069,0.0000,0.0196
SFO,to,911,18,0.0155,0.0165,0.0037,0.0091,0.0101,0.0052,0.0000,0.0153
SFO,to,912,18,0.0285,0.0277,0.0071,0.0182,0.0192,0.0104,0.0000,0.0281
SFO,to,913,18,0.0335,0.0326,0.0082,0.0203,0.0221,0.0121,0.0000,0.0332
SFO,to,914,18,0.0297,0.0283,0.0122,0.0203,0.0221,0.0138,0.0000,0.0298
SFO,to,915,18,0.0206,0.0195,0.0051,0.0133,0.0133,0.0069,0.0000,0.0204
SFO,to,916,18,0.0205,0.0226,0.0051,0.0133,0.0125,0.0069,0.0000,0.0204
SFO,to,917,18,0.0317,0.0308,0.0075,0.0196,0.0208,0.0121,0.0000,0.0306
SFO,to,918,18,0.0484,0.0468,0.0117,0.0301,0.0323,0.0173,0.0000,0.0485
SFO,to,919,18,0.0107,0.0105,0.0021,0.0056,0.0069,0.0035,0.0000,0.0102
SFO,to,920,18,0.0129,0.0128,0.0032,0.0063,0.0080,0.0035,0.0000,0.0128
SFO,to,921,18,0.0074,0.0073,0.0016,0.0042,0.0048,0.0000,0.0000,0.0077
SFO,to,922,18,0.0151,0.0145,0.0037,0.0091,0.0101,0.0035,0.0000,0.0153
SFO,to,923,18,0.0025,0.0023,0.0005,0.0000,0.0013,0.0000,0.0000,0.0017
SFO,to,924,18,0.0021,0.0020,0.0002,0.0000,0.0008,0.0000,0.0000,0.0017
SFO,to,925,18,0.0026,0.0020,0.0032,0.0014,0.0027,0.0017,0.0000,0.0017
SFO,to,926,18,0.0015,0.0013,0.0000,0.0000,0.0005,0.0000,0.0000,0.0017
SFO,to,927,18,0.0018,0.0015,0.0002,0.0000,0.0005,0.0000,0.0000,0.0017
SFO,to,928,18,0.0019,0.0017,0.0002,0.0000,0.0005,0.0000,0.0000,0.0017
SFO,to,929,18,0.0015,0.0013,0.0000,0.0000,0.0005,0.0000,0.0000,0.0017
SFO,to,930,18,0.0035,0.0034,0.0007,0.0007,0.0024,0.0000,0.0000,0.0026
SFO,to,931,18,0.0013,0.0012,0.0000,0.0000,0.0003,0.0000,0.0000,0.0009
SFO,to,932,18,0.0016,0.0013,0.0000,0.0000,0.0005,0.0000,0.0000,0.0017
SFO,to,933,18,0.0026,0.0024,0.0005,0.0000,0.0013,0.0000,0.0000,0.0017
SFO,to,934,18,0.0028,0.0027,0.0005,0.0007,0.0016,0.0000,0.0000,0.0017
SFO,to,935,18,0.0013,0.0012,0.0000,0.0000,0.0003,0.0000,0.0000,0.0009
SFO,to,936,18,0.0013,0.0012,0.0000,0.0000,0.0003,0.0000,0.0000,0.0009
SFO,to,937,18,0.0158,0.0165,0.0041,0.0098,0.0104,0.0052,0.0000,0.0162
SFO,to,938,18,0.0269,0.0260,0.0066,0.0161,0.0184,0.0086,0.0000,0.0272
SFO,to,939,18,0.0119,0.0116,0.0030,0.0063,0.0075,0.0035,0.0000,0.0111
SFO,to,940,18,0.0051,0.0051,0.0007,0.0028,0.0035,0.0000,0.0000,0.0060
SFO,to,941,18,0.0014,0.0013,0.0000,0.0000,0.0005,0.0000,0.0000,0.0017
SFO,to,942,18,0.0022,0.0035,0.0002,0.0000,0.0005,0.0000,0.0000,0.0017
SFO,to,943,18,0.0143,0.0142,0.0032,0.0091,0.0091,0.0035,0.0000,0.0136
SFO,to,944,18,0.0022,0.0018,0.0032,0.0014,0.0024,0.0017,0.0000,0.0017
SFO,to,945,18,0.0015,0.0012,0.0030,0.0007,0.0024,0.0000,0.0000,0.0017
SFO,to,946,18,0.0018,0.0027,0.0030,0.0014,0.0024,0.0017,0.0000,0.0017
SFO,to,947,18,0.0089,0.0068,0.0451,0.0357,0.0288,0.0466,0.0494,0.0119
SFO,to,948,18,0.0047,0.0068,0.0007,0.0028,0.0024,0.0000,0.0000,0.0043
SFO,to,949,18,0.0189,0.0183,0.0046,0.0119,0.0120,0.0069,0.0000,0.0196
SFO,to,950,18,0.0138,0.0128,0.0060,0.0091,0.0104,0.0069,0.0000,0.0136
SFO,to,951,18,0.0209,0.0200,0.0055,0.0133,0.0133,0.0069,0.0000,0.0204
SFO,to,952,18,0.0338,0.0407,0.0179,0.0280,0.0245,0.0225,0.0494,0.0323
SFO,to,953,18,0.0482,0.0468,0.0117,0.0301,0.0323,0.0173,0.0000,0.0477
SFO,to,954,18,0.0096,0.0101,0.0075,0.0084,0.0077,0.0069,0.0000,0.0085
SFO,to,955,18,0.0023,0.0028,0.0055,0.0035,0.0035,0.0052,0.0000,0.0017
SFO,to,956,18,0.0171,0.0166,0.0046,0.0112,0.0112,0.0052,0.0000,0.0170
SFO,to,957,18,0.0114,0.0112,0.0027,0.0056,0.0075,0.0035,0.0000,0.0111
SFO,to,958,18,0.0106,0.0103,0.0021,0.0056,0.0069,0.0035,0.0000,0.0094
SFO,to,959,18,0.0107,0.0104,0.0023,0.0056,0.0069,0.0035,0.0000,0.0102
SFO,to,960,18,0.0195,0.0212,0.0302,0.0245,0.0227,0.0294,0.0494,0.0204
SFO,to,961,18,0.0012,0.0004,0.0055,0.0028,0.0029,0.0035,0.0000,0.0017
SFO,to,962,18,0.0017,0.0015,0.0000,0.0000,0.0005,0.0000,0.0000,0.0017
SFO,to,963,18,0.0157,0.0154,0.0043,0.0091,0.0107,0.0052,0.0000,0.0162
SFO,to,964,18,0.0064,0.0063,0.0012,0.0035,0.0037,0.0000,0.0000,0.0060
SFO,to,965,18,0.0025,0.0051,0.0002,0.0007,0.0005,0.0000,0.0000,0.0017
SFO,to,966,18,0.0000,0.0000,0.0000,0.0000,0.0000,0.0000,0.0000,0.0000
SFO,to,967,18,0.0081,0.0046,0.0586,0.0336,0.0304,0.0484,0.0494,0.0111
SFO,to,968,18,0.0254,0.0418,0.0843,0.0708,0.0515,0.0915,0.1728,0.0281
SFO,to,969,18,0.0072,0.0162,0.0115,0.0119,0.0061,0.0121,0.0494,0.0060
SFO,to,970,18,0.0046,0.0052,0.0032,0.0035,0.0107,0.0069,0.0000,0.0026
SFO,to,971,18,0.0072,0.0082,0.0380,0.0224,0.0195,0.0328,0.0494,0.0085
SFO,to,972,18,0.0027,0.0020,0.0057,0.0035,0.0037,0.0035,0.0000,0.0026
SFO,to,973,18,0.0054,0.0051,0.0041,0.0035,0.0045,0.0035,0.0000,0.0060
SFO,to,974,18,0.0035,0.0034,0.0007,0.0007,0.0024,0.0000,0.0000,0.0034
SFO,to,975,18,0.0034,0.0034,0.0007,0.0007,0.0024,0.0000,0.0000,0.0026
SFO,to,976,18,0.0013,0.0012,0.0000,0.0000,0.0003,0.0000,0.0000,0.0009
SFO,to,977,18,0.0022,0.0017,0.0032,0.0014,0.0024,0.0017,0.0000,0.0017
SFO,to,978,18,0.0017,0.0015,0.0000,0.0000,0.0005,0.0000,0.0000,0.0017
SFO,to,979,18,0.0025,0.0027,0.0082,0.0049,0.0048,0.0069,0.0000,0.0026
SFO,to,980,18,0.0007,0.0006,0.0000,0.0000,0.0000,0.0000,0.0000,0.0000
SFO,to,981,18,0.0009,0.0000,0.0055,0.0028,0.0027,0.0035,0.0000,0.0009
SFO,to,982,18,0.0006,0.0005,0.0000,0.0000,0.0000,0.0000,0.0000,0.0000
SFO,to,983,18,0.0009,0.0007,0.0000,0.0000,0.0000,0.0000,0.0000,0.0000
SFO,to,984,18,0.0002,0.0000,0.0000,0.0000,0.0000,0.0000,0.0000,0.0000
SFO,to,985,18,0.0004,0.0002,0.0000,0.0000,0.0000,0.0000,0.0000,0.0000
SFO,to,986,18,0.0007,0.0006,0.0000,0.0000,0.0000,0.0000,0.0000,0.0000
SFO,to,987,18,0.0032,0.0029,0.0007,0.0007,0.0024,0.0000,0.0000,0.0026
SFO,to,988,18,0.0017,0.0027,0.0030,0.0014,0.0021,0.0017,0.0000,0.0017
SFO,to,989,18,0.0007,0.0006,0.0000,0.0000,0.0000,0.0000,0.0000,0.0000
SFO,to,990,18,0.0009,0.0007,0.0000,0.0000,0.0000,0.0000,0.0000,0.0000
SFO,to,991,19,0.0565,0.0643,0.1710,0.0914,0.0895,0.1342,0.2979,0.0604
SFO,to,992,19,0.0018,0.0017,0.0000,0.0000,0.0006,0.0000,0.0000,0.0018
SFO,to,993,19,0.0041,0.0067,0.0010,0.0029,0.0025,0.0000,0.0000,0.0027
SFO,to,994,19,0.0016,0.0014,0.0000,0.0000,0.0003,0.0000,0.0000,0.0018
SFO,to,995,19,0.0030,0.0027,0.0008,0.0007,0.0018,0.0000,0.0000,0.0018
SFO,to,996,19,0.0034,0.0035,0.0010,0.0007,0.0028,0.0000,0.0000,0.0027
SFO,to,997,19,0.0056,0.0056,0.0013,0.0029,0.0040,0.0000,0.0000,0.0062
SFO,to,998,19,0.0445,0.0435,0.0197,0.0293,0.0334,0.0231,0.0000,0.0436
SFO,to,999,19,0.0268,0.0259,0.0149,0.0183,0.0215,0.0147,0.0000,0.0267
SFO,to,1000,19,0.0332,0.0352,0.0108,0.0212,0.0224,0.0147,0.0000,0.0311
SFO,to,1001,19,0.0066,0.0059,0.0074,0.0051,0.0067,0.0042,0.0000,0.0062
SFO,to,1002,19,0.0052,0.0052,0.0010,0.0029,0.0037,0.0000,0.0000,0.0053
SFO,to,1003,19,0.0150,0.0146,0.0103,0.0117,0.0129,0.0084,0.0000,0.0142
SFO,to,1004,19,0.0584,0.0490,0.1059,0.0834,0.0815,0.0985,0.0851,0.0622
SFO,to,1005,19,0.0434,0.0414,0.0287,0.0315,0.0359,0.0273,0.0000,0.0436
SFO,to,1006,19,0.0403,0.0396,0.0133,0.0249,0.0285,0.0147,0.0000,0.0382
SFO,to,1007,19,0.0030,0.0027,0.0008,0.0007,0.0018,0.0000,0.0000,0.0018
SFO,to,1008,19,0.0300,0.0429,0.1721,0.0797,0.0720,0.1342,0.3404,0.0347
SFO,to,1009,19,0.0066,0.0115,0.0018,0.0044,0.0028,0.0042,0.0213,0.0062
SFO,to,1010,19,0.0255,0.0247,0.0141,0.0168,0.0202,0.0147,0.0000,0.0249
SFO,to,1011,19,0.0022,0.0020,0.0005,0.0000,0.0009,0.0000,0.0000,0.0018
SFO,to,1012,19,0.0047,0.0043,0.0010,0.0015,0.0031,0.0000,0.0000,0.0044
SFO,to,1013,19,0.0026,0.0025,0.0008,0.0000,0.0015,0.0000,0.0000,0.0018
SFO,to,1014,19,0.0119,0.0010,0.1246,0.0658,0.0610,0.1006,0.1064,0.0204
SFO,to,1015,19,0.0022,0.0020,0.0003,0.0000,0.0009,0.0000,0.0000,0.0018
SFO,to,1016,19,0.0029,0.0027,0.0008,0.0007,0.0015,0.0000,0.0000,0.0018
SFO,to,1017,19,0.0226,0.0225,0.0079,0.0139,0.0162,0.0084,0.0000,0.0222
SFO,to,1018,19,0.0088,0.0137,0.0403,0.0198,0.0175,0.0314,0.0851,0.0089
SFO,to,1019,19,0.0032,0.0082,0.0008,0.0015,0.0003,0.0000,0.0213,0.0018
SFO,to,1020,19,0.0047,0.0067,0.0072,0.0044,0.0040,0.0063,0.0000,0.0044
SFO,to,1021,19,0.0050,0.0027,0.0079,0.0212,0.0141,0.0231,0.0000,0.0071
SFO,to,1022,19,0.0155,0.0154,0.0046,0.0095,0.0110,0.0042,0.0000,0.0151
SFO,to,1023,19,0.0262,0.0130,0.0515,0.1295,0.0867,0.1258,0.0000,0.0382
SFO,to,1024,19,0.0024,0.0020,0.0067,0.0029,0.0037,0.0042,0.0000,0.0018
SFO,to,1025,19,0.0265,0.0259,0.0087,0.0168,0.0187,0.0105,0.0000,0.0249
SFO,to,1026,19,0.0205,0.0194,0.0169,0.0168,0.0181,0.0147,0.0000,0.0204
SFO,to,1027,19,0.0286,0.0307,0.0095,0.0183,0.0202,0.0126,0.0000,0.0276
SFO,to,1028,19,0.0506,0.0499,0.0167,0.0307,0.0356,0.0210,0.0000,0.0498
SFO,to,1029,19,0.0556,0.0545,0.0182,0.0373,0.0389,0.0231,0.0000,0.0533
SFO,to,1030,19,0.0311,0.0305,0.0103,0.0190,0.0221,0.0126,0.0000,0.0293
SFO,to,1031,19,0.0647,0.0682,0.0213,0.0417,0.0438,0.0273,0.0426,0.0604
SFO,to,1032,19,0.0276,0.0269,0.0087,0.0168,0.0202,0.0105,0.0000,0.0276
SFO,to,1033,19,0.0565,0.0553,0.0182,0.0373,0.0395,0.0231,0.0000,0.0542
SFO,to,1034,19,0.0327,0.0324,0.0108,0.0198,0.0230,0.0147,0.0000,0.0311
SFO,to,1035,19,0.0204,0.0198,0.0067,0.0132,0.0138,0.0084,0.0000,0.0204
SFO,to,1036,19,0.0122,0.0120,0.0038,0.0059,0.0083,0.0042,0.0000,0.0116
SFO,to,1037,19,0.0118,0.0143,0.0033,0.0066,0.0070,0.0042,0.0000,0.0107
SFO,to,1038,19,0.0031,0.0053,0.0067,0.0037,0.0031,0.0042,0.0000,0.0027
SFO,to,1039,19,0.0287,0.0285,0.0095,0.0168,0.0205,0.0126,0.0000,0.0284
SFO,to,1040,20,0.0009,0.0007,0.0000,0.0000,0.0000,0.0000,0.0000,0.0000
SFO,to,1041,20,0.0037,0.0036,0.0000,0.0000,0.0014,0.0000,0.0000,0.0038
SFO,to,1042,20,0.0114,0.0116,0.0030,0.0100,0.0091,0.0000,0.0000,0.0131
SFO,to,1043,20,0.0249,0.0254,0.0075,0.0180,0.0203,0.0131,0.0000,0.0244
SFO,to,1044,20,0.0266,0.0263,0.0090,0.0180,0.0210,0.0131,0.0000,0.0244
SFO,to,1045,20,0.0285,0.0286,0.0090,0.0240,0.0231,0.0131,0.0000,0.0281
SFO,to,1046,20,0.0169,0.0170,0.0053,0.0140,0.0140,0.0065,0.0000,0.0169
SFO,to,1047,20,0.0075,0.0080,0.0023,0.0020,0.0063,0.0000,0.0000,0.0056
SFO,to,1048,20,0.0042,0.0038,0.0000,0.0000,0.0021,0.0000,0.0000,0.0038
SFO,to,1049,20,0.0224,0.0324,0.0068,0.0180,0.0140,0.0196,0.1429,0.0188
SFO,to,1050,20,0.0042,0.0038,0.0000,0.0000,0.0021,0.0000,0.0000,0.0038
SFO,to,1051,20,0.0177,0.0125,0.0932,0.0441,0.0378,0.0784,0.0000,0.0188
SFO,to,1052,20,0.0127,0.0125,0.0030,0.0100,0.0098,0.0000,0.0000,0.0131
SFO,to,1053,20,0.0270,0.0270,0.0090,0.0180,0.0210,0.0131,0.0000,0.0263
SFO,to,1054,20,0.0140,0.0138,0.0030,0.0100,0.0119,0.0000,0.0000,0.0131
SFO,to,1055,20,0.0068,0.0067,0.0015,0.0020,0.0063,0.0000,0.0000,0.0056
SFO,to,1056,20,0.0057,0.0025,0.0556,0.0180,0.0196,0.0458,0.0000,0.0056
SFO,to,1057,20,0.0028,0.0025,0.0000,0.0000,0.0007,0.0000,0.0000,0.0019
SFO,to,1058,20,0.0073,0.0121,0.0023,0.0040,0.0028,0.0000,0.0000,0.0056
SFO,to,1059,20,0.0433,0.0469,0.0436,0.0461,0.0413,0.0458,0.0714,0.0432
SFO,to,1060,20,0.0037,0.0036,0.0000,0.0000,0.0014,0.0000,0.0000,0.0038
SFO,to,1061,20,0.0082,0.0129,0.0023,0.0080,0.0035,0.0000,0.0000,0.0056
SFO,to,1062,20,0.0352,0.0473,0.0669,0.0521,0.0378,0.0719,0.2857,0.0356
SFO,to,1063,20,0.0036,0.0033,0.0000,0.0000,0.0014,0.0000,0.0000,0.0038
SFO,to,1064,20,0.0026,0.0025,0.0000,0.0000,0.0007,0.0000,0.0000,0.0019
SFO,to,1065,20,0.0106,0.0105,0.0030,0.0080,0.0091,0.0000,0.0000,0.0131
SFO,to,1066,20,0.0149,0.0038,0.1962,0.0741,0.0658,0.1438,0.2143,0.0206
SFO,to,1067,20,0.0055,0.0054,0.0008,0.0000,0.0042,0.0000,0.0000,0.0038
SFO,to,1068,20,0.0025,0.0022,0.0000,0.0000,0.0007,0.0000,0.0000,0.0019
SFO,to,1069,20,0.0250,0.0116,0.2534,0.1022,0.0889,0.1895,0.2857,0.0356
SFO,to,1070,20,0.0102,0.0100,0.0030,0.0080,0.0091,0.0000,0.0000,0.0113
SFO,to,1071,20,0.0142,0.0141,0.0030,0.0100,0.0119,0.0000,0.0000,0.0131
SFO,to,1072,20,0.0026,0.0025,0.0000,0.0000,0.0007,0.0000,0.0000,0.0019
SFO,to,1073,20,0.0056,0.0054,0.0008,0.0020,0.0056,0.0000,0.0000,0.0038
SFO,to,1074,20,0.0295,0.0301,0.0090,0.0261,0.0252,0.0196,0.0000,0.0281
SFO,to,1075,20,0.0054,0.0051,0.0008,0.0000,0.0035,0.0000,0.0000,0.0038
SFO,to,1076,20,0.0154,0.0152,0.0045,0.0120,0.0133,0.0000,0.0000,0.0169
SFO,to,1077,20,0.0154,0.0152,0.0045,0.0120,0.0133,0.0000,0.0000,0.0169
SFO,to,1078,20,0.0188,0.0188,0.0060,0.0140,0.0161,0.0131,0.0000,0.0188
SFO,to,1079,20,0.0784,0.0786,0.0286,0.0681,0.0679,0.0458,0.0000,0.0788
SFO,to,1080,20,0.0327,0.0328,0.0113,0.0261,0.0294,0.0196,0.0000,0.0338
SFO,to,1081,20,0.0119,0.0121,0.0030,0.0100,0.0091,0.0000,0.0000,0.0131
SFO,to,1082,20,0.0200,0.0201,0.0060,0.0160,0.0161,0.0131,0.0000,0.0188
SFO,to,1083,20,0.0549,0.0554,0.0195,0.0461,0.0490,0.0392,0.0000,0.0563
SFO,to,1084,20,0.0527,0.0531,0.0195,0.0461,0.0462,0.0327,0.0000,0.0525
SFO,to,1085,20,0.0532,0.0538,0.0195,0.0461,0.0462,0.0392,0.0000,0.0525
SFO,to,1086,20,0.0513,0.0516,0.0195,0.0461,0.0448,0.0327,0.0000,0.0488
SFO,to,1087,20,0.0747,0.0734,0.0481,0.0701,0.0693,0.0654,0.0000,0.0750
SFO,to,1088,20,0.0333,0.0335,0.0113,0.0281,0.0294,0.0261,0.0000,0.0338
SFO,to,1089,20,0.0075,0.0071,0.0023,0.0020,0.0063,0.0000,0.0000,0.0075
SFO,to,1090,20,0.0116,0.0116,0.0030,0.0100,0.0091,0.0000,0.0000,0.0131
SFO,to,1091,21,0.0028,0.0019,0.0118,0.0058,0.0051,0.0077,0.0000,0.0032
SFO,to,1092,21,0.0007,0.0004,0.0000,0.0000,0.0000,0.0000,0.0000,0.0000
SFO,to,1093,21,0.0054,0.0101,0.0014,0.0029,0.0010,0.0000,0.0000,0.0032
SFO,to,1094,21,0.0269,0.0276,0.0081,0.0190,0.0201,0.0154,0.0000,0.0269
SFO,to,1095,21,0.0034,0.0030,0.0000,0.0000,0.0010,0.0000,0.0000,0.0032
SFO,to,1096,21,0.0409,0.0400,0.0330,0.0380,0.0371,0.0385,0.0000,0.0411
SFO,to,1097,21,0.0216,0.0208,0.0267,0.0248,0.0221,0.0269,0.0000,0.0205
SFO,to,1098,21,0.0309,0.0319,0.0109,0.0248,0.0221,0.0154,0.0000,0.0316
SFO,to,1099,21,0.0469,0.0513,0.0353,0.0423,0.0386,0.0423,0.0952,0.0474
SFO,to,1100,21,0.0535,0.0545,0.0177,0.0394,0.0386,0.0269,0.0000,0.0521
SFO,to,1101,21,0.0252,0.0259,0.0081,0.0190,0.0175,0.0115,0.0000,0.0237
SFO,to,1102,21,0.0088,0.0088,0.0018,0.0058,0.0062,0.0000,0.0000,0.0079
SFO,to,1103,21,0.0404,0.0462,0.0131,0.0321,0.0273,0.0231,0.0000,0.0395
SFO,to,1104,21,0.0291,0.0282,0.0299,0.0307,0.0278,0.0269,0.0000,0.0316
SFO,to,1105,21,0.0060,0.0060,0.0018,0.0015,0.0046,0.0000,0.0000,0.0047
SFO,to,1106,21,0.0278,0.0329,0.0081,0.0234,0.0175,0.0154,0.0000,0.0269
SFO,to,1107,21,0.0137,0.0143,0.0041,0.0088,0.0098,0.0038,0.0000,0.0142
SFO,to,1108,21,0.0332,0.0319,0.0412,0.0365,0.0355,0.0385,0.0000,0.0363
SFO,to,1109,21,0.0296,0.0300,0.0095,0.0234,0.0216,0.0154,0.0000,0.0300
SFO,to,1110,21,0.0215,0.0222,0.0063,0.0131,0.0149,0.0077,0.0000,0.0205
SFO,to,1111,21,0.0209,0.0259,0.0054,0.0131,0.0134,0.0115,0.0000,0.0205
SFO,to,1112,21,0.0217,0.0222,0.0063,0.0131,0.0149,0.0077,0.0000,0.0205
SFO,to,1113,21,0.0053,0.0085,0.0222,0.0117,0.0087,0.0192,0.0476,0.0047
SFO,to,1114,21,0.0028,0.0026,0.0000,0.0000,0.0010,0.0000,0.0000,0.0032
SFO,to,1115,21,0.0021,0.0019,0.0000,0.0000,0.0005,0.0000,0.0000,0.0016
SFO,to,1116,21,0.0172,0.0178,0.0050,0.0117,0.0118,0.0077,0.0000,0.0158
SFO,to,1117,21,0.0205,0.0214,0.0054,0.0117,0.0144,0.0077,0.0000,0.0205
SFO,to,1118,21,0.0252,0.0254,0.0190,0.0248,0.0216,0.0192,0.0000,0.0253
SFO,to,1119,21,0.0338,0.0349,0.0118,0.0263,0.0232,0.0154,0.0000,0.0332
SFO,to,1120,21,0.0043,0.0032,0.0127,0.0073,0.0067,0.0077,0.0000,0.0032
SFO,to,1121,21,0.0364,0.0293,0.1784,0.0964,0.0813,0.1385,0.2857,0.0442
SFO,to,1122,21,0.0582,0.0310,0.3549,0.1781,0.2249,0.3038,0.5714,0.0664
SFO,to,1123,21,0.0182,0.0186,0.0054,0.0117,0.0134,0.0077,0.0000,0.0158
SFO,to,1124,21,0.0318,0.0319,0.0199,0.0277,0.0257,0.0231,0.0000,0.0316
SFO,to,1125,21,0.0296,0.0300,0.0095,0.0234,0.0216,0.0154,0.0000,0.0300
SFO,to,1126,21,0.0461,0.0473,0.0154,0.0336,0.0340,0.0231,0.0000,0.0442
SFO,to,1127,21,0.0356,0.0364,0.0118,0.0277,0.0252,0.0154,0.0000,0.0363
SFO,to,1128,21,0.0224,0.0227,0.0068,0.0131,0.0149,0.0077,0.0000,0.0205
SFO,to,1129,21,0.0259,0.0255,0.0181,0.0248,0.0216,0.0192,0.0000,0.0253
SFO,to,1130,21,0.0214,0.0222,0.0063,0.0131,0.0149,0.0077,0.0000,0.0205
SFO,to,1131,21,0.0523,0.0533,0.0167,0.0394,0.0376,0.0269,0.0000,0.0521
SFO,to,1132,22,0.0415,0.0397,0.0185,0.0329,0.0339,0.0260,0.0000,0.0404
SFO,to,1133,22,0.0502,0.0481,0.0220,0.0397,0.0420,0.0260,0.0000,0.0493
SFO,to,1134,22,0.0385,0.0267,0.2324,0.0919,0.0866,0.1561,0.1923,0.0460
SFO,to,1135,22,0.0268,0.0259,0.0130,0.0216,0.0214,0.0149,0.0000,0.0269
SFO,to,1136,22,0.0237,0.0206,0.0560,0.0306,0.0309,0.0446,0.0000,0.0258
SFO,to,1137,22,0.0296,0.0311,0.0355,0.0306,0.0296,0.0297,0.0385,0.0291
SFO,to,1138,22,0.0451,0.0433,0.0200,0.0341,0.0373,0.0260,0.0000,0.0437
SFO,to,1139,22,0.0327,0.0310,0.0155,0.0261,0.0283,0.0186,0.0000,0.0336
SFO,to,1140,22,0.0239,0.0270,0.0110,0.0204,0.0180,0.0149,0.0000,0.0224
SFO,to,1141,22,0.0441,0.0423,0.0200,0.0329,0.0364,0.0260,0.0000,0.0437
SFO,to,1142,22,0.0300,0.0278,0.0355,0.0295,0.0309,0.0297,0.0000,0.0291
SFO,to,1143,22,0.0440,0.0394,0.0405,0.0942,0.0999,0.1078,0.0769,0.0426
SFO,to,1144,22,0.0297,0.0287,0.0140,0.0250,0.0244,0.0149,0.0000,0.0291
SFO,to,1145,22,0.0232,0.0408,0.0505,0.0329,0.0223,0.0483,0.2308,0.0224
SFO,to,1146,22,0.0055,0.0055,0.0020,0.0023,0.0043,0.0000,0.0000,0.0056
SFO,to,1147,22,0.0437,0.0421,0.0200,0.0329,0.0360,0.0260,0.0000,0.0437
SFO,to,1148,22,0.0101,0.0133,0.0035,0.0079,0.0069,0.0074,0.0000,0.0101
SFO,to,1149,22,0.0279,0.0267,0.0130,0.0216,0.0231,0.0149,0.0000,0.0280
SFO,to,1150,22,0.0361,0.0321,0.0625,0.0397,0.0420,0.0483,0.0000,0.0370
SFO,to,1151,22,0.0517,0.0537,0.0230,0.0420,0.0416,0.0297,0.0000,0.0504
SFO,to,1152,22,0.0417,0.0441,0.0190,0.0329,0.0326,0.0260,0.0000,0.0404
SFO,to,1153,22,0.0354,0.0340,0.0160,0.0272,0.0300,0.0186,0.0000,0.0359
SFO,to,1154,22,0.0640,0.0612,0.0290,0.0522,0.0523,0.0372,0.0000,0.0650
SFO,to,1155,22,0.0152,0.0145,0.0060,0.0102,0.0124,0.0074,0.0000,0.0146
SFO,to,1156,22,0.0293,0.0282,0.0130,0.0238,0.0244,0.0149,0.0000,0.0291
SFO,to,1157,22,0.0180,0.0174,0.0085,0.0136,0.0133,0.0074,0.0000,0.0179
SFO,to,1158,22,0.0398,0.0382,0.0180,0.0306,0.0326,0.0223,0.0000,0.0392
SFO,to,1159,22,0.0493,0.0612,0.1614,0.0806,0.0690,0.1264,0.3846,0.0504
SFO,to,1160,22,0.0494,0.0554,0.0210,0.0397,0.0377,0.0297,0.0769,0.0482
SFO,to,1161,23,0.0791,0.0822,0.0268,0.0513,0.0576,0.0355,0.0000,0.0760
SFO,to,1162,23,0.0065,0.0063,0.0000,0.0000,0.0020,0.0000,0.0000,0.0061
SFO,to,1163,23,0.0285,0.0298,0.0077,0.0171,0.0202,0.0071,0.0000,0.0274
SFO,to,1164,23,0.0487,0.0501,0.0163,0.0293,0.0323,0.0142,0.0000,0.0456
SFO,to,1165,23,0.0583,0.0607,0.0173,0.0391,0.0424,0.0284,0.0000,0.0578
SFO,to,1166,23,0.0894,0.0928,0.0297,0.0562,0.0667,0.0426,0.0000,0.0851
SFO,to,1167,23,0.0818,0.0846,0.0278,0.0538,0.0586,0.0355,0.0000,0.0790
SFO,to,1168,23,0.0889,0.0791,0.4046,0.1736,0.1758,0.2766,0.7500,0.1003
SFO,to,1169,23,0.0525,0.0462,0.0959,0.1174,0.0899,0.1206,0.0000,0.0608
SFO,to,1170,23,0.0458,0.0532,0.0307,0.0318,0.0323,0.0284,0.0000,0.0426
SFO,to,1171,23,0.0852,0.0670,0.2081,0.2200,0.1717,0.2482,0.2500,0.1003
SFO,to,1172,23,0.0390,0.0411,0.0115,0.0196,0.0273,0.0142,0.0000,0.0365
SFO,to,1173,23,0.0296,0.0309,0.0086,0.0171,0.0222,0.0142,0.0000,0.0274
SFO,to,1174,23,0.0378,0.0388,0.0115,0.0196,0.0273,0.0142,0.0000,0.0334
SFO,to,1175,23,0.0749,0.0783,0.0537,0.0562,0.0626,0.0496,0.0000,0.0729
SFO,to,1176,23,0.1539,0.1590,0.0499,0.0978,0.1111,0.0709,0.0000,0.1489
SFO,to,1177,24,0.0844,0.0832,0.0767,0.0898,0.0865,0.0952,0.0000,0.0845
SFO,to,1178,24,0.2156,0.2111,0.2716,0.2384,0.2273,0.2698,0.0000,0.2222
SFO,to,1179,24,0.0403,0.0396,0.0288,0.0402,0.0438,0.0317,0.0000,0.0411
SFO,to,1180,24,0.0301,0.0298,0.0224,0.0248,0.0302,0.0317,0.0000,0.0314
SFO,to,1181,24,0.0022,0.0018,0.0000,0.0000,0.0010,0.0000,0.0000,0.0000
SFO,to,1182,24,0.0483,0.0476,0.0383,0.0526,0.0469,0.0635,0.0000,0.0483
SFO,to,1183,24,0.0145,0.0144,0.0096,0.0124,0.0136,0.0000,0.0000,0.0169
SFO,to,1184,24,0.0321,0.0322,0.0224,0.0279,0.0302,0.0317,0.0000,0.0314
SFO,to,1185,24,0.0741,0.0733,0.0575,0.0774,0.0751,0.0794,0.0000,0.0773
SFO,to,1186,24,0.1070,0.1049,0.0927,0.1115,0.1074,0.1111,0.0000,0.1087
SFO,to,1187,24,0.0365,0.0362,0.0256,0.0372,0.0365,0.0317,0.0000,0.0362
SFO,to,1188,24,0.0126,0.0126,0.0064,0.0124,0.0136,0.0000,0.0000,0.0121
SFO,to,1189,24,0.0197,0.0414,0.0128,0.0217,0.0052,0.0317,1.0000,0.0169
SFO,to,1190,24,0.0021,0.0018,0.0000,0.0000,0.0000,0.0000,0.0000,0.0000
SFO,to,1191,24,0.0041,0.0037,0.0000,0.0000,0.0021,0.0000,0.0000,0.0048
SFO,to,1192,24,0.0232,0.0233,0.0128,0.0217,0.0240,0.0159,0.0000,0.0217
SFO,to,1193,24,0.0097,0.0092,0.0032,0.0031,0.0094,0.0000,0.0000,0.0097
SFO,to,1194,24,0.0197,0.0193,0.0128,0.0186,0.0198,0.0000,0.0000,0.0217
SFO,to,1195,24,0.0767,0.0758,0.0575,0.0805,0.0782,0.0952,0.0000,0.0797
SFO,to,1196,24,0.0219,0.0212,0.0128,0.0217,0.0229,0.0000,0.0000,0.0217
SFO,to,1197,24,0.0021,0.0015,0.0000,0.0000,0.0000,0.0000,0.0000,0.0000
SFO,to,1198,24,0.0075,0.0068,0.0000,0.0031,0.0083,0.0000,0.0000,0.0048
SFO,to,1199,24,0.0031,0.0031,0.0000,0.0000,0.0010,0.0000,0.0000,0.0024
SFO,to,1200,24,0.0364,0.0362,0.0256,0.0372,0.0355,0.0317,0.0000,0.0362
SFO,to,1201,24,0.0158,0.0160,0.0096,0.0155,0.0146,0.0000,0.0000,0.0169
SFO,to,1202,24,0.0115,0.0117,0.0064,0.0062,0.0104,0.0000,0.0000,0.0097
SFO,to,1203,24,0.0022,0.0018,0.0000,0.0000,0.0000,0.0000,0.0000,0.0000
SFO,to,1204,24,0.0012,0.0006,0.0000,0.0000,0.0000,0.0000,0.0000,0.0000
SFO,to,1205,24,0.0121,0.0098,0.0990,0.0217,0.0198,0.0476,0.0000,0.0121
SFO,to,1206,24,0.0028,0.0015,0.0383,0.0031,0.0052,0.0000,0.0000,0.0024
SFO,to,1207,24,0.0157,0.0144,0.0575,0.0186,0.0198,0.0317,0.0000,0.0169
SFO,to,1208,24,0.0033,0.0031,0.0000,0.0000,0.0010,0.0000,0.0000,0.0024
SFO,to,1209,24,0.0088,0.0089,0.0000,0.0031,0.0094,0.0000,0.0000,0.0072
SFO,to,1210,24,0.0027,0.0021,0.0000,0.0000,0.0010,0.0000,0.0000,0.0024
SFO,to,1211,25,0.0359,0.0612,0.0192,0.0365,0.0212,0.0294,0.0381,0.0362
SFO,to,1212,25,0.0352,0.0312,0.0487,0.0438,0.0400,0.0588,0.0000,0.0370
SFO,to,1213,25,0.0237,0.0221,0.0150,0.0073,0.0212,0.0000,0.0000,0.0236
SFO,to,1214,25,0.0377,0.0306,0.1109,0.0657,0.0682,0.1765,0.0000,0.0435
SFO,to,1215,25,0.0374,0.0349,0.0218,0.0365,0.0306,0.0000,0.0000,0.0370
SFO,to,1216,25,0.0414,0.0387,0.0254,0.0365,0.0306,0.0000,0.0000,0.0411
SFO,to,1217,25,0.0527,0.0480,0.0316,0.0438,0.0400,0.0000,0.0000,0.0521
SFO,to,1218,25,0.0570,0.0530,0.0342,0.0511,0.0447,0.0000,0.0000,0.0566
SFO,to,1219,25,0.0250,0.0239,0.0161,0.0073,0.0212,0.0000,0.0000,0.0248
SFO,to,1220,25,0.0960,0.0891,0.0601,0.0876,0.0706,0.0588,0.0000,0.0948
SFO,to,1221,25,0.0243,0.0224,0.0150,0.0073,0.0212,0.0000,0.0000,0.0240
SFO,to,1222,25,0.0225,0.0495,0.0114,0.0292,0.0071,0.0000,0.0286,0.0228
SFO,to,1223,25,0.0045,0.0026,0.0301,0.0073,0.0141,0.0000,0.0000,0.0065
SFO,to,1224,25,0.0025,0.0020,0.0010,0.0000,0.0000,0.0000,0.0000,0.0028
SFO,to,1225,25,0.0021,0.0015,0.0000,0.0000,0.0000,0.0000,0.0000,0.0020
SFO,to,1226,25,0.0026,0.0020,0.0010,0.0000,0.0000,0.0000,0.0000,0.0028
SFO,to,1227,25,0.0160,0.0151,0.0093,0.0000,0.0094,0.0000,0.0000,0.0159
SFO,to,1228,25,0.0086,0.0082,0.0047,0.0000,0.0024,0.0000,0.0000,0.0094
SFO,to,1229,25,0.0036,0.0026,0.0021,0.0000,0.0000,0.0000,0.0000,0.0037
SFO,to,1230,25,0.0747,0.0673,0.1005,0.0949,0.0847,0.1471,0.0000,0.0781
SFO,to,1231,25,0.0169,0.0157,0.0093,0.0000,0.0118,0.0000,0.0000,0.0171
SFO,to,1232,25,0.0023,0.0020,0.0005,0.0000,0.0000,0.0000,0.0000,0.0024
SFO,to,1233,25,0.0203,0.0192,0.0135,0.0073,0.0141,0.0000,0.0000,0.0204
SFO,to,1234,25,0.0043,0.0023,0.0301,0.0073,0.0141,0.0000,0.0000,0.0061
SFO,to,1235,25,0.0022,0.0017,0.0005,0.0000,0.0000,0.0000,0.0000,0.0020
SFO,to,1236,25,0.0030,0.0023,0.0016,0.0000,0.0000,0.0000,0.0000,0.0028
SFO,to,1237,25,0.0047,0.0041,0.0021,0.0000,0.0000,0.0000,0.0000,0.0045
SFO,to,1238,25,0.0003,0.0000,0.0000,0.0000,0.0000,0.0000,0.0000,0.0000
SFO,to,1239,25,0.0394,0.0370,0.0238,0.0365,0.0306,0.0000,0.0000,0.0395
SFO,to,1240,25,0.0348,0.0306,0.0477,0.0438,0.0400,0.0588,0.0000,0.0370
SFO,to,1241,25,0.0010,0.0006,0.0000,0.0000,0.0000,0.0000,0.0000,0.0008
SFO,to,1242,25,0.0210,0.0192,0.0135,0.0073,0.0141,0.0000,0.0000,0.0208
SFO,to,1243,25,0.0577,0.0582,0.1021,0.1168,0.1694,0.2059,0.8952,0.0379
SFO,to,1244,25,0.0421,0.0393,0.0259,0.0365,0.0306,0.0000,0.0000,0.0419
SFO,to,1245,25,0.0493,0.0434,0.0845,0.0657,0.0635,0.1176,0.0000,0.0529
SFO,to,1246,25,0.0971,0.1182,0.0870,0.1241,0.0847,0.1471,0.0381,0.0989
SFO,to,1247,26,0.0391,0.0369,0.0133,0.0385,0.0327,0.0000,0.0000,0.0386
SFO,to,1248,26,0.0424,0.0400,0.0133,0.0385,0.0357,0.0000,0.0000,0.0421
SFO,to,1249,26,0.0979,0.1960,0.0825,0.1827,0.0565,0.2188,0.7778,0.0828
SFO,to,1250,26,0.0028,0.0022,0.0000,0.0000,0.0000,0.0000,0.0000,0.0025
SFO,to,1251,26,0.0280,0.0263,0.0088,0.0096,0.0268,0.0000,0.0000,0.0281
SFO,to,1252,26,0.0046,0.0038,0.0000,0.0000,0.0000,0.0000,0.0000,0.0045
SFO,to,1253,26,0.0073,0.0069,0.0022,0.0000,0.0000,0.0000,0.0000,0.0065
SFO,to,1254,26,0.0300,0.0278,0.0088,0.0096,0.0268,0.0000,0.0000,0.0296
SFO,to,1255,26,0.0173,0.0163,0.0052,0.0000,0.0060,0.0000,0.0000,0.0166
SFO,to,1256,26,0.0061,0.0050,0.0007,0.0000,0.0000,0.0000,0.0000,0.0060
SFO,to,1257,26,0.0030,0.0025,0.0000,0.0000,0.0000,0.0000,0.0000,0.0035
SFO,to,1258,26,0.0017,0.0016,0.0000,0.0000,0.0000,0.0000,0.0000,0.0015
SFO,to,1259,26,0.0021,0.0016,0.0000,0.0000,0.0000,0.0000,0.0000,0.0015
SFO,to,1260,26,0.0017,0.0013,0.0000,0.0000,0.0000,0.0000,0.0000,0.0015
SFO,to,1261,26,0.0152,0.0141,0.0037,0.0000,0.0060,0.0000,0.0000,0.0151
SFO,to,1262,26,0.0016,0.0009,0.0000,0.0000,0.0000,0.0000,0.0000,0.0010
SFO,to,1263,26,0.0014,0.0009,0.0000,0.0000,0.0000,0.0000,0.0000,0.0010
SFO,to,1264,26,0.0056,0.0019,0.0560,0.0096,0.0268,0.0625,0.0000,0.0085
SFO,to,1265,26,0.0085,0.0019,0.1053,0.0481,0.0476,0.1250,0.0000,0.0130
SFO,to,1266,26,0.0050,0.0041,0.0000,0.0000,0.0000,0.0000,0.0000,0.0045
SFO,to,1267,26,0.0243,0.0231,0.0074,0.0096,0.0238,0.0000,0.0000,0.0241
SFO,to,1268,26,0.0676,0.0631,0.0236,0.0577,0.0565,0.0000,0.0000,0.0662
SFO,to,1269,26,0.0508,0.0378,0.1804,0.1250,0.1071,0.2188,0.1111,0.0582
SFO,to,1270,26,0.0582,0.0541,0.0214,0.0481,0.0506,0.0000,0.0000,0.0577
SFO,to,1271,26,0.0639,0.0603,0.0228,0.0577,0.0536,0.0000,0.0000,0.0632
SFO,to,1272,26,0.0000,0.0000,0.0000,0.0000,0.0000,0.0000,0.0000,0.0000
SFO,to,1273,26,0.0312,0.0297,0.0103,0.0096,0.0268,0.0000,0.0000,0.0306
SFO,to,1274,26,0.0043,0.0034,0.0000,0.0000,0.0000,0.0000,0.0000,0.0045
SFO,to,1275,26,0.0092,0.0088,0.0029,0.0000,0.0030,0.0000,0.0000,0.0095
SFO,to,1276,26,0.0125,0.0122,0.0029,0.0000,0.0060,0.0000,0.0000,0.0125
SFO,to,1277,26,0.0305,0.0291,0.0088,0.0096,0.0268,0.0000,0.0000,0.0296
SFO,to,1278,26,0.0165,0.0156,0.0052,0.0000,0.0060,0.0000,0.0000,0.0166
SFO,to,1279,26,0.0247,0.0169,0.1186,0.0673,0.0655,0.1250,0.0000,0.0296
SFO,to,1280,26,0.0438,0.0297,0.2202,0.1538,0.1250,0.2500,0.1111,0.0532
SFO,to,1281,26,0.0026,0.0022,0.0000,0.0000,0.0000,0.0000,0.0000,0.0025
SFO,to,1282,26,0.0664,0.0625,0.0236,0.0577,0.0565,0.0000,0.0000,0.0652
SFO,to,1283,26,0.0055,0.0050,0.0007,0.0000,0.0000,0.0000,0.0000,0.0050
SFO,to,1284,26,0.0211,0.0194,0.0066,0.0000,0.0149,0.0000,0.0000,0.0211
SFO,to,1285,26,0.0304,0.0291,0.0088,0.0096,0.0268,0.0000,0.0000,0.0296
SFO,to,1286,26,0.0272,0.0256,0.0088,0.0096,0.0268,0.0000,0.0000,0.0266
SFO,to,1287,26,0.0099,0.0091,0.0029,0.0000,0.0030,0.0000,0.0000,0.0100
SFO,to,1288,26,0.0555,0.0513,0.0191,0.0481,0.0476,0.0000,0.0000,0.0542
SFO,to,1289,26,0.0040,0.0034,0.0000,0.0000,0.0000,0.0000,0.0000,0.0040
SFO,to,1290,26,0.0185,0.0169,0.0052,0.0000,0.0089,0.0000,0.0000,0.0176
SFO,to,1291,27,0.0046,0.0051,0.0005,0.0000,0.0000,0.0000,0.0000,0.0037
SFO,to,1292,27,0.1179,0.1240,0.0813,0.0828,0.0919,0.0861,0.0635,0.1125
SFO,to,1293,27,0.0579,0.0838,0.0075,0.0184,0.0176,0.0066,0.0000,0.0478
SFO,to,1294,27,0.0177,0.0218,0.0020,0.0000,0.0025,0.0000,0.0000,0.0144
SFO,to,1295,27,0.0548,0.0590,0.0329,0.0276,0.0365,0.0397,0.0000,0.0511
SFO,to,1296,27,0.0506,0.0616,0.0067,0.0153,0.0164,0.0000,0.0000,0.0420
SFO,to,1297,27,0.0399,0.0449,0.0192,0.0215,0.0239,0.0199,0.0000,0.0367
SFO,to,1298,27,0.0137,0.0081,0.0283,0.0215,0.0252,0.0331,0.0000,0.0173
SFO,to,1299,27,0.0407,0.0051,0.1520,0.1227,0.1272,0.1656,0.0952,0.0655
SFO,to,1300,27,0.0157,0.0192,0.0020,0.0000,0.0025,0.0000,0.0000,0.0132
SFO,to,1301,27,0.0457,0.0124,0.1500,0.1227,0.1272,0.1656,0.0952,0.0680
SFO,to,1302,27,0.0622,0.0761,0.0085,0.0184,0.0214,0.0000,0.0000,0.0519
SFO,to,1303,27,0.0475,0.0577,0.0065,0.0153,0.0164,0.0000,0.0000,0.0396
SFO,to,1304,27,0.0560,0.0607,0.0350,0.0368,0.0378,0.0464,0.0159,0.0523
SFO,to,1305,27,0.0043,0.0047,0.0005,0.0000,0.0000,0.0000,0.0000,0.0037
SFO,to,1306,27,0.0863,0.1159,0.0213,0.0337,0.0365,0.0265,0.0317,0.0734
SFO,to,1307,27,0.1853,0.1617,0.3281,0.3252,0.2985,0.3245,0.4603,0.2098
SFO,to,1308,27,0.0991,0.0778,0.1178,0.1380,0.1184,0.0861,0.2381,0.0969
SFO,to,1309,28,0.0686,0.0878,0.0218,0.0267,0.0308,0.0174,0.0000,0.0648
SFO,to,1310,28,0.0604,0.0641,0.0647,0.0649,0.0588,0.0696,0.0088,0.0670
SFO,to,1311,28,0.2275,0.2552,0.1800,0.1947,0.1695,0.1913,0.0263,0.2370
SFO,to,1312,28,0.0286,0.0290,0.0355,0.0267,0.0308,0.0348,0.0000,0.0327
SFO,to,1313,28,0.1665,0.1452,0.2709,0.2328,0.2185,0.3043,0.0482,0.2049
SFO,to,1314,28,0.1163,0.1398,0.0641,0.0725,0.0686,0.0696,0.0088,0.1152
SFO,to,1315,28,0.0803,0.0756,0.1136,0.0992,0.0966,0.1217,0.0175,0.0952
SFO,to,1316,28,0.0479,0.1155,0.0055,0.0191,0.0126,0.0000,0.0132,0.0410
SFO,to,1317,28,0.2039,0.0878,0.2440,0.2634,0.3137,0.1913,0.8772,0.1423
SFO,to,1318,29,0.0418,0.0367,0.0459,0.0450,0.0446,0.0513,0.0274,0.0427
SFO,to,1319,29,0.0294,0.0295,0.0069,0.0132,0.0135,0.0000,0.0000,0.0268
SFO,to,1320,29,0.0298,0.0383,0.0196,0.0212,0.0228,0.0256,0.0411,0.0285
SFO,to,1321,29,0.0236,0.0240,0.0058,0.0106,0.0124,0.0000,0.0000,0.0218
SFO,to,1322,29,0.0343,0.0322,0.0214,0.0212,0.0269,0.0256,0.0000,0.0330
SFO,to,1323,29,0.0779,0.0353,0.2805,0.2354,0.2176,0.2756,0.3014,0.1007
SFO,to,1324,29,0.0264,0.0167,0.0756,0.0608,0.0601,0.0833,0.0548,0.0330
SFO,to,1325,29,0.0636,0.0530,0.0902,0.0767,0.0819,0.0962,0.0548,0.0680
SFO,to,1326,29,0.0358,0.0357,0.0088,0.0159,0.0187,0.0000,0.0000,0.0327
SFO,to,1327,29,0.0275,0.0275,0.0066,0.0132,0.0135,0.0000,0.0000,0.0251
SFO,to,1328,29,0.0360,0.0322,0.0349,0.0344,0.0332,0.0449,0.0137,0.0365
SFO,to,1329,29,0.0225,0.0228,0.0053,0.0106,0.0104,0.0000,0.0000,0.0208
SFO,to,1330,29,0.0227,0.0232,0.0053,0.0106,0.0114,0.0000,0.0000,0.0208
SFO,to,1331,29,0.0138,0.0137,0.0035,0.0026,0.0062,0.0000,0.0000,0.0127
SFO,to,1332,29,0.0349,0.0414,0.0325,0.0344,0.0301,0.0449,0.0548,0.0345
SFO,to,1333,29,0.0218,0.0214,0.0053,0.0106,0.0104,0.0000,0.0000,0.0201
SFO,to,1334,29,0.0257,0.0259,0.0063,0.0106,0.0135,0.0000,0.0000,0.0233
SFO,to,1335,29,0.0338,0.0334,0.0082,0.0132,0.0176,0.0000,0.0000,0.0308
SFO,to,1336,29,0.0887,0.0874,0.0338,0.0529,0.0549,0.0385,0.0000,0.0826
SFO,to,1337,29,0.0368,0.0475,0.0838,0.0714,0.0684,0.0962,0.0959,0.0419
SFO,to,1338,29,0.0150,0.0155,0.0041,0.0026,0.0093,0.0000,0.0000,0.0139
SFO,to,1339,29,0.0253,0.0257,0.0063,0.0106,0.0135,0.0000,0.0000,0.0231
SFO,to,1340,29,0.0330,0.0326,0.0082,0.0132,0.0166,0.0000,0.0000,0.0305
SFO,to,1341,29,0.0409,0.0514,0.0091,0.0212,0.0197,0.0128,0.0274,0.0370
SFO,to,1342,29,0.0418,0.0630,0.0605,0.0714,0.0508,0.0641,0.1644,0.0409
SFO,to,1343,29,0.0111,0.0110,0.0028,0.0000,0.0041,0.0000,0.0000,0.0102
SFO,to,1344,29,0.0025,0.0022,0.0005,0.0000,0.0000,0.0000,0.0000,0.0022
SFO,to,1345,29,0.0114,0.0114,0.0028,0.0000,0.0052,0.0000,0.0000,0.0104
SFO,to,1346,29,0.0257,0.0259,0.0063,0.0106,0.0135,0.0000,0.0000,0.0233
SFO,to,1347,29,0.0666,0.0836,0.1193,0.1058,0.0995,0.1410,0.1644,0.0722
SFO,to,1348,30,0.0098,0.0034,0.0577,0.0342,0.0324,0.0530,0.0183,0.0142
SFO,to,1349,30,0.0138,0.0096,0.0360,0.0228,0.0249,0.0379,0.0000,0.0162
SFO,to,1350,30,0.0389,0.0515,0.0082,0.0228,0.0205,0.0152,0.0367,0.0355
SFO,to,1351,30,0.0211,0.0209,0.0049,0.0114,0.0141,0.0000,0.0000,0.0203
SFO,to,1352,30,0.0345,0.0335,0.0074,0.0199,0.0216,0.0076,0.0000,0.0335
SFO,to,1353,30,0.0368,0.0361,0.0082,0.0199,0.0238,0.0152,0.0000,0.0357
SFO,to,1354,30,0.0578,0.0563,0.0119,0.0342,0.0335,0.0152,0.0000,0.0555
SFO,to,1355,30,0.0044,0.0043,0.0008,0.0000,0.0011,0.0000,0.0000,0.0043
SFO,to,1356,30,0.0160,0.0153,0.0035,0.0028,0.0097,0.0000,0.0000,0.0157
SFO,to,1357,30,0.0186,0.0183,0.0037,0.0085,0.0108,0.0000,0.0000,0.0179
SFO,to,1358,30,0.0280,0.0274,0.0063,0.0142,0.0173,0.0000,0.0000,0.0270
SFO,to,1359,30,0.0197,0.0183,0.0149,0.0142,0.0184,0.0152,0.0000,0.0203
SFO,to,1360,30,0.0015,0.0014,0.0000,0.0000,0.0000,0.0000,0.0000,0.0017
SFO,to,1361,30,0.0124,0.0242,0.0133,0.0142,0.0097,0.0152,0.0367,0.0106
SFO,to,1362,30,0.0018,0.0016,0.0000,0.0000,0.0000,0.0000,0.0000,0.0017
SFO,to,1363,30,0.0386,0.0702,0.0876,0.0769,0.0508,0.1061,0.1284,0.0379
SFO,to,1364,30,0.0055,0.0056,0.0008,0.0000,0.0011,0.0000,0.0000,0.0055
SFO,to,1365,30,0.0318,0.0245,0.0661,0.0541,0.0486,0.0758,0.0275,0.0359
SFO,to,1366,30,0.0999,0.0871,0.1167,0.1453,0.1276,0.0909,0.5229,0.0885
SFO,to,1367,30,0.0333,0.0304,0.0295,0.0256,0.0314,0.0303,0.0000,0.0340
SFO,to,1368,30,0.0465,0.0848,0.0197,0.0484,0.0216,0.0530,0.1009,0.0396
SFO,to,1369,30,0.0350,0.0268,0.0755,0.0598,0.0584,0.0833,0.0275,0.0396
SFO,to,1370,30,0.0304,0.0299,0.0066,0.0171,0.0195,0.0000,0.0000,0.0297
SFO,to,1371,30,0.0224,0.0220,0.0053,0.0114,0.0141,0.0000,0.0000,0.0215
SFO,to,1372,30,0.0168,0.0163,0.0037,0.0057,0.0097,0.0000,0.0000,0.0162
SFO,to,1373,30,0.0053,0.0025,0.0237,0.0142,0.0141,0.0227,0.0000,0.0070
SFO,to,1374,30,0.0045,0.0026,0.0119,0.0028,0.0097,0.0076,0.0000,0.0055
SFO,to,1375,30,0.0166,0.0163,0.0037,0.0057,0.0097,0.0000,0.0000,0.0159
SFO,to,1376,30,0.0427,0.0161,0.2479,0.1567,0.1503,0.2576,0.1009,0.0618
SFO,to,1377,30,0.0058,0.0056,0.0008,0.0000,0.0011,0.0000,0.0000,0.0055
SFO,to,1378,30,0.0052,0.0037,0.0119,0.0028,0.0097,0.0076,0.0000,0.0060
SFO,to,1379,30,0.0101,0.0084,0.0133,0.0114,0.0119,0.0152,0.0000,0.0106
SFO,to,1380,30,0.0307,0.0276,0.0307,0.0256,0.0314,0.0303,0.0000,0.0314
SFO,to,1381,30,0.0219,0.0214,0.0053,0.0114,0.0141,0.0000,0.0000,0.0212
SFO,to,1382,30,0.0320,0.0313,0.0070,0.0171,0.0205,0.0076,0.0000,0.0306
SFO,to,1383,30,0.0356,0.0347,0.0076,0.0199,0.0238,0.0076,0.0000,0.0340
SFO,to,1384,30,0.0240,0.0236,0.0053,0.0142,0.0141,0.0000,0.0000,0.0229
SFO,to,1385,30,0.0203,0.0177,0.0278,0.0228,0.0249,0.0303,0.0000,0.0220
SFO,to,1386,30,0.0136,0.0133,0.0025,0.0028,0.0097,0.0000,0.0000,0.0130
SFO,to,1387,30,0.0295,0.0290,0.0063,0.0142,0.0184,0.0000,0.0000,0.0282
SFO,to,1388,30,0.0268,0.0264,0.0059,0.0142,0.0162,0.0000,0.0000,0.0258
SFO,to,1389,31,0.1182,0.1398,0.3356,0.3016,0.2361,0.3729,0.1009,0.1479
SFO,to,1390,31,0.0137,0.0144,0.0040,0.0000,0.0027,0.0000,0.0000,0.0133
SFO,to,1391,31,0.0101,0.0040,0.0486,0.0317,0.0345,0.0508,0.0000,0.0159
SFO,to,1392,31,0.0493,0.0511,0.0160,0.0159,0.0239,0.0000,0.0000,0.0477
SFO,to,1393,31,0.0400,0.0412,0.0138,0.0079,0.0239,0.0000,0.0000,0.0385
SFO,to,1394,31,0.1028,0.1344,0.0312,0.0635,0.0477,0.0339,0.0183,0.0988
SFO,to,1395,31,0.1025,0.1230,0.1208,0.1349,0.1061,0.1356,0.0367,0.1081
SFO,to,1396,31,0.1579,0.1596,0.0526,0.0714,0.0769,0.0508,0.0000,0.1532
SFO,to,1397,31,0.0511,0.0461,0.0615,0.0556,0.0531,0.0678,0.0000,0.0557
SFO,to,1398,31,0.0421,0.0431,0.0138,0.0079,0.0239,0.0000,0.0000,0.0405
SFO,to,1399,31,0.0565,0.0297,0.0526,0.0556,0.1034,0.0508,0.4128,0.0351
SFO,to,1400,31,0.0688,0.0585,0.1070,0.1032,0.0796,0.1186,0.0092,0.0776
SFO,to,1401,31,0.0630,0.0640,0.0205,0.0317,0.0345,0.0000,0.0000,0.0610
SFO,to,1402,31,0.0689,0.0476,0.0138,0.0317,0.0769,0.0000,0.4037,0.0424
SFO,to,1403,31,0.0551,0.0436,0.1083,0.0873,0.0769,0.1186,0.0183,0.0643
SFO,to,1404,32,0.0570,0.0515,0.0263,0.0392,0.0432,0.0000,0.0000,0.0571
SFO,to,1405,32,0.0354,0.0325,0.0153,0.0098,0.0324,0.0000,0.0000,0.0360
SFO,to,1406,32,0.0394,0.0360,0.0161,0.0098,0.0324,0.0000,0.0000,0.0401
SFO,to,1407,32,0.0650,0.0443,0.2814,0.1667,0.1547,0.2564,0.0462,0.0809
SFO,to,1408,32,0.1603,0.2110,0.1966,0.2255,0.1511,0.2564,0.1231,0.1604
SFO,to,1409,32,0.1271,0.1520,0.0517,0.0882,0.0827,0.0769,0.0615,0.1244
SFO,to,1410,32,0.0311,0.0281,0.0144,0.0098,0.0180,0.0000,0.0000,0.0313
SFO,to,1411,32,0.1208,0.0887,0.0415,0.0784,0.1511,0.0513,0.6769,0.0945
SFO,to,1412,32,0.1456,0.1698,0.0602,0.1275,0.0971,0.1026,0.0615,0.1428
SFO,to,1413,32,0.0623,0.0447,0.2263,0.1275,0.1295,0.1795,0.0308,0.0748
SFO,to,1414,32,0.1562,0.1413,0.0703,0.1176,0.1079,0.0769,0.0000,0.1577
SFO,to,1415,33,0.0342,0.0267,0.0640,0.0526,0.0541,0.0606,0.0345,0.0375
SFO,to,1416,33,0.0126,0.0094,0.0299,0.0186,0.0232,0.0303,0.0000,0.0147
SFO,to,1417,33,0.0054,0.0024,0.0275,0.0155,0.0167,0.0303,0.0000,0.0079
SFO,to,1418,33,0.0311,0.0260,0.0372,0.0279,0.0347,0.0303,0.0000,0.0322
SFO,to,1419,33,0.0232,0.0214,0.0075,0.0124,0.0154,0.0000,0.0000,0.0220
SFO,to,1420,33,0.0886,0.0980,0.0277,0.0588,0.0541,0.0379,0.0690,0.0823
SFO,to,1421,33,0.0785,0.0938,0.1577,0.1269,0.1210,0.1667,0.2069,0.0847
SFO,to,1422,33,0.0673,0.0779,0.0209,0.0433,0.0373,0.0303,0.0690,0.0629
SFO,to,1423,33,0.0674,0.0603,0.0365,0.0526,0.0541,0.0379,0.0000,0.0653
SFO,to,1424,33,0.0352,0.0495,0.0103,0.0217,0.0167,0.0152,0.0690,0.0322
SFO,to,1425,33,0.0818,0.0471,0.2989,0.2105,0.2136,0.2652,0.2586,0.1020
SFO,to,1426,33,0.0866,0.0938,0.0537,0.0712,0.0682,0.0606,0.0862,0.0831
SFO,to,1427,33,0.0676,0.0596,0.0460,0.0557,0.0553,0.0530,0.0000,0.0661
SFO,to,1428,33,0.0157,0.0115,0.0310,0.0217,0.0245,0.0303,0.0000,0.0173
SFO,to,1429,33,0.0397,0.0512,0.0260,0.0279,0.0296,0.0303,0.0690,0.0375
SFO,to,1430,33,0.0513,0.0798,0.0145,0.0402,0.0245,0.0303,0.1034,0.0461
SFO,to,1431,33,0.0649,0.0596,0.0216,0.0372,0.0386,0.0227,0.0000,0.0611
SFO,to,1432,33,0.0481,0.0404,0.0567,0.0526,0.0553,0.0530,0.0345,0.0496
SFO,to,1433,33,0.0287,0.0263,0.0092,0.0155,0.0167,0.0000,0.0000,0.0270
SFO,to,1434,33,0.0402,0.0366,0.0130,0.0217,0.0257,0.0152,0.0000,0.0383
SFO,to,1435,33,0.0319,0.0286,0.0103,0.0155,0.0206,0.0000,0.0000,0.0302
SFO,to,1436,34,0.0651,0.0770,0.0188,0.0437,0.0404,0.0256,0.0800,0.0604
SFO,to,1437,34,0.0864,0.1189,0.0439,0.0720,0.0575,0.0641,0.2200,0.0799
SFO,to,1438,34,0.0826,0.0688,0.2726,0.1825,0.1816,0.2564,0.3000,0.0984
SFO,to,1439,34,0.0379,0.0383,0.0110,0.0206,0.0232,0.0128,0.0000,0.0358
SFO,to,1440,34,0.0624,0.0608,0.0388,0.0488,0.0505,0.0449,0.0000,0.0608
SFO,to,1441,34,0.0448,0.0451,0.0135,0.0231,0.0283,0.0128,0.0000,0.0424
SFO,to,1442,34,0.0634,0.0634,0.0192,0.0411,0.0424,0.0256,0.0000,0.0604
SFO,to,1443,34,0.0420,0.0422,0.0126,0.0206,0.0272,0.0128,0.0000,0.0399
SFO,to,1444,34,0.0507,0.0543,0.0921,0.0746,0.0727,0.0897,0.1200,0.0534
SFO,to,1445,34,0.0647,0.0647,0.0192,0.0437,0.0424,0.0256,0.0000,0.0613
SFO,to,1446,34,0.0674,0.0656,0.0394,0.0514,0.0545,0.0449,0.0000,0.0655
SFO,to,1447,34,0.0276,0.0277,0.0080,0.0154,0.0182,0.0064,0.0000,0.0263
SFO,to,1448,34,0.0886,0.0806,0.1067,0.0977,0.0999,0.1026,0.0800,0.0905
SFO,to,1449,34,0.0024,0.0023,0.0006,0.0000,0.0000,0.0000,0.0000,0.0021
SFO,to,1450,34,0.0657,0.0659,0.0196,0.0437,0.0424,0.0256,0.0000,0.0621
SFO,to,1451,34,0.0477,0.0481,0.0143,0.0231,0.0293,0.0128,0.0000,0.0454
SFO,to,1452,34,0.0538,0.0499,0.0565,0.0566,0.0545,0.0513,0.0400,0.0543
SFO,to,1453,34,0.0271,0.0067,0.2072,0.1311,0.1221,0.1859,0.1600,0.0424
SFO,to,1454,34,0.0195,0.0197,0.0059,0.0103,0.0131,0.0000,0.0000,0.0187
SJC,from,1,1,0.0111,0.0398,0.0084,0.0045,0.0032,0.0000,0.0000,0.0000
SJC,from,2,1,0.0212,0.0572,0.0204,0.0223,0.0224,0.0000,0.0175,0.0000
SJC,from,3,1,0.0037,0.0000,0.0049,0.0000,0.0000,0.0000,0.0000,0.0000
SJC,from,4,1,0.0211,0.0448,0.0228,0.0223,0.0224,0.0000,0.0175,0.0000
SJC,from,5,1,0.0463,0.0522,0.0598,0.0625,0.0577,0.0789,0.0702,0.0000
SJC,from,6,1,0.0264,0.0025,0.0375,0.0402,0.0417,0.0526,0.0526,0.0000
SJC,from,7,1,0.1273,0.0274,0.1837,0.2009,0.1827,0.2105,0.2105,0.5000
SJC,from,8,1,0.0236,0.0025,0.0321,0.0268,0.0353,0.0263,0.0351,0.0000
SJC,from,9,1,0.0143,0.0299,0.0119,0.0089,0.0128,0.0000,0.0000,0.0000
SJC,from,10,1,0.0307,0.0199,0.0403,0.0446,0.0449,0.0526,0.0526,0.0000
SJC,from,11,1,0.0554,0.0025,0.0810,0.0714,0.0801,0.0789,0.0702,0.0000
SJC,from,12,1,0.0330,0.0249,0.0432,0.0446,0.0481,0.0526,0.0526,0.0000
SJC,from,13,1,0.0037,0.0100,0.0025,0.0000,0.0000,0.0000,0.0000,0.0000
SJC,from,14,1,0.0053,0.0199,0.0032,0.0000,0.0000,0.0000,0.0000,0.0000
SJC,from,15,1,0.0151,0.0522,0.0095,0.0089,0.0096,0.0000,0.0000,0.0000
SJC,from,16,1,0.0217,0.0896,0.0049,0.0089,0.0064,0.0000,0.0000,0.0000
SJC,from,17,1,0.0276,0.0522,0.0032,0.0045,0.0064,0.0000,0.0000,0.0000
SJC,from,18,1,0.0060,0.0174,0.0011,0.0000,0.0000,0.0000,0.0000,0.0000
SJC,from,19,1,0.0123,0.0199,0.0009,0.0000,0.0000,0.0000,0.0000,0.0000
SJC,from,20,1,0.0080,0.0025,0.0097,0.0045,0.0032,0.0000,0.0000,0.0000
SJC,from,21,1,0.0013,0.0000,0.0011,0.0000,0.0000,0.0000,0.0000,0.0000
SJC,from,22,1,0.0415,0.0721,0.0375,0.0446,0.0449,0.0526,0.0526,0.0000
SJC,from,23,1,0.0053,0.0100,0.0015,0.0000,0.0000,0.0000,0.0000,0.0000
SJC,from,24,1,0.0110,0.0373,0.0084,0.0045,0.0032,0.0000,0.0000,0.0000
SJC,from,25,1,0.0161,0.0025,0.0220,0.0223,0.0224,0.0000,0.0175,0.0000
SJC,from,26,1,0.0013,0.0025,0.0011,0.0000,0.0000,0.0000,0.0000,0.0000
SJC,from,27,1,0.0010,0.0000,0.0004,0.0000,0.0000,0.0000,0.0000,0.0000
SJC,from,28,1,0.0443,0.0274,0.0389,0.0446,0.0481,0.0789,0.0526,0.0000
SJC,from,29,1,0.0276,0.0174,0.0227,0.0223,0.0256,0.0263,0.0175,0.0000
SJC,from,30,1,0.0063,0.0025,0.0070,0.0045,0.0000,0.0000,0.0000,0.0000
SJC,from,31,1,0.0123,0.0000,0.0170,0.0089,0.0160,0.0000,0.0175,0.0000
SJC,from,32,1,0.0022,0.0025,0.0000,0.0000,0.0000,0.0000,0.0000,0.0000
SJC,from,33,1,0.0103,0.0149,0.0005,0.0000,0.0000,0.0000,0.0000,0.0000
SJC,from,34,1,0.0194,0.0274,0.0015,0.0000,0.0000,0.0000,0.0000,0.0000
SJC,from,35,1,0.0236,0.0348,0.0014,0.0000,0.0000,0.0000,0.0000,0.0000
SJC,from,36,1,0.0086,0.0100,0.0092,0.0045,0.0000,0.0000,0.0000,0.0000
SJC,from,37,1,0.0046,0.0025,0.0009,0.0000,0.0000,0.0000,0.0000,0.0000
SJC,from,38,1,0.0244,0.0373,0.0025,0.0000,0.0032,0.0000,0.0000,0.0000
SJC,from,39,1,0.0393,0.0274,0.0341,0.0402,0.0417,0.0526,0.0351,0.0000
SJC,from,40,1,0.0246,0.0373,0.0026,0.0000,0.0032,0.0000,0.0000,0.0000
SJC,from,41,1,0.1534,0.0572,0.2085,0.2277,0.2147,0.2368,0.2281,0.5000
SJC,from,42,1,0.0080,0.0100,0.0002,0.0000,0.0000,0.0000,0.0000,0.0000
SJC,from,43,2,0.0314,0.0304,0.0264,0.0000,0.0000,0.0000,0.0000,0.0000
SJC,from,44,2,0.0554,0.0541,0.1415,0.2632,0.2581,1.0000,0.5000,0.0000
SJC,from,45,2,0.0356,0.0338,0.0639,0.0526,0.1290,0.0000,0.0000,0.0000
SJC,from,46,2,0.0395,0.0439,0.0247,0.0526,0.0323,0.0000,0.0000,0.0000
SJC,from,47,2,0.0177,0.0203,0.0077,0.0000,0.0000,0.0000,0.0000,0.0000
SJC,from,48,2,0.0222,0.0236,0.0060,0.0000,0.0000,0.0000,0.0000,0.0000
SJC,from,49,2,0.0308,0.0338,0.0077,0.0000,0.0000,0.0000,0.0000,0.0000
SJC,from,50,2,0.0434,0.0304,0.1066,0.1053,0.1935,0.0000,0.0000,0.0000
SJC,from,51,2,0.0207,0.0203,0.0051,0.0000,0.0000,0.0000,0.0000,0.0000
SJC,from,52,2,0.0162,0.0135,0.0341,0.0000,0.0000,0.0000,0.0000,0.0000
SJC,from,53,2,0.0024,0.0101,0.0051,0.0000,0.0000,0.0000,0.0000,0.0000
SJC,from,54,2,0.0255,0.0236,0.0264,0.0000,0.0000,0.0000,0.0000,0.0000
SJC,from,55,2,0.0117,0.0135,0.0017,0.0000,0.0000,0.0000,0.0000,0.0000
SJC,from,56,2,0.0003,0.0000,0.0000,0.0000,0.0000,0.0000,0.0000,0.0000
SJC,from,57,2,0.0180,0.0203,0.0034,0.0000,0.0000,0.0000,0.0000,0.0000
SJC,from,58,2,0.0162,0.0169,0.0034,0.0000,0.0000,0.0000,0.0000,0.0000
SJC,from,59,2,0.0276,0.0304,0.0085,0.0000,0.0000,0.0000,0.0000,0.0000
SJC,from,60,2,0.0162,0.0203,0.0026,0.0000,0.0000,0.0000,0.0000,0.0000
SJC,from,61,2,0.0066,0.0034,0.0000,0.0000,0.0000,0.0000,0.0000,0.0000
SJC,from,62,2,0.0282,0.0338,0.0077,0.0000,0.0000,0.0000,0.0000,0.0000
SJC,from,63,2,0.0201,0.0203,0.0111,0.0000,0.0000,0.0000,0.0000,0.0000
SJC,from,64,2,0.0264,0.0270,0.0085,0.0000,0.0000,0.0000,0.0000,0.0000
SJC,from,65,2,0.0240,0.0236,0.0068,0.0000,0.0000,0.0000,0.0000,0.0000
SJC,from,66,2,0.0186,0.0203,0.0034,0.0000,0.0000,0.0000,0.0000,0.0000
SJC,from,67,2,0.0198,0.0203,0.0051,0.0000,0.0000,0.0000,0.0000,0.0000
SJC,from,68,2,0.0114,0.0135,0.0017,0.0000,0.0000,0.0000,0.0000,0.0000
SJC,from,69,2,0.0291,0.0372,0.0085,0.0000,0.0000,0.0000,0.0000,0.0000
SJC,from,70,2,0.0308,0.0338,0.0102,0.0000,0.0000,0.0000,0.0000,0.0000
SJC,from,71,2,0.0320,0.0372,0.0205,0.0000,0.0000,0.0000,0.0000,0.0000
SJC,from,72,2,0.0111,0.0135,0.0017,0.0000,0.0000,0.0000,0.0000,0.0000
SJC,from,73,2,0.0165,0.0135,0.0102,0.0000,0.0000,0.0000,0.0000,0.0000
SJC,from,74,2,0.0180,0.0169,0.0486,0.0526,0.0000,0.0000,0.0000,0.0000
SJC,from,75,2,0.0386,0.0203,0.1458,0.2632,0.2258,0.0000,0.5000,0.0000
SJC,from,76,2,0.0066,0.0034,0.0102,0.0000,0.0000,0.0000,0.0000,0.0000
SJC,from,77,2,0.0039,0.0034,0.0000,0.0000,0.0000,0.0000,0.0000,0.0000
SJC,from,78,2,0.0015,0.0000,0.0000,0.0000,0.0000,0.0000,0.0000,0.0000
SJC,from,79,2,0.0078,0.0034,0.0358,0.0000,0.0000,0.0000,0.0000,0.0000
SJC,from,80,2,0.0063,0.0034,0.0000,0.0000,0.0000,0.0000,0.0000,0.0000
SJC,from,81,2,0.0314,0.0270,0.0818,0.1053,0.1613,0.0000,0.0000,0.0000
SJC,from,82,2,0.0135,0.0135,0.0102,0.0000,0.0000,0.0000,0.0000,0.0000
SJC,from,83,2,0.0219,0.0203,0.0051,0.0000,0.0000,0.0000,0.0000,0.0000
SJC,from,84,2,0.0264,0.0203,0.0341,0.0526,0.0000,0.0000,0.0000,0.0000
SJC,from,85,2,0.0132,0.0135,0.0017,0.0000,0.0000,0.0000,0.0000,0.0000
SJC,from,86,2,0.0234,0.0270,0.0162,0.0000,0.0000,0.0000,0.0000,0.0000
SJC,from,87,2,0.0162,0.0169,0.0026,0.0000,0.0000,0.0000,0.0000,0.0000
SJC,from,88,2,0.0273,0.0304,0.0298,0.0526,0.0000,0.0000,0.0000,0.0000
SJC,from,89,2,0.0392,0.0439,0.0077,0.0000,0.0000,0.0000,0.0000,0.0000
SJC,from,90,3,0.0290,0.0491,0.0983,0.1923,0.1587,0.4000,0.5000,0.0000
SJC,from,91,3,0.0254,0.0236,0.0137,0.0000,0.0317,0.0000,0.0000,0.0000
SJC,from,92,3,0.0177,0.0164,0.0090,0.0000,0.0000,0.0000,0.0000,0.0000
SJC,from,93,3,0.0323,0.0327,0.0180,0.0385,0.0794,0.0000,0.0000,0.0000
SJC,from,94,3,0.0119,0.0109,0.0058,0.0000,0.0000,0.0000,0.0000,0.0000
SJC,from,95,3,0.0165,0.0145,0.0085,0.0000,0.0000,0.0000,0.0000,0.0000
SJC,from,96,3,0.0133,0.0109,0.0063,0.0000,0.0000,0.0000,0.0000,0.0000
SJC,from,97,3,0.0158,0.0127,0.0085,0.0000,0.0000,0.0000,0.0000,0.0000
SJC,from,98,3,0.0196,0.0182,0.0106,0.0000,0.0000,0.0000,0.0000,0.0000
SJC,from,99,3,0.0148,0.0127,0.0069,0.0000,0.0000,0.0000,0.0000,0.0000
SJC,from,100,3,0.0124,0.0073,0.0396,0.0385,0.0317,0.0000,0.0000,0.0000
SJC,from,101,3,0.0030,0.0073,0.0011,0.0000,0.0000,0.0000,0.0000,0.0000
SJC,from,102,3,0.0144,0.0127,0.0069,0.0000,0.0000,0.0000,0.0000,0.0000
SJC,from,103,3,0.0244,0.0382,0.0137,0.0385,0.0317,0.0000,0.0000,0.0000
SJC,from,104,3,0.0134,0.0091,0.0232,0.0385,0.0000,0.0000,0.0000,0.0000
SJC,from,105,3,0.0072,0.0073,0.0048,0.0000,0.0000,0.0000,0.0000,0.0000
SJC,from,106,3,0.0057,0.0218,0.0164,0.0000,0.0000,0.0000,0.0000,0.0000
SJC,from,107,3,0.0104,0.0036,0.0539,0.0769,0.0635,0.0000,0.0000,0.0000
SJC,from,108,3,0.0037,0.0109,0.0185,0.0000,0.0000,0.0000,0.0000,0.0000
SJC,from,109,3,0.0071,0.0273,0.0211,0.0385,0.0000,0.0000,0.0000,0.0000
SJC,from,110,3,0.0001,0.0000,0.0000,0.0000,0.0000,0.0000,0.0000,0.0000
SJC,from,111,3,0.0098,0.0200,0.0211,0.0385,0.0000,0.0000,0.0000,0.0000
SJC,from,112,3,0.0127,0.0091,0.0227,0.0000,0.0000,0.0000,0.0000,0.0000
SJC,from,113,3,0.0291,0.0418,0.0164,0.0385,0.0635,0.0000,0.0000,0.0000
SJC,from,114,3,0.0169,0.0145,0.0090,0.0000,0.0000,0.0000,0.0000,0.0000
SJC,from,115,3,0.0081,0.0073,0.0048,0.0000,0.0000,0.0000,0.0000,0.0000
SJC,from,116,3,0.0178,0.0200,0.0248,0.0385,0.0317,0.0000,0.0000,0.0000
SJC,from,117,3,0.0096,0.0073,0.0048,0.0000,0.0000,0.0000,0.0000,0.0000
SJC,from,118,3,0.0116,0.0109,0.0053,0.0000,0.0000,0.0000,0.0000,0.0000
SJC,from,119,3,0.0066,0.0055,0.0042,0.0000,0.0000,0.0000,0.0000,0.0000
SJC,from,120,3,0.0169,0.0145,0.0090,0.0000,0.0000,0.0000,0.0000,0.0000
SJC,from,121,3,0.0148,0.0127,0.0069,0.0000,0.0000,0.0000,0.0000,0.0000
SJC,from,122,3,0.0213,0.0200,0.0127,0.0000,0.0159,0.0000,0.0000,0.0000
SJC,from,123,3,0.0162,0.0127,0.0085,0.0000,0.0000,0.0000,0.0000,0.0000
SJC,from,124,3,0.0077,0.0073,0.0048,0.0000,0.0000,0.0000,0.0000,0.0000
SJC,from,125,3,0.0106,0.0091,0.0048,0.0000,0.0000,0.0000,0.0000,0.0000
SJC,from,126,3,0.0089,0.0073,0.0048,0.0000,0.0000,0.0000,0.0000,0.0000
SJC,from,127,3,0.0188,0.0182,0.0100,0.0000,0.0000,0.0000,0.0000,0.0000
SJC,from,128,3,0.0222,0.0200,0.0127,0.0000,0.0317,0.0000,0.0000,0.0000
SJC,from,129,3,0.0205,0.0182,0.0111,0.0000,0.0159,0.0000,0.0000,0.0000
SJC,from,130,3,0.0196,0.0236,0.0106,0.0000,0.0000,0.0000,0.0000,0.0000
SJC,from,131,3,0.0314,0.0291,0.0174,0.0385,0.0794,0.0000,0.0000,0.0000
SJC,from,132,3,0.0178,0.0164,0.0095,0.0000,0.0000,0.0000,0.0000,0.0000
SJC,from,133,3,0.0244,0.0200,0.0301,0.0385,0.0794,0.0000,0.0000,0.0000
SJC,from,134,3,0.0210,0.0200,0.0116,0.0000,0.0159,0.0000,0.0000,0.0000
SJC,from,135,3,0.0151,0.0127,0.0074,0.0000,0.0000,0.0000,0.0000,0.0000
SJC,from,136,3,0.0104,0.0091,0.0048,0.0000,0.0000,0.0000,0.0000,0.0000
SJC,from,137,3,0.0187,0.0182,0.0100,0.0000,0.0000,0.0000,0.0000,0.0000
SJC,from,138,3,0.0158,0.0127,0.0085,0.0000,0.0000,0.0000,0.0000,0.0000
SJC,from,139,3,0.0104,0.0091,0.0048,0.0000,0.0000,0.0000,0.0000,0.0000
SJC,from,140,3,0.0109,0.0073,0.0227,0.0000,0.0000,0.0000,0.0000,0.0000
SJC,from,141,3,0.0005,0.0000,0.0000,0.0000,0.0000,0.0000,0.0000,0.0000
SJC,from,142,3,0.0066,0.0109,0.0370,0.0385,0.0159,0.0000,0.0000,0.0000
SJC,from,143,3,0.0001,0.0000,0.0000,0.0000,0.0000,0.0000,0.0000,0.0000
SJC,from,144,3,0.0008,0.0000,0.0000,0.0000,0.0000,0.0000,0.0000,0.0000
SJC,from,145,3,0.0014,0.0000,0.0000,0.0000,0.0000,0.0000,0.0000,0.0000
SJC,from,146,3,0.0019,0.0000,0.0137,0.0000,0.0000,0.0000,0.0000,0.0000
SJC,from,147,3,0.0041,0.0145,0.0016,0.0000,0.0000,0.0000,0.0000,0.0000
SJC,from,148,3,0.0008,0.0000,0.0000,0.0000,0.0000,0.0000,0.0000,0.0000
SJC,from,149,3,0.0100,0.0073,0.0069,0.0000,0.0000,0.0000,0.0000,0.0000
SJC,from,150,3,0.0049,0.0018,0.0021,0.0000,0.0000,0.0000,0.0000,0.0000
SJC,from,151,3,0.0047,0.0018,0.0016,0.0000,0.0000,0.0000,0.0000,0.0000
SJC,from,152,3,0.0135,0.0109,0.0063,0.0000,0.0000,0.0000,0.0000,0.0000
SJC,from,153,3,0.0104,0.0091,0.0048,0.0000,0.0000,0.0000,0.0000,0.0000
SJC,from,154,3,0.0073,0.0073,0.0048,0.0000,0.0000,0.0000,0.0000,0.0000
SJC,from,155,3,0.0074,0.0073,0.0048,0.0000,0.0000,0.0000,0.0000,0.0000
SJC,from,156,3,0.0064,0.0055,0.0037,0.0000,0.0000,0.0000,0.0000,0.0000
SJC,from,157,3,0.0008,0.0000,0.0000,0.0000,0.0000,0.0000,0.0000,0.0000
SJC,from,158,3,0.0008,0.0000,0.0000,0.0000,0.0000,0.0000,0.0000,0.0000
SJC,from,159,3,0.0119,0.0109,0.0058,0.0000,0.0000,0.0000,0.0000,0.0000
SJC,from,160,3,0.0124,0.0109,0.0063,0.0000,0.0000,0.0000,0.0000,0.0000
SJC,from,161,3,0.0079,0.0073,0.0048,0.0000,0.0000,0.0000,0.0000,0.0000
SJC,from,162,3,0.0114,0.0091,0.0053,0.0000,0.0000,0.0000,0.0000,0.0000
SJC,from,163,3,0.0084,0.0073,0.0048,0.0000,0.0000,0.0000,0.0000,0.0000
SJC,from,164,3,0.0238,0.0218,0.0137,0.0000,0.0317,0.0000,0.0000,0.0000
SJC,from,165,3,0.0171,0.0145,0.0090,0.0000,0.0000,0.0000,0.0000,0.0000
SJC,from,166,3,0.0363,0.0273,0.1363,0.3077,0.2222,0.6000,0.5000,0.0000
SJC,from,167,3,0.0148,0.0127,0.0069,0.0000,0.0000,0.0000,0.0000,0.0000
SJC,from,168,4,0.0416,0.0397,0.0237,0.0385,0.0308,0.0000,0.0000,0.0000
SJC,from,169,4,0.0816,0.0707,0.0538,0.0769,0.1077,0.3333,0.0000,0.0000
SJC,from,170,4,0.0677,0.0534,0.1161,0.0769,0.1077,0.1667,0.0000,0.0000
SJC,from,171,4,0.0243,0.0207,0.0172,0.0000,0.0000,0.0000,0.0000,0.0000
SJC,from,172,4,0.0552,0.0500,0.0301,0.0385,0.0769,0.0000,0.0000,0.0000
SJC,from,173,4,0.0342,0.0293,0.0194,0.0000,0.0000,0.0000,0.0000,0.0000
SJC,from,174,4,0.0469,0.0414,0.0258,0.0385,0.0615,0.0000,0.0000,0.0000
SJC,from,175,4,0.0297,0.0259,0.0194,0.0000,0.0000,0.0000,0.0000,0.0000
SJC,from,176,4,0.0193,0.0155,0.0129,0.0000,0.0000,0.0000,0.0000,0.0000
SJC,from,177,4,0.0694,0.0690,0.0796,0.0769,0.0923,0.1667,0.0000,0.0000
SJC,from,178,4,0.0418,0.0397,0.0237,0.0385,0.0308,0.0000,0.0000,0.0000
SJC,from,179,4,0.0583,0.0500,0.0366,0.0385,0.0769,0.1667,0.0000,0.0000
SJC,from,180,4,0.0238,0.0155,0.0882,0.0385,0.0154,0.0000,0.0000,0.0000
SJC,from,181,4,0.0332,0.0276,0.0194,0.0000,0.0000,0.0000,0.0000,0.0000
SJC,from,182,4,0.0393,0.0448,0.0237,0.0385,0.0308,0.0000,0.0000,0.0000
SJC,from,183,4,0.0400,0.0362,0.0215,0.0385,0.0308,0.0000,0.0000,0.0000
SJC,from,184,4,0.0558,0.0500,0.0301,0.0385,0.0769,0.0000,0.0000,0.0000
SJC,from,185,4,0.0451,0.0397,0.0258,0.0385,0.0462,0.0000,0.0000,0.0000
SJC,from,186,4,0.0616,0.0517,0.0366,0.0385,0.0769,0.1667,0.0000,0.0000
SJC,from,187,4,0.0405,0.0466,0.0258,0.0385,0.0308,0.0000,0.0000,0.0000
SJC,from,188,4,0.0621,0.1586,0.2538,0.3077,0.1077,0.0000,1.0000,0.0000
SJC,from,189,4,0.0195,0.0172,0.0129,0.0000,0.0000,0.0000,0.0000,0.0000
SJC,from,190,4,0.0091,0.0069,0.0043,0.0000,0.0000,0.0000,0.0000,0.0000
SJC,from,191,5,0.0171,0.0207,0.0050,0.0099,0.0146,0.0000,0.0000,0.0000
SJC,from,192,5,0.0021,0.0012,0.0000,0.0000,0.0000,0.0000,0.0000,0.0000
SJC,from,193,5,0.0134,0.0132,0.0011,0.0099,0.0049,0.0000,0.0000,0.0000
SJC,from,194,5,0.0244,0.0236,0.0044,0.0198,0.0244,0.0370,0.0000,0.0000
SJC,from,195,5,0.0155,0.0156,0.0017,0.0099,0.0098,0.0000,0.0000,0.0000
SJC,from,196,5,0.0244,0.0236,0.0044,0.0198,0.0244,0.0370,0.0000,0.0000
SJC,from,197,5,0.0190,0.0184,0.0022,0.0099,0.0195,0.0000,0.0000,0.0000
SJC,from,198,5,0.0037,0.0035,0.0000,0.0000,0.0000,0.0000,0.0000,0.0000
SJC,from,199,5,0.0059,0.0063,0.0050,0.0000,0.0000,0.0000,0.0000,0.0000
SJC,from,200,5,0.0054,0.0035,0.0077,0.0000,0.0000,0.0000,0.0000,0.0000
SJC,from,201,5,0.0076,0.0069,0.0000,0.0000,0.0000,0.0000,0.0000,0.0000
SJC,from,202,5,0.0240,0.0225,0.0039,0.0198,0.0244,0.0370,0.0000,0.0000
SJC,from,203,5,0.0111,0.0109,0.0011,0.0000,0.0000,0.0000,0.0000,0.0000
SJC,from,204,5,0.0228,0.0219,0.0039,0.0198,0.0244,0.0370,0.0000,0.0000
SJC,from,205,5,0.0266,0.0253,0.0050,0.0198,0.0293,0.0741,0.0000,0.0000
SJC,from,206,5,0.0118,0.0121,0.0011,0.0099,0.0000,0.0000,0.0000,0.0000
SJC,from,207,5,0.0110,0.0104,0.0011,0.0000,0.0000,0.0000,0.0000,0.0000
SJC,from,208,5,0.0176,0.0132,0.0507,0.0198,0.0293,0.0370,0.0000,0.0000
SJC,from,209,5,0.0271,0.0253,0.0072,0.0198,0.0293,0.0741,0.0000,0.0000
SJC,from,210,5,0.0034,0.0029,0.0000,0.0000,0.0000,0.0000,0.0000,0.0000
SJC,from,211,5,0.0143,0.0144,0.0017,0.0099,0.0098,0.0000,0.0000,0.0000
SJC,from,212,5,0.0560,0.0490,0.2780,0.1584,0.1171,0.1111,0.4000,0.0000
SJC,from,213,5,0.0186,0.0196,0.0066,0.0099,0.0195,0.0000,0.0000,0.0000
SJC,from,214,5,0.0166,0.0150,0.0143,0.0099,0.0195,0.0000,0.0000,0.0000
SJC,from,215,5,0.0144,0.0138,0.0011,0.0099,0.0098,0.0000,0.0000,0.0000
SJC,from,216,5,0.0081,0.0086,0.0011,0.0000,0.0000,0.0000,0.0000,0.0000
SJC,from,217,5,0.0138,0.0167,0.0033,0.0099,0.0049,0.0000,0.0000,0.0000
SJC,from,218,5,0.0215,0.0202,0.0033,0.0198,0.0244,0.0370,0.0000,0.0000
SJC,from,219,5,0.0252,0.0236,0.0044,0.0198,0.0293,0.0370,0.0000,0.0000
SJC,from,220,5,0.0167,0.0167,0.0017,0.0099,0.0146,0.0000,0.0000,0.0000
SJC,from,221,5,0.0167,0.0167,0.0017,0.0099,0.0146,0.0000,0.0000,0.0000
SJC,from,222,5,0.0154,0.0202,0.0044,0.0099,0.0098,0.0000,0.0000,0.0000
SJC,from,223,5,0.0134,0.0132,0.0011,0.0099,0.0049,0.0000,0.0000,0.0000
SJC,from,224,5,0.0103,0.0104,0.0011,0.0000,0.0000,0.0000,0.0000,0.0000
SJC,from,225,5,0.0148,0.0132,0.0221,0.0099,0.0195,0.0000,0.0000,0.0000
SJC,from,226,5,0.0220,0.0207,0.0066,0.0198,0.0244,0.0370,0.0000,0.0000
SJC,from,227,5,0.0228,0.0219,0.0039,0.0198,0.0244,0.0370,0.0000,0.0000
SJC,from,228,5,0.0000,0.0000,0.0000,0.0000,0.0000,0.0000,0.0000,0.0000
SJC,from,229,5,0.0183,0.0173,0.0022,0.0099,0.0195,0.0000,0.0000,0.0000
SJC,from,230,5,0.0247,0.0253,0.0050,0.0198,0.0244,0.0370,0.0000,0.0000
SJC,from,231,5,0.0197,0.0196,0.0028,0.0099,0.0244,0.0000,0.0000,0.0000
SJC,from,232,5,0.0180,0.0173,0.0022,0.0099,0.0195,0.0000,0.0000,0.0000
SJC,from,233,5,0.0225,0.0213,0.0033,0.0198,0.0244,0.0370,0.0000,0.0000
SJC,from,234,5,0.0090,0.0069,0.0469,0.0198,0.0146,0.0000,0.0000,0.0000
SJC,from,235,5,0.0105,0.0104,0.0011,0.0000,0.0000,0.0000,0.0000,0.0000
SJC,from,236,5,0.0177,0.0190,0.0193,0.0198,0.0244,0.0000,0.0000,0.0000
SJC,from,237,5,0.0066,0.0058,0.0050,0.0000,0.0000,0.0000,0.0000,0.0000
SJC,from,238,5,0.0098,0.0086,0.0138,0.0099,0.0000,0.0000,0.0000,0.0000
SJC,from,239,5,0.0028,0.0000,0.0254,0.0000,0.0000,0.0000,0.0000,0.0000
SJC,from,240,5,0.0686,0.1054,0.1765,0.1584,0.1024,0.1111,0.3000,0.0000
SJC,from,241,5,0.0107,0.0104,0.0011,0.0000,0.0000,0.0000,0.0000,0.0000
SJC,from,242,5,0.0094,0.0086,0.0011,0.0000,0.0000,0.0000,0.0000,0.0000
SJC,from,243,5,0.0110,0.0104,0.0011,0.0000,0.0000,0.0000,0.0000,0.0000
SJC,from,244,5,0.0134,0.0138,0.0017,0.0099,0.0049,0.0000,0.0000,0.0000
SJC,from,245,5,0.0164,0.0173,0.0066,0.0099,0.0146,0.0000,0.0000,0.0000
SJC,from,246,5,0.0366,0.0369,0.0094,0.0396,0.0439,0.1111,0.0000,0.0000
SJC,from,247,5,0.0171,0.0167,0.0055,0.0099,0.0195,0.0000,0.0000,0.0000
SJC,from,248,5,0.0427,0.0340,0.2085,0.1287,0.0829,0.1111,0.3000,0.0000
SJC,from,249,6,0.0778,0.0482,0.3100,0.2094,0.1466,0.1029,0.4146,0.4545
SJC,from,250,6,0.0218,0.0251,0.0083,0.0147,0.0198,0.0221,0.0000,0.0000
SJC,from,251,6,0.0197,0.0251,0.0046,0.0147,0.0168,0.0221,0.0000,0.0000
SJC,from,252,6,0.0393,0.0371,0.0298,0.0324,0.0366,0.0368,0.0244,0.0000
SJC,from,253,6,0.0152,0.0154,0.0030,0.0059,0.0107,0.0147,0.0000,0.0000
SJC,from,254,6,0.0331,0.0348,0.0065,0.0236,0.0260,0.0294,0.0000,0.0000
SJC,from,255,6,0.0193,0.0197,0.0086,0.0147,0.0168,0.0221,0.0000,0.0000
SJC,from,256,6,0.0200,0.0254,0.0046,0.0147,0.0168,0.0221,0.0000,0.0000
SJC,from,257,6,0.0144,0.0197,0.0080,0.0118,0.0107,0.0147,0.0000,0.0000
SJC,from,258,6,0.0170,0.0274,0.0043,0.0147,0.0137,0.0147,0.0000,0.0000
SJC,from,259,6,0.0143,0.0147,0.0028,0.0059,0.0107,0.0147,0.0000,0.0000
SJC,from,260,6,0.0101,0.0104,0.0018,0.0029,0.0076,0.0074,0.0000,0.0000
SJC,from,261,6,0.0172,0.0117,0.0369,0.0265,0.0229,0.0221,0.0244,0.0000
SJC,from,262,6,0.0119,0.0120,0.0021,0.0059,0.0076,0.0074,0.0000,0.0000
SJC,from,263,6,0.0087,0.0090,0.0015,0.0029,0.0061,0.0000,0.0000,0.0000
SJC,from,264,6,0.0320,0.0120,0.1281,0.0826,0.0595,0.0368,0.1707,0.2727
SJC,from,265,6,0.0197,0.0137,0.0431,0.0324,0.0260,0.0221,0.0732,0.0000
SJC,from,266,6,0.0529,0.0368,0.1486,0.1062,0.0809,0.0662,0.1951,0.2727
SJC,from,267,6,0.0157,0.0164,0.0032,0.0059,0.0107,0.0147,0.0000,0.0000
SJC,from,268,6,0.0153,0.0147,0.0077,0.0059,0.0137,0.0147,0.0000,0.0000
SJC,from,269,6,0.0148,0.0151,0.0028,0.0059,0.0107,0.0147,0.0000,0.0000
SJC,from,270,6,0.0112,0.0117,0.0019,0.0029,0.0076,0.0074,0.0000,0.0000
SJC,from,271,6,0.0206,0.0201,0.0114,0.0147,0.0198,0.0221,0.0000,0.0000
SJC,from,272,6,0.0132,0.0137,0.0025,0.0059,0.0092,0.0147,0.0000,0.0000
SJC,from,273,6,0.0209,0.0217,0.0043,0.0147,0.0168,0.0221,0.0000,0.0000
SJC,from,274,6,0.0151,0.0154,0.0030,0.0059,0.0107,0.0147,0.0000,0.0000
SJC,from,275,6,0.0187,0.0167,0.0371,0.0295,0.0244,0.0221,0.0244,0.0000
SJC,from,276,6,0.0113,0.0117,0.0019,0.0059,0.0076,0.0074,0.0000,0.0000
SJC,from,277,6,0.0172,0.0231,0.0038,0.0118,0.0137,0.0147,0.0000,0.0000
SJC,from,278,6,0.0143,0.0114,0.0247,0.0177,0.0168,0.0221,0.0244,0.0000
SJC,from,279,6,0.0158,0.0184,0.0219,0.0177,0.0183,0.0221,0.0244,0.0000
SJC,from,280,6,0.0122,0.0124,0.0024,0.0059,0.0092,0.0074,0.0000,0.0000
SJC,from,281,6,0.0154,0.0207,0.0035,0.0059,0.0107,0.0147,0.0000,0.0000
SJC,from,282,6,0.0140,0.0217,0.0035,0.0059,0.0107,0.0074,0.0000,0.0000
SJC,from,283,6,0.0155,0.0161,0.0031,0.0059,0.0107,0.0147,0.0000,0.0000
SJC,from,284,6,0.0071,0.0077,0.0013,0.0029,0.0031,0.0000,0.0000,0.0000
SJC,from,285,6,0.0128,0.0127,0.0025,0.0059,0.0092,0.0074,0.0000,0.0000
SJC,from,286,6,0.0311,0.0321,0.0114,0.0265,0.0260,0.0294,0.0000,0.0000
SJC,from,287,6,0.0147,0.0197,0.0120,0.0147,0.0137,0.0147,0.0000,0.0000
SJC,from,288,6,0.0284,0.0301,0.0059,0.0177,0.0229,0.0221,0.0000,0.0000
SJC,from,289,6,0.0277,0.0294,0.0055,0.0147,0.0229,0.0221,0.0000,0.0000
SJC,from,290,6,0.0151,0.0154,0.0030,0.0059,0.0107,0.0147,0.0000,0.0000
SJC,from,291,6,0.0186,0.0244,0.0043,0.0147,0.0153,0.0221,0.0000,0.0000
SJC,from,292,6,0.0119,0.0120,0.0021,0.0059,0.0076,0.0074,0.0000,0.0000
SJC,from,293,6,0.0290,0.0308,0.0059,0.0177,0.0229,0.0221,0.0000,0.0000
SJC,from,294,6,0.0292,0.0301,0.0111,0.0236,0.0244,0.0294,0.0000,0.0000
SJC,from,295,6,0.0200,0.0207,0.0041,0.0118,0.0168,0.0221,0.0000,0.0000
SJC,from,296,6,0.0487,0.0555,0.0399,0.0472,0.0473,0.0515,0.0244,0.0000
SJC,from,297,7,0.0237,0.0225,0.0136,0.0162,0.0209,0.0238,0.0000,0.0000
SJC,from,298,7,0.0473,0.0545,0.0131,0.0369,0.0393,0.0476,0.0000,0.0833
SJC,from,299,7,0.0239,0.0227,0.0136,0.0162,0.0209,0.0238,0.0000,0.0000
SJC,from,300,7,0.0176,0.0176,0.0046,0.0133,0.0136,0.0159,0.0000,0.0000
SJC,from,301,7,0.0320,0.0318,0.0086,0.0222,0.0265,0.0278,0.0000,0.0000
SJC,from,302,7,0.0248,0.0248,0.0068,0.0162,0.0200,0.0238,0.0000,0.0000
SJC,from,303,7,0.0221,0.0220,0.0059,0.0148,0.0176,0.0198,0.0000,0.0000
SJC,from,304,7,0.0296,0.0295,0.0079,0.0207,0.0249,0.0278,0.0000,0.0000
SJC,from,305,7,0.0083,0.0084,0.0023,0.0030,0.0064,0.0079,0.0000,0.0000
SJC,from,306,7,0.0160,0.0163,0.0043,0.0118,0.0128,0.0159,0.0000,0.0000
SJC,from,307,7,0.0254,0.0251,0.0069,0.0162,0.0209,0.0238,0.0000,0.0000
SJC,from,308,7,0.0159,0.0151,0.0115,0.0148,0.0144,0.0159,0.0000,0.0000
SJC,from,309,7,0.0320,0.0271,0.0452,0.0384,0.0369,0.0357,0.0635,0.1667
SJC,from,310,7,0.0174,0.0176,0.0604,0.0369,0.0289,0.0198,0.0635,0.0000
SJC,from,311,7,0.0553,0.0407,0.2417,0.1374,0.1010,0.0794,0.3333,0.3333
SJC,from,312,7,0.0393,0.0363,0.0320,0.0369,0.0385,0.0357,0.0476,0.0000
SJC,from,313,7,0.0101,0.0054,0.0386,0.0207,0.0168,0.0119,0.0635,0.0000
SJC,from,314,7,0.0107,0.0089,0.0172,0.0133,0.0120,0.0119,0.0159,0.0000
SJC,from,315,7,0.0050,0.0113,0.0111,0.0089,0.0056,0.0000,0.0159,0.0000
SJC,from,316,7,0.0064,0.0061,0.0015,0.0030,0.0048,0.0040,0.0000,0.0000
SJC,from,317,7,0.0184,0.0172,0.0147,0.0162,0.0176,0.0198,0.0000,0.0000
SJC,from,318,7,0.0144,0.0146,0.0037,0.0089,0.0120,0.0119,0.0000,0.0000
SJC,from,319,7,0.0147,0.0148,0.0039,0.0089,0.0120,0.0159,0.0000,0.0000
SJC,from,320,7,0.0223,0.0256,0.0136,0.0162,0.0192,0.0198,0.0000,0.0000
SJC,from,321,7,0.0126,0.0123,0.0033,0.0074,0.0112,0.0119,0.0000,0.0000
SJC,from,322,7,0.0222,0.0222,0.0060,0.0148,0.0176,0.0198,0.0000,0.0000
SJC,from,323,7,0.0158,0.0197,0.0044,0.0133,0.0128,0.0159,0.0000,0.0000
SJC,from,324,7,0.0064,0.0062,0.0016,0.0030,0.0048,0.0079,0.0000,0.0000
SJC,from,325,7,0.0185,0.0176,0.0121,0.0162,0.0168,0.0198,0.0000,0.0000
SJC,from,326,7,0.0033,0.0008,0.0190,0.0074,0.0072,0.0040,0.0159,0.0000
SJC,from,327,7,0.0120,0.0105,0.0129,0.0133,0.0120,0.0119,0.0000,0.0000
SJC,from,328,7,0.0149,0.0148,0.0039,0.0089,0.0120,0.0159,0.0000,0.0000
SJC,from,329,7,0.0064,0.0062,0.0016,0.0030,0.0048,0.0040,0.0000,0.0000
SJC,from,330,7,0.0165,0.0164,0.0043,0.0118,0.0136,0.0159,0.0000,0.0000
SJC,from,331,7,0.0294,0.0374,0.0562,0.0473,0.0369,0.0278,0.0635,0.2500
SJC,from,332,7,0.0097,0.0097,0.0026,0.0059,0.0080,0.0119,0.0000,0.0000
SJC,from,333,7,0.0289,0.0294,0.0370,0.0340,0.0313,0.0278,0.0476,0.0000
SJC,from,334,7,0.0165,0.0164,0.0043,0.0118,0.0136,0.0159,0.0000,0.0000
SJC,from,335,7,0.0165,0.0125,0.0337,0.0222,0.0209,0.0198,0.0476,0.0000
SJC,from,336,7,0.0183,0.0182,0.0047,0.0133,0.0144,0.0159,0.0000,0.0000
SJC,from,337,7,0.0154,0.0117,0.0328,0.0207,0.0192,0.0159,0.0476,0.0000
SJC,from,338,7,0.0110,0.0108,0.0030,0.0074,0.0088,0.0119,0.0000,0.0000
SJC,from,339,7,0.0191,0.0182,0.0122,0.0162,0.0176,0.0198,0.0000,0.0000
SJC,from,340,7,0.0253,0.0271,0.0251,0.0236,0.0257,0.0278,0.0159,0.0000
SJC,from,341,7,0.0299,0.0396,0.0556,0.0487,0.0369,0.0278,0.0635,0.0833
SJC,from,342,7,0.0375,0.0414,0.0374,0.0414,0.0385,0.0357,0.0476,0.0833
SJC,from,343,7,0.0135,0.0135,0.0036,0.0074,0.0112,0.0119,0.0000,0.0000
SJC,from,344,7,0.0197,0.0194,0.0052,0.0133,0.0152,0.0198,0.0000,0.0000
SJC,from,345,7,0.0243,0.0241,0.0065,0.0162,0.0192,0.0198,0.0000,0.0000
SJC,from,346,7,0.0239,0.0282,0.0287,0.0236,0.0257,0.0238,0.0476,0.0000
SJC,from,347,8,0.0587,0.0591,0.0196,0.0455,0.0506,0.0559,0.0095,0.0364
SJC,from,348,8,0.0022,0.0005,0.0135,0.0055,0.0053,0.0022,0.0158,0.0000
SJC,from,349,8,0.0160,0.0185,0.0493,0.0284,0.0224,0.0157,0.0618,0.0364
SJC,from,350,8,0.0159,0.0182,0.0043,0.0127,0.0131,0.0157,0.0016,0.0000
SJC,from,351,8,0.0326,0.0297,0.0491,0.0370,0.0350,0.0358,0.0539,0.0455
SJC,from,352,8,0.0024,0.0001,0.0193,0.0074,0.0063,0.0045,0.0238,0.0091
SJC,from,353,8,0.0036,0.0076,0.0015,0.0044,0.0024,0.0000,0.0016,0.0000
SJC,from,354,8,0.0095,0.0171,0.0224,0.0167,0.0117,0.0067,0.0301,0.0273
SJC,from,355,8,0.0495,0.0401,0.2496,0.1151,0.0904,0.0649,0.3011,0.1818
SJC,from,356,8,0.0478,0.0532,0.0568,0.0527,0.0486,0.0492,0.0634,0.0636
SJC,from,357,8,0.0365,0.0391,0.0163,0.0306,0.0326,0.0358,0.0127,0.0273
SJC,from,358,8,0.0348,0.0339,0.0087,0.0253,0.0301,0.0358,0.0000,0.0273
SJC,from,359,8,0.0297,0.0288,0.0074,0.0217,0.0253,0.0291,0.0000,0.0182
SJC,from,360,8,0.0288,0.0280,0.0072,0.0212,0.0243,0.0291,0.0000,0.0182
SJC,from,361,8,0.0319,0.0310,0.0079,0.0233,0.0263,0.0313,0.0000,0.0273
SJC,from,362,8,0.0279,0.0287,0.0184,0.0246,0.0258,0.0291,0.0158,0.0273
SJC,from,363,8,0.0142,0.0138,0.0036,0.0104,0.0117,0.0134,0.0000,0.0000
SJC,from,364,8,0.0120,0.0105,0.0123,0.0116,0.0117,0.0112,0.0127,0.0091
SJC,from,365,8,0.0081,0.0051,0.0258,0.0132,0.0117,0.0089,0.0301,0.0273
SJC,from,366,8,0.0335,0.0398,0.0842,0.0533,0.0447,0.0358,0.1014,0.0727
SJC,from,367,8,0.0319,0.0303,0.0142,0.0251,0.0277,0.0313,0.0079,0.0273
SJC,from,368,8,0.0333,0.0301,0.0271,0.0300,0.0321,0.0358,0.0254,0.0273
SJC,from,369,8,0.0387,0.0319,0.0582,0.0431,0.0428,0.0425,0.0618,0.0455
SJC,from,370,8,0.0249,0.0242,0.0062,0.0180,0.0224,0.0224,0.0000,0.0091
SJC,from,371,8,0.0194,0.0190,0.0048,0.0141,0.0160,0.0179,0.0000,0.0000
SJC,from,372,8,0.0187,0.0175,0.0093,0.0152,0.0170,0.0179,0.0063,0.0091
SJC,from,373,8,0.0136,0.0160,0.0037,0.0111,0.0117,0.0112,0.0016,0.0000
SJC,from,374,8,0.0104,0.0095,0.0089,0.0095,0.0097,0.0089,0.0063,0.0000
SJC,from,375,8,0.0083,0.0106,0.0025,0.0073,0.0073,0.0067,0.0016,0.0000
SJC,from,376,8,0.0173,0.0166,0.0047,0.0129,0.0156,0.0157,0.0000,0.0000
SJC,from,377,8,0.0219,0.0277,0.0206,0.0234,0.0219,0.0201,0.0238,0.0273
SJC,from,378,8,0.0162,0.0163,0.0216,0.0178,0.0175,0.0157,0.0238,0.0273
SJC,from,379,8,0.0153,0.0133,0.0163,0.0150,0.0156,0.0157,0.0158,0.0182
SJC,from,380,8,0.0087,0.0126,0.0123,0.0114,0.0088,0.0067,0.0143,0.0182
SJC,from,381,8,0.0283,0.0269,0.0363,0.0306,0.0321,0.0291,0.0380,0.0273
SJC,from,382,8,0.0124,0.0114,0.0077,0.0104,0.0117,0.0112,0.0063,0.0000
SJC,from,383,8,0.0116,0.0113,0.0027,0.0083,0.0092,0.0112,0.0000,0.0000
SJC,from,384,8,0.0294,0.0287,0.0074,0.0216,0.0248,0.0291,0.0000,0.0182
SJC,from,385,8,0.0189,0.0185,0.0047,0.0137,0.0160,0.0179,0.0000,0.0000
SJC,from,386,8,0.0200,0.0195,0.0049,0.0147,0.0175,0.0201,0.0000,0.0000
SJC,from,387,8,0.0240,0.0233,0.0059,0.0175,0.0194,0.0201,0.0000,0.0091
SJC,from,388,8,0.0376,0.0366,0.0094,0.0275,0.0321,0.0380,0.0000,0.0273
SJC,from,389,8,0.0289,0.0329,0.0125,0.0246,0.0253,0.0291,0.0111,0.0273
SJC,from,390,8,0.0149,0.0126,0.0210,0.0163,0.0160,0.0157,0.0206,0.0273
SJC,from,391,9,0.0214,0.0171,0.0100,0.0148,0.0179,0.0222,0.0072,0.0143
SJC,from,392,9,0.0142,0.0146,0.0085,0.0117,0.0129,0.0130,0.0079,0.0143
SJC,from,393,9,0.0137,0.0126,0.0064,0.0101,0.0114,0.0130,0.0051,0.0095
SJC,from,394,9,0.0146,0.0130,0.0105,0.0121,0.0140,0.0148,0.0094,0.0143
SJC,from,395,9,0.0192,0.0187,0.0095,0.0147,0.0165,0.0167,0.0079,0.0143
SJC,from,396,9,0.0006,0.0001,0.0027,0.0013,0.0007,0.0000,0.0029,0.0000
SJC,from,397,9,0.0078,0.0093,0.0062,0.0076,0.0068,0.0074,0.0058,0.0095
SJC,from,398,9,0.0085,0.0071,0.0015,0.0049,0.0061,0.0074,0.0000,0.0000
SJC,from,399,9,0.0041,0.0095,0.0032,0.0054,0.0036,0.0019,0.0051,0.0048
SJC,from,400,9,0.0125,0.0137,0.0051,0.0096,0.0104,0.0111,0.0043,0.0095
SJC,from,401,9,0.0211,0.0394,0.0368,0.0343,0.0243,0.0167,0.0440,0.0429
SJC,from,402,9,0.0087,0.0142,0.0137,0.0127,0.0097,0.0074,0.0159,0.0143
SJC,from,403,9,0.0149,0.0213,0.0407,0.0285,0.0222,0.0167,0.0462,0.0333
SJC,from,404,9,0.0147,0.0194,0.0332,0.0244,0.0193,0.0148,0.0368,0.0333
SJC,from,405,9,0.0028,0.0002,0.0144,0.0073,0.0061,0.0056,0.0152,0.0095
SJC,from,406,9,0.0052,0.0051,0.0191,0.0114,0.0089,0.0074,0.0209,0.0143
SJC,from,407,9,0.0034,0.0051,0.0086,0.0062,0.0054,0.0037,0.0094,0.0095
SJC,from,408,9,0.0107,0.0241,0.0096,0.0148,0.0097,0.0074,0.0137,0.0190
SJC,from,409,9,0.0061,0.0132,0.0076,0.0090,0.0061,0.0056,0.0101,0.0143
SJC,from,410,9,0.0277,0.0308,0.0137,0.0231,0.0243,0.0259,0.0137,0.0190
SJC,from,411,9,0.0000,0.0000,0.0000,0.0000,0.0000,0.0000,0.0000,0.0000
SJC,from,412,9,0.0299,0.0241,0.0232,0.0251,0.0279,0.0315,0.0209,0.0190
SJC,from,413,9,0.0058,0.0045,0.0029,0.0041,0.0054,0.0056,0.0022,0.0000
SJC,from,414,9,0.0176,0.0137,0.0110,0.0136,0.0168,0.0167,0.0087,0.0143
SJC,from,415,9,0.0468,0.0592,0.1075,0.0781,0.0655,0.0500,0.1190,0.0952
SJC,from,416,9,0.0334,0.0245,0.0520,0.0386,0.0394,0.0407,0.0519,0.0381
SJC,from,417,9,0.0010,0.0025,0.0003,0.0010,0.0000,0.0000,0.0000,0.0000
SJC,from,418,9,0.0040,0.0033,0.0007,0.0023,0.0029,0.0037,0.0000,0.0000
SJC,from,419,9,0.0123,0.0091,0.0098,0.0101,0.0118,0.0130,0.0087,0.0095
SJC,from,420,9,0.0119,0.0116,0.0022,0.0076,0.0089,0.0093,0.0007,0.0000
SJC,from,421,9,0.0103,0.0090,0.0115,0.0103,0.0107,0.0093,0.0115,0.0143
SJC,from,422,9,0.0071,0.0055,0.0038,0.0051,0.0061,0.0074,0.0029,0.0000
SJC,from,423,9,0.0119,0.0099,0.0021,0.0068,0.0089,0.0111,0.0000,0.0000
SJC,from,424,9,0.0126,0.0106,0.0022,0.0073,0.0093,0.0130,0.0000,0.0000
SJC,from,425,9,0.0104,0.0081,0.0056,0.0076,0.0089,0.0093,0.0043,0.0000
SJC,from,426,9,0.0151,0.0151,0.0106,0.0129,0.0140,0.0148,0.0108,0.0143
SJC,from,427,9,0.0039,0.0034,0.0111,0.0068,0.0061,0.0056,0.0123,0.0095
SJC,from,428,9,0.0066,0.0053,0.0147,0.0097,0.0089,0.0074,0.0152,0.0143
SJC,from,429,9,0.0109,0.0141,0.0327,0.0216,0.0172,0.0130,0.0368,0.0286
SJC,from,430,9,0.0020,0.0051,0.0006,0.0025,0.0011,0.0000,0.0014,0.0000
SJC,from,431,9,0.0017,0.0025,0.0043,0.0031,0.0021,0.0000,0.0051,0.0000
SJC,from,432,9,0.0039,0.0053,0.0107,0.0075,0.0061,0.0056,0.0123,0.0143
SJC,from,433,9,0.0066,0.0116,0.0063,0.0081,0.0061,0.0056,0.0079,0.0143
SJC,from,434,9,0.0035,0.0078,0.0030,0.0048,0.0032,0.0019,0.0043,0.0048
SJC,from,435,9,0.0646,0.0535,0.2375,0.1379,0.1152,0.0870,0.2561,0.1762
SJC,from,436,9,0.0067,0.0053,0.0031,0.0048,0.0057,0.0074,0.0022,0.0000
SJC,from,437,9,0.0163,0.0172,0.0032,0.0109,0.0129,0.0148,0.0022,0.0095
SJC,from,438,9,0.0107,0.0088,0.0038,0.0068,0.0086,0.0093,0.0029,0.0000
SJC,from,439,9,0.0064,0.0055,0.0011,0.0037,0.0050,0.0056,0.0000,0.0000
SJC,from,440,9,0.0144,0.0121,0.0025,0.0084,0.0114,0.0130,0.0000,0.0000
SJC,from,441,9,0.0195,0.0172,0.0094,0.0142,0.0172,0.0167,0.0072,0.0143
SJC,from,442,9,0.0122,0.0137,0.0025,0.0083,0.0093,0.0093,0.0022,0.0048
SJC,from,443,9,0.0076,0.0063,0.0013,0.0043,0.0057,0.0074,0.0000,0.0000
SJC,from,444,9,0.0230,0.0213,0.0141,0.0185,0.0211,0.0241,0.0123,0.0143
SJC,from,445,9,0.0232,0.0209,0.0064,0.0150,0.0190,0.0241,0.0029,0.0143
SJC,from,446,9,0.0247,0.0235,0.0085,0.0170,0.0197,0.0241,0.0058,0.0143
SJC,from,447,9,0.0183,0.0144,0.0099,0.0133,0.0165,0.0167,0.0079,0.0143
SJC,from,448,9,0.0228,0.0209,0.0274,0.0241,0.0240,0.0241,0.0281,0.0238
SJC,from,449,9,0.0209,0.0193,0.0039,0.0127,0.0165,0.0185,0.0007,0.0095
SJC,from,450,9,0.0096,0.0109,0.0065,0.0087,0.0086,0.0093,0.0058,0.0095
SJC,from,451,9,0.0244,0.0215,0.0083,0.0163,0.0193,0.0241,0.0058,0.0143
SJC,from,452,9,0.0122,0.0102,0.0022,0.0070,0.0093,0.0130,0.0000,0.0000
SJC,from,453,9,0.0263,0.0216,0.0066,0.0160,0.0204,0.0259,0.0029,0.0143
SJC,from,454,9,0.0216,0.0177,0.0057,0.0134,0.0172,0.0222,0.0029,0.0095
SJC,from,455,9,0.0152,0.0141,0.0047,0.0102,0.0122,0.0130,0.0029,0.0095
SJC,from,456,9,0.0286,0.0263,0.0245,0.0260,0.0268,0.0315,0.0231,0.0238
SJC,from,457,9,0.0222,0.0183,0.0059,0.0136,0.0175,0.0222,0.0029,0.0143
SJC,from,458,9,0.0152,0.0146,0.0029,0.0095,0.0118,0.0130,0.0007,0.0048
SJC,from,459,9,0.0326,0.0306,0.0080,0.0208,0.0258,0.0315,0.0043,0.0143
SJC,from,460,10,0.0244,0.0149,0.1789,0.0625,0.0494,0.0358,0.2598,0.1489
SJC,from,461,10,0.0148,0.0137,0.0116,0.0134,0.0145,0.0149,0.0107,0.0000
SJC,from,462,10,0.0167,0.0229,0.0249,0.0214,0.0171,0.0149,0.0356,0.0638
SJC,from,463,10,0.0109,0.0103,0.0046,0.0089,0.0099,0.0119,0.0000,0.0000
SJC,from,464,10,0.0134,0.0149,0.0057,0.0118,0.0118,0.0119,0.0000,0.0000
SJC,from,465,10,0.0136,0.0125,0.0110,0.0124,0.0125,0.0149,0.0107,0.0000
SJC,from,466,10,0.0075,0.0072,0.0030,0.0063,0.0072,0.0090,0.0000,0.0000
SJC,from,467,10,0.0051,0.0037,0.0135,0.0072,0.0072,0.0060,0.0142,0.0000
SJC,from,468,10,0.0084,0.0080,0.0036,0.0068,0.0079,0.0090,0.0000,0.0000
SJC,from,469,10,0.0029,0.0015,0.0174,0.0063,0.0046,0.0030,0.0249,0.0000
SJC,from,470,10,0.0194,0.0222,0.0162,0.0194,0.0191,0.0209,0.0142,0.0426
SJC,from,471,10,0.0048,0.0057,0.0162,0.0082,0.0066,0.0060,0.0249,0.0000
SJC,from,472,10,0.0082,0.0122,0.0040,0.0087,0.0072,0.0090,0.0036,0.0000
SJC,from,473,10,0.0047,0.0044,0.0018,0.0039,0.0039,0.0060,0.0000,0.0000
SJC,from,474,10,0.0081,0.0077,0.0033,0.0065,0.0072,0.0090,0.0000,0.0000
SJC,from,475,10,0.0077,0.0070,0.0087,0.0077,0.0086,0.0090,0.0107,0.0000
SJC,from,476,10,0.0244,0.0283,0.0240,0.0255,0.0244,0.0239,0.0285,0.0638
SJC,from,477,10,0.0148,0.0136,0.0114,0.0134,0.0145,0.0149,0.0107,0.0000
SJC,from,478,10,0.0112,0.0098,0.0154,0.0117,0.0112,0.0119,0.0142,0.0000
SJC,from,479,10,0.0239,0.0229,0.0099,0.0194,0.0217,0.0239,0.0000,0.0000
SJC,from,480,10,0.0156,0.0192,0.0072,0.0146,0.0138,0.0149,0.0036,0.0000
SJC,from,481,10,0.0170,0.0162,0.0070,0.0141,0.0158,0.0149,0.0000,0.0000
SJC,from,482,10,0.0140,0.0132,0.0056,0.0114,0.0118,0.0149,0.0000,0.0000
SJC,from,483,10,0.0139,0.0131,0.0056,0.0114,0.0118,0.0119,0.0000,0.0000
SJC,from,484,10,0.0251,0.0205,0.0558,0.0315,0.0303,0.0269,0.0712,0.0638
SJC,from,485,10,0.0234,0.0208,0.0296,0.0239,0.0250,0.0239,0.0285,0.0426
SJC,from,486,10,0.0227,0.0254,0.0211,0.0232,0.0224,0.0209,0.0249,0.0426
SJC,from,487,10,0.0123,0.0112,0.0104,0.0114,0.0112,0.0119,0.0107,0.0000
SJC,from,488,10,0.0324,0.0393,0.0203,0.0321,0.0309,0.0269,0.0178,0.0638
SJC,from,489,10,0.0288,0.0271,0.0172,0.0249,0.0263,0.0269,0.0107,0.0426
SJC,from,490,10,0.0171,0.0184,0.0073,0.0149,0.0158,0.0149,0.0036,0.0000
SJC,from,491,10,0.0085,0.0080,0.0036,0.0072,0.0086,0.0090,0.0000,0.0000
SJC,from,492,10,0.0208,0.0214,0.0171,0.0197,0.0204,0.0209,0.0142,0.0213
SJC,from,493,10,0.0241,0.0231,0.0099,0.0196,0.0217,0.0239,0.0000,0.0000
SJC,from,494,10,0.0287,0.0289,0.0231,0.0269,0.0276,0.0269,0.0214,0.0638
SJC,from,495,10,0.0292,0.0279,0.0118,0.0239,0.0263,0.0269,0.0000,0.0213
SJC,from,496,10,0.0152,0.0138,0.0135,0.0142,0.0145,0.0149,0.0142,0.0000
SJC,from,497,10,0.0314,0.0299,0.0130,0.0255,0.0303,0.0299,0.0000,0.0213
SJC,from,498,10,0.0155,0.0147,0.0062,0.0128,0.0145,0.0149,0.0000,0.0000
SJC,from,499,10,0.0189,0.0203,0.0082,0.0166,0.0171,0.0179,0.0036,0.0000
SJC,from,500,10,0.0131,0.0124,0.0053,0.0106,0.0112,0.0119,0.0000,0.0000
SJC,from,501,10,0.0129,0.0144,0.0055,0.0115,0.0112,0.0119,0.0000,0.0000
SJC,from,502,10,0.0093,0.0109,0.0041,0.0083,0.0092,0.0090,0.0000,0.0000
SJC,from,503,10,0.0097,0.0170,0.0442,0.0220,0.0145,0.0090,0.0712,0.0638
SJC,from,504,10,0.0069,0.0065,0.0029,0.0059,0.0066,0.0090,0.0000,0.0000
SJC,from,505,10,0.0168,0.0160,0.0067,0.0135,0.0151,0.0149,0.0000,0.0000
SJC,from,506,10,0.0085,0.0080,0.0036,0.0072,0.0086,0.0090,0.0000,0.0000
SJC,from,507,10,0.0188,0.0180,0.0078,0.0153,0.0171,0.0209,0.0000,0.0000
SJC,from,508,10,0.0078,0.0073,0.0033,0.0063,0.0072,0.0090,0.0000,0.0000
SJC,from,509,10,0.0085,0.0081,0.0036,0.0072,0.0086,0.0090,0.0000,0.0000
SJC,from,510,10,0.0135,0.0129,0.0054,0.0111,0.0118,0.0119,0.0000,0.0000
SJC,from,511,10,0.0391,0.0447,0.0722,0.0504,0.0448,0.0418,0.0961,0.0851
SJC,from,512,10,0.0177,0.0195,0.0078,0.0175,0.0158,0.0149,0.0107,0.0000
SJC,from,513,10,0.0124,0.0119,0.0051,0.0104,0.0112,0.0119,0.0000,0.0000
SJC,from,514,10,0.0323,0.0295,0.0294,0.0306,0.0323,0.0358,0.0285,0.0638
SJC,from,515,10,0.0173,0.0158,0.0179,0.0170,0.0171,0.0179,0.0142,0.0000
SJC,from,516,10,0.0137,0.0130,0.0054,0.0111,0.0118,0.0119,0.0000,0.0000
SJC,from,517,10,0.0135,0.0130,0.0054,0.0111,0.0118,0.0119,0.0000,0.0000
SJC,from,518,10,0.0202,0.0193,0.0086,0.0166,0.0191,0.0209,0.0000,0.0000
SJC,from,519,10,0.0224,0.0247,0.0230,0.0235,0.0224,0.0209,0.0249,0.0426
SJC,from,520,10,0.0114,0.0101,0.0154,0.0118,0.0112,0.0119,0.0142,0.0000
SJC,from,521,10,0.0145,0.0113,0.0388,0.0194,0.0184,0.0149,0.0534,0.0426
SJC,from,522,11,0.0298,0.0261,0.0059,0.0165,0.0219,0.0269,0.0006,0.0126
SJC,from,523,11,0.0440,0.0415,0.0090,0.0254,0.0324,0.0396,0.0024,0.0168
SJC,from,524,11,0.0296,0.0258,0.0059,0.0164,0.0216,0.0269,0.0006,0.0126
SJC,from,525,11,0.0224,0.0226,0.0046,0.0135,0.0163,0.0206,0.0018,0.0126
SJC,from,526,11,0.0402,0.0441,0.0086,0.0254,0.0296,0.0348,0.0043,0.0210
SJC,from,527,11,0.0440,0.0383,0.0088,0.0242,0.0324,0.0411,0.0018,0.0168
SJC,from,528,11,0.0324,0.0282,0.0065,0.0178,0.0234,0.0301,0.0006,0.0126
SJC,from,529,11,0.0171,0.0150,0.0034,0.0096,0.0123,0.0142,0.0000,0.0042
SJC,from,530,11,0.0343,0.0447,0.0114,0.0260,0.0265,0.0301,0.0104,0.0252
SJC,from,531,11,0.0156,0.0136,0.0032,0.0087,0.0117,0.0142,0.0000,0.0042
SJC,from,532,11,0.0026,0.0022,0.0005,0.0015,0.0018,0.0016,0.0000,0.0000
SJC,from,533,11,0.0143,0.0143,0.0103,0.0123,0.0123,0.0142,0.0097,0.0126
SJC,from,534,11,0.0340,0.0401,0.0366,0.0372,0.0345,0.0348,0.0390,0.0378
SJC,from,535,11,0.0084,0.0148,0.0131,0.0128,0.0099,0.0079,0.0158,0.0126
SJC,from,536,11,0.0025,0.0021,0.0005,0.0015,0.0015,0.0016,0.0000,0.0000
SJC,from,537,11,0.0044,0.0100,0.0012,0.0045,0.0034,0.0032,0.0024,0.0000
SJC,from,538,11,0.0036,0.0092,0.0010,0.0041,0.0028,0.0016,0.0024,0.0000
SJC,from,539,11,0.0038,0.0089,0.0048,0.0059,0.0043,0.0032,0.0061,0.0084
SJC,from,540,11,0.0255,0.0223,0.0051,0.0141,0.0191,0.0253,0.0006,0.0126
SJC,from,541,11,0.0306,0.0255,0.0134,0.0204,0.0253,0.0301,0.0097,0.0168
SJC,from,542,11,0.0146,0.0147,0.0103,0.0125,0.0129,0.0142,0.0097,0.0126
SJC,from,543,11,0.0200,0.0117,0.0582,0.0365,0.0327,0.0269,0.0627,0.0420
SJC,from,544,11,0.0175,0.0233,0.0295,0.0255,0.0210,0.0190,0.0335,0.0294
SJC,from,545,11,0.0316,0.0691,0.0527,0.0542,0.0376,0.0269,0.0658,0.0672
SJC,from,546,11,0.0169,0.0300,0.0225,0.0239,0.0185,0.0142,0.0268,0.0294
SJC,from,547,11,0.0080,0.0105,0.0173,0.0135,0.0114,0.0079,0.0195,0.0168
SJC,from,548,11,0.0177,0.0179,0.0074,0.0126,0.0142,0.0142,0.0049,0.0126
SJC,from,549,11,0.0072,0.0097,0.0126,0.0109,0.0089,0.0063,0.0146,0.0126
SJC,from,550,11,0.0078,0.0149,0.0093,0.0107,0.0080,0.0063,0.0116,0.0126
SJC,from,551,11,0.0040,0.0035,0.0008,0.0023,0.0031,0.0047,0.0000,0.0000
SJC,from,552,11,0.0020,0.0017,0.0003,0.0009,0.0015,0.0000,0.0000,0.0000
SJC,from,553,11,0.0027,0.0023,0.0005,0.0015,0.0018,0.0016,0.0000,0.0000
SJC,from,554,11,0.0213,0.0187,0.0225,0.0211,0.0210,0.0222,0.0219,0.0210
SJC,from,555,11,0.0052,0.0034,0.0082,0.0062,0.0059,0.0063,0.0085,0.0042
SJC,from,556,11,0.0044,0.0098,0.0012,0.0045,0.0034,0.0032,0.0024,0.0000
SJC,from,557,11,0.0016,0.0013,0.0003,0.0008,0.0006,0.0000,0.0000,0.0000
SJC,from,558,11,0.0308,0.0056,0.1541,0.0854,0.0721,0.0538,0.1693,0.1092
SJC,from,559,11,0.0180,0.0150,0.0085,0.0123,0.0148,0.0174,0.0061,0.0126
SJC,from,560,11,0.0330,0.0030,0.1625,0.0892,0.0786,0.0585,0.1778,0.1092
SJC,from,561,11,0.0045,0.0093,0.0012,0.0044,0.0034,0.0032,0.0018,0.0000
SJC,from,562,11,0.0024,0.0020,0.0004,0.0013,0.0015,0.0016,0.0000,0.0000
SJC,from,563,11,0.0168,0.0171,0.0448,0.0310,0.0265,0.0206,0.0493,0.0378
SJC,from,564,11,0.0219,0.0191,0.0044,0.0122,0.0160,0.0206,0.0006,0.0126
SJC,from,565,11,0.0196,0.0171,0.0039,0.0108,0.0148,0.0190,0.0000,0.0084
SJC,from,566,11,0.0032,0.0059,0.0008,0.0028,0.0022,0.0016,0.0006,0.0000
SJC,from,567,11,0.0509,0.0574,0.1751,0.1157,0.0906,0.0665,0.1985,0.1471
SJC,from,568,11,0.0101,0.0084,0.0033,0.0066,0.0123,0.0111,0.0018,0.0000
SJC,from,569,11,0.0051,0.0045,0.0010,0.0029,0.0040,0.0047,0.0000,0.0000
SJC,from,570,11,0.0062,0.0055,0.0012,0.0034,0.0046,0.0047,0.0000,0.0000
SJC,from,571,11,0.0162,0.0141,0.0032,0.0090,0.0120,0.0142,0.0000,0.0042
SJC,from,572,11,0.0215,0.0187,0.0043,0.0119,0.0154,0.0206,0.0006,0.0126
SJC,from,573,11,0.0274,0.0269,0.0057,0.0162,0.0203,0.0253,0.0018,0.0126
SJC,from,574,11,0.0022,0.0020,0.0004,0.0012,0.0015,0.0016,0.0000,0.0000
SJC,from,575,11,0.0276,0.0240,0.0055,0.0152,0.0203,0.0269,0.0006,0.0126
SJC,from,576,11,0.0244,0.0212,0.0049,0.0135,0.0176,0.0222,0.0006,0.0126
SJC,from,577,11,0.0160,0.0140,0.0032,0.0089,0.0120,0.0142,0.0000,0.0042
SJC,from,578,11,0.0165,0.0143,0.0033,0.0091,0.0120,0.0142,0.0000,0.0042
SJC,from,579,11,0.0014,0.0013,0.0002,0.0006,0.0003,0.0000,0.0000,0.0000
SJC,from,580,11,0.0023,0.0020,0.0004,0.0012,0.0015,0.0016,0.0000,0.0000
SJC,from,581,12,0.0046,0.0039,0.0018,0.0034,0.0032,0.0000,0.0000,0.0000
SJC,from,582,12,0.0016,0.0012,0.0004,0.0011,0.0000,0.0000,0.0000,0.0000
SJC,from,583,12,0.0178,0.0212,0.0090,0.0170,0.0169,0.0146,0.0056,0.0000
SJC,from,584,12,0.0073,0.0060,0.0027,0.0059,0.0063,0.0098,0.0000,0.0000
SJC,from,585,12,0.0140,0.0113,0.0146,0.0125,0.0148,0.0146,0.0168,0.0000
SJC,from,586,12,0.0140,0.0112,0.0146,0.0125,0.0148,0.0146,0.0168,0.0000
SJC,from,587,12,0.0052,0.0036,0.0132,0.0066,0.0053,0.0049,0.0168,0.0000
SJC,from,588,12,0.0115,0.0097,0.0051,0.0096,0.0116,0.0146,0.0000,0.0000
SJC,from,589,12,0.0092,0.0079,0.0037,0.0074,0.0074,0.0098,0.0000,0.0000
SJC,from,590,12,0.0067,0.0055,0.0025,0.0053,0.0053,0.0049,0.0000,0.0000
SJC,from,591,12,0.0020,0.0016,0.0006,0.0013,0.0000,0.0000,0.0000,0.0000
SJC,from,592,12,0.0011,0.0008,0.0002,0.0004,0.0000,0.0000,0.0000,0.0000
SJC,from,593,12,0.0115,0.0281,0.0091,0.0180,0.0105,0.0049,0.0223,0.0476
SJC,from,594,12,0.0079,0.0067,0.0033,0.0062,0.0074,0.0098,0.0000,0.0000
SJC,from,595,12,0.0052,0.0107,0.0035,0.0074,0.0042,0.0000,0.0056,0.0000
SJC,from,596,12,0.0036,0.0028,0.0095,0.0042,0.0042,0.0000,0.0112,0.0000
SJC,from,597,12,0.0020,0.0009,0.0086,0.0030,0.0000,0.0000,0.0112,0.0000
SJC,from,598,12,0.0219,0.0179,0.0173,0.0189,0.0200,0.0244,0.0168,0.0000
SJC,from,599,12,0.0118,0.0099,0.0051,0.0096,0.0116,0.0146,0.0000,0.0000
SJC,from,600,12,0.0145,0.0123,0.0064,0.0117,0.0148,0.0146,0.0000,0.0000
SJC,from,601,12,0.0255,0.0217,0.0105,0.0202,0.0232,0.0244,0.0000,0.0000
SJC,from,602,12,0.0004,0.0001,0.0000,0.0000,0.0000,0.0000,0.0000,0.0000
SJC,from,603,12,0.0223,0.0552,0.0263,0.0380,0.0200,0.0146,0.0615,0.1429
SJC,from,604,12,0.0024,0.0001,0.0280,0.0076,0.0053,0.0000,0.0391,0.0000
SJC,from,605,12,0.0691,0.0965,0.2195,0.1172,0.0906,0.0683,0.3184,0.3810
SJC,from,606,12,0.0121,0.0092,0.0214,0.0125,0.0148,0.0146,0.0223,0.0000
SJC,from,607,12,0.0088,0.0060,0.0222,0.0113,0.0148,0.0146,0.0223,0.0000
SJC,from,608,12,0.0096,0.0199,0.0150,0.0157,0.0095,0.0049,0.0223,0.0000
SJC,from,609,12,0.0389,0.0449,0.1244,0.0626,0.0506,0.0439,0.1676,0.1905
SJC,from,610,12,0.0042,0.0036,0.0018,0.0032,0.0021,0.0000,0.0000,0.0000
SJC,from,611,12,0.0212,0.0258,0.0463,0.0293,0.0232,0.0195,0.0615,0.1429
SJC,from,612,12,0.0199,0.0265,0.0212,0.0236,0.0232,0.0195,0.0223,0.0476
SJC,from,613,12,0.0108,0.0080,0.0210,0.0119,0.0126,0.0146,0.0223,0.0000
SJC,from,614,12,0.0146,0.0123,0.0064,0.0117,0.0148,0.0146,0.0000,0.0000
SJC,from,615,12,0.0157,0.0133,0.0068,0.0123,0.0158,0.0146,0.0000,0.0000
SJC,from,616,12,0.0107,0.0089,0.0047,0.0089,0.0105,0.0146,0.0000,0.0000
SJC,from,617,12,0.0057,0.0041,0.0101,0.0062,0.0053,0.0049,0.0112,0.0000
SJC,from,618,12,0.0084,0.0072,0.0033,0.0070,0.0074,0.0098,0.0000,0.0000
SJC,from,619,12,0.0211,0.0240,0.0101,0.0202,0.0190,0.0195,0.0056,0.0000
SJC,from,620,12,0.0123,0.0093,0.0220,0.0132,0.0148,0.0146,0.0223,0.0000
SJC,from,621,12,0.0099,0.0083,0.0043,0.0083,0.0095,0.0146,0.0000,0.0000
SJC,from,622,12,0.0161,0.0136,0.0068,0.0125,0.0158,0.0146,0.0000,0.0000
SJC,from,623,12,0.0180,0.0149,0.0078,0.0138,0.0169,0.0195,0.0000,0.0000
SJC,from,624,12,0.0097,0.0080,0.0041,0.0076,0.0084,0.0098,0.0000,0.0000
SJC,from,625,12,0.0149,0.0125,0.0064,0.0119,0.0148,0.0146,0.0000,0.0000
SJC,from,626,12,0.0139,0.0119,0.0060,0.0108,0.0137,0.0146,0.0000,0.0000
SJC,from,627,12,0.0142,0.0120,0.0060,0.0113,0.0148,0.0146,0.0000,0.0000
SJC,from,628,12,0.0185,0.0213,0.0173,0.0197,0.0179,0.0195,0.0223,0.0000
SJC,from,629,12,0.0129,0.0107,0.0056,0.0100,0.0116,0.0146,0.0000,0.0000
SJC,from,630,12,0.0095,0.0080,0.0043,0.0076,0.0095,0.0098,0.0000,0.0000
SJC,from,631,12,0.0147,0.0124,0.0064,0.0117,0.0148,0.0146,0.0000,0.0000
SJC,from,632,12,0.0110,0.0093,0.0049,0.0089,0.0105,0.0146,0.0000,0.0000
SJC,from,633,12,0.0082,0.0069,0.0033,0.0068,0.0074,0.0098,0.0000,0.0000
SJC,from,634,12,0.0014,0.0009,0.0004,0.0008,0.0000,0.0000,0.0000,0.0000
SJC,from,635,12,0.0037,0.0031,0.0018,0.0023,0.0011,0.0000,0.0000,0.0000
SJC,from,636,12,0.0037,0.0031,0.0018,0.0023,0.0011,0.0000,0.0000,0.0000
SJC,from,637,12,0.0179,0.0149,0.0078,0.0138,0.0169,0.0195,0.0000,0.0000
SJC,from,638,12,0.0176,0.0212,0.0086,0.0170,0.0158,0.0146,0.0056,0.0000
SJC,from,639,12,0.0096,0.0080,0.0039,0.0076,0.0084,0.0098,0.0000,0.0000
SJC,from,640,12,0.0054,0.0045,0.0019,0.0036,0.0053,0.0000,0.0000,0.0000
SJC,from,641,12,0.0096,0.0079,0.0123,0.0096,0.0105,0.0146,0.0112,0.0000
SJC,from,642,12,0.0112,0.0088,0.0132,0.0108,0.0116,0.0146,0.0168,0.0000
SJC,from,643,12,0.0116,0.0099,0.0051,0.0096,0.0116,0.0146,0.0000,0.0000
SJC,from,644,12,0.0182,0.0151,0.0078,0.0140,0.0169,0.0195,0.0000,0.0000
SJC,from,645,12,0.0139,0.0119,0.0060,0.0108,0.0137,0.0146,0.0000,0.0000
SJC,from,646,12,0.0117,0.0099,0.0051,0.0096,0.0116,0.0146,0.0000,0.0000
SJC,from,647,12,0.0158,0.0133,0.0068,0.0123,0.0158,0.0146,0.0000,0.0000
SJC,from,648,12,0.0116,0.0099,0.0051,0.0096,0.0116,0.0146,0.0000,0.0000
SJC,from,649,12,0.0158,0.0195,0.0080,0.0157,0.0148,0.0146,0.0056,0.0000
SJC,from,650,12,0.0183,0.0152,0.0078,0.0146,0.0169,0.0195,0.0000,0.0000
SJC,from,651,12,0.0157,0.0133,0.0068,0.0132,0.0148,0.0146,0.0000,0.0000
SJC,from,652,12,0.0133,0.0111,0.0056,0.0108,0.0126,0.0146,0.0000,0.0000
SJC,from,653,12,0.0283,0.0237,0.0123,0.0223,0.0253,0.0293,0.0000,0.0000
SJC,from,654,12,0.0262,0.0220,0.0111,0.0204,0.0232,0.0244,0.0000,0.0000
SJC,from,655,12,0.0407,0.0337,0.0255,0.0340,0.0400,0.0439,0.0168,0.0476
SJC,from,656,13,0.0436,0.0436,0.0697,0.0480,0.0444,0.0449,0.0980,0.0606
SJC,from,657,13,0.0360,0.0352,0.0473,0.0375,0.0370,0.0369,0.0523,0.0455
SJC,from,658,13,0.0206,0.0192,0.0118,0.0183,0.0197,0.0185,0.0000,0.0000
SJC,from,659,13,0.0111,0.0103,0.0061,0.0100,0.0105,0.0106,0.0000,0.0000
SJC,from,660,13,0.0173,0.0127,0.0829,0.0263,0.0296,0.0211,0.1373,0.0455
SJC,from,661,13,0.0360,0.0333,0.0858,0.0429,0.0407,0.0396,0.1307,0.0455
SJC,from,662,13,0.0226,0.0212,0.0130,0.0203,0.0222,0.0237,0.0000,0.0000
SJC,from,663,13,0.0175,0.0162,0.0099,0.0158,0.0166,0.0185,0.0000,0.0000
SJC,from,664,13,0.0331,0.0408,0.0229,0.0347,0.0308,0.0317,0.0261,0.0455
SJC,from,665,13,0.0301,0.0309,0.0182,0.0287,0.0296,0.0317,0.0065,0.0455
SJC,from,666,13,0.0049,0.0046,0.0024,0.0044,0.0043,0.0053,0.0000,0.0000
SJC,from,667,13,0.0109,0.0094,0.0191,0.0116,0.0111,0.0106,0.0261,0.0000
SJC,from,668,13,0.0287,0.0254,0.0416,0.0292,0.0302,0.0317,0.0523,0.0455
SJC,from,669,13,0.0087,0.0103,0.0191,0.0112,0.0092,0.0079,0.0261,0.0000
SJC,from,670,13,0.0386,0.0461,0.0392,0.0420,0.0382,0.0369,0.0523,0.0455
SJC,from,671,13,0.0167,0.0155,0.0090,0.0150,0.0160,0.0185,0.0000,0.0000
SJC,from,672,13,0.0203,0.0190,0.0114,0.0179,0.0197,0.0185,0.0000,0.0000
SJC,from,673,13,0.0143,0.0132,0.0080,0.0128,0.0136,0.0132,0.0000,0.0000
SJC,from,674,13,0.0293,0.0301,0.0177,0.0279,0.0283,0.0264,0.0065,0.0303
SJC,from,675,13,0.0242,0.0225,0.0135,0.0219,0.0240,0.0237,0.0000,0.0152
SJC,from,676,13,0.0327,0.0448,0.0245,0.0368,0.0302,0.0264,0.0458,0.0455
SJC,from,677,13,0.0097,0.0090,0.0055,0.0086,0.0092,0.0106,0.0000,0.0000
SJC,from,678,13,0.0206,0.0198,0.0643,0.0276,0.0240,0.0211,0.1046,0.0455
SJC,from,679,13,0.0144,0.0134,0.0080,0.0128,0.0136,0.0132,0.0000,0.0000
SJC,from,680,13,0.0326,0.0331,0.0196,0.0307,0.0308,0.0343,0.0065,0.0455
SJC,from,681,13,0.0179,0.0247,0.0264,0.0226,0.0179,0.0132,0.0523,0.0455
SJC,from,682,13,0.0283,0.0321,0.0186,0.0284,0.0283,0.0237,0.0196,0.0455
SJC,from,683,13,0.0181,0.0168,0.0101,0.0165,0.0179,0.0185,0.0000,0.0000
SJC,from,684,13,0.0314,0.0293,0.0177,0.0280,0.0302,0.0343,0.0000,0.0303
SJC,from,685,13,0.0162,0.0149,0.0090,0.0144,0.0154,0.0158,0.0000,0.0000
SJC,from,686,13,0.0143,0.0157,0.0220,0.0165,0.0148,0.0132,0.0261,0.0152
SJC,from,687,13,0.0084,0.0079,0.0050,0.0074,0.0086,0.0079,0.0000,0.0000
SJC,from,688,13,0.0328,0.0304,0.0187,0.0294,0.0320,0.0343,0.0000,0.0303
SJC,from,689,13,0.0311,0.0318,0.0189,0.0292,0.0296,0.0317,0.0065,0.0455
SJC,from,690,13,0.0365,0.0340,0.0205,0.0326,0.0345,0.0369,0.0000,0.0455
SJC,from,691,13,0.0208,0.0193,0.0118,0.0185,0.0197,0.0211,0.0000,0.0000
SJC,from,692,13,0.0170,0.0146,0.0354,0.0186,0.0191,0.0185,0.0458,0.0152
SJC,from,693,13,0.0239,0.0251,0.0147,0.0227,0.0234,0.0237,0.0065,0.0303
SJC,from,694,13,0.0364,0.0366,0.0217,0.0340,0.0339,0.0369,0.0131,0.0455
SJC,from,695,13,0.0555,0.0510,0.0441,0.0517,0.0542,0.0580,0.0261,0.0455
SJC,from,696,13,0.0368,0.0365,0.0349,0.0364,0.0370,0.0369,0.0327,0.0455
SJC,from,697,14,0.0375,0.0321,0.0117,0.0241,0.0296,0.0383,0.0000,0.0000
SJC,from,698,14,0.0830,0.0713,0.0257,0.0540,0.0683,0.0820,0.0032,0.0526
SJC,from,699,14,0.0670,0.0531,0.0625,0.0596,0.0637,0.0710,0.0575,0.0526
SJC,from,700,14,0.1140,0.0817,0.3530,0.2044,0.1729,0.1421,0.4121,0.2281
SJC,from,701,14,0.0727,0.0619,0.0226,0.0467,0.0592,0.0710,0.0032,0.0526
SJC,from,702,14,0.0736,0.0779,0.0659,0.0715,0.0717,0.0710,0.0671,0.0702
SJC,from,703,14,0.0470,0.0404,0.0145,0.0308,0.0375,0.0437,0.0000,0.0175
SJC,from,704,14,0.0505,0.0619,0.0170,0.0404,0.0421,0.0437,0.0128,0.0526
SJC,from,705,14,0.0687,0.0588,0.0212,0.0446,0.0557,0.0710,0.0032,0.0526
SJC,from,706,14,0.0480,0.0565,0.1645,0.1016,0.0774,0.0546,0.2045,0.1228
SJC,from,707,14,0.0296,0.0542,0.0536,0.0493,0.0364,0.0273,0.0703,0.0526
SJC,from,708,14,0.0378,0.0275,0.0538,0.0409,0.0421,0.0383,0.0543,0.0526
SJC,from,709,14,0.0377,0.0517,0.0129,0.0318,0.0307,0.0273,0.0128,0.0351
SJC,from,710,14,0.0147,0.0125,0.0044,0.0098,0.0125,0.0164,0.0000,0.0000
SJC,from,711,14,0.0887,0.0948,0.0285,0.0652,0.0739,0.0874,0.0128,0.0526
SJC,from,712,14,0.0363,0.0315,0.0112,0.0236,0.0296,0.0328,0.0000,0.0000
SJC,from,713,14,0.0649,0.0746,0.0215,0.0500,0.0546,0.0546,0.0128,0.0526
SJC,from,714,14,0.0282,0.0575,0.0554,0.0519,0.0421,0.0273,0.0735,0.0526
SJC,from,715,15,0.0333,0.0390,0.0227,0.0311,0.0269,0.0385,0.0252,0.0000
SJC,from,716,15,0.0101,0.0082,0.0096,0.0081,0.0000,0.0000,0.0084,0.0000
SJC,from,717,15,0.0169,0.0172,0.0035,0.0081,0.0077,0.0000,0.0000,0.0000
SJC,from,718,15,0.0527,0.0659,0.0349,0.0466,0.0538,0.0577,0.0336,0.0000
SJC,from,719,15,0.0295,0.0337,0.0218,0.0288,0.0269,0.0385,0.0252,0.0000
SJC,from,720,15,0.0175,0.0217,0.0038,0.0111,0.0077,0.0000,0.0000,0.0000
SJC,from,721,15,0.0275,0.0307,0.0067,0.0185,0.0192,0.0192,0.0000,0.0000
SJC,from,722,15,0.0238,0.0247,0.0054,0.0126,0.0192,0.0192,0.0000,0.0000
SJC,from,723,15,0.0175,0.0180,0.0038,0.0104,0.0077,0.0000,0.0000,0.0000
SJC,from,724,15,0.0234,0.0232,0.0054,0.0118,0.0192,0.0192,0.0000,0.0000
SJC,from,725,15,0.0130,0.0135,0.0029,0.0074,0.0000,0.0000,0.0000,0.0000
SJC,from,726,15,0.0333,0.0330,0.0083,0.0207,0.0269,0.0385,0.0000,0.0000
SJC,from,727,15,0.0101,0.0097,0.0029,0.0059,0.0000,0.0000,0.0000,0.0000
SJC,from,728,15,0.0295,0.0277,0.0182,0.0244,0.0269,0.0385,0.0084,0.0000
SJC,from,729,15,0.0188,0.0090,0.0602,0.0377,0.0346,0.0192,0.0672,0.0000
SJC,from,730,15,0.0729,0.0659,0.0742,0.0710,0.0731,0.0769,0.0672,0.1429
SJC,from,731,15,0.0193,0.0187,0.0038,0.0111,0.0115,0.0000,0.0000,0.0000
SJC,from,732,15,0.0349,0.0472,0.0218,0.0333,0.0308,0.0385,0.0252,0.0000
SJC,from,733,15,0.0354,0.0270,0.0573,0.0436,0.0462,0.0577,0.0672,0.0000
SJC,from,734,15,0.0427,0.0427,0.0173,0.0311,0.0385,0.0577,0.0084,0.0000
SJC,from,735,15,0.0477,0.0674,0.1110,0.0880,0.0692,0.0577,0.1429,0.4286
SJC,from,736,15,0.0518,0.0464,0.0480,0.0481,0.0577,0.0577,0.0420,0.0000
SJC,from,737,15,0.0363,0.0307,0.0810,0.0584,0.0577,0.0577,0.0924,0.0000
SJC,from,738,15,0.0327,0.0330,0.0080,0.0207,0.0231,0.0385,0.0000,0.0000
SJC,from,739,15,0.0222,0.0157,0.0765,0.0481,0.0423,0.0385,0.0924,0.0000
SJC,from,740,15,0.0167,0.0172,0.0035,0.0081,0.0077,0.0000,0.0000,0.0000
SJC,from,741,15,0.0243,0.0247,0.0054,0.0126,0.0192,0.0192,0.0000,0.0000
SJC,from,742,15,0.0818,0.0599,0.2250,0.1524,0.1423,0.0962,0.2605,0.4286
SJC,from,743,15,0.0459,0.0487,0.0394,0.0429,0.0500,0.0577,0.0336,0.0000
SJC,from,744,15,0.0176,0.0180,0.0038,0.0104,0.0077,0.0000,0.0000,0.0000
SJC,from,745,15,0.0193,0.0187,0.0038,0.0111,0.0115,0.0000,0.0000,0.0000
SJC,from,746,15,0.0414,0.0427,0.0099,0.0259,0.0346,0.0577,0.0000,0.0000
SJC,from,747,16,0.0171,0.0166,0.0064,0.0128,0.0163,0.0162,0.0000,0.0000
SJC,from,748,16,0.0149,0.0141,0.0056,0.0113,0.0128,0.0162,0.0000,0.0000
SJC,from,749,16,0.0145,0.0137,0.0053,0.0113,0.0128,0.0162,0.0000,0.0000
SJC,from,750,16,0.0038,0.0068,0.0189,0.0105,0.0058,0.0000,0.0284,0.0000
SJC,from,751,16,0.0168,0.0139,0.1326,0.0568,0.0431,0.0270,0.1848,0.1667
SJC,from,752,16,0.0028,0.0019,0.0083,0.0040,0.0023,0.0000,0.0142,0.0000
SJC,from,753,16,0.0205,0.0196,0.0074,0.0155,0.0175,0.0216,0.0000,0.0000
SJC,from,754,16,0.0186,0.0177,0.0066,0.0140,0.0163,0.0162,0.0000,0.0000
SJC,from,755,16,0.0383,0.0348,0.0287,0.0338,0.0373,0.0378,0.0190,0.0417
SJC,from,756,16,0.0220,0.0209,0.0079,0.0163,0.0186,0.0216,0.0000,0.0000
SJC,from,757,16,0.0075,0.0068,0.0026,0.0053,0.0058,0.0054,0.0000,0.0000
SJC,from,758,16,0.0147,0.0139,0.0055,0.0113,0.0128,0.0162,0.0000,0.0000
SJC,from,759,16,0.0196,0.0186,0.0071,0.0145,0.0175,0.0162,0.0000,0.0000
SJC,from,760,16,0.0149,0.0135,0.0127,0.0138,0.0152,0.0162,0.0142,0.0000
SJC,from,761,16,0.0188,0.0181,0.0069,0.0140,0.0175,0.0162,0.0000,0.0000
SJC,from,762,16,0.0079,0.0071,0.0027,0.0060,0.0058,0.0054,0.0000,0.0000
SJC,from,763,16,0.0140,0.0134,0.0053,0.0105,0.0128,0.0162,0.0000,0.0000
SJC,from,764,16,0.0187,0.0177,0.0066,0.0140,0.0163,0.0162,0.0000,0.0000
SJC,from,765,16,0.0111,0.0188,0.0050,0.0118,0.0082,0.0108,0.0047,0.0000
SJC,from,766,16,0.0086,0.0071,0.0106,0.0090,0.0082,0.0108,0.0142,0.0000
SJC,from,767,16,0.0420,0.0363,0.1477,0.0763,0.0618,0.0486,0.1991,0.1667
SJC,from,768,16,0.0261,0.0209,0.0489,0.0323,0.0350,0.0270,0.0569,0.0833
SJC,from,769,16,0.0435,0.0576,0.0181,0.0400,0.0373,0.0378,0.0190,0.1250
SJC,from,770,16,0.0160,0.0150,0.0056,0.0120,0.0152,0.0162,0.0000,0.0000
SJC,from,771,16,0.0252,0.0209,0.0388,0.0283,0.0280,0.0270,0.0379,0.0417
SJC,from,772,16,0.0107,0.0083,0.0207,0.0133,0.0128,0.0162,0.0190,0.0000
SJC,from,773,16,0.0176,0.0241,0.0165,0.0198,0.0175,0.0162,0.0190,0.0000
SJC,from,774,16,0.0123,0.0117,0.0046,0.0098,0.0105,0.0162,0.0000,0.0000
SJC,from,775,16,0.0230,0.0216,0.0083,0.0178,0.0198,0.0216,0.0000,0.0000
SJC,from,776,16,0.0186,0.0171,0.0143,0.0163,0.0175,0.0162,0.0142,0.0000
SJC,from,777,16,0.0184,0.0310,0.0366,0.0303,0.0198,0.0162,0.0521,0.0833
SJC,from,778,16,0.0413,0.0547,0.0268,0.0415,0.0373,0.0378,0.0284,0.1250
SJC,from,779,16,0.0181,0.0173,0.0064,0.0138,0.0163,0.0162,0.0000,0.0000
SJC,from,780,16,0.0181,0.0243,0.0170,0.0200,0.0175,0.0162,0.0190,0.0000
SJC,from,781,16,0.0142,0.0135,0.0053,0.0113,0.0128,0.0162,0.0000,0.0000
SJC,from,782,16,0.0199,0.0188,0.0071,0.0148,0.0175,0.0216,0.0000,0.0000
SJC,from,783,16,0.0092,0.0085,0.0032,0.0070,0.0070,0.0108,0.0000,0.0000
SJC,from,784,16,0.0184,0.0167,0.0165,0.0168,0.0175,0.0162,0.0190,0.0000
SJC,from,785,16,0.0154,0.0137,0.0149,0.0143,0.0163,0.0162,0.0142,0.0000
SJC,from,786,16,0.0111,0.0107,0.0042,0.0088,0.0082,0.0108,0.0000,0.0000
SJC,from,787,16,0.0191,0.0182,0.0069,0.0143,0.0175,0.0162,0.0000,0.0000
SJC,from,788,16,0.0199,0.0241,0.0075,0.0178,0.0175,0.0162,0.0000,0.0000
SJC,from,789,16,0.0170,0.0164,0.0064,0.0128,0.0163,0.0162,0.0000,0.0000
SJC,from,790,16,0.0188,0.0181,0.0069,0.0140,0.0175,0.0162,0.0000,0.0000
SJC,from,791,16,0.0114,0.0111,0.0042,0.0088,0.0093,0.0108,0.0000,0.0000
SJC,from,792,16,0.0129,0.0122,0.0050,0.0103,0.0117,0.0162,0.0000,0.0000
SJC,from,793,16,0.0111,0.0107,0.0042,0.0088,0.0082,0.0108,0.0000,0.0000
SJC,from,794,16,0.0138,0.0132,0.0051,0.0105,0.0128,0.0162,0.0000,0.0000
SJC,from,795,16,0.0067,0.0064,0.0021,0.0043,0.0058,0.0054,0.0000,0.0000
SJC,from,796,16,0.0374,0.0241,0.1355,0.0660,0.0571,0.0486,0.1754,0.1667
SJC,from,797,16,0.0177,0.0160,0.0139,0.0155,0.0175,0.0162,0.0142,0.0000
SJC,from,798,16,0.0082,0.0068,0.0104,0.0088,0.0082,0.0108,0.0142,0.0000
SJC,from,799,16,0.0174,0.0167,0.0064,0.0133,0.0163,0.0162,0.0000,0.0000
SJC,from,800,16,0.0184,0.0254,0.0075,0.0178,0.0163,0.0162,0.0047,0.0000
SJC,from,801,16,0.0254,0.0237,0.0165,0.0210,0.0221,0.0216,0.0142,0.0000
SJC,from,802,16,0.0128,0.0120,0.0048,0.0103,0.0117,0.0162,0.0000,0.0000
SJC,from,803,16,0.0079,0.0071,0.0027,0.0060,0.0058,0.0054,0.0000,0.0000
SJC,from,804,17,0.0135,0.0129,0.0022,0.0101,0.0000,0.0000,0.0000,0.0000
SJC,from,805,17,0.0290,0.0282,0.0090,0.0263,0.0333,0.0000,0.0000,0.0000
SJC,from,806,17,0.0292,0.0341,0.0695,0.0344,0.0667,0.0000,0.1000,0.0000
SJC,from,807,17,0.0135,0.0129,0.0045,0.0101,0.0000,0.0000,0.0000,0.0000
SJC,from,808,17,0.0127,0.0118,0.0022,0.0101,0.0000,0.0000,0.0000,0.0000
SJC,from,809,17,0.0078,0.0047,0.0269,0.0101,0.0000,0.0000,0.0000,0.0000
SJC,from,810,17,0.0528,0.0871,0.0897,0.0850,0.1667,0.0000,0.3000,0.0000
SJC,from,811,17,0.0284,0.0400,0.0404,0.0324,0.0333,0.0000,0.0000,0.0000
SJC,from,812,17,0.0110,0.0082,0.0202,0.0101,0.0000,0.0000,0.0000,0.0000
SJC,from,813,17,0.0092,0.0082,0.0000,0.0040,0.0000,0.0000,0.0000,0.0000
SJC,from,814,17,0.0110,0.0094,0.0000,0.0081,0.0000,0.0000,0.0000,0.0000
SJC,from,815,17,0.0012,0.0012,0.0000,0.0000,0.0000,0.0000,0.0000,0.0000
SJC,from,816,17,0.0065,0.0059,0.0000,0.0040,0.0000,0.0000,0.0000,0.0000
SJC,from,817,17,0.0035,0.0012,0.0000,0.0000,0.0000,0.0000,0.0000,0.0000
SJC,from,818,17,0.0139,0.0129,0.0045,0.0101,0.0000,0.0000,0.0000,0.0000
SJC,from,819,17,0.0035,0.0012,0.0000,0.0020,0.0000,0.0000,0.0000,0.0000
SJC,from,820,17,0.0605,0.0600,0.0381,0.0628,0.2000,0.6667,0.0000,0.0000
SJC,from,821,17,0.0292,0.0341,0.0135,0.0283,0.0333,0.0000,0.0000,0.0000
SJC,from,822,17,0.0180,0.0176,0.0045,0.0182,0.0000,0.0000,0.0000,0.0000
SJC,from,823,17,0.0184,0.0176,0.0045,0.0182,0.0000,0.0000,0.0000,0.0000
SJC,from,824,17,0.0096,0.0059,0.0538,0.0182,0.0000,0.0000,0.0000,0.0000
SJC,from,825,17,0.0104,0.0082,0.0000,0.0081,0.0000,0.0000,0.0000,0.0000
SJC,from,826,17,0.0012,0.0012,0.0000,0.0000,0.0000,0.0000,0.0000,0.0000
SJC,from,827,17,0.0074,0.0059,0.0000,0.0040,0.0000,0.0000,0.0000,0.0000
SJC,from,828,17,0.0121,0.0118,0.0000,0.0101,0.0000,0.0000,0.0000,0.0000
SJC,from,829,17,0.0072,0.0047,0.0381,0.0101,0.0000,0.0000,0.0000,0.0000
SJC,from,830,17,0.0092,0.0071,0.0000,0.0040,0.0000,0.0000,0.0000,0.0000
SJC,from,831,17,0.0014,0.0012,0.0000,0.0000,0.0000,0.0000,0.0000,0.0000
SJC,from,832,17,0.0067,0.0059,0.0000,0.0040,0.0000,0.0000,0.0000,0.0000
SJC,from,833,17,0.0127,0.0118,0.0022,0.0101,0.0000,0.0000,0.0000,0.0000
SJC,from,834,17,0.0155,0.0141,0.0045,0.0121,0.0000,0.0000,0.0000,0.0000
SJC,from,835,17,0.0145,0.0129,0.0045,0.0101,0.0000,0.0000,0.0000,0.0000
SJC,from,836,17,0.0065,0.0059,0.0000,0.0040,0.0000,0.0000,0.0000,0.0000
SJC,from,837,17,0.0035,0.0012,0.0000,0.0000,0.0000,0.0000,0.0000,0.0000
SJC,from,838,17,0.0010,0.0000,0.0000,0.0000,0.0000,0.0000,0.0000,0.0000
SJC,from,839,17,0.0018,0.0012,0.0135,0.0020,0.0000,0.0000,0.0000,0.0000
SJC,from,840,17,0.0155,0.0141,0.0202,0.0182,0.0000,0.0000,0.0000,0.0000
SJC,from,841,17,0.0129,0.0118,0.0022,0.0101,0.0000,0.0000,0.0000,0.0000
SJC,from,842,17,0.0100,0.0082,0.0000,0.0081,0.0000,0.0000,0.0000,0.0000
SJC,from,843,17,0.0180,0.0176,0.0045,0.0182,0.0000,0.0000,0.0000,0.0000
SJC,from,844,17,0.0524,0.0494,0.0291,0.0547,0.1667,0.3333,0.0000,0.0000
SJC,from,845,17,0.0399,0.0400,0.0179,0.0324,0.1333,0.0000,0.0000,0.0000
SJC,from,846,17,0.0172,0.0176,0.0045,0.0162,0.0000,0.0000,0.0000,0.0000
SJC,from,847,17,0.0035,0.0012,0.0000,0.0000,0.0000,0.0000,0.0000,0.0000
SJC,from,848,17,0.0076,0.0071,0.0000,0.0040,0.0000,0.0000,0.0000,0.0000
SJC,from,849,17,0.0180,0.0176,0.0045,0.0182,0.0000,0.0000,0.0000,0.0000
SJC,from,850,17,0.0196,0.0188,0.0045,0.0182,0.0000,0.0000,0.0000,0.0000
SJC,from,851,17,0.0127,0.0118,0.0022,0.0101,0.0000,0.0000,0.0000,0.0000
SJC,from,852,17,0.0297,0.0282,0.0090,0.0283,0.0333,0.0000,0.0000,0.0000
SJC,from,853,17,0.0223,0.0212,0.0202,0.0223,0.0000,0.0000,0.0000,0.0000
SJC,from,854,17,0.0016,0.0012,0.0000,0.0000,0.0000,0.0000,0.0000,0.0000
SJC,from,855,17,0.0012,0.0012,0.0000,0.0000,0.0000,0.0000,0.0000,0.0000
SJC,from,856,17,0.0094,0.0071,0.0202,0.0101,0.0000,0.0000,0.0000,0.0000
SJC,from,857,17,0.0086,0.0059,0.0269,0.0101,0.0000,0.0000,0.0000,0.0000
SJC,from,858,17,0.0127,0.0071,0.0695,0.0223,0.0000,0.0000,0.1000,0.0000
SJC,from,859,17,0.0127,0.0118,0.0022,0.0101,0.0000,0.0000,0.0000,0.0000
SJC,from,860,17,0.0245,0.0247,0.0202,0.0223,0.0000,0.0000,0.0000,0.0000
SJC,from,861,17,0.0176,0.0176,0.0045,0.0162,0.0000,0.0000,0.0000,0.0000
SJC,from,862,17,0.0149,0.0282,0.0090,0.0202,0.0000,0.0000,0.0000,0.0000
SJC,from,863,17,0.0076,0.0071,0.0000,0.0040,0.0000,0.0000,0.0000,0.0000
SJC,from,864,17,0.0022,0.0012,0.0000,0.0000,0.0000,0.0000,0.0000,0.0000
SJC,from,865,17,0.0053,0.0047,0.0000,0.0020,0.0000,0.0000,0.0000,0.0000
SJC,from,866,17,0.0209,0.0271,0.0090,0.0223,0.0000,0.0000,0.0000,0.0000
SJC,from,867,17,0.0106,0.0094,0.0000,0.0081,0.0000,0.0000,0.0000,0.0000
SJC,from,868,17,0.0098,0.0082,0.0000,0.0040,0.0000,0.0000,0.0000,0.0000
SJC,from,869,17,0.0121,0.0118,0.0000,0.0101,0.0000,0.0000,0.0000,0.0000
SJC,from,870,17,0.0045,0.0047,0.0000,0.0020,0.0000,0.0000,0.0000,0.0000
SJC,from,871,17,0.0059,0.0012,0.0695,0.0162,0.0000,0.0000,0.1000,0.0000
SJC,from,872,17,0.0184,0.0153,0.0448,0.0223,0.0000,0.0000,0.0000,0.0000
SJC,from,873,17,0.0264,0.0318,0.1592,0.0567,0.1333,0.0000,0.4000,0.0000
SJC,from,874,18,0.0000,0.0000,0.0000,0.0000,0.0000,0.0000,0.0000,0.0000
SJC,from,875,18,0.1242,0.1453,0.5573,0.4643,1.0000,1.0000,0.7059,0.0000
SJC,from,876,18,0.0000,0.0000,0.0000,0.0000,0.0000,0.0000,0.0000,0.0000
SJC,from,877,18,0.0000,0.0000,0.0000,0.0000,0.0000,0.0000,0.0000,0.0000
SJC,from,878,18,0.0006,0.0000,0.0000,0.0000,0.0000,0.0000,0.0000,0.0000
SJC,from,879,18,0.0000,0.0000,0.0000,0.0000,0.0000,0.0000,0.0000,0.0000
SJC,from,880,18,0.0000,0.0000,0.0000,0.0000,0.0000,0.0000,0.0000,0.0000
SJC,from,881,18,0.0000,0.0000,0.0000,0.0000,0.0000,0.0000,0.0000,0.0000
SJC,from,882,18,0.0000,0.0000,0.0000,0.0000,0.0000,0.0000,0.0000,0.0000
SJC,from,883,18,0.0135,0.0085,0.0000,0.0000,0.0000,0.0000,0.0000,0.0000
SJC,from,884,18,0.0187,0.0085,0.0088,0.0071,0.0000,0.0000,0.0000,0.0000
SJC,from,885,18,0.0328,0.0342,0.0044,0.0143,0.0000,0.0000,0.0000,0.0000
SJC,from,886,18,0.0122,0.0085,0.0000,0.0000,0.0000,0.0000,0.0000,0.0000
SJC,from,887,18,0.0109,0.0085,0.0000,0.0000,0.0000,0.0000,0.0000,0.0000
SJC,from,888,18,0.0000,0.0000,0.0000,0.0000,0.0000,0.0000,0.0000,0.0000
SJC,from,889,18,0.0000,0.0000,0.0000,0.0000,0.0000,0.0000,0.0000,0.0000
SJC,from,890,18,0.0000,0.0000,0.0000,0.0000,0.0000,0.0000,0.0000,0.0000
SJC,from,891,18,0.0000,0.0000,0.0000,0.0000,0.0000,0.0000,0.0000,0.0000
SJC,from,892,18,0.0000,0.0000,0.0000,0.0000,0.0000,0.0000,0.0000,0.0000
SJC,from,893,18,0.0000,0.0000,0.0000,0.0000,0.0000,0.0000,0.0000,0.0000
SJC,from,894,18,0.0006,0.0000,0.0044,0.0000,0.0000,0.0000,0.0000,0.0000
SJC,from,895,18,0.0013,0.0000,0.0000,0.0000,0.0000,0.0000,0.0000,0.0000
SJC,from,896,18,0.0000,0.0000,0.0000,0.0000,0.0000,0.0000,0.0000,0.0000
SJC,from,897,18,0.0000,0.0000,0.0000,0.0000,0.0000,0.0000,0.0000,0.0000
SJC,from,898,18,0.0000,0.0000,0.0000,0.0000,0.0000,0.0000,0.0000,0.0000
SJC,from,899,18,0.0032,0.0000,0.0000,0.0000,0.0000,0.0000,0.0000,0.0000
SJC,from,900,18,0.0000,0.0000,0.0000,0.0000,0.0000,0.0000,0.0000,0.0000
SJC,from,901,18,0.0000,0.0000,0.0000,0.0000,0.0000,0.0000,0.0000,0.0000
SJC,from,902,18,0.0032,0.0000,0.0000,0.0000,0.0000,0.0000,0.0000,0.0000
SJC,from,903,18,0.0071,0.0085,0.0000,0.0000,0.0000,0.0000,0.0000,0.0000
SJC,from,904,18,0.0006,0.0000,0.0000,0.0000,0.0000,0.0000,0.0000,0.0000
SJC,from,905,18,0.0019,0.0000,0.0000,0.0000,0.0000,0.0000,0.0000,0.0000
SJC,from,906,18,0.0006,0.0000,0.0000,0.0000,0.0000,0.0000,0.0000,0.0000
SJC,from,907,18,0.0109,0.0085,0.0000,0.0000,0.0000,0.0000,0.0000,0.0000
SJC,from,908,18,0.0142,0.0085,0.0000,0.0000,0.0000,0.0000,0.0000,0.0000
SJC,from,909,18,0.0116,0.0085,0.0000,0.0000,0.0000,0.0000,0.0000,0.0000
SJC,from,910,18,0.0180,0.0085,0.0000,0.0071,0.0000,0.0000,0.0000,0.0000
SJC,from,911,18,0.0154,0.0085,0.0000,0.0071,0.0000,0.0000,0.0000,0.0000
SJC,from,912,18,0.0283,0.0342,0.0044,0.0143,0.0000,0.0000,0.0000,0.0000
SJC,from,913,18,0.0335,0.0342,0.0044,0.0143,0.0000,0.0000,0.0000,0.0000
SJC,from,914,18,0.0302,0.0342,0.0132,0.0143,0.0000,0.0000,0.0000,0.0000
SJC,from,915,18,0.0193,0.0171,0.0000,0.0071,0.0000,0.0000,0.0000,0.0000
SJC,from,916,18,0.0193,0.0342,0.0000,0.0071,0.0000,0.0000,0.0000,0.0000
SJC,from,917,18,0.0309,0.0342,0.0044,0.0143,0.0000,0.0000,0.0000,0.0000
SJC,from,918,18,0.0470,0.0513,0.0088,0.0286,0.0000,0.0000,0.0000,0.0000
SJC,from,919,18,0.0109,0.0085,0.0000,0.0000,0.0000,0.0000,0.0000,0.0000
SJC,from,920,18,0.0129,0.0085,0.0000,0.0000,0.0000,0.0000,0.0000,0.0000
SJC,from,921,18,0.0064,0.0085,0.0000,0.0000,0.0000,0.0000,0.0000,0.0000
SJC,from,922,18,0.0154,0.0085,0.0000,0.0000,0.0000,0.0000,0.0000,0.0000
SJC,from,923,18,0.0013,0.0000,0.0000,0.0000,0.0000,0.0000,0.0000,0.0000
SJC,from,924,18,0.0006,0.0000,0.0000,0.0000,0.0000,0.0000,0.0000,0.0000
SJC,from,925,18,0.0026,0.0000,0.0000,0.0000,0.0000,0.0000,0.0000,0.0000
SJC,from,926,18,0.0000,0.0000,0.0000,0.0000,0.0000,0.0000,0.0000,0.0000
SJC,from,927,18,0.0000,0.0000,0.0000,0.0000,0.0000,0.0000,0.0000,0.0000
SJC,from,928,18,0.0006,0.0000,0.0000,0.0000,0.0000,0.0000,0.0000,0.0000
SJC,from,929,18,0.0000,0.0000,0.0000,0.0000,0.0000,0.0000,0.0000,0.0000
SJC,from,930,18,0.0032,0.0000,0.0000,0.0000,0.0000,0.0000,0.0000,0.0000
SJC,from,931,18,0.0000,0.0000,0.0000,0.0000,0.0000,0.0000,0.0000,0.0000
SJC,from,932,18,0.0000,0.0000,0.0000,0.0000,0.0000,0.0000,0.0000,0.0000
SJC,from,933,18,0.0019,0.0000,0.0000,0.0000,0.0000,0.0000,0.0000,0.0000
SJC,from,934,18,0.0019,0.0000,0.0000,0.0000,0.0000,0.0000,0.0000,0.0000
SJC,from,935,18,0.0000,0.0000,0.0000,0.0000,0.0000,0.0000,0.0000,0.0000
SJC,from,936,18,0.0000,0.0000,0.0000,0.0000,0.0000,0.0000,0.0000,0.0000
SJC,from,937,18,0.0154,0.0085,0.0000,0.0071,0.0000,0.0000,0.0000,0.0000
SJC,from,938,18,0.0251,0.0342,0.0044,0.0071,0.0000,0.0000,0.0000,0.0000
SJC,from,939,18,0.0116,0.0085,0.0000,0.0000,0.0000,0.0000,0.0000,0.0000
SJC,from,940,18,0.0039,0.0000,0.0000,0.0000,0.0000,0.0000,0.0000,0.0000
SJC,from,941,18,0.0000,0.0000,0.0000,0.0000,0.0000,0.0000,0.0000,0.0000
SJC,from,942,18,0.0006,0.0000,0.0000,0.0000,0.0000,0.0000,0.0000,0.0000
SJC,from,943,18,0.0142,0.0085,0.0000,0.0000,0.0000,0.0000,0.0000,0.0000
SJC,from,944,18,0.0013,0.0000,0.0000,0.0000,0.0000,0.0000,0.0000,0.0000
SJC,from,945,18,0.0006,0.0000,0.0000,0.0000,0.0000,0.0000,0.0000,0.0000
SJC,from,946,18,0.0006,0.0000,0.0000,0.0000,0.0000,0.0000,0.0000,0.0000
SJC,from,947,18,0.0142,0.0085,0.0551,0.0357,0.0000,0.0000,0.0588,0.0000
SJC,from,948,18,0.0039,0.0085,0.0000,0.0000,0.0000,0.0000,0.0000,0.0000
SJC,from,949,18,0.0180,0.0085,0.0000,0.0071,0.0000,0.0000,0.0000,0.0000
SJC,from,950,18,0.0142,0.0085,0.0044,0.0071,0.0000,0.0000,0.0000,0.0000
SJC,from,951,18,0.0193,0.0171,0.0000,0.0071,0.0000,0.0000,0.0000,0.0000
SJC,from,952,18,0.0347,0.0598,0.0198,0.0357,0.0000,0.0000,0.0000,0.0000
SJC,from,953,18,0.0470,0.0513,0.0088,0.0286,0.0000,0.0000,0.0000,0.0000
SJC,from,954,18,0.0109,0.0085,0.0044,0.0071,0.0000,0.0000,0.0000,0.0000
SJC,from,955,18,0.0026,0.0000,0.0044,0.0000,0.0000,0.0000,0.0000,0.0000
SJC,from,956,18,0.0167,0.0085,0.0000,0.0071,0.0000,0.0000,0.0000,0.0000
SJC,from,957,18,0.0116,0.0085,0.0000,0.0000,0.0000,0.0000,0.0000,0.0000
SJC,from,958,18,0.0109,0.0085,0.0000,0.0000,0.0000,0.0000,0.0000,0.0000
SJC,from,959,18,0.0109,0.0085,0.0000,0.0000,0.0000,0.0000,0.0000,0.0000
SJC,from,960,18,0.0225,0.0342,0.0352,0.0357,0.0000,0.0000,0.0000,0.0000
SJC,from,961,18,0.0000,0.0000,0.0044,0.0000,0.0000,0.0000,0.0000,0.0000
SJC,from,962,18,0.0000,0.0000,0.0000,0.0000,0.0000,0.0000,0.0000,0.0000
SJC,from,963,18,0.0154,0.0085,0.0000,0.0071,0.0000,0.0000,0.0000,0.0000
SJC,from,964,18,0.0051,0.0000,0.0000,0.0000,0.0000,0.0000,0.0000,0.0000
SJC,from,965,18,0.0019,0.0085,0.0000,0.0000,0.0000,0.0000,0.0000,0.0000
SJC,from,966,18,0.0000,0.0000,0.0000,0.0000,0.0000,0.0000,0.0000,0.0000
SJC,from,967,18,0.0154,0.0085,0.0727,0.0571,0.0000,0.0000,0.0588,0.0000
SJC,from,968,18,0.0347,0.0855,0.0969,0.1000,0.0000,0.0000,0.1765,0.0000
SJC,from,969,18,0.0109,0.0342,0.0176,0.0143,0.0000,0.0000,0.0000,0.0000
SJC,from,970,18,0.0032,0.0085,0.0000,0.0000,0.0000,0.0000,0.0000,0.0000
SJC,from,971,18,0.0116,0.0085,0.0463,0.0357,0.0000,0.0000,0.0000,0.0000
SJC,from,972,18,0.0032,0.0000,0.0044,0.0000,0.0000,0.0000,0.0000,0.0000
SJC,from,973,18,0.0045,0.0000,0.0000,0.0000,0.0000,0.0000,0.0000,0.0000
SJC,from,974,18,0.0032,0.0000,0.0000,0.0000,0.0000,0.0000,0.0000,0.0000
SJC,from,975,18,0.0032,0.0000,0.0000,0.0000,0.0000,0.0000,0.0000,0.0000
SJC,from,976,18,0.0000,0.0000,0.0000,0.0000,0.0000,0.0000,0.0000,0.0000
SJC,from,977,18,0.0013,0.0000,0.0000,0.0000,0.0000,0.0000,0.0000,0.0000
SJC,from,978,18,0.0000,0.0000,0.0000,0.0000,0.0000,0.0000,0.0000,0.0000
SJC,from,979,18,0.0032,0.0000,0.0066,0.0000,0.0000,0.0000,0.0000,0.0000
SJC,from,980,18,0.0000,0.0000,0.0000,0.0000,0.0000,0.0000,0.0000,0.0000
SJC,from,981,18,0.0000,0.0000,0.0044,0.0000,0.0000,0.0000,0.0000,0.0000
SJC,from,982,18,0.0000,0.0000,0.0000,0.0000,0.0000,0.0000,0.0000,0.0000
SJC,from,983,18,0.0000,0.0000,0.0000,0.0000,0.0000,0.0000,0.0000,0.0000
SJC,from,984,18,0.0000,0.0000,0.0000,0.0000,0.0000,0.0000,0.0000,0.0000
SJC,from,985,18,0.0000,0.0000,0.0000,0.0000,0.0000,0.0000,0.0000,0.0000
SJC,from,986,18,0.0000,0.0000,0.0000,0.0000,0.0000,0.0000,0.0000,0.0000
SJC,from,987,18,0.0032,0.0000,0.0000,0.0000,0.0000,0.0000,0.0000,0.0000
SJC,from,988,18,0.0006,0.0000,0.0000,0.0000,0.0000,0.0000,0.0000,0.0000
SJC,from,989,18,0.0000,0.0000,0.0000,0.0000,0.0000,0.0000,0.0000,0.0000
SJC,from,990,18,0.0000,0.0000,0.0000,0.0000,0.0000,0.0000,0.0000,0.0000
SJC,from,991,19,0.0763,0.0897,0.2188,0.2231,0.5714,0.0000,0.2500,0.0000
SJC,from,992,19,0.0000,0.0000,0.0000,0.0000,0.0000,0.0000,0.0000,0.0000
SJC,from,993,19,0.0033,0.0000,0.0000,0.0000,0.0000,0.0000,0.0000,0.0000
SJC,from,994,19,0.0000,0.0000,0.0000,0.0000,0.0000,0.0000,0.0000,0.0000
SJC,from,995,19,0.0020,0.0000,0.0000,0.0000,0.0000,0.0000,0.0000,0.0000
SJC,from,996,19,0.0033,0.0000,0.0000,0.0000,0.0000,0.0000,0.0000,0.0000
SJC,from,997,19,0.0039,0.0000,0.0000,0.0000,0.0000,0.0000,0.0000,0.0000
SJC,from,998,19,0.0437,0.0513,0.0201,0.0165,0.0000,0.0000,0.0000,0.0000
SJC,from,999,19,0.0254,0.0128,0.0156,0.0083,0.0000,0.0000,0.0000,0.0000
SJC,from,1000,19,0.0313,0.0513,0.0045,0.0083,0.0000,0.0000,0.0000,0.0000
SJC,from,1001,19,0.0052,0.0000,0.0045,0.0000,0.0000,0.0000,0.0000,0.0000
SJC,from,1002,19,0.0039,0.0000,0.0000,0.0000,0.0000,0.0000,0.0000,0.0000
SJC,from,1003,19,0.0157,0.0128,0.0089,0.0083,0.0000,0.0000,0.0000,0.0000
SJC,from,1004,19,0.0665,0.0513,0.1161,0.1157,0.0000,0.0000,0.1875,0.0000
SJC,from,1005,19,0.0431,0.0513,0.0268,0.0413,0.0000,0.0000,0.0000,0.0000
SJC,from,1006,19,0.0385,0.0513,0.0067,0.0165,0.0000,0.0000,0.0000,0.0000
SJC,from,1007,19,0.0020,0.0000,0.0000,0.0000,0.0000,0.0000,0.0000,0.0000
SJC,from,1008,19,0.0522,0.0769,0.2210,0.2231,0.4286,0.0000,0.2500,0.0000
SJC,from,1009,19,0.0046,0.0128,0.0000,0.0000,0.0000,0.0000,0.0000,0.0000
SJC,from,1010,19,0.0248,0.0128,0.0134,0.0083,0.0000,0.0000,0.0000,0.0000
SJC,from,1011,19,0.0007,0.0000,0.0000,0.0000,0.0000,0.0000,0.0000,0.0000
SJC,from,1012,19,0.0033,0.0000,0.0000,0.0000,0.0000,0.0000,0.0000,0.0000
SJC,from,1013,19,0.0013,0.0000,0.0000,0.0000,0.0000,0.0000,0.0000,0.0000
SJC,from,1014,19,0.0287,0.0000,0.1540,0.1240,0.0000,0.0000,0.2500,0.0000
SJC,from,1015,19,0.0007,0.0000,0.0000,0.0000,0.0000,0.0000,0.0000,0.0000
SJC,from,1016,19,0.0020,0.0000,0.0000,0.0000,0.0000,0.0000,0.0000,0.0000
SJC,from,1017,19,0.0209,0.0128,0.0045,0.0083,0.0000,0.0000,0.0000,0.0000
SJC,from,1018,19,0.0144,0.0128,0.0536,0.0413,0.0000,0.0000,0.0625,0.0000
SJC,from,1019,19,0.0007,0.0128,0.0000,0.0000,0.0000,0.0000,0.0000,0.0000
SJC,from,1020,19,0.0039,0.0000,0.0045,0.0000,0.0000,0.0000,0.0000,0.0000
SJC,from,1021,19,0.0020,0.0000,0.0000,0.0000,0.0000,0.0000,0.0000,0.0000
SJC,from,1022,19,0.0150,0.0128,0.0000,0.0000,0.0000,0.0000,0.0000,0.0000
SJC,from,1023,19,0.0144,0.0128,0.0067,0.0083,0.0000,0.0000,0.0000,0.0000
SJC,from,1024,19,0.0033,0.0000,0.0045,0.0000,0.0000,0.0000,0.0000,0.0000
SJC,from,1025,19,0.0248,0.0128,0.0045,0.0083,0.0000,0.0000,0.0000,0.0000
SJC,from,1026,19,0.0209,0.0128,0.0201,0.0165,0.0000,0.0000,0.0000,0.0000
SJC,from,1027,19,0.0274,0.0385,0.0045,0.0083,0.0000,0.0000,0.0000,0.0000
SJC,from,1028,19,0.0476,0.0513,0.0134,0.0165,0.0000,0.0000,0.0000,0.0000
SJC,from,1029,19,0.0522,0.0641,0.0156,0.0165,0.0000,0.0000,0.0000,0.0000
SJC,from,1030,19,0.0294,0.0256,0.0045,0.0083,0.0000,0.0000,0.0000,0.0000
SJC,from,1031,19,0.0594,0.0769,0.0179,0.0331,0.0000,0.0000,0.0000,0.0000
SJC,from,1032,19,0.0248,0.0128,0.0045,0.0083,0.0000,0.0000,0.0000,0.0000
SJC,from,1033,19,0.0528,0.0641,0.0156,0.0165,0.0000,0.0000,0.0000,0.0000
SJC,from,1034,19,0.0313,0.0385,0.0045,0.0083,0.0000,0.0000,0.0000,0.0000
SJC,from,1035,19,0.0183,0.0128,0.0022,0.0000,0.0000,0.0000,0.0000,0.0000
SJC,from,1036,19,0.0117,0.0128,0.0000,0.0000,0.0000,0.0000,0.0000,0.0000
SJC,from,1037,19,0.0117,0.0128,0.0000,0.0000,0.0000,0.0000,0.0000,0.0000
SJC,from,1038,19,0.0033,0.0000,0.0045,0.0000,0.0000,0.0000,0.0000,0.0000
SJC,from,1039,19,0.0280,0.0256,0.0045,0.0083,0.0000,0.0000,0.0000,0.0000
SJC,from,1040,20,0.0000,0.0000,0.0000,0.0000,0.0000,0.0000,0.0000,0.0000
SJC,from,1041,20,0.0000,0.0000,0.0000,0.0000,0.0000,0.0000,0.0000,0.0000
SJC,from,1042,20,0.0032,0.0000,0.0000,0.0000,0.0000,0.0000,0.0000,0.0000
SJC,from,1043,20,0.0193,0.0000,0.0000,0.0000,0.0000,0.0000,0.0000,0.0000
SJC,from,1044,20,0.0193,0.0000,0.0000,0.0000,0.0000,0.0000,0.0000,0.0000
SJC,from,1045,20,0.0225,0.0000,0.0000,0.0000,0.0000,0.0000,0.0000,0.0000
SJC,from,1046,20,0.0161,0.0000,0.0000,0.0000,0.0000,0.0000,0.0000,0.0000
SJC,from,1047,20,0.0000,0.0000,0.0000,0.0000,0.0000,0.0000,0.0000,0.0000
SJC,from,1048,20,0.0000,0.0000,0.0000,0.0000,0.0000,0.0000,0.0000,0.0000
SJC,from,1049,20,0.0129,0.0000,0.0000,0.0000,0.0000,0.0000,0.0000,0.0000
SJC,from,1050,20,0.0000,0.0000,0.0000,0.0000,0.0000,0.0000,0.0000,0.0000
SJC,from,1051,20,0.0482,0.0000,0.1102,0.0870,0.0000,0.0000,0.0000,0.0000
SJC,from,1052,20,0.0064,0.0000,0.0000,0.0000,0.0000,0.0000,0.0000,0.0000
SJC,from,1053,20,0.0193,0.0000,0.0000,0.0000,0.0000,0.0000,0.0000,0.0000
SJC,from,1054,20,0.0096,0.0000,0.0000,0.0000,0.0000,0.0000,0.0000,0.0000
SJC,from,1055,20,0.0000,0.0000,0.0000,0.0000,0.0000,0.0000,0.0000,0.0000
SJC,from,1056,20,0.0193,0.0000,0.0709,0.0435,0.0000,0.0000,0.0000,0.0000
SJC,from,1057,20,0.0000,0.0000,0.0000,0.0000,0.0000,0.0000,0.0000,0.0000
SJC,from,1058,20,0.0000,0.0000,0.0000,0.0000,0.0000,0.0000,0.0000,0.0000
SJC,from,1059,20,0.0547,0.0000,0.0551,0.0000,0.0000,0.0000,0.0000,0.0000
SJC,from,1060,20,0.0000,0.0000,0.0000,0.0000,0.0000,0.0000,0.0000,0.0000
SJC,from,1061,20,0.0000,0.0000,0.0000,0.0000,0.0000,0.0000,0.0000,0.0000
SJC,from,1062,20,0.0386,0.0000,0.0709,0.0435,0.0000,0.0000,0.0000,0.0000
SJC,from,1063,20,0.0000,0.0000,0.0000,0.0000,0.0000,0.0000,0.0000,0.0000
SJC,from,1064,20,0.0000,0.0000,0.0000,0.0000,0.0000,0.0000,0.0000,0.0000
SJC,from,1065,20,0.0032,0.0000,0.0000,0.0000,0.0000,0.0000,0.0000,0.0000
SJC,from,1066,20,0.0772,0.0000,0.2756,0.3913,0.0000,0.0000,0.2500,0.0000
SJC,from,1067,20,0.0000,0.0000,0.0000,0.0000,0.0000,0.0000,0.0000,0.0000
SJC,from,1068,20,0.0000,0.0000,0.0000,0.0000,0.0000,0.0000,0.0000,0.0000
SJC,from,1069,20,0.0965,0.0000,0.3465,0.4348,0.0000,0.0000,0.7500,0.0000
SJC,from,1070,20,0.0032,0.0000,0.0000,0.0000,0.0000,0.0000,0.0000,0.0000
SJC,from,1071,20,0.0096,0.0000,0.0000,0.0000,0.0000,0.0000,0.0000,0.0000
SJC,from,1072,20,0.0000,0.0000,0.0000,0.0000,0.0000,0.0000,0.0000,0.0000
SJC,from,1073,20,0.0000,0.0000,0.0000,0.0000,0.0000,0.0000,0.0000,0.0000
SJC,from,1074,20,0.0225,0.0000,0.0000,0.0000,0.0000,0.0000,0.0000,0.0000
SJC,from,1075,20,0.0000,0.0000,0.0000,0.0000,0.0000,0.0000,0.0000,0.0000
SJC,from,1076,20,0.0161,0.0000,0.0000,0.0000,0.0000,0.0000,0.0000,0.0000
SJC,from,1077,20,0.0161,0.0000,0.0000,0.0000,0.0000,0.0000,0.0000,0.0000
SJC,from,1078,20,0.0161,0.0000,0.0000,0.0000,0.0000,0.0000,0.0000,0.0000
SJC,from,1079,20,0.0772,0.0000,0.0157,0.0000,0.0000,0.0000,0.0000,0.0000
SJC,from,1080,20,0.0257,0.0000,0.0000,0.0000,0.0000,0.0000,0.0000,0.0000
SJC,from,1081,20,0.0032,0.0000,0.0000,0.0000,0.0000,0.0000,0.0000,0.0000
SJC,from,1082,20,0.0161,0.0000,0.0000,0.0000,0.0000,0.0000,0.0000,0.0000
SJC,from,1083,20,0.0579,0.0000,0.0000,0.0000,0.0000,0.0000,0.0000,0.0000
SJC,from,1084,20,0.0547,0.0000,0.0000,0.0000,0.0000,0.0000,0.0000,0.0000
SJC,from,1085,20,0.0547,0.0000,0.0000,0.0000,0.0000,0.0000,0.0000,0.0000
SJC,from,1086,20,0.0547,0.0000,0.0000,0.0000,0.0000,0.0000,0.0000,0.0000
SJC,from,1087,20,0.0772,0.0000,0.0551,0.0000,0.0000,0.0000,0.0000,0.0000
SJC,from,1088,20,0.0257,0.0000,0.0000,0.0000,0.0000,0.0000,0.0000,0.0000
SJC,from,1089,20,0.0000,0.0000,0.0000,0.0000,0.0000,0.0000,0.0000,0.0000
SJC,from,1090,20,0.0032,0.0000,0.0000,0.0000,0.0000,0.0000,0.0000,0.0000
SJC,from,1091,21,0.0000,0.0000,0.0000,0.0000,0.0000,0.0000,0.0000,0.0000
SJC,from,1092,21,0.0000,0.0000,0.0000,0.0000,0.0000,0.0000,0.0000,0.0000
SJC,from,1093,21,0.0000,0.0000,0.0000,0.0000,0.0000,0.0000,0.0000,0.0000
SJC,from,1094,21,0.0219,0.0000,0.0000,0.0000,0.0000,0.0000,0.0000,0.0000
SJC,from,1095,21,0.0000,0.0000,0.0000,0.0000,0.0000,0.0000,0.0000,0.0000
SJC,from,1096,21,0.0531,0.0000,0.0308,0.0000,0.0000,0.0000,0.0000,0.0000
SJC,from,1097,21,0.0219,0.0000,0.0231,0.0000,0.0000,0.0000,0.0000,0.0000
SJC,from,1098,21,0.0250,0.0000,0.0000,0.0000,0.0000,0.0000,0.0000,0.0000
SJC,from,1099,21,0.0531,0.0000,0.0308,0.0000,0.0000,0.0000,0.0000,0.0000
SJC,from,1100,21,0.0562,0.0000,0.0000,0.0000,0.0000,0.0000,0.0000,0.0000
SJC,from,1101,21,0.0188,0.0000,0.0000,0.0000,0.0000,0.0000,0.0000,0.0000
SJC,from,1102,21,0.0000,0.0000,0.0000,0.0000,0.0000,0.0000,0.0000,0.0000
SJC,from,1103,21,0.0344,0.0000,0.0000,0.0000,0.0000,0.0000,0.0000,0.0000
SJC,from,1104,21,0.0250,0.0000,0.0308,0.0000,0.0000,0.0000,0.0000,0.0000
SJC,from,1105,21,0.0000,0.0000,0.0000,0.0000,0.0000,0.0000,0.0000,0.0000
SJC,from,1106,21,0.0188,0.0000,0.0000,0.0000,0.0000,0.0000,0.0000,0.0000
SJC,from,1107,21,0.0094,0.0000,0.0000,0.0000,0.0000,0.0000,0.0000,0.0000
SJC,from,1108,21,0.0406,0.0000,0.0615,0.0000,0.0000,0.0000,0.0000,0.0000
SJC,from,1109,21,0.0250,0.0000,0.0000,0.0000,0.0000,0.0000,0.0000,0.0000
SJC,from,1110,21,0.0188,0.0000,0.0000,0.0000,0.0000,0.0000,0.0000,0.0000
SJC,from,1111,21,0.0156,0.0000,0.0000,0.0000,0.0000,0.0000,0.0000,0.0000
SJC,from,1112,21,0.0188,0.0000,0.0000,0.0000,0.0000,0.0000,0.0000,0.0000
SJC,from,1113,21,0.0000,0.0000,0.0154,0.0000,0.0000,0.0000,0.0000,0.0000
SJC,from,1114,21,0.0000,0.0000,0.0000,0.0000,0.0000,0.0000,0.0000,0.0000
SJC,from,1115,21,0.0000,0.0000,0.0000,0.0000,0.0000,0.0000,0.0000,0.0000
SJC,from,1116,21,0.0156,0.0000,0.0000,0.0000,0.0000,0.0000,0.0000,0.0000
SJC,from,1117,21,0.0156,0.0000,0.0000,0.0000,0.0000,0.0000,0.0000,0.0000
SJC,from,1118,21,0.0219,0.0000,0.0154,0.0000,0.0000,0.0000,0.0000,0.0000
SJC,from,1119,21,0.0250,0.0000,0.0000,0.0000,0.0000,0.0000,0.0000,0.0000
SJC,from,1120,21,0.0000,0.0000,0.0000,0.0000,0.0000,0.0000,0.0000,0.0000
SJC,from,1121,21,0.0781,0.0000,0.2538,0.3182,0.0000,0.0000,0.2500,0.0000
SJC,from,1122,21,0.1313,0.0000,0.5077,0.6818,0.0000,0.0000,0.7500,0.0000
SJC,from,1123,21,0.0156,0.0000,0.0000,0.0000,0.0000,0.0000,0.0000,0.0000
SJC,from,1124,21,0.0250,0.0000,0.0154,0.0000,0.0000,0.0000,0.0000,0.0000
SJC,from,1125,21,0.0250,0.0000,0.0000,0.0000,0.0000,0.0000,0.0000,0.0000
SJC,from,1126,21,0.0531,0.0000,0.0000,0.0000,0.0000,0.0000,0.0000,0.0000
SJC,from,1127,21,0.0250,0.0000,0.0000,0.0000,0.0000,0.0000,0.0000,0.0000
SJC,from,1128,21,0.0188,0.0000,0.0000,0.0000,0.0000,0.0000,0.0000,0.0000
SJC,from,1129,21,0.0219,0.0000,0.0154,0.0000,0.0000,0.0000,0.0000,0.0000
SJC,from,1130,21,0.0188,0.0000,0.0000,0.0000,0.0000,0.0000,0.0000,0.0000
SJC,from,1131,21,0.0531,0.0000,0.0000,0.0000,0.0000,0.0000,0.0000,0.0000
SJC,from,1132,22,0.0376,0.0494,0.0091,0.0116,0.0000,0.0000,0.0000,0.0000
SJC,from,1133,22,0.0485,0.0494,0.0183,0.0233,0.0000,0.0000,0.0000,0.0000
SJC,from,1134,22,0.0670,0.0123,0.3110,0.2907,0.8000,0.0000,0.5714,0.0000
SJC,from,1135,22,0.0253,0.0123,0.0061,0.0116,0.0000,0.0000,0.0000,0.0000
SJC,from,1136,22,0.0301,0.0123,0.0732,0.0581,0.0000,0.0000,0.0000,0.0000
SJC,from,1137,22,0.0314,0.0370,0.0366,0.0233,0.0000,0.0000,0.0000,0.0000
SJC,from,1138,22,0.0424,0.0494,0.0122,0.0233,0.0000,0.0000,0.0000,0.0000
SJC,from,1139,22,0.0308,0.0247,0.0061,0.0116,0.0000,0.0000,0.0000,0.0000
SJC,from,1140,22,0.0212,0.0247,0.0061,0.0116,0.0000,0.0000,0.0000,0.0000
SJC,from,1141,22,0.0424,0.0494,0.0122,0.0116,0.0000,0.0000,0.0000,0.0000
SJC,from,1142,22,0.0328,0.0123,0.0366,0.0233,0.0000,0.0000,0.0000,0.0000
SJC,from,1143,22,0.0260,0.0494,0.0061,0.0116,0.0000,0.0000,0.0000,0.0000
SJC,from,1144,22,0.0294,0.0123,0.0061,0.0116,0.0000,0.0000,0.0000,0.0000
SJC,from,1145,22,0.0253,0.0741,0.0610,0.0698,0.0000,0.0000,0.0000,0.0000
SJC,from,1146,22,0.0041,0.0000,0.0000,0.0000,0.0000,0.0000,0.0000,0.0000
SJC,from,1147,22,0.0424,0.0494,0.0122,0.0116,0.0000,0.0000,0.0000,0.0000
SJC,from,1148,22,0.0082,0.0123,0.0000,0.0000,0.0000,0.0000,0.0000,0.0000
SJC,from,1149,22,0.0260,0.0123,0.0061,0.0116,0.0000,0.0000,0.0000,0.0000
SJC,from,1150,22,0.0417,0.0247,0.0793,0.0698,0.0000,0.0000,0.0000,0.0000
SJC,from,1151,22,0.0492,0.0617,0.0183,0.0233,0.0000,0.0000,0.0000,0.0000
SJC,from,1152,22,0.0390,0.0494,0.0122,0.0233,0.0000,0.0000,0.0000,0.0000
SJC,from,1153,22,0.0335,0.0247,0.0061,0.0116,0.0000,0.0000,0.0000,0.0000
SJC,from,1154,22,0.0602,0.0617,0.0244,0.0233,0.0000,0.0000,0.0000,0.0000
SJC,from,1155,22,0.0150,0.0123,0.0000,0.0000,0.0000,0.0000,0.0000,0.0000
SJC,from,1156,22,0.0267,0.0123,0.0061,0.0116,0.0000,0.0000,0.0000,0.0000
SJC,from,1157,22,0.0171,0.0123,0.0000,0.0000,0.0000,0.0000,0.0000,0.0000
SJC,from,1158,22,0.0369,0.0370,0.0091,0.0116,0.0000,0.0000,0.0000,0.0000
SJC,from,1159,22,0.0643,0.0864,0.2073,0.1860,0.2000,0.0000,0.4286,0.0000
SJC,from,1160,22,0.0458,0.0741,0.0183,0.0233,0.0000,0.0000,0.0000,0.0000
SJC,from,1161,23,0.0755,0.0771,0.0189,0.0499,0.0625,0.0769,0.0000,0.0000
SJC,from,1162,23,0.0062,0.0042,0.0000,0.0022,0.0000,0.0000,0.0000,0.0000
SJC,from,1163,23,0.0271,0.0271,0.0080,0.0174,0.0000,0.0000,0.0000,0.0000
SJC,from,1164,23,0.0458,0.0500,0.0100,0.0260,0.0250,0.0000,0.0000,0.0000
SJC,from,1165,23,0.0551,0.0604,0.0129,0.0325,0.0500,0.0000,0.0000,0.0000
SJC,from,1166,23,0.0845,0.0875,0.0239,0.0564,0.0750,0.1538,0.0000,0.0000
SJC,from,1167,23,0.0780,0.0792,0.0199,0.0542,0.0625,0.0769,0.0000,0.0000
SJC,from,1168,23,0.1275,0.0917,0.4896,0.2950,0.2750,0.2308,0.6216,1.0000
SJC,from,1169,23,0.0493,0.0500,0.0806,0.0672,0.0625,0.0000,0.1081,0.0000
SJC,from,1170,23,0.0461,0.0604,0.0328,0.0369,0.0375,0.0000,0.0270,0.0000
SJC,from,1171,23,0.0822,0.0687,0.1841,0.1280,0.1375,0.1538,0.2162,0.0000
SJC,from,1172,23,0.0375,0.0438,0.0090,0.0239,0.0000,0.0000,0.0000,0.0000
SJC,from,1173,23,0.0278,0.0292,0.0090,0.0195,0.0000,0.0000,0.0000,0.0000
SJC,from,1174,23,0.0368,0.0396,0.0090,0.0239,0.0000,0.0000,0.0000,0.0000
SJC,from,1175,23,0.0750,0.0750,0.0537,0.0694,0.0750,0.0769,0.0270,0.0000
SJC,from,1176,23,0.1456,0.1562,0.0388,0.0976,0.1375,0.2308,0.0000,0.0000
SJC,from,1177,24,0.0823,0.0805,0.0517,0.0593,0.0625,0.0000,0.0000,0.0000
SJC,from,1178,24,0.2237,0.2644,0.2783,0.3305,0.6875,1.0000,0.4000,0.0000
SJC,from,1179,24,0.0400,0.0460,0.0219,0.0169,0.0000,0.0000,0.0000,0.0000
SJC,from,1180,24,0.0294,0.0230,0.0179,0.0085,0.0000,0.0000,0.0000,0.0000
SJC,from,1181,24,0.0015,0.0000,0.0000,0.0000,0.0000,0.0000,0.0000,0.0000
SJC,from,1182,24,0.0481,0.0460,0.0258,0.0169,0.0000,0.0000,0.0000,0.0000
SJC,from,1183,24,0.0145,0.0115,0.0060,0.0000,0.0000,0.0000,0.0000,0.0000
SJC,from,1184,24,0.0318,0.0230,0.0179,0.0169,0.0000,0.0000,0.0000,0.0000
SJC,from,1185,24,0.0724,0.0690,0.0477,0.0424,0.0000,0.0000,0.0000,0.0000
SJC,from,1186,24,0.1045,0.1149,0.0676,0.0847,0.1875,0.0000,0.0000,0.0000
SJC,from,1187,24,0.0360,0.0460,0.0199,0.0169,0.0000,0.0000,0.0000,0.0000
SJC,from,1188,24,0.0115,0.0115,0.0040,0.0000,0.0000,0.0000,0.0000,0.0000
SJC,from,1189,24,0.0079,0.0805,0.0040,0.0169,0.0000,0.0000,0.0000,0.0000
SJC,from,1190,24,0.0018,0.0000,0.0000,0.0000,0.0000,0.0000,0.0000,0.0000
SJC,from,1191,24,0.0033,0.0000,0.0000,0.0000,0.0000,0.0000,0.0000,0.0000
SJC,from,1192,24,0.0227,0.0115,0.0159,0.0085,0.0000,0.0000,0.0000,0.0000
SJC,from,1193,24,0.0085,0.0000,0.0040,0.0000,0.0000,0.0000,0.0000,0.0000
SJC,from,1194,24,0.0200,0.0115,0.0139,0.0085,0.0000,0.0000,0.0000,0.0000
SJC,from,1195,24,0.0757,0.0805,0.0497,0.0508,0.0000,0.0000,0.0000,0.0000
SJC,from,1196,24,0.0218,0.0115,0.0159,0.0085,0.0000,0.0000,0.0000,0.0000
SJC,from,1197,24,0.0015,0.0000,0.0000,0.0000,0.0000,0.0000,0.0000,0.0000
SJC,from,1198,24,0.0073,0.0000,0.0020,0.0000,0.0000,0.0000,0.0000,0.0000
SJC,from,1199,24,0.0024,0.0000,0.0000,0.0000,0.0000,0.0000,0.0000,0.0000
SJC,from,1200,24,0.0360,0.0345,0.0199,0.0169,0.0000,0.0000,0.0000,0.0000
SJC,from,1201,24,0.0157,0.0115,0.0080,0.0000,0.0000,0.0000,0.0000,0.0000
SJC,from,1202,24,0.0112,0.0115,0.0040,0.0000,0.0000,0.0000,0.0000,0.0000
SJC,from,1203,24,0.0018,0.0000,0.0000,0.0000,0.0000,0.0000,0.0000,0.0000
SJC,from,1204,24,0.0006,0.0000,0.0000,0.0000,0.0000,0.0000,0.0000,0.0000
SJC,from,1205,24,0.0233,0.0000,0.1511,0.1356,0.0625,0.0000,0.4000,0.0000
SJC,from,1206,24,0.0085,0.0000,0.0696,0.0763,0.0000,0.0000,0.1000,0.0000
SJC,from,1207,24,0.0215,0.0115,0.0795,0.0847,0.0000,0.0000,0.1000,0.0000
SJC,from,1208,24,0.0024,0.0000,0.0000,0.0000,0.0000,0.0000,0.0000,0.0000
SJC,from,1209,24,0.0082,0.0000,0.0040,0.0000,0.0000,0.0000,0.0000,0.0000
SJC,from,1210,24,0.0021,0.0000,0.0000,0.0000,0.0000,0.0000,0.0000,0.0000
SJC,from,1211,25,0.0386,0.0625,0.0000,0.0571,0.0000,0.0000,0.0000,0.0000
SJC,from,1212,25,0.0371,0.0250,0.0370,0.0286,0.0000,0.0000,0.0000,0.0000
SJC,from,1213,25,0.0267,0.0125,0.0000,0.0000,0.0000,0.0000,0.0000,0.0000
SJC,from,1214,25,0.0415,0.0250,0.1667,0.0571,0.0000,0.0000,0.0000,0.0000
SJC,from,1215,25,0.0371,0.0375,0.0000,0.0286,0.0000,0.0000,0.0000,0.0000
SJC,from,1216,25,0.0415,0.0500,0.0000,0.0286,0.0000,0.0000,0.0000,0.0000
SJC,from,1217,25,0.0549,0.0500,0.0000,0.0571,0.0000,0.0000,0.0000,0.0000
SJC,from,1218,25,0.0564,0.0625,0.0000,0.0571,0.0000,0.0000,0.0000,0.0000
SJC,from,1219,25,0.0267,0.0125,0.0000,0.0000,0.0000,0.0000,0.0000,0.0000
SJC,from,1220,25,0.0979,0.1125,0.0370,0.1429,0.0000,0.0000,0.0000,0.0000
SJC,from,1221,25,0.0267,0.0125,0.0000,0.0000,0.0000,0.0000,0.0000,0.0000
SJC,from,1222,25,0.0267,0.0500,0.0000,0.0286,0.0000,0.0000,0.0000,0.0000
SJC,from,1223,25,0.0030,0.0000,0.0370,0.0000,0.0000,0.0000,0.0000,0.0000
SJC,from,1224,25,0.0000,0.0000,0.0000,0.0000,0.0000,0.0000,0.0000,0.0000
SJC,from,1225,25,0.0000,0.0000,0.0000,0.0000,0.0000,0.0000,0.0000,0.0000
SJC,from,1226,25,0.0000,0.0000,0.0000,0.0000,0.0000,0.0000,0.0000,0.0000
SJC,from,1227,25,0.0119,0.0125,0.0000,0.0000,0.0000,0.0000,0.0000,0.0000
SJC,from,1228,25,0.0074,0.0000,0.0000,0.0000,0.0000,0.0000,0.0000,0.0000
SJC,from,1229,25,0.0000,0.0000,0.0000,0.0000,0.0000,0.0000,0.0000,0.0000
SJC,from,1230,25,0.0801,0.0750,0.1667,0.1429,0.0000,0.0000,0.0000,0.0000
SJC,from,1231,25,0.0163,0.0125,0.0000,0.0000,0.0000,0.0000,0.0000,0.0000
SJC,from,1232,25,0.0000,0.0000,0.0000,0.0000,0.0000,0.0000,0.0000,0.0000
SJC,from,1233,25,0.0252,0.0125,0.0000,0.0000,0.0000,0.0000,0.0000,0.0000
SJC,from,1234,25,0.0030,0.0000,0.0370,0.0000,0.0000,0.0000,0.0000,0.0000
SJC,from,1235,25,0.0000,0.0000,0.0000,0.0000,0.0000,0.0000,0.0000,0.0000
SJC,from,1236,25,0.0000,0.0000,0.0000,0.0000,0.0000,0.0000,0.0000,0.0000
SJC,from,1237,25,0.0015,0.0000,0.0000,0.0000,0.0000,0.0000,0.0000,0.0000
SJC,from,1238,25,0.0000,0.0000,0.0000,0.0000,0.0000,0.0000,0.0000,0.0000
SJC,from,1239,25,0.0401,0.0500,0.0000,0.0286,0.0000,0.0000,0.0000,0.0000
SJC,from,1240,25,0.0371,0.0250,0.0370,0.0286,0.0000,0.0000,0.0000,0.0000
SJC,from,1241,25,0.0000,0.0000,0.0000,0.0000,0.0000,0.0000,0.0000,0.0000
SJC,from,1242,25,0.0252,0.0125,0.0000,0.0000,0.0000,0.0000,0.0000,0.0000
SJC,from,1243,25,0.0356,0.0500,0.1667,0.0571,0.0000,0.0000,0.0000,0.0000
SJC,from,1244,25,0.0415,0.0500,0.0000,0.0286,0.0000,0.0000,0.0000,0.0000
SJC,from,1245,25,0.0549,0.0500,0.1667,0.0571,0.0000,0.0000,0.0000,0.0000
SJC,from,1246,25,0.1053,0.1375,0.1481,0.1714,0.0000,0.0000,0.0000,0.0000
SJC,from,1247,26,0.0000,0.0000,0.0000,0.0000,0.0000,0.0000,0.0000,0.0000
SJC,from,1248,26,0.0000,0.0000,0.0000,0.0000,0.0000,0.0000,0.0000,0.0000
SJC,from,1249,26,0.0000,0.0000,0.0000,0.0000,0.0000,0.0000,0.0000,0.0000
SJC,from,1250,26,0.0000,0.0000,0.0000,0.0000,0.0000,0.0000,0.0000,0.0000
SJC,from,1251,26,0.0000,0.0000,0.0000,0.0000,0.0000,0.0000,0.0000,0.0000
SJC,from,1252,26,0.0000,0.0000,0.0000,0.0000,0.0000,0.0000,0.0000,0.0000
SJC,from,1253,26,0.0000,0.0000,0.0000,0.0000,0.0000,0.0000,0.0000,0.0000
SJC,from,1254,26,0.0000,0.0000,0.0000,0.0000,0.0000,0.0000,0.0000,0.0000
SJC,from,1255,26,0.0000,0.0000,0.0000,0.0000,0.0000,0.0000,0.0000,0.0000
SJC,from,1256,26,0.0000,0.0000,0.0000,0.0000,0.0000,0.0000,0.0000,0.0000
SJC,from,1257,26,0.0000,0.0000,0.0000,0.0000,0.0000,0.0000,0.0000,0.0000
SJC,from,1258,26,0.0000,0.0000,0.0000,0.0000,0.0000,0.0000,0.0000,0.0000
SJC,from,1259,26,0.0000,0.0000,0.0000,0.0000,0.0000,0.0000,0.0000,0.0000
SJC,from,1260,26,0.0000,0.0000,0.0000,0.0000,0.0000,0.0000,0.0000,0.0000
SJC,from,1261,26,0.0000,0.0000,0.0000,0.0000,0.0000,0.0000,0.0000,0.0000
SJC,from,1262,26,0.0000,0.0000,0.0000,0.0000,0.0000,0.0000,0.0000,0.0000
SJC,from,1263,26,0.0000,0.0000,0.0000,0.0000,0.0000,0.0000,0.0000,0.0000
SJC,from,1264,26,0.0000,0.0000,0.0000,0.0000,0.0000,0.0000,0.0000,0.0000
SJC,from,1265,26,0.0000,0.0000,0.0000,0.0000,0.0000,0.0000,0.0000,0.0000
SJC,from,1266,26,0.0000,0.0000,0.0000,0.0000,0.0000,0.0000,0.0000,0.0000
SJC,from,1267,26,0.0000,0.0000,0.0000,0.0000,0.0000,0.0000,0.0000,0.0000
SJC,from,1268,26,0.0000,0.0000,0.0000,0.0000,0.0000,0.0000,0.0000,0.0000
SJC,from,1269,26,0.0000,0.0000,0.0000,0.0000,0.0000,0.0000,0.0000,0.0000
SJC,from,1270,26,0.0000,0.0000,0.0000,0.0000,0.0000,0.0000,0.0000,0.0000
SJC,from,1271,26,0.0000,0.0000,0.0000,0.0000,0.0000,0.0000,0.0000,0.0000
SJC,from,1272,26,0.0000,0.0000,0.0000,0.0000,0.0000,0.0000,0.0000,0.0000
SJC,from,1273,26,0.0000,0.0000,0.0000,0.0000,0.0000,0.0000,0.0000,0.0000
SJC,from,1274,26,0.0000,0.0000,0.0000,0.0000,0.0000,0.0000,0.0000,0.0000
SJC,from,1275,26,0.0000,0.0000,0.0000,0.0000,0.0000,0.0000,0.0000,0.0000
SJC,from,1276,26,0.0000,0.0000,0.0000,0.0000,0.0000,0.0000,0.0000,0.0000
SJC,from,1277,26,0.0000,0.0000,0.0000,0.0000,0.0000,0.0000,0.0000,0.0000
SJC,from,1278,26,0.0000,0.0000,0.0000,0.0000,0.0000,0.0000,0.0000,0.0000
SJC,from,1279,26,0.0000,0.0000,0.0000,0.0000,0.0000,0.0000,0.0000,0.0000
SJC,from,1280,26,0.0000,0.0000,0.0000,0.0000,0.0000,0.0000,0.0000,0.0000
SJC,from,1281,26,0.0000,0.0000,0.0000,0.0000,0.0000,0.0000,0.0000,0.0000
SJC,from,1282,26,0.0000,0.0000,0.0000,0.0000,0.0000,0.0000,0.0000,0.0000
SJC,from,1283,26,0.0000,0.0000,0.0000,0.0000,0.0000,0.0000,0.0000,0.0000
SJC,from,1284,26,0.0000,0.0000,0.0000,0.0000,0.0000,0.0000,0.0000,0.0000
SJC,from,1285,26,0.0000,0.0000,0.0000,0.0000,0.0000,0.0000,0.0000,0.0000
SJC,from,1286,26,0.0000,0.0000,0.0000,0.0000,0.0000,0.0000,0.0000,0.0000
SJC,from,1287,26,0.0000,0.0000,0.0000,0.0000,0.0000,0.0000,0.0000,0.0000
SJC,from,1288,26,0.0000,0.0000,0.0000,0.0000,0.0000,0.0000,0.0000,0.0000
SJC,from,1289,26,0.0000,0.0000,0.0000,0.0000,0.0000,0.0000,0.0000,0.0000
SJC,from,1290,26,0.0000,0.0000,0.0000,0.0000,0.0000,0.0000,0.0000,0.0000
SJC,from,1291,27,0.0000,0.0000,0.0000,0.0000,0.0000,0.0000,0.0000,0.0000
SJC,from,1292,27,0.1368,0.0000,0.1047,0.0833,0.0000,0.0000,0.0000,0.0000
SJC,from,1293,27,0.0421,0.0000,0.0000,0.0000,0.0000,0.0000,0.0000,0.0000
SJC,from,1294,27,0.0000,0.0000,0.0000,0.0000,0.0000,0.0000,0.0000,0.0000
SJC,from,1295,27,0.0526,0.0000,0.0233,0.0000,0.0000,0.0000,0.0000,0.0000
SJC,from,1296,27,0.0316,0.0000,0.0000,0.0000,0.0000,0.0000,0.0000,0.0000
SJC,from,1297,27,0.0316,0.0000,0.0000,0.0000,0.0000,0.0000,0.0000,0.0000
SJC,from,1298,27,0.0000,0.0000,0.0233,0.0000,0.0000,0.0000,0.0000,0.0000
SJC,from,1299,27,0.0842,0.0000,0.1860,0.1667,0.0000,0.0000,0.0000,0.0000
SJC,from,1300,27,0.0000,0.0000,0.0000,0.0000,0.0000,0.0000,0.0000,0.0000
SJC,from,1301,27,0.0842,0.0000,0.1744,0.1667,0.0000,0.0000,0.0000,0.0000
SJC,from,1302,27,0.0526,0.0000,0.0000,0.0000,0.0000,0.0000,0.0000,0.0000
SJC,from,1303,27,0.0211,0.0000,0.0000,0.0000,0.0000,0.0000,0.0000,0.0000
SJC,from,1304,27,0.0526,0.0000,0.0233,0.0000,0.0000,0.0000,0.0000,0.0000
SJC,from,1305,27,0.0000,0.0000,0.0000,0.0000,0.0000,0.0000,0.0000,0.0000
SJC,from,1306,27,0.0632,0.0000,0.0000,0.0000,0.0000,0.0000,0.0000,0.0000
SJC,from,1307,27,0.2632,0.0000,0.3605,0.5000,0.0000,0.0000,1.0000,0.0000
SJC,from,1308,27,0.0842,0.0000,0.1047,0.0833,0.0000,0.0000,0.0000,0.0000
SJC,from,1309,28,0.0523,0.0000,0.0216,0.0079,0.0000,0.0000,0.0000,0.0000
SJC,from,1310,28,0.0700,0.0000,0.0694,0.0632,0.0000,0.0000,0.0833,0.0000
SJC,from,1311,28,0.2276,0.0000,0.1894,0.1897,0.2353,0.2500,0.1667,0.0000
SJC,from,1312,28,0.0345,0.0000,0.0370,0.0395,0.0000,0.0000,0.0208,0.0000
SJC,from,1313,28,0.2436,0.0000,0.2949,0.3083,0.4118,0.5000,0.3333,1.0000
SJC,from,1314,28,0.1036,0.0000,0.0676,0.0593,0.0000,0.0000,0.0625,0.0000
SJC,from,1315,28,0.1063,0.0000,0.1217,0.1304,0.1471,0.0000,0.1250,0.0000
SJC,from,1316,28,0.0213,0.0000,0.0018,0.0000,0.0000,0.0000,0.0000,0.0000
SJC,from,1317,28,0.1408,0.0000,0.1966,0.2016,0.2059,0.2500,0.2083,0.0000
SJC,from,1318,29,0.0435,0.0488,0.0465,0.0549,0.0000,0.0000,0.0000,0.0000
SJC,from,1319,29,0.0272,0.0244,0.0033,0.0110,0.0000,0.0000,0.0000,0.0000
SJC,from,1320,29,0.0272,0.0488,0.0266,0.0220,0.0000,0.0000,0.0000,0.0000
SJC,from,1321,29,0.0227,0.0122,0.0000,0.0000,0.0000,0.0000,0.0000,0.0000
SJC,from,1322,29,0.0345,0.0366,0.0266,0.0220,0.0000,0.0000,0.0000,0.0000
SJC,from,1323,29,0.0825,0.0488,0.2924,0.2418,1.0000,0.0000,0.5000,0.0000
SJC,from,1324,29,0.0299,0.0122,0.0864,0.0659,0.0000,0.0000,0.1250,0.0000
SJC,from,1325,29,0.0671,0.0610,0.1096,0.1099,0.0000,0.0000,0.1250,0.0000
SJC,from,1326,29,0.0345,0.0488,0.0066,0.0110,0.0000,0.0000,0.0000,0.0000
SJC,from,1327,29,0.0263,0.0122,0.0000,0.0110,0.0000,0.0000,0.0000,0.0000
SJC,from,1328,29,0.0381,0.0366,0.0332,0.0220,0.0000,0.0000,0.0000,0.0000
SJC,from,1329,29,0.0227,0.0122,0.0000,0.0000,0.0000,0.0000,0.0000,0.0000
SJC,from,1330,29,0.0227,0.0122,0.0000,0.0000,0.0000,0.0000,0.0000,0.0000
SJC,from,1331,29,0.0154,0.0122,0.0000,0.0000,0.0000,0.0000,0.0000,0.0000
SJC,from,1332,29,0.0345,0.0488,0.0332,0.0220,0.0000,0.0000,0.0000,0.0000
SJC,from,1333,29,0.0218,0.0122,0.0000,0.0000,0.0000,0.0000,0.0000,0.0000
SJC,from,1334,29,0.0254,0.0122,0.0000,0.0110,0.0000,0.0000,0.0000,0.0000
SJC,from,1335,29,0.0335,0.0366,0.0066,0.0110,0.0000,0.0000,0.0000,0.0000
SJC,from,1336,29,0.0879,0.0976,0.0299,0.0549,0.0000,0.0000,0.0000,0.0000
SJC,from,1337,29,0.0390,0.0488,0.1030,0.0989,0.0000,0.0000,0.1250,0.0000
SJC,from,1338,29,0.0163,0.0122,0.0000,0.0000,0.0000,0.0000,0.0000,0.0000
SJC,from,1339,29,0.0245,0.0122,0.0000,0.0110,0.0000,0.0000,0.0000,0.0000
SJC,from,1340,29,0.0335,0.0366,0.0066,0.0110,0.0000,0.0000,0.0000,0.0000
SJC,from,1341,29,0.0399,0.0488,0.0066,0.0220,0.0000,0.0000,0.0000,0.0000
SJC,from,1342,29,0.0345,0.0732,0.0465,0.0549,0.0000,0.0000,0.0000,0.0000
SJC,from,1343,29,0.0109,0.0122,0.0000,0.0000,0.0000,0.0000,0.0000,0.0000
SJC,from,1344,29,0.0000,0.0000,0.0000,0.0000,0.0000,0.0000,0.0000,0.0000
SJC,from,1345,29,0.0109,0.0122,0.0000,0.0000,0.0000,0.0000,0.0000,0.0000
SJC,from,1346,29,0.0254,0.0122,0.0000,0.0110,0.0000,0.0000,0.0000,0.0000
SJC,from,1347,29,0.0680,0.0976,0.1362,0.1209,0.0000,0.0000,0.1250,0.0000
SJC,from,1348,30,0.0238,0.0000,0.0811,0.0000,0.0000,0.0000,0.0000,0.0000
SJC,from,1349,30,0.0119,0.0000,0.0270,0.0000,0.0000,0.0000,0.0000,0.0000
SJC,from,1350,30,0.0119,0.0000,0.0000,0.0000,0.0000,0.0000,0.0000,0.0000
SJC,from,1351,30,0.0000,0.0000,0.0000,0.0000,0.0000,0.0000,0.0000,0.0000
SJC,from,1352,30,0.0357,0.0000,0.0000,0.0000,0.0000,0.0000,0.0000,0.0000
SJC,from,1353,30,0.0476,0.0000,0.0000,0.0000,0.0000,0.0000,0.0000,0.0000
SJC,from,1354,30,0.0714,0.0000,0.0000,0.0000,0.0000,0.0000,0.0000,0.0000
SJC,from,1355,30,0.0000,0.0000,0.0000,0.0000,0.0000,0.0000,0.0000,0.0000
SJC,from,1356,30,0.0000,0.0000,0.0000,0.0000,0.0000,0.0000,0.0000,0.0000
SJC,from,1357,30,0.0000,0.0000,0.0000,0.0000,0.0000,0.0000,0.0000,0.0000
SJC,from,1358,30,0.0119,0.0000,0.0000,0.0000,0.0000,0.0000,0.0000,0.0000
SJC,from,1359,30,0.0119,0.0000,0.0000,0.0000,0.0000,0.0000,0.0000,0.0000
SJC,from,1360,30,0.0000,0.0000,0.0000,0.0000,0.0000,0.0000,0.0000,0.0000
SJC,from,1361,30,0.0000,0.0000,0.0000,0.0000,0.0000,0.0000,0.0000,0.0000
SJC,from,1362,30,0.0000,0.0000,0.0000,0.0000,0.0000,0.0000,0.0000,0.0000
SJC,from,1363,30,0.0595,0.0000,0.1216,0.1429,0.0000,0.0000,0.0000,0.0000
SJC,from,1364,30,0.0000,0.0000,0.0000,0.0000,0.0000,0.0000,0.0000,0.0000
SJC,from,1365,30,0.0714,0.0000,0.0946,0.0000,0.0000,0.0000,0.0000,0.0000
SJC,from,1366,30,0.1071,0.0000,0.1081,0.0000,0.0000,0.0000,0.0000,0.0000
SJC,from,1367,30,0.0595,0.0000,0.0270,0.0000,0.0000,0.0000,0.0000,0.0000
SJC,from,1368,30,0.0119,0.0000,0.0000,0.0000,0.0000,0.0000,0.0000,0.0000
SJC,from,1369,30,0.0714,0.0000,0.1216,0.1429,0.0000,0.0000,0.0000,0.0000
SJC,from,1370,30,0.0119,0.0000,0.0000,0.0000,0.0000,0.0000,0.0000,0.0000
SJC,from,1371,30,0.0000,0.0000,0.0000,0.0000,0.0000,0.0000,0.0000,0.0000
SJC,from,1372,30,0.0000,0.0000,0.0000,0.0000,0.0000,0.0000,0.0000,0.0000
SJC,from,1373,30,0.0000,0.0000,0.0135,0.0000,0.0000,0.0000,0.0000,0.0000
SJC,from,1374,30,0.0000,0.0000,0.0000,0.0000,0.0000,0.0000,0.0000,0.0000
SJC,from,1375,30,0.0000,0.0000,0.0000,0.0000,0.0000,0.0000,0.0000,0.0000
SJC,from,1376,30,0.2143,0.0000,0.3514,0.7143,0.0000,0.0000,1.0000,0.0000
SJC,from,1377,30,0.0000,0.0000,0.0000,0.0000,0.0000,0.0000,0.0000,0.0000
SJC,from,1378,30,0.0000,0.0000,0.0000,0.0000,0.0000,0.0000,0.0000,0.0000
SJC,from,1379,30,0.0000,0.0000,0.0000,0.0000,0.0000,0.0000,0.0000,0.0000
SJC,from,1380,30,0.0595,0.0000,0.0270,0.0000,0.0000,0.0000,0.0000,0.0000
SJC,from,1381,30,0.0000,0.0000,0.0000,0.0000,0.0000,0.0000,0.0000,0.0000
SJC,from,1382,30,0.0238,0.0000,0.0000,0.0000,0.0000,0.0000,0.0000,0.0000
SJC,from,1383,30,0.0357,0.0000,0.0000,0.0000,0.0000,0.0000,0.0000,0.0000
SJC,from,1384,30,0.0119,0.0000,0.0000,0.0000,0.0000,0.0000,0.0000,0.0000
SJC,from,1385,30,0.0119,0.0000,0.0270,0.0000,0.0000,0.0000,0.0000,0.0000
SJC,from,1386,30,0.0000,0.0000,0.0000,0.0000,0.0000,0.0000,0.0000,0.0000
SJC,from,1387,30,0.0119,0.0000,0.0000,0.0000,0.0000,0.0000,0.0000,0.0000
SJC,from,1388,30,0.0119,0.0000,0.0000,0.0000,0.0000,0.0000,0.0000,0.0000
SJC,from,1389,31,0.1133,0.1579,0.0000,0.1667,0.0000,0.0000,0.0000,0.0000
SJC,from,1390,31,0.0049,0.0000,0.0000,0.0000,0.0000,0.0000,0.0000,0.0000
SJC,from,1391,31,0.0000,0.0000,0.0000,0.0000,0.0000,0.0000,0.0000,0.0000
SJC,from,1392,31,0.0591,0.0263,0.0000,0.0000,0.0000,0.0000,0.0000,0.0000
SJC,from,1393,31,0.0394,0.0263,0.0000,0.0000,0.0000,0.0000,0.0000,0.0000
SJC,from,1394,31,0.1281,0.1579,0.0000,0.1667,0.0000,0.0000,0.0000,0.0000
SJC,from,1395,31,0.1182,0.1579,0.0000,0.1667,0.0000,0.0000,0.0000,0.0000
SJC,from,1396,31,0.1872,0.2105,0.0000,0.3333,0.0000,0.0000,0.0000,0.0000
SJC,from,1397,31,0.0394,0.0263,0.0000,0.0000,0.0000,0.0000,0.0000,0.0000
SJC,from,1398,31,0.0394,0.0263,0.0000,0.0000,0.0000,0.0000,0.0000,0.0000
SJC,from,1399,31,0.0246,0.0263,0.0000,0.0000,0.0000,0.0000,0.0000,0.0000
SJC,from,1400,31,0.0837,0.0526,0.0000,0.0833,0.0000,0.0000,0.0000,0.0000
SJC,from,1401,31,0.0837,0.0789,0.0000,0.0833,0.0000,0.0000,0.0000,0.0000
SJC,from,1402,31,0.0394,0.0263,0.0000,0.0000,0.0000,0.0000,0.0000,0.0000
SJC,from,1403,31,0.0394,0.0263,0.0000,0.0000,0.0000,0.0000,0.0000,0.0000
SJC,from,1404,32,0.0000,0.0000,0.0000,0.0000,0.0000,0.0000,0.0000,0.0000
SJC,from,1405,32,0.0000,0.0000,0.0000,0.0000,0.0000,0.0000,0.0000,0.0000
SJC,from,1406,32,0.0000,0.0000,0.0000,0.0000,0.0000,0.0000,0.0000,0.0000
SJC,from,1407,32,0.0000,0.0000,0.0000,0.0000,0.0000,0.0000,0.0000,0.0000
SJC,from,1408,32,0.0000,0.0000,0.0000,0.0000,0.0000,0.0000,0.0000,0.0000
SJC,from,1409,32,0.0000,0.0000,0.0000,0.0000,0.0000,0.0000,0.0000,0.0000
SJC,from,1410,32,0.0000,0.0000,0.0000,0.0000,0.0000,0.0000,0.0000,0.0000
SJC,from,1411,32,0.0000,0.0000,0.0000,0.0000,0.0000,0.0000,0.0000,0.0000
SJC,from,1412,32,0.0000,0.0000,0.0000,0.0000,0.0000,0.0000,0.0000,0.0000
SJC,from,1413,32,0.0000,0.0000,0.0000,0.0000,0.0000,0.0000,0.0000,0.0000
SJC,from,1414,32,0.0000,0.0000,0.0000,0.0000,0.0000,0.0000,0.0000,0.0000
SJC,from,1415,33,0.0434,0.0278,0.0702,0.0455,0.0000,0.0000,0.0000,0.0000
SJC,from,1416,33,0.0128,0.0000,0.0351,0.0000,0.0000,0.0000,0.0000,0.0000
SJC,from,1417,33,0.0000,0.0000,0.0175,0.0000,0.0000,0.0000,0.0000,0.0000
SJC,from,1418,33,0.0332,0.0278,0.0351,0.0000,0.0000,0.0000,0.0000,0.0000
SJC,from,1419,33,0.0204,0.0278,0.0000,0.0000,0.0000,0.0000,0.0000,0.0000
SJC,from,1420,33,0.0867,0.1111,0.0000,0.0909,0.0000,0.0000,0.0000,0.0000
SJC,from,1421,33,0.0765,0.1111,0.2105,0.2273,0.0000,0.0000,0.0000,0.0000
SJC,from,1422,33,0.0663,0.1111,0.0000,0.0455,0.0000,0.0000,0.0000,0.0000
SJC,from,1423,33,0.0663,0.0556,0.0351,0.0455,0.0000,0.0000,0.0000,0.0000
SJC,from,1424,33,0.0357,0.0278,0.0000,0.0000,0.0000,0.0000,0.0000,0.0000
SJC,from,1425,33,0.0842,0.0278,0.4211,0.2273,0.0000,0.0000,0.0000,0.0000
SJC,from,1426,33,0.0842,0.1111,0.0526,0.0909,0.0000,0.0000,0.0000,0.0000
SJC,from,1427,33,0.0689,0.0556,0.0351,0.0455,0.0000,0.0000,0.0000,0.0000
SJC,from,1428,33,0.0128,0.0000,0.0351,0.0000,0.0000,0.0000,0.0000,0.0000
SJC,from,1429,33,0.0434,0.0278,0.0000,0.0455,0.0000,0.0000,0.0000,0.0000
SJC,from,1430,33,0.0485,0.1111,0.0000,0.0455,0.0000,0.0000,0.0000,0.0000
SJC,from,1431,33,0.0638,0.0556,0.0000,0.0455,0.0000,0.0000,0.0000,0.0000
SJC,from,1432,33,0.0536,0.0278,0.0526,0.0455,0.0000,0.0000,0.0000,0.0000
SJC,from,1433,33,0.0255,0.0278,0.0000,0.0000,0.0000,0.0000,0.0000,0.0000
SJC,from,1434,33,0.0434,0.0278,0.0000,0.0000,0.0000,0.0000,0.0000,0.0000
SJC,from,1435,33,0.0306,0.0278,0.0000,0.0000,0.0000,0.0000,0.0000,0.0000
SJC,from,1436,34,0.0724,0.0786,0.0000,0.0806,0.0000,0.0000,0.0000,0.0000
SJC,from,1437,34,0.0976,0.1286,1.0000,0.1452,0.0000,0.0000,0.0000,0.0000
SJC,from,1438,34,0.0614,0.0714,0.0000,0.0806,0.0000,0.0000,0.0000,0.0000
SJC,from,1439,34,0.0409,0.0357,0.0000,0.0323,0.0000,0.0000,0.0000,0.0000
SJC,from,1440,34,0.0661,0.0643,0.0000,0.0645,0.0000,0.0000,0.0000,0.0000
SJC,from,1441,34,0.0457,0.0429,0.0000,0.0323,0.0000,0.0000,0.0000,0.0000
SJC,from,1442,34,0.0693,0.0643,0.0000,0.0806,0.0000,0.0000,0.0000,0.0000
SJC,from,1443,34,0.0441,0.0429,0.0000,0.0323,0.0000,0.0000,0.0000,0.0000
SJC,from,1444,34,0.0457,0.0500,0.0000,0.0323,0.0000,0.0000,0.0000,0.0000
SJC,from,1445,34,0.0709,0.0643,0.0000,0.0806,0.0000,0.0000,0.0000,0.0000
SJC,from,1446,34,0.0709,0.0714,0.0000,0.0806,0.0000,0.0000,0.0000,0.0000
SJC,from,1447,34,0.0299,0.0286,0.0000,0.0161,0.0000,0.0000,0.0000,0.0000
SJC,from,1448,34,0.0850,0.0857,0.0000,0.0806,0.0000,0.0000,0.0000,0.0000
SJC,from,1449,34,0.0000,0.0000,0.0000,0.0000,0.0000,0.0000,0.0000,0.0000
SJC,from,1450,34,0.0709,0.0714,0.0000,0.0806,0.0000,0.0000,0.0000,0.0000
SJC,from,1451,34,0.0488,0.0429,0.0000,0.0323,0.0000,0.0000,0.0000,0.0000
SJC,from,1452,34,0.0520,0.0429,0.0000,0.0323,0.0000,0.0000,0.0000,0.0000
SJC,from,1453,34,0.0063,0.0000,0.0000,0.0000,0.0000,0.0000,0.0000,0.0000
SJC,from,1454,34,0.0220,0.0143,0.0000,0.0161,0.0000,0.0000,0.0000,0.0000
SJC,to,1,1,0.0108,0.0358,0.0085,0.0045,0.0063,0.0000,0.0000,0.0000
SJC,to,2,1,0.0211,0.0563,0.0205,0.0181,0.0159,0.0000,0.0000,0.0000
SJC,to,3,1,0.0035,0.0000,0.0047,0.0000,0.0000,0.0000,0.0000,0.0000
SJC,to,4,1,0.0210,0.0435,0.0228,0.0226,0.0222,0.0000,0.0000,0.0000
SJC,to,5,1,0.0466,0.0486,0.0599,0.0679,0.0635,0.0857,0.0833,0.0000
SJC,to,6,1,0.0263,0.0026,0.0377,0.0407,0.0381,0.0286,0.0417,0.0000
SJC,to,7,1,0.1276,0.0307,0.1836,0.1991,0.1873,0.2286,0.2500,0.5000
SJC,to,8,1,0.0235,0.0000,0.0321,0.0317,0.0349,0.0000,0.0417,0.0000
SJC,to,9,1,0.0141,0.0332,0.0121,0.0090,0.0095,0.0000,0.0000,0.0000
SJC,to,10,1,0.0304,0.0230,0.0405,0.0452,0.0413,0.0286,0.0417,0.0000
SJC,to,11,1,0.0552,0.0026,0.0812,0.0860,0.0794,0.1143,0.1250,0.0000
SJC,to,12,1,0.0331,0.0281,0.0436,0.0498,0.0444,0.0571,0.0417,0.0000
SJC,to,13,1,0.0035,0.0077,0.0025,0.0000,0.0000,0.0000,0.0000,0.0000
SJC,to,14,1,0.0053,0.0230,0.0031,0.0000,0.0000,0.0000,0.0000,0.0000
SJC,to,15,1,0.0151,0.0486,0.0094,0.0090,0.0095,0.0000,0.0000,0.0000
SJC,to,16,1,0.0218,0.0921,0.0048,0.0090,0.0095,0.0000,0.0000,0.0000
SJC,to,17,1,0.0276,0.0512,0.0031,0.0000,0.0095,0.0000,0.0000,0.0000
SJC,to,18,1,0.0055,0.0205,0.0011,0.0000,0.0000,0.0000,0.0000,0.0000
SJC,to,19,1,0.0126,0.0230,0.0006,0.0000,0.0000,0.0000,0.0000,0.0000
SJC,to,20,1,0.0082,0.0026,0.0100,0.0000,0.0063,0.0000,0.0000,0.0000
SJC,to,21,1,0.0013,0.0000,0.0010,0.0000,0.0000,0.0000,0.0000,0.0000
SJC,to,22,1,0.0413,0.0767,0.0377,0.0498,0.0413,0.0571,0.0417,0.0000
SJC,to,23,1,0.0053,0.0077,0.0015,0.0000,0.0000,0.0000,0.0000,0.0000
SJC,to,24,1,0.0106,0.0332,0.0082,0.0045,0.0063,0.0000,0.0000,0.0000
SJC,to,25,1,0.0163,0.0026,0.0221,0.0181,0.0159,0.0000,0.0000,0.0000
SJC,to,26,1,0.0013,0.0000,0.0010,0.0000,0.0000,0.0000,0.0000,0.0000
SJC,to,27,1,0.0010,0.0000,0.0004,0.0000,0.0000,0.0000,0.0000,0.0000
SJC,to,28,1,0.0446,0.0307,0.0389,0.0452,0.0444,0.0571,0.0417,0.0000
SJC,to,29,1,0.0278,0.0205,0.0226,0.0181,0.0254,0.0000,0.0000,0.0000
SJC,to,30,1,0.0068,0.0000,0.0070,0.0000,0.0000,0.0000,0.0000,0.0000
SJC,to,31,1,0.0126,0.0000,0.0169,0.0090,0.0127,0.0000,0.0000,0.0000
SJC,to,32,1,0.0020,0.0026,0.0000,0.0000,0.0000,0.0000,0.0000,0.0000
SJC,to,33,1,0.0098,0.0153,0.0004,0.0000,0.0000,0.0000,0.0000,0.0000
SJC,to,34,1,0.0190,0.0307,0.0015,0.0000,0.0000,0.0000,0.0000,0.0000
SJC,to,35,1,0.0238,0.0332,0.0014,0.0000,0.0063,0.0000,0.0000,0.0000
SJC,to,36,1,0.0085,0.0077,0.0091,0.0000,0.0063,0.0000,0.0000,0.0000
SJC,to,37,1,0.0048,0.0051,0.0006,0.0000,0.0000,0.0000,0.0000,0.0000
SJC,to,38,1,0.0245,0.0332,0.0025,0.0000,0.0063,0.0000,0.0000,0.0000
SJC,to,39,1,0.0394,0.0307,0.0342,0.0362,0.0381,0.0571,0.0417,0.0000
SJC,to,40,1,0.0245,0.0332,0.0025,0.0000,0.0063,0.0000,0.0000,0.0000
SJC,to,41,1,0.1539,0.0563,0.2088,0.2262,0.2127,0.2857,0.2500,0.5000
SJC,to,42,1,0.0080,0.0077,0.0004,0.0000,0.0000,0.0000,0.0000,0.0000
SJC,to,43,2,0.0315,0.0352,0.0267,0.0000,0.0588,0.0000,0.0000,0.0000
SJC,to,44,2,0.0552,0.0493,0.1441,0.3077,0.2353,0.0000,0.0000,0.0000
SJC,to,45,2,0.0360,0.0352,0.0638,0.0769,0.0882,0.0000,0.0000,0.0000
SJC,to,46,2,0.0393,0.0458,0.0250,0.0000,0.0588,0.0000,0.0000,0.0000
SJC,to,47,2,0.0174,0.0211,0.0078,0.0000,0.0000,0.0000,0.0000,0.0000
SJC,to,48,2,0.0225,0.0246,0.0043,0.0000,0.0000,0.0000,0.0000,0.0000
SJC,to,49,2,0.0315,0.0387,0.0069,0.0000,0.0000,0.0000,0.0000,0.0000
SJC,to,50,2,0.0435,0.0317,0.1079,0.1538,0.1471,0.0000,0.0000,0.0000
SJC,to,51,2,0.0207,0.0211,0.0035,0.0000,0.0000,0.0000,0.0000,0.0000
SJC,to,52,2,0.0162,0.0106,0.0345,0.0000,0.0000,0.0000,0.0000,0.0000
SJC,to,53,2,0.0024,0.0070,0.0035,0.0000,0.0000,0.0000,0.0000,0.0000
SJC,to,54,2,0.0255,0.0211,0.0267,0.0000,0.0000,0.0000,0.0000,0.0000
SJC,to,55,2,0.0126,0.0106,0.0026,0.0000,0.0000,0.0000,0.0000,0.0000
SJC,to,56,2,0.0003,0.0000,0.0000,0.0000,0.0000,0.0000,0.0000,0.0000
SJC,to,57,2,0.0174,0.0176,0.0026,0.0000,0.0000,0.0000,0.0000,0.0000
SJC,to,58,2,0.0162,0.0141,0.0026,0.0000,0.0000,0.0000,0.0000,0.0000
SJC,to,59,2,0.0279,0.0352,0.0095,0.0000,0.0000,0.0000,0.0000,0.0000
SJC,to,60,2,0.0159,0.0211,0.0026,0.0000,0.0000,0.0000,0.0000,0.0000
SJC,to,61,2,0.0063,0.0000,0.0000,0.0000,0.0000,0.0000,0.0000,0.0000
SJC,to,62,2,0.0285,0.0352,0.0069,0.0000,0.0000,0.0000,0.0000,0.0000
SJC,to,63,2,0.0195,0.0176,0.0112,0.0000,0.0000,0.0000,0.0000,0.0000
SJC,to,64,2,0.0258,0.0317,0.0078,0.0000,0.0000,0.0000,0.0000,0.0000
SJC,to,65,2,0.0240,0.0282,0.0043,0.0000,0.0000,0.0000,0.0000,0.0000
SJC,to,66,2,0.0183,0.0176,0.0026,0.0000,0.0000,0.0000,0.0000,0.0000
SJC,to,67,2,0.0192,0.0211,0.0035,0.0000,0.0000,0.0000,0.0000,0.0000
SJC,to,68,2,0.0126,0.0106,0.0026,0.0000,0.0000,0.0000,0.0000,0.0000
SJC,to,69,2,0.0294,0.0387,0.0078,0.0000,0.0000,0.0000,0.0000,0.0000
SJC,to,70,2,0.0315,0.0387,0.0104,0.0000,0.0000,0.0000,0.0000,0.0000
SJC,to,71,2,0.0321,0.0423,0.0216,0.0000,0.0294,0.0000,0.0000,0.0000
SJC,to,72,2,0.0111,0.0106,0.0026,0.0000,0.0000,0.0000,0.0000,0.0000
SJC,to,73,2,0.0165,0.0106,0.0104,0.0000,0.0000,0.0000,0.0000,0.0000
SJC,to,74,2,0.0174,0.0141,0.0492,0.0000,0.0588,0.0000,0.0000,0.0000
SJC,to,75,2,0.0384,0.0211,0.1467,0.3077,0.1471,0.0000,0.0000,0.0000
SJC,to,76,2,0.0063,0.0000,0.0104,0.0000,0.0000,0.0000,0.0000,0.0000
SJC,to,77,2,0.0036,0.0000,0.0000,0.0000,0.0000,0.0000,0.0000,0.0000
SJC,to,78,2,0.0012,0.0000,0.0000,0.0000,0.0000,0.0000,0.0000,0.0000
SJC,to,79,2,0.0075,0.0000,0.0371,0.0000,0.0000,0.0000,0.0000,0.0000
SJC,to,80,2,0.0060,0.0000,0.0000,0.0000,0.0000,0.0000,0.0000,0.0000
SJC,to,81,2,0.0315,0.0317,0.0837,0.1538,0.0882,0.0000,0.0000,0.0000
SJC,to,82,2,0.0138,0.0106,0.0095,0.0000,0.0000,0.0000,0.0000,0.0000
SJC,to,83,2,0.0222,0.0211,0.0043,0.0000,0.0000,0.0000,0.0000,0.0000
SJC,to,84,2,0.0255,0.0211,0.0336,0.0000,0.0294,0.0000,0.0000,0.0000
SJC,to,85,2,0.0135,0.0106,0.0026,0.0000,0.0000,0.0000,0.0000,0.0000
SJC,to,86,2,0.0240,0.0317,0.0173,0.0000,0.0000,0.0000,0.0000,0.0000
SJC,to,87,2,0.0162,0.0141,0.0026,0.0000,0.0000,0.0000,0.0000,0.0000
SJC,to,88,2,0.0267,0.0352,0.0293,0.0000,0.0294,0.0000,0.0000,0.0000
SJC,to,89,2,0.0393,0.0458,0.0078,0.0000,0.0294,0.0000,0.0000,0.0000
SJC,to,90,3,0.0286,0.0513,0.0983,0.3333,0.1205,0.0000,0.0000,0.0000
SJC,to,91,3,0.0257,0.0247,0.0133,0.0000,0.0361,0.0000,0.0000,0.0000
SJC,to,92,3,0.0177,0.0190,0.0101,0.0000,0.0120,0.0000,0.0000,0.0000
SJC,to,93,3,0.0322,0.0285,0.0175,0.0000,0.0482,0.0000,0.0000,0.0000
SJC,to,94,3,0.0120,0.0095,0.0058,0.0000,0.0000,0.0000,0.0000,0.0000
SJC,to,95,3,0.0164,0.0171,0.0085,0.0000,0.0000,0.0000,0.0000,0.0000
SJC,to,96,3,0.0133,0.0114,0.0064,0.0000,0.0000,0.0000,0.0000,0.0000
SJC,to,97,3,0.0158,0.0152,0.0085,0.0000,0.0000,0.0000,0.0000,0.0000
SJC,to,98,3,0.0194,0.0209,0.0106,0.0000,0.0241,0.0000,0.0000,0.0000
SJC,to,99,3,0.0146,0.0133,0.0069,0.0000,0.0000,0.0000,0.0000,0.0000
SJC,to,100,3,0.0124,0.0057,0.0393,0.0000,0.0361,0.0000,0.0000,0.0000
SJC,to,101,3,0.0031,0.0057,0.0016,0.0000,0.0000,0.0000,0.0000,0.0000
SJC,to,102,3,0.0143,0.0114,0.0069,0.0000,0.0000,0.0000,0.0000,0.0000
SJC,to,103,3,0.0243,0.0361,0.0133,0.0000,0.0361,0.0000,0.0000,0.0000
SJC,to,104,3,0.0133,0.0095,0.0239,0.0000,0.0241,0.0000,0.0000,0.0000
SJC,to,105,3,0.0072,0.0057,0.0043,0.0000,0.0000,0.0000,0.0000,0.0000
SJC,to,106,3,0.0056,0.0228,0.0154,0.0000,0.0000,0.0000,0.0000,0.0000
SJC,to,107,3,0.0105,0.0038,0.0553,0.1333,0.0361,0.0000,0.0000,0.0000
SJC,to,108,3,0.0035,0.0114,0.0186,0.0000,0.0000,0.0000,0.0000,0.0000
SJC,to,109,3,0.0071,0.0266,0.0207,0.0000,0.0000,0.0000,0.0000,0.0000
SJC,to,110,3,0.0001,0.0000,0.0000,0.0000,0.0000,0.0000,0.0000,0.0000
SJC,to,111,3,0.0099,0.0209,0.0207,0.0000,0.0120,0.0000,0.0000,0.0000
SJC,to,112,3,0.0130,0.0076,0.0234,0.0000,0.0241,0.0000,0.0000,0.0000
SJC,to,113,3,0.0293,0.0399,0.0165,0.0000,0.0361,0.0000,0.0000,0.0000
SJC,to,114,3,0.0166,0.0171,0.0096,0.0000,0.0120,0.0000,0.0000,0.0000
SJC,to,115,3,0.0084,0.0057,0.0043,0.0000,0.0000,0.0000,0.0000,0.0000
SJC,to,116,3,0.0177,0.0228,0.0255,0.0000,0.0361,0.0000,0.0000,0.0000
SJC,to,117,3,0.0095,0.0057,0.0048,0.0000,0.0000,0.0000,0.0000,0.0000
SJC,to,118,3,0.0118,0.0095,0.0058,0.0000,0.0000,0.0000,0.0000,0.0000
SJC,to,119,3,0.0064,0.0057,0.0027,0.0000,0.0000,0.0000,0.0000,0.0000
SJC,to,120,3,0.0169,0.0171,0.0096,0.0000,0.0120,0.0000,0.0000,0.0000
SJC,to,121,3,0.0148,0.0133,0.0069,0.0000,0.0000,0.0000,0.0000,0.0000
SJC,to,122,3,0.0211,0.0228,0.0133,0.0000,0.0241,0.0000,0.0000,0.0000
SJC,to,123,3,0.0161,0.0152,0.0085,0.0000,0.0000,0.0000,0.0000,0.0000
SJC,to,124,3,0.0079,0.0057,0.0043,0.0000,0.0000,0.0000,0.0000,0.0000
SJC,to,125,3,0.0106,0.0057,0.0048,0.0000,0.0000,0.0000,0.0000,0.0000
SJC,to,126,3,0.0090,0.0057,0.0043,0.0000,0.0000,0.0000,0.0000,0.0000
SJC,to,127,3,0.0187,0.0190,0.0106,0.0000,0.0241,0.0000,0.0000,0.0000
SJC,to,128,3,0.0220,0.0228,0.0133,0.0000,0.0241,0.0000,0.0000,0.0000
SJC,to,129,3,0.0204,0.0209,0.0106,0.0000,0.0241,0.0000,0.0000,0.0000
SJC,to,130,3,0.0195,0.0247,0.0106,0.0000,0.0241,0.0000,0.0000,0.0000
SJC,to,131,3,0.0313,0.0266,0.0175,0.0000,0.0361,0.0000,0.0000,0.0000
SJC,to,132,3,0.0180,0.0190,0.0101,0.0000,0.0120,0.0000,0.0000,0.0000
SJC,to,133,3,0.0243,0.0228,0.0303,0.0000,0.0361,0.0000,0.0000,0.0000
SJC,to,134,3,0.0211,0.0209,0.0117,0.0000,0.0241,0.0000,0.0000,0.0000
SJC,to,135,3,0.0151,0.0152,0.0074,0.0000,0.0000,0.0000,0.0000,0.0000
SJC,to,136,3,0.0106,0.0057,0.0048,0.0000,0.0000,0.0000,0.0000,0.0000
SJC,to,137,3,0.0186,0.0190,0.0106,0.0000,0.0241,0.0000,0.0000,0.0000
SJC,to,138,3,0.0158,0.0152,0.0085,0.0000,0.0000,0.0000,0.0000,0.0000
SJC,to,139,3,0.0106,0.0057,0.0048,0.0000,0.0000,0.0000,0.0000,0.0000
SJC,to,140,3,0.0112,0.0057,0.0234,0.0000,0.0120,0.0000,0.0000,0.0000
SJC,to,141,3,0.0006,0.0000,0.0000,0.0000,0.0000,0.0000,0.0000,0.0000
SJC,to,142,3,0.0063,0.0095,0.0377,0.0000,0.0241,0.0000,0.0000,0.0000
SJC,to,143,3,0.0001,0.0000,0.0000,0.0000,0.0000,0.0000,0.0000,0.0000
SJC,to,144,3,0.0008,0.0000,0.0000,0.0000,0.0000,0.0000,0.0000,0.0000
SJC,to,145,3,0.0015,0.0000,0.0000,0.0000,0.0000,0.0000,0.0000,0.0000
SJC,to,146,3,0.0021,0.0000,0.0133,0.0000,0.0000,0.0000,0.0000,0.0000
SJC,to,147,3,0.0045,0.0171,0.0016,0.0000,0.0000,0.0000,0.0000,0.0000
SJC,to,148,3,0.0008,0.0000,0.0000,0.0000,0.0000,0.0000,0.0000,0.0000
SJC,to,149,3,0.0100,0.0057,0.0064,0.0000,0.0000,0.0000,0.0000,0.0000
SJC,to,150,3,0.0049,0.0019,0.0016,0.0000,0.0000,0.0000,0.0000,0.0000
SJC,to,151,3,0.0047,0.0019,0.0016,0.0000,0.0000,0.0000,0.0000,0.0000
SJC,to,152,3,0.0133,0.0114,0.0064,0.0000,0.0000,0.0000,0.0000,0.0000
SJC,to,153,3,0.0105,0.0057,0.0048,0.0000,0.0000,0.0000,0.0000,0.0000
SJC,to,154,3,0.0073,0.0057,0.0043,0.0000,0.0000,0.0000,0.0000,0.0000
SJC,to,155,3,0.0073,0.0057,0.0043,0.0000,0.0000,0.0000,0.0000,0.0000
SJC,to,156,3,0.0062,0.0038,0.0027,0.0000,0.0000,0.0000,0.0000,0.0000
SJC,to,157,3,0.0008,0.0000,0.0000,0.0000,0.0000,0.0000,0.0000,0.0000
SJC,to,158,3,0.0008,0.0000,0.0000,0.0000,0.0000,0.0000,0.0000,0.0000
SJC,to,159,3,0.0120,0.0095,0.0058,0.0000,0.0000,0.0000,0.0000,0.0000
SJC,to,160,3,0.0121,0.0095,0.0058,0.0000,0.0000,0.0000,0.0000,0.0000
SJC,to,161,3,0.0081,0.0057,0.0043,0.0000,0.0000,0.0000,0.0000,0.0000
SJC,to,162,3,0.0114,0.0076,0.0048,0.0000,0.0000,0.0000,0.0000,0.0000
SJC,to,163,3,0.0085,0.0057,0.0043,0.0000,0.0000,0.0000,0.0000,0.0000
SJC,to,164,3,0.0239,0.0228,0.0133,0.0000,0.0361,0.0000,0.0000,0.0000
SJC,to,165,3,0.0170,0.0171,0.0096,0.0000,0.0120,0.0000,0.0000,0.0000
SJC,to,166,3,0.0364,0.0266,0.1366,0.5333,0.1566,1.0000,1.0000,0.0000
SJC,to,167,3,0.0146,0.0133,0.0069,0.0000,0.0000,0.0000,0.0000,0.0000
SJC,to,168,4,0.0421,0.0369,0.0240,0.0000,0.0455,0.0000,0.0000,0.0000
SJC,to,169,4,0.0809,0.0721,0.0545,0.1333,0.0758,1.0000,0.0000,0.0000
SJC,to,170,4,0.0672,0.0598,0.1198,0.1333,0.0758,0.0000,0.0000,0.0000
SJC,to,171,4,0.0246,0.0211,0.0131,0.0000,0.0000,0.0000,0.0000,0.0000
SJC,to,172,4,0.0555,0.0475,0.0305,0.0000,0.0606,0.0000,0.0000,0.0000
SJC,to,173,4,0.0340,0.0264,0.0196,0.0000,0.0303,0.0000,0.0000,0.0000
SJC,to,174,4,0.0467,0.0404,0.0261,0.0000,0.0455,0.0000,0.0000,0.0000
SJC,to,175,4,0.0302,0.0228,0.0174,0.0000,0.0152,0.0000,0.0000,0.0000
SJC,to,176,4,0.0195,0.0176,0.0087,0.0000,0.0000,0.0000,0.0000,0.0000
SJC,to,177,4,0.0700,0.0703,0.0806,0.1333,0.0758,0.0000,0.0000,0.0000
SJC,to,178,4,0.0421,0.0369,0.0240,0.0000,0.0455,0.0000,0.0000,0.0000
SJC,to,179,4,0.0581,0.0527,0.0392,0.0000,0.0606,0.0000,0.0000,0.0000
SJC,to,180,4,0.0238,0.0176,0.0915,0.0000,0.0303,0.0000,0.0000,0.0000
SJC,to,181,4,0.0332,0.0246,0.0196,0.0000,0.0303,0.0000,0.0000,0.0000
SJC,to,182,4,0.0391,0.0457,0.0240,0.0000,0.0455,0.0000,0.0000,0.0000
SJC,to,183,4,0.0396,0.0351,0.0196,0.0000,0.0455,0.0000,0.0000,0.0000
SJC,to,184,4,0.0555,0.0475,0.0305,0.0000,0.0606,0.0000,0.0000,0.0000
SJC,to,185,4,0.0449,0.0387,0.0261,0.0000,0.0455,0.0000,0.0000,0.0000
SJC,to,186,4,0.0621,0.0562,0.0392,0.0667,0.0606,0.0000,0.0000,0.0000
SJC,to,187,4,0.0403,0.0475,0.0240,0.0000,0.0455,0.0000,0.0000,0.0000
SJC,to,188,4,0.0621,0.1599,0.2549,0.5333,0.1061,0.0000,0.0000,0.0000
SJC,to,189,4,0.0200,0.0176,0.0087,0.0000,0.0000,0.0000,0.0000,0.0000
SJC,to,190,4,0.0084,0.0053,0.0044,0.0000,0.0000,0.0000,0.0000,0.0000
SJC,to,191,5,0.0169,0.0207,0.0045,0.0114,0.0148,0.0000,0.0000,0.0000
SJC,to,192,5,0.0018,0.0012,0.0000,0.0000,0.0000,0.0000,0.0000,0.0000
SJC,to,193,5,0.0136,0.0127,0.0017,0.0000,0.0099,0.0000,0.0000,0.0000
SJC,to,194,5,0.0245,0.0236,0.0028,0.0227,0.0246,0.0000,0.0000,0.0000
SJC,to,195,5,0.0154,0.0156,0.0017,0.0000,0.0148,0.0000,0.0000,0.0000
SJC,to,196,5,0.0245,0.0236,0.0028,0.0227,0.0246,0.0000,0.0000,0.0000
SJC,to,197,5,0.0189,0.0196,0.0017,0.0000,0.0148,0.0000,0.0000,0.0000
SJC,to,198,5,0.0038,0.0029,0.0000,0.0000,0.0000,0.0000,0.0000,0.0000
SJC,to,199,5,0.0058,0.0069,0.0050,0.0000,0.0000,0.0000,0.0000,0.0000
SJC,to,200,5,0.0054,0.0035,0.0078,0.0000,0.0000,0.0000,0.0000,0.0000
SJC,to,201,5,0.0078,0.0069,0.0000,0.0000,0.0000,0.0000,0.0000,0.0000
SJC,to,202,5,0.0237,0.0230,0.0028,0.0227,0.0246,0.0000,0.0000,0.0000
SJC,to,203,5,0.0110,0.0109,0.0011,0.0000,0.0049,0.0000,0.0000,0.0000
SJC,to,204,5,0.0230,0.0225,0.0028,0.0227,0.0197,0.0000,0.0000,0.0000
SJC,to,205,5,0.0267,0.0265,0.0045,0.0227,0.0246,0.0000,0.0000,0.0000
SJC,to,206,5,0.0120,0.0115,0.0017,0.0000,0.0099,0.0000,0.0000,0.0000
SJC,to,207,5,0.0110,0.0098,0.0011,0.0000,0.0049,0.0000,0.0000,0.0000
SJC,to,208,5,0.0177,0.0121,0.0526,0.0227,0.0246,0.0000,0.0000,0.0000
SJC,to,209,5,0.0272,0.0259,0.0073,0.0227,0.0246,0.0000,0.0000,0.0000
SJC,to,210,5,0.0036,0.0023,0.0000,0.0000,0.0000,0.0000,0.0000,0.0000
SJC,to,211,5,0.0140,0.0150,0.0017,0.0000,0.0148,0.0000,0.0000,0.0000
SJC,to,212,5,0.0558,0.0495,0.2824,0.2159,0.1133,0.3333,0.4000,0.0000
SJC,to,213,5,0.0186,0.0196,0.0067,0.0114,0.0148,0.0000,0.0000,0.0000
SJC,to,214,5,0.0165,0.0150,0.0140,0.0114,0.0148,0.0000,0.0000,0.0000
SJC,to,215,5,0.0143,0.0144,0.0017,0.0000,0.0148,0.0000,0.0000,0.0000
SJC,to,216,5,0.0078,0.0081,0.0017,0.0000,0.0000,0.0000,0.0000,0.0000
SJC,to,217,5,0.0139,0.0161,0.0022,0.0000,0.0099,0.0000,0.0000,0.0000
SJC,to,218,5,0.0216,0.0207,0.0022,0.0114,0.0197,0.0000,0.0000,0.0000
SJC,to,219,5,0.0253,0.0236,0.0028,0.0227,0.0246,0.0000,0.0000,0.0000
SJC,to,220,5,0.0166,0.0161,0.0017,0.0000,0.0148,0.0000,0.0000,0.0000
SJC,to,221,5,0.0166,0.0161,0.0017,0.0000,0.0148,0.0000,0.0000,0.0000
SJC,to,222,5,0.0154,0.0207,0.0028,0.0000,0.0148,0.0000,0.0000,0.0000
SJC,to,223,5,0.0134,0.0127,0.0017,0.0000,0.0099,0.0000,0.0000,0.0000
SJC,to,224,5,0.0105,0.0098,0.0011,0.0000,0.0049,0.0000,0.0000,0.0000
SJC,to,225,5,0.0149,0.0121,0.0218,0.0114,0.0148,0.0000,0.0000,0.0000
SJC,to,226,5,0.0221,0.0207,0.0067,0.0227,0.0197,0.0000,0.0000,0.0000
SJC,to,227,5,0.0227,0.0213,0.0028,0.0227,0.0197,0.0000,0.0000,0.0000
SJC,to,228,5,0.0000,0.0000,0.0000,0.0000,0.0000,0.0000,0.0000,0.0000
SJC,to,229,5,0.0182,0.0184,0.0017,0.0000,0.0148,0.0000,0.0000,0.0000
SJC,to,230,5,0.0249,0.0265,0.0045,0.0227,0.0246,0.0000,0.0000,0.0000
SJC,to,231,5,0.0196,0.0196,0.0017,0.0114,0.0148,0.0000,0.0000,0.0000
SJC,to,232,5,0.0179,0.0179,0.0017,0.0000,0.0148,0.0000,0.0000,0.0000
SJC,to,233,5,0.0224,0.0207,0.0028,0.0227,0.0197,0.0000,0.0000,0.0000
SJC,to,234,5,0.0091,0.0069,0.0470,0.0227,0.0148,0.0000,0.0000,0.0000
SJC,to,235,5,0.0105,0.0098,0.0011,0.0000,0.0049,0.0000,0.0000,0.0000
SJC,to,236,5,0.0177,0.0196,0.0196,0.0227,0.0197,0.0000,0.0000,0.0000
SJC,to,237,5,0.0067,0.0063,0.0045,0.0000,0.0000,0.0000,0.0000,0.0000
SJC,to,238,5,0.0099,0.0075,0.0140,0.0000,0.0099,0.0000,0.0000,0.0000
SJC,to,239,5,0.0028,0.0000,0.0268,0.0000,0.0000,0.0000,0.0000,0.0000
SJC,to,240,5,0.0685,0.1066,0.1784,0.2159,0.0985,0.2500,0.3000,0.0000
SJC,to,241,5,0.0105,0.0098,0.0011,0.0000,0.0049,0.0000,0.0000,0.0000
SJC,to,242,5,0.0097,0.0081,0.0011,0.0000,0.0000,0.0000,0.0000,0.0000
SJC,to,243,5,0.0110,0.0098,0.0011,0.0000,0.0049,0.0000,0.0000,0.0000
SJC,to,244,5,0.0137,0.0144,0.0017,0.0000,0.0099,0.0000,0.0000,0.0000
SJC,to,245,5,0.0165,0.0179,0.0062,0.0000,0.0148,0.0000,0.0000,0.0000
SJC,to,246,5,0.0366,0.0369,0.0106,0.0341,0.0394,0.1667,0.0000,0.0000
SJC,to,247,5,0.0169,0.0161,0.0050,0.0000,0.0148,0.0000,0.0000,0.0000
SJC,to,248,5,0.0428,0.0340,0.2120,0.1477,0.0936,0.2500,0.3000,0.0000
SJC,to,249,6,0.0778,0.0486,0.3098,0.2165,0.1505,0.1176,0.4722,0.6000
SJC,to,250,6,0.0219,0.0250,0.0084,0.0152,0.0188,0.0252,0.0000,0.0000
SJC,to,251,6,0.0199,0.0253,0.0043,0.0122,0.0172,0.0168,0.0000,0.0000
SJC,to,252,6,0.0393,0.0366,0.0299,0.0396,0.0361,0.0420,0.0000,0.0000
SJC,to,253,6,0.0151,0.0160,0.0029,0.0061,0.0110,0.0168,0.0000,0.0000
SJC,to,254,6,0.0331,0.0343,0.0065,0.0244,0.0251,0.0336,0.0000,0.0000
SJC,to,255,6,0.0193,0.0196,0.0087,0.0122,0.0188,0.0168,0.0000,0.0000
SJC,to,256,6,0.0200,0.0256,0.0043,0.0122,0.0188,0.0168,0.0000,0.0000
SJC,to,257,6,0.0144,0.0193,0.0081,0.0091,0.0110,0.0084,0.0000,0.0000
SJC,to,258,6,0.0169,0.0273,0.0043,0.0122,0.0125,0.0084,0.0000,0.0000
SJC,to,259,6,0.0143,0.0150,0.0029,0.0061,0.0078,0.0084,0.0000,0.0000
SJC,to,260,6,0.0102,0.0113,0.0018,0.0000,0.0063,0.0000,0.0000,0.0000
SJC,to,261,6,0.0173,0.0120,0.0373,0.0305,0.0235,0.0252,0.0278,0.0000
SJC,to,262,6,0.0120,0.0120,0.0021,0.0061,0.0078,0.0000,0.0000,0.0000
SJC,to,263,6,0.0089,0.0090,0.0016,0.0000,0.0047,0.0000,0.0000,0.0000
SJC,to,264,6,0.0319,0.0120,0.1279,0.0823,0.0627,0.0588,0.1944,0.2000
SJC,to,265,6,0.0197,0.0136,0.0429,0.0335,0.0266,0.0252,0.0556,0.0000
SJC,to,266,6,0.0529,0.0363,0.1490,0.1067,0.0862,0.0756,0.1944,0.2000
SJC,to,267,6,0.0157,0.0163,0.0031,0.0061,0.0110,0.0168,0.0000,0.0000
SJC,to,268,6,0.0152,0.0150,0.0080,0.0061,0.0125,0.0168,0.0000,0.0000
SJC,to,269,6,0.0147,0.0156,0.0029,0.0061,0.0094,0.0084,0.0000,0.0000
SJC,to,270,6,0.0113,0.0120,0.0019,0.0030,0.0063,0.0000,0.0000,0.0000
SJC,to,271,6,0.0206,0.0203,0.0113,0.0152,0.0188,0.0252,0.0000,0.0000
SJC,to,272,6,0.0132,0.0136,0.0027,0.0061,0.0078,0.0084,0.0000,0.0000
SJC,to,273,6,0.0209,0.0216,0.0043,0.0122,0.0188,0.0252,0.0000,0.0000
SJC,to,274,6,0.0150,0.0156,0.0029,0.0061,0.0094,0.0168,0.0000,0.0000
SJC,to,275,6,0.0187,0.0163,0.0374,0.0335,0.0235,0.0252,0.0278,0.0000
SJC,to,276,6,0.0114,0.0120,0.0021,0.0030,0.0078,0.0000,0.0000,0.0000
SJC,to,277,6,0.0173,0.0233,0.0037,0.0091,0.0125,0.0168,0.0000,0.0000
SJC,to,278,6,0.0143,0.0113,0.0246,0.0152,0.0188,0.0168,0.0000,0.0000
SJC,to,279,6,0.0157,0.0180,0.0220,0.0213,0.0188,0.0168,0.0000,0.0000
SJC,to,280,6,0.0122,0.0120,0.0024,0.0061,0.0078,0.0000,0.0000,0.0000
SJC,to,281,6,0.0152,0.0210,0.0037,0.0061,0.0110,0.0084,0.0000,0.0000
SJC,to,282,6,0.0140,0.0216,0.0037,0.0061,0.0078,0.0000,0.0000,0.0000
SJC,to,283,6,0.0155,0.0163,0.0031,0.0061,0.0110,0.0168,0.0000,0.0000
SJC,to,284,6,0.0071,0.0070,0.0013,0.0000,0.0047,0.0000,0.0000,0.0000
SJC,to,285,6,0.0127,0.0130,0.0027,0.0061,0.0078,0.0000,0.0000,0.0000
SJC,to,286,6,0.0311,0.0316,0.0112,0.0244,0.0251,0.0336,0.0000,0.0000
SJC,to,287,6,0.0146,0.0196,0.0119,0.0122,0.0125,0.0084,0.0000,0.0000
SJC,to,288,6,0.0284,0.0300,0.0056,0.0152,0.0219,0.0336,0.0000,0.0000
SJC,to,289,6,0.0277,0.0290,0.0055,0.0152,0.0219,0.0336,0.0000,0.0000
SJC,to,290,6,0.0150,0.0156,0.0029,0.0061,0.0094,0.0168,0.0000,0.0000
SJC,to,291,6,0.0186,0.0246,0.0043,0.0122,0.0157,0.0168,0.0000,0.0000
SJC,to,292,6,0.0120,0.0120,0.0021,0.0061,0.0078,0.0000,0.0000,0.0000
SJC,to,293,6,0.0290,0.0303,0.0057,0.0213,0.0235,0.0336,0.0000,0.0000
SJC,to,294,6,0.0293,0.0300,0.0109,0.0244,0.0235,0.0336,0.0000,0.0000
SJC,to,295,6,0.0200,0.0213,0.0040,0.0091,0.0188,0.0168,0.0000,0.0000
SJC,to,296,6,0.0487,0.0556,0.0395,0.0549,0.0486,0.0588,0.0278,0.0000
SJC,to,297,7,0.0237,0.0227,0.0136,0.0192,0.0203,0.0270,0.0000,0.0000
SJC,to,298,7,0.0473,0.0543,0.0132,0.0370,0.0398,0.0425,0.0000,0.0769
SJC,to,299,7,0.0238,0.0227,0.0136,0.0192,0.0203,0.0270,0.0000,0.0000
SJC,to,300,7,0.0175,0.0175,0.0048,0.0118,0.0154,0.0154,0.0000,0.0000
SJC,to,301,7,0.0320,0.0319,0.0086,0.0237,0.0285,0.0309,0.0000,0.0000
SJC,to,302,7,0.0248,0.0247,0.0067,0.0163,0.0203,0.0270,0.0000,0.0000
SJC,to,303,7,0.0221,0.0221,0.0057,0.0163,0.0171,0.0193,0.0000,0.0000
SJC,to,304,7,0.0296,0.0295,0.0078,0.0207,0.0252,0.0270,0.0000,0.0000
SJC,to,305,7,0.0083,0.0080,0.0023,0.0030,0.0065,0.0077,0.0000,0.0000
SJC,to,306,7,0.0161,0.0159,0.0043,0.0118,0.0122,0.0154,0.0000,0.0000
SJC,to,307,7,0.0254,0.0254,0.0067,0.0163,0.0203,0.0270,0.0000,0.0000
SJC,to,308,7,0.0159,0.0149,0.0114,0.0148,0.0154,0.0154,0.0000,0.0000
SJC,to,309,7,0.0319,0.0272,0.0451,0.0370,0.0358,0.0347,0.0667,0.1538
SJC,to,310,7,0.0174,0.0175,0.0605,0.0370,0.0293,0.0193,0.1000,0.0000
SJC,to,311,7,0.0553,0.0406,0.2416,0.1331,0.1024,0.0772,0.3333,0.3846
SJC,to,312,7,0.0393,0.0368,0.0321,0.0370,0.0382,0.0425,0.0333,0.0769
SJC,to,313,7,0.0100,0.0056,0.0386,0.0192,0.0163,0.0154,0.0667,0.0000
SJC,to,314,7,0.0108,0.0088,0.0172,0.0133,0.0122,0.0116,0.0000,0.0000
SJC,to,315,7,0.0051,0.0115,0.0111,0.0074,0.0057,0.0000,0.0000,0.0000
SJC,to,316,7,0.0063,0.0059,0.0017,0.0030,0.0041,0.0000,0.0000,0.0000
SJC,to,317,7,0.0185,0.0173,0.0146,0.0163,0.0163,0.0154,0.0000,0.0000
SJC,to,318,7,0.0144,0.0142,0.0038,0.0074,0.0122,0.0154,0.0000,0.0000
SJC,to,319,7,0.0147,0.0147,0.0040,0.0074,0.0122,0.0154,0.0000,0.0000
SJC,to,320,7,0.0223,0.0254,0.0136,0.0192,0.0195,0.0193,0.0000,0.0000
SJC,to,321,7,0.0126,0.0124,0.0033,0.0074,0.0106,0.0116,0.0000,0.0000
SJC,to,322,7,0.0222,0.0221,0.0059,0.0163,0.0171,0.0193,0.0000,0.0000
SJC,to,323,7,0.0158,0.0200,0.0046,0.0133,0.0122,0.0154,0.0000,0.0000
SJC,to,324,7,0.0065,0.0064,0.0017,0.0030,0.0041,0.0000,0.0000,0.0000
SJC,to,325,7,0.0185,0.0175,0.0121,0.0163,0.0163,0.0154,0.0000,0.0000
SJC,to,326,7,0.0033,0.0005,0.0188,0.0074,0.0065,0.0000,0.0000,0.0000
SJC,to,327,7,0.0120,0.0106,0.0128,0.0118,0.0122,0.0154,0.0000,0.0000
SJC,to,328,7,0.0148,0.0149,0.0040,0.0104,0.0122,0.0154,0.0000,0.0000
SJC,to,329,7,0.0065,0.0061,0.0017,0.0030,0.0041,0.0000,0.0000,0.0000
SJC,to,330,7,0.0166,0.0165,0.0043,0.0118,0.0130,0.0154,0.0000,0.0000
SJC,to,331,7,0.0294,0.0376,0.0562,0.0429,0.0366,0.0309,0.1000,0.1538
SJC,to,332,7,0.0097,0.0097,0.0026,0.0030,0.0089,0.0077,0.0000,0.0000
SJC,to,333,7,0.0290,0.0290,0.0369,0.0340,0.0317,0.0270,0.0500,0.0000
SJC,to,334,7,0.0165,0.0165,0.0043,0.0118,0.0130,0.0154,0.0000,0.0000
SJC,to,335,7,0.0165,0.0126,0.0337,0.0237,0.0203,0.0193,0.0333,0.0000
SJC,to,336,7,0.0183,0.0180,0.0049,0.0133,0.0154,0.0154,0.0000,0.0000
SJC,to,337,7,0.0153,0.0116,0.0330,0.0222,0.0195,0.0154,0.0333,0.0000
SJC,to,338,7,0.0110,0.0113,0.0030,0.0059,0.0098,0.0116,0.0000,0.0000
SJC,to,339,7,0.0191,0.0180,0.0123,0.0163,0.0163,0.0193,0.0000,0.0000
SJC,to,340,7,0.0253,0.0270,0.0251,0.0266,0.0276,0.0270,0.0167,0.0000
SJC,to,341,7,0.0298,0.0393,0.0554,0.0459,0.0366,0.0309,0.0833,0.0769
SJC,to,342,7,0.0374,0.0411,0.0373,0.0399,0.0366,0.0386,0.0500,0.0769
SJC,to,343,7,0.0134,0.0134,0.0035,0.0074,0.0106,0.0154,0.0000,0.0000
SJC,to,344,7,0.0197,0.0198,0.0051,0.0148,0.0163,0.0154,0.0000,0.0000
SJC,to,345,7,0.0242,0.0242,0.0064,0.0163,0.0195,0.0270,0.0000,0.0000
SJC,to,346,7,0.0239,0.0286,0.0285,0.0281,0.0276,0.0270,0.0333,0.0000
SJC,to,347,8,0.0587,0.0592,0.0197,0.0454,0.0513,0.0588,0.0111,0.0388
SJC,to,348,8,0.0022,0.0006,0.0134,0.0057,0.0058,0.0000,0.0159,0.0000
SJC,to,349,8,0.0160,0.0183,0.0494,0.0284,0.0218,0.0158,0.0605,0.0485
SJC,to,350,8,0.0159,0.0180,0.0043,0.0127,0.0126,0.0158,0.0000,0.0097
SJC,to,351,8,0.0326,0.0296,0.0490,0.0374,0.0353,0.0339,0.0525,0.0485
SJC,to,352,8,0.0024,0.0000,0.0192,0.0074,0.0058,0.0023,0.0239,0.0097
SJC,to,353,8,0.0037,0.0074,0.0016,0.0042,0.0024,0.0000,0.0016,0.0000
SJC,to,354,8,0.0095,0.0174,0.0225,0.0166,0.0106,0.0090,0.0303,0.0194
SJC,to,355,8,0.0495,0.0402,0.2497,0.1152,0.0895,0.0633,0.3025,0.1942
SJC,to,356,8,0.0478,0.0532,0.0569,0.0527,0.0484,0.0475,0.0621,0.0680
SJC,to,357,8,0.0365,0.0392,0.0163,0.0306,0.0329,0.0339,0.0111,0.0194
SJC,to,358,8,0.0348,0.0338,0.0087,0.0256,0.0290,0.0339,0.0000,0.0194
SJC,to,359,8,0.0297,0.0288,0.0074,0.0216,0.0252,0.0271,0.0000,0.0194
SJC,to,360,8,0.0288,0.0279,0.0071,0.0210,0.0247,0.0271,0.0000,0.0194
SJC,to,361,8,0.0319,0.0310,0.0078,0.0231,0.0276,0.0317,0.0000,0.0194
SJC,to,362,8,0.0279,0.0286,0.0182,0.0246,0.0261,0.0271,0.0175,0.0194
SJC,to,363,8,0.0142,0.0138,0.0035,0.0103,0.0116,0.0158,0.0000,0.0000
SJC,to,364,8,0.0120,0.0106,0.0123,0.0118,0.0116,0.0113,0.0111,0.0097
SJC,to,365,8,0.0081,0.0050,0.0258,0.0131,0.0106,0.0090,0.0303,0.0194
SJC,to,366,8,0.0335,0.0399,0.0844,0.0532,0.0440,0.0339,0.1003,0.0777
SJC,to,367,8,0.0319,0.0304,0.0143,0.0252,0.0281,0.0317,0.0096,0.0194
SJC,to,368,8,0.0333,0.0302,0.0270,0.0299,0.0324,0.0339,0.0255,0.0291
SJC,to,369,8,0.0387,0.0320,0.0583,0.0431,0.0440,0.0452,0.0621,0.0485
SJC,to,370,8,0.0249,0.0242,0.0062,0.0183,0.0208,0.0249,0.0000,0.0194
SJC,to,371,8,0.0194,0.0190,0.0047,0.0142,0.0169,0.0204,0.0000,0.0000
SJC,to,372,8,0.0187,0.0177,0.0093,0.0150,0.0174,0.0204,0.0064,0.0097
SJC,to,373,8,0.0136,0.0160,0.0037,0.0111,0.0106,0.0113,0.0000,0.0000
SJC,to,374,8,0.0104,0.0094,0.0088,0.0095,0.0097,0.0090,0.0096,0.0000
SJC,to,375,8,0.0083,0.0106,0.0024,0.0072,0.0068,0.0068,0.0000,0.0000
SJC,to,376,8,0.0173,0.0168,0.0046,0.0129,0.0164,0.0158,0.0000,0.0000
SJC,to,377,8,0.0219,0.0278,0.0205,0.0233,0.0208,0.0204,0.0239,0.0194
SJC,to,378,8,0.0161,0.0162,0.0215,0.0182,0.0174,0.0158,0.0239,0.0194
SJC,to,379,8,0.0153,0.0135,0.0163,0.0149,0.0164,0.0158,0.0175,0.0194
SJC,to,380,8,0.0087,0.0127,0.0122,0.0113,0.0092,0.0090,0.0159,0.0194
SJC,to,381,8,0.0283,0.0268,0.0363,0.0308,0.0324,0.0317,0.0382,0.0388
SJC,to,382,8,0.0123,0.0115,0.0078,0.0104,0.0106,0.0113,0.0064,0.0000
SJC,to,383,8,0.0116,0.0112,0.0029,0.0085,0.0097,0.0113,0.0000,0.0000
SJC,to,384,8,0.0294,0.0286,0.0073,0.0216,0.0247,0.0271,0.0000,0.0194
SJC,to,385,8,0.0189,0.0183,0.0047,0.0138,0.0169,0.0181,0.0000,0.0000
SJC,to,386,8,0.0200,0.0193,0.0049,0.0147,0.0174,0.0204,0.0000,0.0097
SJC,to,387,8,0.0239,0.0232,0.0060,0.0174,0.0198,0.0249,0.0000,0.0097
SJC,to,388,8,0.0376,0.0365,0.0093,0.0276,0.0324,0.0339,0.0000,0.0194
SJC,to,389,8,0.0289,0.0329,0.0126,0.0246,0.0252,0.0271,0.0111,0.0194
SJC,to,390,8,0.0149,0.0125,0.0210,0.0159,0.0169,0.0158,0.0191,0.0194
SJC,to,391,9,0.0215,0.0171,0.0100,0.0149,0.0182,0.0218,0.0079,0.0103
SJC,to,392,9,0.0142,0.0145,0.0085,0.0118,0.0129,0.0127,0.0079,0.0103
SJC,to,393,9,0.0136,0.0127,0.0064,0.0101,0.0121,0.0127,0.0051,0.0103
SJC,to,394,9,0.0147,0.0129,0.0104,0.0121,0.0136,0.0145,0.0087,0.0103
SJC,to,395,9,0.0192,0.0187,0.0095,0.0147,0.0161,0.0200,0.0079,0.0103
SJC,to,396,9,0.0006,0.0001,0.0027,0.0014,0.0011,0.0000,0.0029,0.0000
SJC,to,397,9,0.0078,0.0095,0.0062,0.0077,0.0071,0.0073,0.0065,0.0103
SJC,to,398,9,0.0085,0.0070,0.0015,0.0049,0.0068,0.0073,0.0000,0.0000
SJC,to,399,9,0.0041,0.0097,0.0033,0.0055,0.0039,0.0000,0.0051,0.0103
SJC,to,400,9,0.0125,0.0136,0.0052,0.0095,0.0104,0.0127,0.0051,0.0103
SJC,to,401,9,0.0211,0.0394,0.0368,0.0341,0.0243,0.0181,0.0447,0.0462
SJC,to,402,9,0.0087,0.0142,0.0138,0.0128,0.0093,0.0073,0.0166,0.0154
SJC,to,403,9,0.0149,0.0213,0.0408,0.0284,0.0214,0.0163,0.0455,0.0410
SJC,to,404,9,0.0147,0.0194,0.0332,0.0245,0.0203,0.0163,0.0368,0.0359
SJC,to,405,9,0.0028,0.0002,0.0145,0.0073,0.0061,0.0036,0.0144,0.0103
SJC,to,406,9,0.0052,0.0050,0.0191,0.0113,0.0089,0.0073,0.0209,0.0103
SJC,to,407,9,0.0034,0.0050,0.0085,0.0063,0.0054,0.0036,0.0087,0.0103
SJC,to,408,9,0.0107,0.0241,0.0096,0.0148,0.0093,0.0073,0.0137,0.0205
SJC,to,409,9,0.0061,0.0132,0.0076,0.0091,0.0061,0.0036,0.0087,0.0103
SJC,to,410,9,0.0277,0.0308,0.0137,0.0230,0.0243,0.0254,0.0137,0.0205
SJC,to,411,9,0.0000,0.0000,0.0000,0.0000,0.0000,0.0000,0.0000,0.0000
SJC,to,412,9,0.0299,0.0241,0.0233,0.0251,0.0275,0.0309,0.0209,0.0256
SJC,to,413,9,0.0058,0.0046,0.0029,0.0041,0.0050,0.0054,0.0022,0.0000
SJC,to,414,9,0.0176,0.0136,0.0110,0.0133,0.0161,0.0200,0.0087,0.0103
SJC,to,415,9,0.0468,0.0592,0.1075,0.0779,0.0657,0.0472,0.1198,0.1026
SJC,to,416,9,0.0334,0.0245,0.0520,0.0386,0.0393,0.0381,0.0527,0.0462
SJC,to,417,9,0.0010,0.0026,0.0003,0.0012,0.0000,0.0000,0.0000,0.0000
SJC,to,418,9,0.0039,0.0033,0.0008,0.0023,0.0029,0.0036,0.0000,0.0000
SJC,to,419,9,0.0123,0.0092,0.0098,0.0101,0.0125,0.0127,0.0087,0.0103
SJC,to,420,9,0.0119,0.0116,0.0023,0.0076,0.0089,0.0127,0.0000,0.0000
SJC,to,421,9,0.0103,0.0090,0.0115,0.0103,0.0111,0.0127,0.0123,0.0103
SJC,to,422,9,0.0071,0.0055,0.0039,0.0050,0.0061,0.0073,0.0029,0.0000
SJC,to,423,9,0.0118,0.0099,0.0021,0.0068,0.0089,0.0127,0.0000,0.0000
SJC,to,424,9,0.0126,0.0106,0.0022,0.0073,0.0089,0.0127,0.0000,0.0000
SJC,to,425,9,0.0104,0.0081,0.0056,0.0076,0.0089,0.0127,0.0051,0.0051
SJC,to,426,9,0.0152,0.0149,0.0106,0.0131,0.0139,0.0145,0.0094,0.0103
SJC,to,427,9,0.0039,0.0035,0.0111,0.0069,0.0057,0.0036,0.0123,0.0103
SJC,to,428,9,0.0066,0.0053,0.0148,0.0097,0.0089,0.0073,0.0144,0.0103
SJC,to,429,9,0.0109,0.0141,0.0326,0.0215,0.0168,0.0127,0.0361,0.0308
SJC,to,430,9,0.0020,0.0050,0.0006,0.0024,0.0011,0.0000,0.0014,0.0000
SJC,to,431,9,0.0017,0.0026,0.0042,0.0032,0.0018,0.0000,0.0051,0.0000
SJC,to,432,9,0.0039,0.0053,0.0108,0.0075,0.0068,0.0036,0.0123,0.0103
SJC,to,433,9,0.0065,0.0117,0.0062,0.0082,0.0061,0.0054,0.0079,0.0103
SJC,to,434,9,0.0035,0.0079,0.0030,0.0048,0.0029,0.0000,0.0043,0.0051
SJC,to,435,9,0.0646,0.0535,0.2375,0.1377,0.1153,0.0853,0.2569,0.1846
SJC,to,436,9,0.0067,0.0053,0.0031,0.0046,0.0054,0.0073,0.0022,0.0000
SJC,to,437,9,0.0163,0.0172,0.0032,0.0107,0.0129,0.0145,0.0014,0.0103
SJC,to,438,9,0.0107,0.0087,0.0038,0.0069,0.0082,0.0127,0.0029,0.0000
SJC,to,439,9,0.0064,0.0053,0.0011,0.0038,0.0046,0.0073,0.0000,0.0000
SJC,to,440,9,0.0144,0.0122,0.0025,0.0084,0.0121,0.0127,0.0000,0.0000
SJC,to,441,9,0.0195,0.0173,0.0093,0.0142,0.0161,0.0200,0.0079,0.0103
SJC,to,442,9,0.0122,0.0136,0.0024,0.0083,0.0089,0.0127,0.0014,0.0051
SJC,to,443,9,0.0076,0.0063,0.0013,0.0044,0.0054,0.0073,0.0000,0.0000
SJC,to,444,9,0.0230,0.0213,0.0141,0.0185,0.0214,0.0218,0.0123,0.0154
SJC,to,445,9,0.0232,0.0208,0.0063,0.0149,0.0196,0.0218,0.0036,0.0103
SJC,to,446,9,0.0247,0.0236,0.0085,0.0169,0.0203,0.0218,0.0065,0.0103
SJC,to,447,9,0.0183,0.0143,0.0100,0.0133,0.0161,0.0200,0.0079,0.0103
SJC,to,448,9,0.0228,0.0208,0.0273,0.0241,0.0239,0.0254,0.0281,0.0256
SJC,to,449,9,0.0209,0.0192,0.0039,0.0128,0.0161,0.0200,0.0007,0.0103
SJC,to,450,9,0.0096,0.0109,0.0065,0.0087,0.0082,0.0073,0.0065,0.0103
SJC,to,451,9,0.0244,0.0216,0.0083,0.0162,0.0203,0.0218,0.0051,0.0103
SJC,to,452,9,0.0122,0.0103,0.0022,0.0071,0.0089,0.0127,0.0000,0.0000
SJC,to,453,9,0.0263,0.0218,0.0065,0.0161,0.0207,0.0254,0.0029,0.0103
SJC,to,454,9,0.0216,0.0179,0.0058,0.0133,0.0175,0.0218,0.0029,0.0103
SJC,to,455,9,0.0152,0.0142,0.0048,0.0102,0.0125,0.0145,0.0029,0.0103
SJC,to,456,9,0.0286,0.0262,0.0245,0.0261,0.0271,0.0272,0.0231,0.0256
SJC,to,457,9,0.0222,0.0183,0.0059,0.0136,0.0175,0.0218,0.0029,0.0103
SJC,to,458,9,0.0153,0.0145,0.0028,0.0095,0.0125,0.0127,0.0000,0.0051
SJC,to,459,9,0.0326,0.0305,0.0081,0.0209,0.0253,0.0309,0.0051,0.0154
SJC,to,460,10,0.0245,0.0149,0.1789,0.0627,0.0502,0.0346,0.2655,0.1522
SJC,to,461,10,0.0149,0.0138,0.0116,0.0135,0.0132,0.0144,0.0073,0.0000
SJC,to,462,10,0.0167,0.0228,0.0248,0.0214,0.0165,0.0144,0.0364,0.0435
SJC,to,463,10,0.0108,0.0103,0.0044,0.0089,0.0099,0.0115,0.0000,0.0000
SJC,to,464,10,0.0134,0.0149,0.0061,0.0118,0.0125,0.0115,0.0000,0.0000
SJC,to,465,10,0.0136,0.0124,0.0111,0.0122,0.0132,0.0115,0.0073,0.0000
SJC,to,466,10,0.0075,0.0072,0.0029,0.0060,0.0079,0.0058,0.0000,0.0000
SJC,to,467,10,0.0051,0.0039,0.0135,0.0070,0.0079,0.0058,0.0182,0.0000
SJC,to,468,10,0.0083,0.0080,0.0033,0.0069,0.0079,0.0086,0.0000,0.0000
SJC,to,469,10,0.0029,0.0014,0.0177,0.0065,0.0046,0.0000,0.0255,0.0000
SJC,to,470,10,0.0195,0.0224,0.0163,0.0195,0.0191,0.0202,0.0182,0.0435
SJC,to,471,10,0.0048,0.0057,0.0163,0.0083,0.0066,0.0029,0.0255,0.0000
SJC,to,472,10,0.0082,0.0122,0.0040,0.0086,0.0079,0.0058,0.0000,0.0000
SJC,to,473,10,0.0047,0.0046,0.0018,0.0038,0.0033,0.0000,0.0000,0.0000
SJC,to,474,10,0.0081,0.0076,0.0033,0.0065,0.0079,0.0086,0.0000,0.0000
SJC,to,475,10,0.0077,0.0070,0.0085,0.0077,0.0079,0.0086,0.0073,0.0000
SJC,to,476,10,0.0244,0.0281,0.0237,0.0260,0.0244,0.0231,0.0255,0.0435
SJC,to,477,10,0.0148,0.0137,0.0116,0.0135,0.0132,0.0144,0.0073,0.0000
SJC,to,478,10,0.0112,0.0098,0.0154,0.0118,0.0125,0.0115,0.0182,0.0000
SJC,to,479,10,0.0239,0.0228,0.0099,0.0195,0.0231,0.0259,0.0000,0.0217
SJC,to,480,10,0.0156,0.0192,0.0071,0.0146,0.0132,0.0144,0.0036,0.0000
SJC,to,481,10,0.0171,0.0163,0.0071,0.0139,0.0145,0.0202,0.0000,0.0000
SJC,to,482,10,0.0140,0.0135,0.0057,0.0117,0.0125,0.0115,0.0000,0.0000
SJC,to,483,10,0.0139,0.0134,0.0056,0.0117,0.0125,0.0115,0.0000,0.0000
SJC,to,484,10,0.0251,0.0205,0.0558,0.0313,0.0297,0.0288,0.0727,0.0435
SJC,to,485,10,0.0234,0.0207,0.0296,0.0240,0.0244,0.0259,0.0327,0.0435
SJC,to,486,10,0.0227,0.0251,0.0211,0.0230,0.0231,0.0202,0.0255,0.0435
SJC,to,487,10,0.0123,0.0112,0.0104,0.0117,0.0125,0.0115,0.0073,0.0000
SJC,to,488,10,0.0324,0.0391,0.0205,0.0319,0.0297,0.0317,0.0218,0.0435
SJC,to,489,10,0.0288,0.0270,0.0172,0.0249,0.0271,0.0317,0.0109,0.0435
SJC,to,490,10,0.0171,0.0185,0.0072,0.0150,0.0145,0.0173,0.0000,0.0000
SJC,to,491,10,0.0085,0.0080,0.0033,0.0069,0.0079,0.0086,0.0000,0.0000
SJC,to,492,10,0.0208,0.0214,0.0171,0.0201,0.0211,0.0202,0.0145,0.0435
SJC,to,493,10,0.0241,0.0229,0.0099,0.0195,0.0231,0.0259,0.0000,0.0217
SJC,to,494,10,0.0288,0.0288,0.0229,0.0271,0.0277,0.0317,0.0218,0.0435
SJC,to,495,10,0.0292,0.0277,0.0119,0.0240,0.0264,0.0317,0.0000,0.0217
SJC,to,496,10,0.0152,0.0139,0.0136,0.0139,0.0139,0.0144,0.0145,0.0000
SJC,to,497,10,0.0314,0.0302,0.0128,0.0259,0.0284,0.0317,0.0000,0.0435
SJC,to,498,10,0.0155,0.0147,0.0063,0.0125,0.0132,0.0144,0.0000,0.0000
SJC,to,499,10,0.0189,0.0203,0.0081,0.0169,0.0165,0.0202,0.0000,0.0000
SJC,to,500,10,0.0131,0.0124,0.0055,0.0107,0.0125,0.0115,0.0000,0.0000
SJC,to,501,10,0.0129,0.0144,0.0056,0.0117,0.0125,0.0115,0.0000,0.0000
SJC,to,502,10,0.0093,0.0110,0.0042,0.0084,0.0086,0.0086,0.0000,0.0000
SJC,to,503,10,0.0097,0.0171,0.0441,0.0221,0.0132,0.0086,0.0691,0.0435
SJC,to,504,10,0.0069,0.0068,0.0029,0.0059,0.0066,0.0058,0.0000,0.0000
SJC,to,505,10,0.0168,0.0160,0.0068,0.0136,0.0139,0.0202,0.0000,0.0000
SJC,to,506,10,0.0085,0.0080,0.0033,0.0070,0.0079,0.0086,0.0000,0.0000
SJC,to,507,10,0.0188,0.0181,0.0079,0.0156,0.0165,0.0202,0.0000,0.0000
SJC,to,508,10,0.0078,0.0074,0.0032,0.0065,0.0079,0.0086,0.0000,0.0000
SJC,to,509,10,0.0085,0.0080,0.0036,0.0070,0.0079,0.0086,0.0000,0.0000
SJC,to,510,10,0.0135,0.0130,0.0055,0.0108,0.0125,0.0115,0.0000,0.0000
SJC,to,511,10,0.0391,0.0445,0.0721,0.0504,0.0455,0.0403,0.0982,0.1087
SJC,to,512,10,0.0177,0.0196,0.0079,0.0176,0.0145,0.0173,0.0073,0.0000
SJC,to,513,10,0.0124,0.0118,0.0050,0.0103,0.0112,0.0115,0.0000,0.0000
SJC,to,514,10,0.0323,0.0295,0.0295,0.0301,0.0323,0.0317,0.0255,0.0435
SJC,to,515,10,0.0173,0.0158,0.0180,0.0169,0.0165,0.0202,0.0218,0.0217
SJC,to,516,10,0.0137,0.0131,0.0055,0.0108,0.0125,0.0115,0.0000,0.0000
SJC,to,517,10,0.0135,0.0130,0.0055,0.0108,0.0125,0.0115,0.0000,0.0000
SJC,to,518,10,0.0202,0.0192,0.0085,0.0169,0.0191,0.0202,0.0000,0.0000
SJC,to,519,10,0.0224,0.0245,0.0227,0.0230,0.0231,0.0202,0.0255,0.0435
SJC,to,520,10,0.0114,0.0100,0.0154,0.0118,0.0125,0.0115,0.0182,0.0000
SJC,to,521,10,0.0145,0.0112,0.0388,0.0195,0.0178,0.0173,0.0473,0.0435
SJC,to,522,11,0.0299,0.0260,0.0060,0.0165,0.0218,0.0286,0.0000,0.0087
SJC,to,523,11,0.0440,0.0414,0.0090,0.0255,0.0326,0.0413,0.0024,0.0218
SJC,to,524,11,0.0296,0.0257,0.0059,0.0164,0.0218,0.0286,0.0000,0.0087
SJC,to,525,11,0.0225,0.0227,0.0047,0.0134,0.0169,0.0191,0.0012,0.0087
SJC,to,526,11,0.0401,0.0442,0.0085,0.0254,0.0295,0.0350,0.0043,0.0218
SJC,to,527,11,0.0440,0.0383,0.0089,0.0242,0.0326,0.0413,0.0012,0.0175
SJC,to,528,11,0.0324,0.0284,0.0065,0.0179,0.0234,0.0318,0.0006,0.0087
SJC,to,529,11,0.0171,0.0149,0.0034,0.0094,0.0123,0.0175,0.0000,0.0087
SJC,to,530,11,0.0343,0.0448,0.0114,0.0260,0.0268,0.0318,0.0104,0.0262
SJC,to,531,11,0.0156,0.0136,0.0031,0.0086,0.0114,0.0143,0.0000,0.0044
SJC,to,532,11,0.0026,0.0022,0.0005,0.0015,0.0015,0.0000,0.0000,0.0000
SJC,to,533,11,0.0143,0.0144,0.0103,0.0122,0.0126,0.0143,0.0104,0.0087
SJC,to,534,11,0.0340,0.0401,0.0366,0.0372,0.0341,0.0334,0.0384,0.0437
SJC,to,535,11,0.0084,0.0147,0.0130,0.0128,0.0105,0.0079,0.0159,0.0175
SJC,to,536,11,0.0025,0.0021,0.0005,0.0014,0.0015,0.0000,0.0000,0.0000
SJC,to,537,11,0.0044,0.0099,0.0012,0.0044,0.0037,0.0016,0.0024,0.0044
SJC,to,538,11,0.0036,0.0093,0.0011,0.0042,0.0025,0.0000,0.0024,0.0000
SJC,to,539,11,0.0038,0.0089,0.0048,0.0058,0.0040,0.0032,0.0067,0.0087
SJC,to,540,11,0.0256,0.0224,0.0051,0.0143,0.0185,0.0238,0.0000,0.0087
SJC,to,541,11,0.0306,0.0254,0.0134,0.0203,0.0240,0.0318,0.0098,0.0175
SJC,to,542,11,0.0147,0.0147,0.0103,0.0124,0.0129,0.0143,0.0104,0.0087
SJC,to,543,11,0.0200,0.0117,0.0582,0.0366,0.0326,0.0270,0.0628,0.0437
SJC,to,544,11,0.0175,0.0233,0.0295,0.0255,0.0209,0.0175,0.0341,0.0306
SJC,to,545,11,0.0316,0.0692,0.0527,0.0541,0.0384,0.0286,0.0659,0.0742
SJC,to,546,11,0.0169,0.0302,0.0225,0.0238,0.0185,0.0159,0.0268,0.0306
SJC,to,547,11,0.0080,0.0106,0.0173,0.0135,0.0111,0.0095,0.0195,0.0175
SJC,to,548,11,0.0177,0.0179,0.0074,0.0126,0.0138,0.0175,0.0061,0.0087
SJC,to,549,11,0.0072,0.0098,0.0126,0.0109,0.0089,0.0064,0.0146,0.0087
SJC,to,550,11,0.0078,0.0147,0.0093,0.0108,0.0077,0.0064,0.0116,0.0087
SJC,to,551,11,0.0040,0.0036,0.0008,0.0022,0.0031,0.0032,0.0000,0.0000
SJC,to,552,11,0.0020,0.0017,0.0003,0.0011,0.0009,0.0000,0.0000,0.0000
SJC,to,553,11,0.0026,0.0023,0.0005,0.0015,0.0015,0.0000,0.0000,0.0000
SJC,to,554,11,0.0213,0.0187,0.0225,0.0211,0.0215,0.0223,0.0226,0.0218
SJC,to,555,11,0.0052,0.0033,0.0082,0.0061,0.0062,0.0064,0.0073,0.0087
SJC,to,556,11,0.0044,0.0098,0.0012,0.0044,0.0037,0.0016,0.0024,0.0044
SJC,to,557,11,0.0015,0.0013,0.0002,0.0008,0.0009,0.0000,0.0000,0.0000
SJC,to,558,11,0.0308,0.0055,0.1541,0.0855,0.0729,0.0525,0.1701,0.1048
SJC,to,559,11,0.0180,0.0149,0.0085,0.0123,0.0151,0.0175,0.0067,0.0087
SJC,to,560,11,0.0330,0.0030,0.1624,0.0894,0.0787,0.0588,0.1774,0.1135
SJC,to,561,11,0.0045,0.0093,0.0012,0.0044,0.0037,0.0032,0.0018,0.0000
SJC,to,562,11,0.0024,0.0020,0.0005,0.0013,0.0012,0.0000,0.0000,0.0000
SJC,to,563,11,0.0168,0.0170,0.0449,0.0311,0.0255,0.0223,0.0506,0.0393
SJC,to,564,11,0.0220,0.0191,0.0044,0.0120,0.0160,0.0191,0.0000,0.0087
SJC,to,565,11,0.0196,0.0170,0.0039,0.0109,0.0145,0.0175,0.0000,0.0087
SJC,to,566,11,0.0032,0.0059,0.0008,0.0028,0.0018,0.0000,0.0006,0.0000
SJC,to,567,11,0.0509,0.0573,0.1750,0.1157,0.0907,0.0684,0.1994,0.1485
SJC,to,568,11,0.0101,0.0084,0.0033,0.0067,0.0126,0.0111,0.0012,0.0000
SJC,to,569,11,0.0051,0.0044,0.0010,0.0028,0.0037,0.0048,0.0000,0.0000
SJC,to,570,11,0.0062,0.0054,0.0012,0.0034,0.0046,0.0064,0.0000,0.0000
SJC,to,571,11,0.0162,0.0140,0.0032,0.0090,0.0120,0.0159,0.0000,0.0087
SJC,to,572,11,0.0215,0.0187,0.0043,0.0119,0.0157,0.0191,0.0000,0.0087
SJC,to,573,11,0.0274,0.0269,0.0057,0.0162,0.0206,0.0238,0.0018,0.0087
SJC,to,574,11,0.0022,0.0020,0.0005,0.0012,0.0012,0.0000,0.0000,0.0000
SJC,to,575,11,0.0276,0.0241,0.0055,0.0152,0.0206,0.0238,0.0000,0.0087
SJC,to,576,11,0.0244,0.0212,0.0049,0.0134,0.0178,0.0223,0.0000,0.0087
SJC,to,577,11,0.0160,0.0139,0.0032,0.0088,0.0120,0.0159,0.0000,0.0044
SJC,to,578,11,0.0165,0.0145,0.0033,0.0091,0.0123,0.0159,0.0000,0.0087
SJC,to,579,11,0.0014,0.0012,0.0002,0.0008,0.0006,0.0000,0.0000,0.0000
SJC,to,580,11,0.0023,0.0020,0.0005,0.0013,0.0012,0.0000,0.0000,0.0000
SJC,to,581,12,0.0046,0.0037,0.0018,0.0036,0.0033,0.0000,0.0000,0.0000
SJC,to,582,12,0.0016,0.0013,0.0006,0.0008,0.0000,0.0000,0.0000,0.0000
SJC,to,583,12,0.0177,0.0212,0.0093,0.0174,0.0163,0.0212,0.0057,0.0000
SJC,to,584,12,0.0073,0.0063,0.0027,0.0057,0.0054,0.0000,0.0000,0.0000
SJC,to,585,12,0.0141,0.0111,0.0144,0.0127,0.0141,0.0159,0.0114,0.0000
SJC,to,586,12,0.0141,0.0111,0.0144,0.0127,0.0141,0.0159,0.0114,0.0000
SJC,to,587,12,0.0052,0.0036,0.0134,0.0062,0.0054,0.0000,0.0114,0.0000
SJC,to,588,12,0.0116,0.0099,0.0049,0.0089,0.0120,0.0106,0.0000,0.0000
SJC,to,589,12,0.0092,0.0079,0.0039,0.0074,0.0076,0.0106,0.0000,0.0000
SJC,to,590,12,0.0066,0.0055,0.0025,0.0053,0.0054,0.0000,0.0000,0.0000
SJC,to,591,12,0.0020,0.0016,0.0006,0.0015,0.0000,0.0000,0.0000,0.0000
SJC,to,592,12,0.0010,0.0007,0.0000,0.0004,0.0000,0.0000,0.0000,0.0000
SJC,to,593,12,0.0115,0.0280,0.0093,0.0185,0.0109,0.0000,0.0229,0.0870
SJC,to,594,12,0.0079,0.0065,0.0035,0.0062,0.0054,0.0053,0.0000,0.0000
SJC,to,595,12,0.0052,0.0105,0.0037,0.0074,0.0033,0.0000,0.0000,0.0000
SJC,to,596,12,0.0036,0.0025,0.0095,0.0045,0.0033,0.0000,0.0114,0.0000
SJC,to,597,12,0.0019,0.0011,0.0088,0.0032,0.0022,0.0000,0.0114,0.0000
SJC,to,598,12,0.0220,0.0180,0.0167,0.0187,0.0217,0.0212,0.0114,0.0000
SJC,to,599,12,0.0117,0.0100,0.0049,0.0093,0.0130,0.0106,0.0000,0.0000
SJC,to,600,12,0.0145,0.0121,0.0064,0.0117,0.0141,0.0159,0.0000,0.0000
SJC,to,601,12,0.0255,0.0217,0.0111,0.0204,0.0228,0.0265,0.0000,0.0000
SJC,to,602,12,0.0005,0.0001,0.0000,0.0000,0.0000,0.0000,0.0000,0.0000
SJC,to,603,12,0.0223,0.0553,0.0265,0.0382,0.0217,0.0106,0.0629,0.1304
SJC,to,604,12,0.0025,0.0003,0.0282,0.0074,0.0043,0.0000,0.0400,0.0000
SJC,to,605,12,0.0691,0.0962,0.2199,0.1174,0.0924,0.0741,0.3200,0.3913
SJC,to,606,12,0.0122,0.0095,0.0216,0.0127,0.0141,0.0159,0.0229,0.0000
SJC,to,607,12,0.0088,0.0063,0.0222,0.0115,0.0141,0.0106,0.0229,0.0000
SJC,to,608,12,0.0096,0.0197,0.0150,0.0157,0.0087,0.0000,0.0343,0.0435
SJC,to,609,12,0.0389,0.0449,0.1243,0.0626,0.0533,0.0476,0.1714,0.1739
SJC,to,610,12,0.0043,0.0036,0.0018,0.0034,0.0033,0.0000,0.0000,0.0000
SJC,to,611,12,0.0212,0.0260,0.0465,0.0291,0.0228,0.0212,0.0629,0.0870
SJC,to,612,12,0.0199,0.0264,0.0216,0.0236,0.0217,0.0212,0.0343,0.0435
SJC,to,613,12,0.0107,0.0081,0.0208,0.0121,0.0130,0.0106,0.0229,0.0000
SJC,to,614,12,0.0146,0.0121,0.0064,0.0117,0.0141,0.0159,0.0000,0.0000
SJC,to,615,12,0.0158,0.0132,0.0066,0.0125,0.0152,0.0212,0.0000,0.0000
SJC,to,616,12,0.0107,0.0093,0.0049,0.0089,0.0109,0.0106,0.0000,0.0000
SJC,to,617,12,0.0057,0.0045,0.0105,0.0062,0.0054,0.0000,0.0114,0.0000
SJC,to,618,12,0.0084,0.0069,0.0037,0.0066,0.0054,0.0053,0.0000,0.0000
SJC,to,619,12,0.0211,0.0239,0.0105,0.0199,0.0207,0.0212,0.0057,0.0000
SJC,to,620,12,0.0123,0.0095,0.0216,0.0127,0.0141,0.0159,0.0229,0.0000
SJC,to,621,12,0.0099,0.0085,0.0041,0.0081,0.0087,0.0106,0.0000,0.0000
SJC,to,622,12,0.0162,0.0135,0.0066,0.0127,0.0152,0.0212,0.0000,0.0000
SJC,to,623,12,0.0180,0.0151,0.0076,0.0142,0.0163,0.0212,0.0000,0.0000
SJC,to,624,12,0.0097,0.0081,0.0039,0.0074,0.0087,0.0106,0.0000,0.0000
SJC,to,625,12,0.0148,0.0123,0.0064,0.0119,0.0141,0.0159,0.0000,0.0000
SJC,to,626,12,0.0139,0.0116,0.0060,0.0115,0.0130,0.0159,0.0000,0.0000
SJC,to,627,12,0.0142,0.0121,0.0060,0.0115,0.0141,0.0159,0.0000,0.0000
SJC,to,628,12,0.0185,0.0216,0.0171,0.0191,0.0185,0.0212,0.0229,0.0000
SJC,to,629,12,0.0129,0.0108,0.0056,0.0100,0.0130,0.0159,0.0000,0.0000
SJC,to,630,12,0.0095,0.0080,0.0041,0.0074,0.0087,0.0106,0.0000,0.0000
SJC,to,631,12,0.0147,0.0121,0.0064,0.0117,0.0141,0.0159,0.0000,0.0000
SJC,to,632,12,0.0110,0.0095,0.0049,0.0089,0.0109,0.0106,0.0000,0.0000
SJC,to,633,12,0.0083,0.0068,0.0035,0.0062,0.0054,0.0053,0.0000,0.0000
SJC,to,634,12,0.0013,0.0011,0.0004,0.0006,0.0000,0.0000,0.0000,0.0000
SJC,to,635,12,0.0036,0.0029,0.0016,0.0028,0.0022,0.0000,0.0000,0.0000
SJC,to,636,12,0.0037,0.0029,0.0016,0.0028,0.0022,0.0000,0.0000,0.0000
SJC,to,637,12,0.0179,0.0149,0.0076,0.0142,0.0163,0.0212,0.0000,0.0000
SJC,to,638,12,0.0176,0.0211,0.0091,0.0168,0.0163,0.0212,0.0057,0.0000
SJC,to,639,12,0.0096,0.0081,0.0039,0.0074,0.0087,0.0106,0.0000,0.0000
SJC,to,640,12,0.0055,0.0045,0.0018,0.0040,0.0033,0.0000,0.0000,0.0000
SJC,to,641,12,0.0096,0.0077,0.0121,0.0093,0.0109,0.0106,0.0114,0.0000
SJC,to,642,12,0.0112,0.0092,0.0132,0.0106,0.0130,0.0106,0.0114,0.0000
SJC,to,643,12,0.0117,0.0099,0.0049,0.0091,0.0130,0.0106,0.0000,0.0000
SJC,to,644,12,0.0182,0.0152,0.0076,0.0144,0.0163,0.0212,0.0000,0.0000
SJC,to,645,12,0.0139,0.0116,0.0060,0.0115,0.0130,0.0159,0.0000,0.0000
SJC,to,646,12,0.0117,0.0099,0.0049,0.0091,0.0130,0.0106,0.0000,0.0000
SJC,to,647,12,0.0158,0.0132,0.0066,0.0125,0.0152,0.0212,0.0000,0.0000
SJC,to,648,12,0.0117,0.0099,0.0049,0.0091,0.0130,0.0106,0.0000,0.0000
SJC,to,649,12,0.0158,0.0195,0.0082,0.0157,0.0141,0.0159,0.0057,0.0000
SJC,to,650,12,0.0184,0.0153,0.0076,0.0149,0.0163,0.0212,0.0000,0.0000
SJC,to,651,12,0.0157,0.0132,0.0066,0.0129,0.0141,0.0212,0.0000,0.0000
SJC,to,652,12,0.0133,0.0111,0.0056,0.0104,0.0130,0.0159,0.0000,0.0000
SJC,to,653,12,0.0283,0.0236,0.0121,0.0223,0.0261,0.0370,0.0000,0.0000
SJC,to,654,12,0.0261,0.0220,0.0111,0.0206,0.0228,0.0317,0.0000,0.0000
SJC,to,655,12,0.0406,0.0334,0.0255,0.0337,0.0402,0.0476,0.0114,0.0435
SJC,to,656,13,0.0435,0.0436,0.0693,0.0480,0.0456,0.0418,0.1006,0.0727
SJC,to,657,13,0.0360,0.0352,0.0467,0.0376,0.0370,0.0366,0.0566,0.0364
SJC,to,658,13,0.0206,0.0192,0.0119,0.0182,0.0210,0.0209,0.0000,0.0000
SJC,to,659,13,0.0111,0.0102,0.0061,0.0100,0.0105,0.0104,0.0000,0.0000
SJC,to,660,13,0.0173,0.0127,0.0830,0.0267,0.0277,0.0209,0.1258,0.0364
SJC,to,661,13,0.0360,0.0334,0.0858,0.0430,0.0413,0.0366,0.1258,0.0727
SJC,to,662,13,0.0226,0.0210,0.0128,0.0202,0.0222,0.0235,0.0000,0.0182
SJC,to,663,13,0.0175,0.0163,0.0099,0.0159,0.0160,0.0183,0.0000,0.0000
SJC,to,664,13,0.0330,0.0409,0.0226,0.0347,0.0314,0.0313,0.0314,0.0364
SJC,to,665,13,0.0302,0.0309,0.0185,0.0284,0.0290,0.0287,0.0063,0.0364
SJC,to,666,13,0.0049,0.0046,0.0024,0.0043,0.0037,0.0052,0.0000,0.0000
SJC,to,667,13,0.0110,0.0097,0.0192,0.0116,0.0117,0.0104,0.0252,0.0000
SJC,to,668,13,0.0287,0.0254,0.0417,0.0292,0.0302,0.0287,0.0440,0.0364
SJC,to,669,13,0.0087,0.0103,0.0192,0.0112,0.0092,0.0078,0.0314,0.0000
SJC,to,670,13,0.0386,0.0461,0.0394,0.0421,0.0370,0.0366,0.0566,0.0545
SJC,to,671,13,0.0167,0.0155,0.0093,0.0151,0.0154,0.0183,0.0000,0.0000
SJC,to,672,13,0.0202,0.0188,0.0116,0.0179,0.0210,0.0183,0.0000,0.0000
SJC,to,673,13,0.0143,0.0133,0.0081,0.0128,0.0123,0.0131,0.0000,0.0000
SJC,to,674,13,0.0292,0.0299,0.0176,0.0275,0.0277,0.0287,0.0063,0.0364
SJC,to,675,13,0.0242,0.0224,0.0135,0.0215,0.0240,0.0261,0.0000,0.0182
SJC,to,676,13,0.0327,0.0446,0.0246,0.0367,0.0314,0.0287,0.0440,0.0545
SJC,to,677,13,0.0097,0.0090,0.0057,0.0088,0.0092,0.0104,0.0000,0.0000
SJC,to,678,13,0.0206,0.0196,0.0641,0.0275,0.0247,0.0235,0.1069,0.0364
SJC,to,679,13,0.0144,0.0134,0.0083,0.0129,0.0123,0.0131,0.0000,0.0000
SJC,to,680,13,0.0326,0.0332,0.0194,0.0307,0.0314,0.0313,0.0063,0.0364
SJC,to,681,13,0.0179,0.0248,0.0270,0.0223,0.0179,0.0183,0.0440,0.0364
SJC,to,682,13,0.0283,0.0321,0.0185,0.0283,0.0265,0.0287,0.0189,0.0364
SJC,to,683,13,0.0181,0.0168,0.0100,0.0163,0.0179,0.0183,0.0000,0.0000
SJC,to,684,13,0.0315,0.0291,0.0178,0.0283,0.0302,0.0313,0.0000,0.0364
SJC,to,685,13,0.0162,0.0152,0.0092,0.0143,0.0154,0.0183,0.0000,0.0000
SJC,to,686,13,0.0143,0.0156,0.0221,0.0163,0.0136,0.0131,0.0377,0.0182
SJC,to,687,13,0.0084,0.0077,0.0047,0.0077,0.0080,0.0104,0.0000,0.0000
SJC,to,688,13,0.0329,0.0306,0.0187,0.0294,0.0314,0.0313,0.0000,0.0364
SJC,to,689,13,0.0311,0.0318,0.0187,0.0292,0.0302,0.0313,0.0063,0.0364
SJC,to,690,13,0.0365,0.0338,0.0206,0.0328,0.0351,0.0366,0.0000,0.0364
SJC,to,691,13,0.0208,0.0193,0.0119,0.0185,0.0210,0.0209,0.0000,0.0000
SJC,to,692,13,0.0170,0.0148,0.0351,0.0190,0.0191,0.0183,0.0440,0.0182
SJC,to,693,13,0.0239,0.0252,0.0145,0.0230,0.0228,0.0235,0.0063,0.0364
SJC,to,694,13,0.0364,0.0366,0.0216,0.0340,0.0351,0.0366,0.0063,0.0364
SJC,to,695,13,0.0555,0.0511,0.0444,0.0517,0.0555,0.0574,0.0314,0.0545
SJC,to,696,13,0.0368,0.0364,0.0346,0.0365,0.0370,0.0366,0.0377,0.0364
SJC,to,697,14,0.0375,0.0322,0.0117,0.0243,0.0286,0.0378,0.0000,0.0000
SJC,to,698,14,0.0830,0.0712,0.0255,0.0539,0.0686,0.0757,0.0000,0.0377
SJC,to,699,14,0.0670,0.0526,0.0626,0.0597,0.0652,0.0649,0.0550,0.0566
SJC,to,700,14,0.1140,0.0814,0.3529,0.2045,0.1751,0.1405,0.4207,0.2642
SJC,to,701,14,0.0727,0.0624,0.0226,0.0471,0.0595,0.0649,0.0000,0.0377
SJC,to,702,14,0.0736,0.0775,0.0662,0.0718,0.0686,0.0757,0.0647,0.0755
SJC,to,703,14,0.0471,0.0403,0.0146,0.0308,0.0400,0.0486,0.0000,0.0189
SJC,to,704,14,0.0506,0.0622,0.0168,0.0403,0.0423,0.0486,0.0129,0.0377
SJC,to,705,14,0.0687,0.0593,0.0214,0.0443,0.0561,0.0649,0.0000,0.0377
SJC,to,706,14,0.0480,0.0570,0.1645,0.1017,0.0778,0.0595,0.2039,0.1321
SJC,to,707,14,0.0297,0.0541,0.0533,0.0490,0.0389,0.0270,0.0744,0.0566
SJC,to,708,14,0.0377,0.0278,0.0536,0.0408,0.0423,0.0378,0.0550,0.0377
SJC,to,709,14,0.0376,0.0512,0.0131,0.0315,0.0297,0.0378,0.0129,0.0377
SJC,to,710,14,0.0147,0.0125,0.0045,0.0098,0.0137,0.0108,0.0000,0.0000
SJC,to,711,14,0.0886,0.0948,0.0286,0.0658,0.0698,0.0811,0.0129,0.0566
SJC,to,712,14,0.0363,0.0313,0.0111,0.0231,0.0286,0.0378,0.0000,0.0000
SJC,to,713,14,0.0649,0.0747,0.0214,0.0497,0.0538,0.0595,0.0129,0.0377
SJC,to,714,14,0.0281,0.0574,0.0555,0.0520,0.0412,0.0270,0.0744,0.0755
SJC,to,715,15,0.0333,0.0381,0.0226,0.0306,0.0276,0.0278,0.0169,0.0000
SJC,to,716,15,0.0102,0.0090,0.0092,0.0080,0.0039,0.0000,0.0000,0.0000
SJC,to,717,15,0.0167,0.0164,0.0035,0.0095,0.0118,0.0000,0.0000,0.0000
SJC,to,718,15,0.0526,0.0642,0.0344,0.0459,0.0512,0.0833,0.0339,0.0000
SJC,to,719,15,0.0295,0.0351,0.0220,0.0277,0.0197,0.0000,0.0169,0.0000
SJC,to,720,15,0.0174,0.0217,0.0038,0.0124,0.0118,0.0000,0.0000,0.0000
SJC,to,721,15,0.0275,0.0306,0.0064,0.0182,0.0157,0.0000,0.0000,0.0000
SJC,to,722,15,0.0240,0.0254,0.0057,0.0138,0.0157,0.0000,0.0000,0.0000
SJC,to,723,15,0.0174,0.0179,0.0038,0.0102,0.0118,0.0000,0.0000,0.0000
SJC,to,724,15,0.0234,0.0254,0.0057,0.0138,0.0157,0.0000,0.0000,0.0000
SJC,to,725,15,0.0128,0.0112,0.0029,0.0080,0.0039,0.0000,0.0000,0.0000
SJC,to,726,15,0.0335,0.0344,0.0080,0.0197,0.0197,0.0278,0.0000,0.0000
SJC,to,727,15,0.0102,0.0097,0.0025,0.0058,0.0000,0.0000,0.0000,0.0000
SJC,to,728,15,0.0298,0.0269,0.0182,0.0226,0.0197,0.0278,0.0085,0.0000
SJC,to,729,15,0.0189,0.0090,0.0605,0.0394,0.0315,0.0000,0.0763,0.0000
SJC,to,730,15,0.0728,0.0642,0.0742,0.0707,0.0787,0.1111,0.0763,0.1429
SJC,to,731,15,0.0191,0.0194,0.0038,0.0117,0.0118,0.0000,0.0000,0.0000
SJC,to,732,15,0.0351,0.0478,0.0220,0.0313,0.0315,0.0278,0.0169,0.0000
SJC,to,733,15,0.0354,0.0269,0.0573,0.0437,0.0472,0.0556,0.0593,0.0000
SJC,to,734,15,0.0427,0.0433,0.0175,0.0306,0.0394,0.0556,0.0000,0.0000
SJC,to,735,15,0.0477,0.0672,0.1111,0.0875,0.0748,0.0833,0.1441,0.2857
SJC,to,736,15,0.0517,0.0478,0.0481,0.0488,0.0551,0.0833,0.0508,0.0000
SJC,to,737,15,0.0364,0.0306,0.0812,0.0576,0.0591,0.0556,0.0932,0.1429
SJC,to,738,15,0.0326,0.0336,0.0080,0.0197,0.0197,0.0278,0.0000,0.0000
SJC,to,739,15,0.0222,0.0142,0.0768,0.0488,0.0472,0.0278,0.0932,0.0000
SJC,to,740,15,0.0167,0.0164,0.0035,0.0095,0.0118,0.0000,0.0000,0.0000
SJC,to,741,15,0.0245,0.0254,0.0057,0.0138,0.0157,0.0000,0.0000,0.0000
SJC,to,742,15,0.0818,0.0590,0.2248,0.1501,0.1457,0.1944,0.2712,0.4286
SJC,to,743,15,0.0459,0.0485,0.0392,0.0430,0.0472,0.0556,0.0424,0.0000
SJC,to,744,15,0.0178,0.0179,0.0038,0.0102,0.0118,0.0000,0.0000,0.0000
SJC,to,745,15,0.0192,0.0194,0.0038,0.0117,0.0118,0.0000,0.0000,0.0000
SJC,to,746,15,0.0414,0.0433,0.0099,0.0255,0.0315,0.0556,0.0000,0.0000
SJC,to,747,16,0.0171,0.0162,0.0061,0.0132,0.0154,0.0166,0.0000,0.0000
SJC,to,748,16,0.0150,0.0141,0.0053,0.0115,0.0142,0.0166,0.0000,0.0000
SJC,to,749,16,0.0145,0.0139,0.0053,0.0107,0.0142,0.0166,0.0000,0.0000
SJC,to,750,16,0.0038,0.0068,0.0188,0.0105,0.0047,0.0000,0.0288,0.0000
SJC,to,751,16,0.0168,0.0139,0.1326,0.0561,0.0426,0.0221,0.1875,0.1739
SJC,to,752,16,0.0028,0.0019,0.0086,0.0042,0.0024,0.0000,0.0096,0.0000
SJC,to,753,16,0.0205,0.0193,0.0077,0.0150,0.0177,0.0221,0.0000,0.0000
SJC,to,754,16,0.0186,0.0173,0.0067,0.0142,0.0154,0.0221,0.0000,0.0000
SJC,to,755,16,0.0383,0.0351,0.0288,0.0337,0.0402,0.0387,0.0288,0.0435
SJC,to,756,16,0.0220,0.0207,0.0081,0.0167,0.0177,0.0221,0.0000,0.0000
SJC,to,757,16,0.0075,0.0068,0.0029,0.0057,0.0047,0.0000,0.0000,0.0000
SJC,to,758,16,0.0147,0.0141,0.0053,0.0112,0.0142,0.0166,0.0000,0.0000
SJC,to,759,16,0.0196,0.0184,0.0070,0.0147,0.0165,0.0221,0.0000,0.0000
SJC,to,760,16,0.0149,0.0135,0.0129,0.0137,0.0142,0.0166,0.0096,0.0000
SJC,to,761,16,0.0188,0.0180,0.0069,0.0145,0.0165,0.0221,0.0000,0.0000
SJC,to,762,16,0.0078,0.0073,0.0029,0.0060,0.0047,0.0000,0.0000,0.0000
SJC,to,763,16,0.0140,0.0133,0.0053,0.0105,0.0142,0.0110,0.0000,0.0000
SJC,to,764,16,0.0187,0.0175,0.0069,0.0142,0.0154,0.0221,0.0000,0.0000
SJC,to,765,16,0.0111,0.0186,0.0050,0.0117,0.0083,0.0055,0.0000,0.0000
SJC,to,766,16,0.0086,0.0073,0.0107,0.0087,0.0071,0.0055,0.0096,0.0000
SJC,to,767,16,0.0420,0.0361,0.1474,0.0766,0.0650,0.0552,0.1971,0.2174
SJC,to,768,16,0.0261,0.0207,0.0489,0.0324,0.0366,0.0331,0.0577,0.0870
SJC,to,769,16,0.0435,0.0580,0.0179,0.0399,0.0402,0.0387,0.0192,0.0870
SJC,to,770,16,0.0160,0.0150,0.0059,0.0122,0.0142,0.0166,0.0000,0.0000
SJC,to,771,16,0.0252,0.0210,0.0387,0.0284,0.0260,0.0276,0.0481,0.0435
SJC,to,772,16,0.0107,0.0086,0.0208,0.0135,0.0142,0.0110,0.0288,0.0000
SJC,to,773,16,0.0176,0.0240,0.0166,0.0192,0.0165,0.0166,0.0192,0.0000
SJC,to,774,16,0.0123,0.0118,0.0046,0.0095,0.0095,0.0110,0.0000,0.0000
SJC,to,775,16,0.0231,0.0218,0.0085,0.0177,0.0189,0.0221,0.0000,0.0000
SJC,to,776,16,0.0186,0.0171,0.0137,0.0165,0.0177,0.0221,0.0096,0.0000
SJC,to,777,16,0.0183,0.0314,0.0366,0.0299,0.0225,0.0166,0.0529,0.0870
SJC,to,778,16,0.0412,0.0545,0.0270,0.0409,0.0402,0.0387,0.0337,0.0870
SJC,to,779,16,0.0182,0.0171,0.0067,0.0140,0.0154,0.0221,0.0000,0.0000
SJC,to,780,16,0.0181,0.0242,0.0171,0.0205,0.0177,0.0166,0.0192,0.0000
SJC,to,781,16,0.0142,0.0137,0.0053,0.0105,0.0142,0.0110,0.0000,0.0000
SJC,to,782,16,0.0199,0.0190,0.0070,0.0150,0.0177,0.0221,0.0000,0.0000
SJC,to,783,16,0.0092,0.0088,0.0032,0.0067,0.0059,0.0055,0.0000,0.0000
SJC,to,784,16,0.0184,0.0163,0.0169,0.0172,0.0177,0.0221,0.0192,0.0000
SJC,to,785,16,0.0153,0.0139,0.0150,0.0147,0.0154,0.0166,0.0144,0.0000
SJC,to,786,16,0.0111,0.0107,0.0040,0.0080,0.0083,0.0110,0.0000,0.0000
SJC,to,787,16,0.0191,0.0180,0.0070,0.0147,0.0165,0.0221,0.0000,0.0000
SJC,to,788,16,0.0200,0.0240,0.0077,0.0177,0.0177,0.0221,0.0000,0.0000
SJC,to,789,16,0.0170,0.0162,0.0061,0.0132,0.0154,0.0166,0.0000,0.0000
SJC,to,790,16,0.0188,0.0180,0.0069,0.0145,0.0165,0.0221,0.0000,0.0000
SJC,to,791,16,0.0114,0.0111,0.0040,0.0087,0.0095,0.0110,0.0000,0.0000
SJC,to,792,16,0.0129,0.0122,0.0046,0.0102,0.0118,0.0110,0.0000,0.0000
SJC,to,793,16,0.0112,0.0109,0.0040,0.0080,0.0083,0.0110,0.0000,0.0000
SJC,to,794,16,0.0138,0.0133,0.0053,0.0105,0.0130,0.0110,0.0000,0.0000
SJC,to,795,16,0.0067,0.0064,0.0021,0.0047,0.0047,0.0000,0.0000,0.0000
SJC,to,796,16,0.0374,0.0240,0.1350,0.0656,0.0579,0.0497,0.1779,0.1739
SJC,to,797,16,0.0176,0.0162,0.0137,0.0155,0.0165,0.0221,0.0096,0.0000
SJC,to,798,16,0.0081,0.0068,0.0101,0.0080,0.0059,0.0000,0.0096,0.0000
SJC,to,799,16,0.0173,0.0163,0.0062,0.0135,0.0154,0.0166,0.0000,0.0000
SJC,to,800,16,0.0183,0.0257,0.0077,0.0177,0.0154,0.0166,0.0000,0.0000
SJC,to,801,16,0.0254,0.0237,0.0168,0.0210,0.0236,0.0221,0.0096,0.0000
SJC,to,802,16,0.0129,0.0122,0.0046,0.0102,0.0118,0.0110,0.0000,0.0000
SJC,to,803,16,0.0079,0.0073,0.0029,0.0060,0.0059,0.0000,0.0000,0.0000
SJC,to,804,17,0.0133,0.0134,0.0045,0.0104,0.0000,0.0000,0.0000,0.0000
SJC,to,805,17,0.0293,0.0305,0.0068,0.0269,0.0571,0.0000,0.0000,0.0000
SJC,to,806,17,0.0296,0.0329,0.0703,0.0393,0.0857,0.0000,0.0000,0.0000
SJC,to,807,17,0.0133,0.0146,0.0045,0.0104,0.0000,0.0000,0.0000,0.0000
SJC,to,808,17,0.0129,0.0134,0.0000,0.0104,0.0000,0.0000,0.0000,0.0000
SJC,to,809,17,0.0080,0.0037,0.0249,0.0083,0.0000,0.0000,0.0000,0.0000
SJC,to,810,17,0.0534,0.0901,0.0907,0.0870,0.1429,0.0000,0.3333,0.0000
SJC,to,811,17,0.0281,0.0414,0.0431,0.0393,0.0571,0.0000,0.0000,0.0000
SJC,to,812,17,0.0109,0.0097,0.0181,0.0104,0.0000,0.0000,0.0000,0.0000
SJC,to,813,17,0.0094,0.0073,0.0000,0.0041,0.0000,0.0000,0.0000,0.0000
SJC,to,814,17,0.0109,0.0110,0.0000,0.0062,0.0000,0.0000,0.0000,0.0000
SJC,to,815,17,0.0016,0.0000,0.0000,0.0000,0.0000,0.0000,0.0000,0.0000
SJC,to,816,17,0.0066,0.0037,0.0000,0.0041,0.0000,0.0000,0.0000,0.0000
SJC,to,817,17,0.0033,0.0012,0.0000,0.0000,0.0000,0.0000,0.0000,0.0000
SJC,to,818,17,0.0140,0.0146,0.0045,0.0104,0.0000,0.0000,0.0000,0.0000
SJC,to,819,17,0.0035,0.0024,0.0000,0.0000,0.0000,0.0000,0.0000,0.0000
SJC,to,820,17,0.0605,0.0597,0.0408,0.0600,0.1429,1.0000,0.0000,0.0000
SJC,to,821,17,0.0293,0.0329,0.0113,0.0311,0.0571,0.0000,0.0000,0.0000
SJC,to,822,17,0.0176,0.0158,0.0068,0.0166,0.0000,0.0000,0.0000,0.0000
SJC,to,823,17,0.0183,0.0158,0.0068,0.0186,0.0000,0.0000,0.0000,0.0000
SJC,to,824,17,0.0094,0.0037,0.0567,0.0166,0.0000,0.0000,0.0000,0.0000
SJC,to,825,17,0.0101,0.0097,0.0000,0.0062,0.0000,0.0000,0.0000,0.0000
SJC,to,826,17,0.0014,0.0000,0.0000,0.0000,0.0000,0.0000,0.0000,0.0000
SJC,to,827,17,0.0068,0.0049,0.0000,0.0041,0.0000,0.0000,0.0000,0.0000
SJC,to,828,17,0.0119,0.0122,0.0000,0.0083,0.0000,0.0000,0.0000,0.0000
SJC,to,829,17,0.0068,0.0037,0.0431,0.0104,0.0000,0.0000,0.0000,0.0000
SJC,to,830,17,0.0094,0.0073,0.0000,0.0041,0.0000,0.0000,0.0000,0.0000
SJC,to,831,17,0.0016,0.0000,0.0000,0.0000,0.0000,0.0000,0.0000,0.0000
SJC,to,832,17,0.0068,0.0049,0.0000,0.0041,0.0000,0.0000,0.0000,0.0000
SJC,to,833,17,0.0123,0.0134,0.0000,0.0083,0.0000,0.0000,0.0000,0.0000
SJC,to,834,17,0.0158,0.0146,0.0045,0.0145,0.0000,0.0000,0.0000,0.0000
SJC,to,835,17,0.0142,0.0146,0.0045,0.0104,0.0000,0.0000,0.0000,0.0000
SJC,to,836,17,0.0066,0.0037,0.0000,0.0041,0.0000,0.0000,0.0000,0.0000
SJC,to,837,17,0.0035,0.0024,0.0000,0.0000,0.0000,0.0000,0.0000,0.0000
SJC,to,838,17,0.0012,0.0000,0.0000,0.0000,0.0000,0.0000,0.0000,0.0000
SJC,to,839,17,0.0018,0.0000,0.0113,0.0000,0.0000,0.0000,0.0000,0.0000
SJC,to,840,17,0.0158,0.0146,0.0181,0.0166,0.0000,0.0000,0.0000,0.0000
SJC,to,841,17,0.0129,0.0134,0.0000,0.0104,0.0000,0.0000,0.0000,0.0000
SJC,to,842,17,0.0101,0.0097,0.0000,0.0041,0.0000,0.0000,0.0000,0.0000
SJC,to,843,17,0.0176,0.0158,0.0068,0.0166,0.0000,0.0000,0.0000,0.0000
SJC,to,844,17,0.0521,0.0524,0.0317,0.0538,0.1429,0.0000,0.0000,0.0000
SJC,to,845,17,0.0394,0.0414,0.0136,0.0393,0.0857,0.0000,0.0000,0.0000
SJC,to,846,17,0.0174,0.0158,0.0068,0.0166,0.0000,0.0000,0.0000,0.0000
SJC,to,847,17,0.0031,0.0012,0.0000,0.0000,0.0000,0.0000,0.0000,0.0000
SJC,to,848,17,0.0076,0.0061,0.0000,0.0041,0.0000,0.0000,0.0000,0.0000
SJC,to,849,17,0.0179,0.0158,0.0068,0.0166,0.0000,0.0000,0.0000,0.0000
SJC,to,850,17,0.0201,0.0171,0.0068,0.0186,0.0000,0.0000,0.0000,0.0000
SJC,to,851,17,0.0129,0.0134,0.0000,0.0104,0.0000,0.0000,0.0000,0.0000
SJC,to,852,17,0.0298,0.0317,0.0068,0.0269,0.0571,0.0000,0.0000,0.0000
SJC,to,853,17,0.0228,0.0207,0.0204,0.0228,0.0286,0.0000,0.0000,0.0000
SJC,to,854,17,0.0016,0.0000,0.0000,0.0000,0.0000,0.0000,0.0000,0.0000
SJC,to,855,17,0.0014,0.0000,0.0000,0.0000,0.0000,0.0000,0.0000,0.0000
SJC,to,856,17,0.0094,0.0073,0.0181,0.0083,0.0000,0.0000,0.0000,0.0000
SJC,to,857,17,0.0088,0.0049,0.0272,0.0104,0.0000,0.0000,0.0000,0.0000
SJC,to,858,17,0.0121,0.0073,0.0703,0.0228,0.0000,0.0000,0.0000,0.0000
SJC,to,859,17,0.0129,0.0134,0.0000,0.0104,0.0000,0.0000,0.0000,0.0000
SJC,to,860,17,0.0248,0.0244,0.0204,0.0248,0.0571,0.0000,0.0000,0.0000
SJC,to,861,17,0.0174,0.0158,0.0068,0.0166,0.0000,0.0000,0.0000,0.0000
SJC,to,862,17,0.0152,0.0268,0.0068,0.0228,0.0000,0.0000,0.0000,0.0000
SJC,to,863,17,0.0076,0.0061,0.0000,0.0041,0.0000,0.0000,0.0000,0.0000
SJC,to,864,17,0.0018,0.0000,0.0000,0.0000,0.0000,0.0000,0.0000,0.0000
SJC,to,865,17,0.0051,0.0037,0.0000,0.0021,0.0000,0.0000,0.0000,0.0000
SJC,to,866,17,0.0213,0.0268,0.0068,0.0228,0.0000,0.0000,0.0000,0.0000
SJC,to,867,17,0.0105,0.0110,0.0000,0.0062,0.0000,0.0000,0.0000,0.0000
SJC,to,868,17,0.0099,0.0097,0.0000,0.0041,0.0000,0.0000,0.0000,0.0000
SJC,to,869,17,0.0119,0.0122,0.0000,0.0083,0.0000,0.0000,0.0000,0.0000
SJC,to,870,17,0.0043,0.0037,0.0000,0.0000,0.0000,0.0000,0.0000,0.0000
SJC,to,871,17,0.0062,0.0000,0.0658,0.0166,0.0000,0.0000,0.0000,0.0000
SJC,to,872,17,0.0183,0.0158,0.0454,0.0228,0.0000,0.0000,0.0000,0.0000
SJC,to,873,17,0.0263,0.0329,0.1610,0.0559,0.0857,0.0000,0.6667,0.0000
SJC,to,874,18,0.0000,0.0000,0.0000,0.0000,0.0000,0.0000,0.0000,0.0000
SJC,to,875,18,0.1245,0.1724,0.5595,0.5317,1.0000,0.0000,0.8571,0.0000
SJC,to,876,18,0.0000,0.0000,0.0000,0.0000,0.0000,0.0000,0.0000,0.0000
SJC,to,877,18,0.0000,0.0000,0.0000,0.0000,0.0000,0.0000,0.0000,0.0000
SJC,to,878,18,0.0006,0.0000,0.0000,0.0000,0.0000,0.0000,0.0000,0.0000
SJC,to,879,18,0.0000,0.0000,0.0000,0.0000,0.0000,0.0000,0.0000,0.0000
SJC,to,880,18,0.0000,0.0000,0.0000,0.0000,0.0000,0.0000,0.0000,0.0000
SJC,to,881,18,0.0000,0.0000,0.0000,0.0000,0.0000,0.0000,0.0000,0.0000
SJC,to,882,18,0.0000,0.0000,0.0000,0.0000,0.0000,0.0000,0.0000,0.0000
SJC,to,883,18,0.0130,0.0000,0.0000,0.0000,0.0000,0.0000,0.0000,0.0000
SJC,to,884,18,0.0201,0.0230,0.0066,0.0079,0.0000,0.0000,0.0000,0.0000
SJC,to,885,18,0.0331,0.0345,0.0066,0.0159,0.0000,0.0000,0.0000,0.0000
SJC,to,886,18,0.0130,0.0000,0.0000,0.0000,0.0000,0.0000,0.0000,0.0000
SJC,to,887,18,0.0097,0.0000,0.0000,0.0000,0.0000,0.0000,0.0000,0.0000
SJC,to,888,18,0.0006,0.0000,0.0000,0.0000,0.0000,0.0000,0.0000,0.0000
SJC,to,889,18,0.0000,0.0000,0.0000,0.0000,0.0000,0.0000,0.0000,0.0000
SJC,to,890,18,0.0006,0.0000,0.0000,0.0000,0.0000,0.0000,0.0000,0.0000
SJC,to,891,18,0.0006,0.0000,0.0000,0.0000,0.0000,0.0000,0.0000,0.0000
SJC,to,892,18,0.0000,0.0000,0.0000,0.0000,0.0000,0.0000,0.0000,0.0000
SJC,to,893,18,0.0000,0.0000,0.0000,0.0000,0.0000,0.0000,0.0000,0.0000
SJC,to,894,18,0.0006,0.0000,0.0044,0.0000,0.0000,0.0000,0.0000,0.0000
SJC,to,895,18,0.0006,0.0000,0.0000,0.0000,0.0000,0.0000,0.0000,0.0000
SJC,to,896,18,0.0000,0.0000,0.0000,0.0000,0.0000,0.0000,0.0000,0.0000
SJC,to,897,18,0.0000,0.0000,0.0000,0.0000,0.0000,0.0000,0.0000,0.0000
SJC,to,898,18,0.0000,0.0000,0.0000,0.0000,0.0000,0.0000,0.0000,0.0000
SJC,to,899,18,0.0019,0.0000,0.0000,0.0000,0.0000,0.0000,0.0000,0.0000
SJC,to,900,18,0.0006,0.0000,0.0000,0.0000,0.0000,0.0000,0.0000,0.0000
SJC,to,901,18,0.0000,0.0000,0.0000,0.0000,0.0000,0.0000,0.0000,0.0000
SJC,to,902,18,0.0039,0.0000,0.0000,0.0000,0.0000,0.0000,0.0000,0.0000
SJC,to,903,18,0.0058,0.0000,0.0000,0.0000,0.0000,0.0000,0.0000,0.0000
SJC,to,904,18,0.0006,0.0000,0.0000,0.0000,0.0000,0.0000,0.0000,0.0000
SJC,to,905,18,0.0013,0.0000,0.0000,0.0000,0.0000,0.0000,0.0000,0.0000
SJC,to,906,18,0.0006,0.0000,0.0000,0.0000,0.0000,0.0000,0.0000,0.0000
SJC,to,907,18,0.0097,0.0000,0.0000,0.0000,0.0000,0.0000,0.0000,0.0000
SJC,to,908,18,0.0136,0.0000,0.0000,0.0000,0.0000,0.0000,0.0000,0.0000
SJC,to,909,18,0.0130,0.0000,0.0000,0.0000,0.0000,0.0000,0.0000,0.0000
SJC,to,910,18,0.0188,0.0230,0.0000,0.0000,0.0000,0.0000,0.0000,0.0000
SJC,to,911,18,0.0156,0.0230,0.0000,0.0000,0.0000,0.0000,0.0000,0.0000
SJC,to,912,18,0.0285,0.0345,0.0044,0.0079,0.0000,0.0000,0.0000,0.0000
SJC,to,913,18,0.0331,0.0345,0.0066,0.0159,0.0000,0.0000,0.0000,0.0000
SJC,to,914,18,0.0298,0.0345,0.0088,0.0159,0.0000,0.0000,0.0000,0.0000
SJC,to,915,18,0.0201,0.0230,0.0000,0.0000,0.0000,0.0000,0.0000,0.0000
SJC,to,916,18,0.0201,0.0345,0.0000,0.0000,0.0000,0.0000,0.0000,0.0000
SJC,to,917,18,0.0311,0.0345,0.0066,0.0159,0.0000,0.0000,0.0000,0.0000
SJC,to,918,18,0.0480,0.0690,0.0066,0.0238,0.0000,0.0000,0.0000,0.0000
SJC,to,919,18,0.0110,0.0000,0.0000,0.0000,0.0000,0.0000,0.0000,0.0000
SJC,to,920,18,0.0130,0.0000,0.0000,0.0000,0.0000,0.0000,0.0000,0.0000
SJC,to,921,18,0.0058,0.0000,0.0000,0.0000,0.0000,0.0000,0.0000,0.0000
SJC,to,922,18,0.0149,0.0000,0.0000,0.0000,0.0000,0.0000,0.0000,0.0000
SJC,to,923,18,0.0006,0.0000,0.0000,0.0000,0.0000,0.0000,0.0000,0.0000
SJC,to,924,18,0.0006,0.0000,0.0000,0.0000,0.0000,0.0000,0.0000,0.0000
SJC,to,925,18,0.0019,0.0000,0.0000,0.0000,0.0000,0.0000,0.0000,0.0000
SJC,to,926,18,0.0000,0.0000,0.0000,0.0000,0.0000,0.0000,0.0000,0.0000
SJC,to,927,18,0.0006,0.0000,0.0000,0.0000,0.0000,0.0000,0.0000,0.0000
SJC,to,928,18,0.0006,0.0000,0.0000,0.0000,0.0000,0.0000,0.0000,0.0000
SJC,to,929,18,0.0000,0.0000,0.0000,0.0000,0.0000,0.0000,0.0000,0.0000
SJC,to,930,18,0.0026,0.0000,0.0000,0.0000,0.0000,0.0000,0.0000,0.0000
SJC,to,931,18,0.0000,0.0000,0.0000,0.0000,0.0000,0.0000,0.0000,0.0000
SJC,to,932,18,0.0000,0.0000,0.0000,0.0000,0.0000,0.0000,0.0000,0.0000
SJC,to,933,18,0.0013,0.0000,0.0000,0.0000,0.0000,0.0000,0.0000,0.0000
SJC,to,934,18,0.0013,0.0000,0.0000,0.0000,0.0000,0.0000,0.0000,0.0000
SJC,to,935,18,0.0000,0.0000,0.0000,0.0000,0.0000,0.0000,0.0000,0.0000
SJC,to,936,18,0.0000,0.0000,0.0000,0.0000,0.0000,0.0000,0.0000,0.0000
SJC,to,937,18,0.0156,0.0230,0.0000,0.0000,0.0000,0.0000,0.0000,0.0000
SJC,to,938,18,0.0272,0.0345,0.0044,0.0079,0.0000,0.0000,0.0000,0.0000
SJC,to,939,18,0.0130,0.0000,0.0000,0.0000,0.0000,0.0000,0.0000,0.0000
SJC,to,940,18,0.0045,0.0000,0.0000,0.0000,0.0000,0.0000,0.0000,0.0000
SJC,to,941,18,0.0000,0.0000,0.0000,0.0000,0.0000,0.0000,0.0000,0.0000
SJC,to,942,18,0.0006,0.0000,0.0000,0.0000,0.0000,0.0000,0.0000,0.0000
SJC,to,943,18,0.0143,0.0000,0.0000,0.0000,0.0000,0.0000,0.0000,0.0000
SJC,to,944,18,0.0006,0.0000,0.0000,0.0000,0.0000,0.0000,0.0000,0.0000
SJC,to,945,18,0.0006,0.0000,0.0000,0.0000,0.0000,0.0000,0.0000,0.0000
SJC,to,946,18,0.0006,0.0000,0.0000,0.0000,0.0000,0.0000,0.0000,0.0000
SJC,to,947,18,0.0136,0.0000,0.0551,0.0397,0.0000,0.0000,0.0000,0.0000
SJC,to,948,18,0.0039,0.0000,0.0000,0.0000,0.0000,0.0000,0.0000,0.0000
SJC,to,949,18,0.0188,0.0230,0.0000,0.0000,0.0000,0.0000,0.0000,0.0000
SJC,to,950,18,0.0136,0.0000,0.0044,0.0000,0.0000,0.0000,0.0000,0.0000
SJC,to,951,18,0.0201,0.0230,0.0000,0.0000,0.0000,0.0000,0.0000,0.0000
SJC,to,952,18,0.0350,0.0690,0.0198,0.0317,0.0000,0.0000,0.0000,0.0000
SJC,to,953,18,0.0486,0.0690,0.0066,0.0238,0.0000,0.0000,0.0000,0.0000
SJC,to,954,18,0.0110,0.0000,0.0066,0.0000,0.0000,0.0000,0.0000,0.0000
SJC,to,955,18,0.0019,0.0000,0.0066,0.0000,0.0000,0.0000,0.0000,0.0000
SJC,to,956,18,0.0162,0.0115,0.0000,0.0000,0.0000,0.0000,0.0000,0.0000
SJC,to,957,18,0.0130,0.0000,0.0000,0.0000,0.0000,0.0000,0.0000,0.0000
SJC,to,958,18,0.0110,0.0000,0.0000,0.0000,0.0000,0.0000,0.0000,0.0000
SJC,to,959,18,0.0110,0.0000,0.0000,0.0000,0.0000,0.0000,0.0000,0.0000
SJC,to,960,18,0.0214,0.0345,0.0352,0.0317,0.0000,0.0000,0.0000,0.0000
SJC,to,961,18,0.0006,0.0000,0.0044,0.0000,0.0000,0.0000,0.0000,0.0000
SJC,to,962,18,0.0006,0.0000,0.0000,0.0000,0.0000,0.0000,0.0000,0.0000
SJC,to,963,18,0.0156,0.0115,0.0000,0.0000,0.0000,0.0000,0.0000,0.0000
SJC,to,964,18,0.0052,0.0000,0.0000,0.0000,0.0000,0.0000,0.0000,0.0000
SJC,to,965,18,0.0013,0.0000,0.0000,0.0000,0.0000,0.0000,0.0000,0.0000
SJC,to,966,18,0.0000,0.0000,0.0000,0.0000,0.0000,0.0000,0.0000,0.0000
SJC,to,967,18,0.0156,0.0000,0.0727,0.0635,0.0000,0.0000,0.0000,0.0000
SJC,to,968,18,0.0344,0.1264,0.0991,0.1190,0.0000,0.0000,0.1429,0.0000
SJC,to,969,18,0.0097,0.0345,0.0110,0.0159,0.0000,0.0000,0.0000,0.0000
SJC,to,970,18,0.0019,0.0000,0.0000,0.0000,0.0000,0.0000,0.0000,0.0000
SJC,to,971,18,0.0130,0.0000,0.0463,0.0317,0.0000,0.0000,0.0000,0.0000
SJC,to,972,18,0.0019,0.0000,0.0066,0.0000,0.0000,0.0000,0.0000,0.0000
SJC,to,973,18,0.0052,0.0000,0.0000,0.0000,0.0000,0.0000,0.0000,0.0000
SJC,to,974,18,0.0019,0.0000,0.0000,0.0000,0.0000,0.0000,0.0000,0.0000
SJC,to,975,18,0.0019,0.0000,0.0000,0.0000,0.0000,0.0000,0.0000,0.0000
SJC,to,976,18,0.0000,0.0000,0.0000,0.0000,0.0000,0.0000,0.0000,0.0000
SJC,to,977,18,0.0006,0.0000,0.0000,0.0000,0.0000,0.0000,0.0000,0.0000
SJC,to,978,18,0.0006,0.0000,0.0000,0.0000,0.0000,0.0000,0.0000,0.0000
SJC,to,979,18,0.0026,0.0000,0.0066,0.0000,0.0000,0.0000,0.0000,0.0000
SJC,to,980,18,0.0000,0.0000,0.0000,0.0000,0.0000,0.0000,0.0000,0.0000
SJC,to,981,18,0.0000,0.0000,0.0044,0.0000,0.0000,0.0000,0.0000,0.0000
SJC,to,982,18,0.0000,0.0000,0.0000,0.0000,0.0000,0.0000,0.0000,0.0000
SJC,to,983,18,0.0000,0.0000,0.0000,0.0000,0.0000,0.0000,0.0000,0.0000
SJC,to,984,18,0.0000,0.0000,0.0000,0.0000,0.0000,0.0000,0.0000,0.0000
SJC,to,985,18,0.0000,0.0000,0.0000,0.0000,0.0000,0.0000,0.0000,0.0000
SJC,to,986,18,0.0000,0.0000,0.0000,0.0000,0.0000,0.0000,0.0000,0.0000
SJC,to,987,18,0.0019,0.0000,0.0000,0.0000,0.0000,0.0000,0.0000,0.0000
SJC,to,988,18,0.0006,0.0000,0.0000,0.0000,0.0000,0.0000,0.0000,0.0000
SJC,to,989,18,0.0000,0.0000,0.0000,0.0000,0.0000,0.0000,0.0000,0.0000
SJC,to,990,18,0.0000,0.0000,0.0000,0.0000,0.0000,0.0000,0.0000,0.0000
SJC,to,991,19,0.0773,0.1356,0.2178,0.2411,0.3333,0.0000,0.2667,0.0000
SJC,to,992,19,0.0006,0.0000,0.0000,0.0000,0.0000,0.0000,0.0000,0.0000
SJC,to,993,19,0.0026,0.0000,0.0000,0.0000,0.0000,0.0000,0.0000,0.0000
SJC,to,994,19,0.0000,0.0000,0.0000,0.0000,0.0000,0.0000,0.0000,0.0000
SJC,to,995,19,0.0013,0.0000,0.0000,0.0000,0.0000,0.0000,0.0000,0.0000
SJC,to,996,19,0.0019,0.0000,0.0000,0.0000,0.0000,0.0000,0.0000,0.0000
SJC,to,997,19,0.0052,0.0000,0.0000,0.0000,0.0000,0.0000,0.0000,0.0000
SJC,to,998,19,0.0422,0.0508,0.0178,0.0179,0.0000,0.0000,0.0000,0.0000
SJC,to,999,19,0.0273,0.0339,0.0111,0.0089,0.0000,0.0000,0.0000,0.0000
SJC,to,1000,19,0.0318,0.0508,0.0067,0.0089,0.0000,0.0000,0.0000,0.0000
SJC,to,1001,19,0.0052,0.0000,0.0067,0.0000,0.0000,0.0000,0.0000,0.0000
SJC,to,1002,19,0.0039,0.0000,0.0000,0.0000,0.0000,0.0000,0.0000,0.0000
SJC,to,1003,19,0.0149,0.0000,0.0067,0.0000,0.0000,0.0000,0.0000,0.0000
SJC,to,1004,19,0.0676,0.0508,0.1200,0.1339,0.2222,0.0000,0.1333,0.0000
SJC,to,1005,19,0.0422,0.0508,0.0267,0.0357,0.0000,0.0000,0.0000,0.0000
SJC,to,1006,19,0.0377,0.0508,0.0067,0.0179,0.0000,0.0000,0.0000,0.0000
SJC,to,1007,19,0.0013,0.0000,0.0000,0.0000,0.0000,0.0000,0.0000,0.0000
SJC,to,1008,19,0.0520,0.0847,0.2244,0.2321,0.3333,0.0000,0.3333,0.0000
SJC,to,1009,19,0.0052,0.0000,0.0000,0.0000,0.0000,0.0000,0.0000,0.0000
SJC,to,1010,19,0.0240,0.0169,0.0111,0.0089,0.0000,0.0000,0.0000,0.0000
SJC,to,1011,19,0.0006,0.0000,0.0000,0.0000,0.0000,0.0000,0.0000,0.0000
SJC,to,1012,19,0.0039,0.0000,0.0000,0.0000,0.0000,0.0000,0.0000,0.0000
SJC,to,1013,19,0.0006,0.0000,0.0000,0.0000,0.0000,0.0000,0.0000,0.0000
SJC,to,1014,19,0.0299,0.0000,0.1533,0.1518,0.1111,0.0000,0.2667,0.0000
SJC,to,1015,19,0.0006,0.0000,0.0000,0.0000,0.0000,0.0000,0.0000,0.0000
SJC,to,1016,19,0.0013,0.0000,0.0000,0.0000,0.0000,0.0000,0.0000,0.0000
SJC,to,1017,19,0.0208,0.0169,0.0044,0.0000,0.0000,0.0000,0.0000,0.0000
SJC,to,1018,19,0.0136,0.0000,0.0556,0.0446,0.0000,0.0000,0.0000,0.0000
SJC,to,1019,19,0.0006,0.0000,0.0000,0.0000,0.0000,0.0000,0.0000,0.0000
SJC,to,1020,19,0.0045,0.0000,0.0067,0.0000,0.0000,0.0000,0.0000,0.0000
SJC,to,1021,19,0.0013,0.0000,0.0000,0.0000,0.0000,0.0000,0.0000,0.0000
SJC,to,1022,19,0.0149,0.0000,0.0000,0.0000,0.0000,0.0000,0.0000,0.0000
SJC,to,1023,19,0.0136,0.0000,0.0067,0.0000,0.0000,0.0000,0.0000,0.0000
SJC,to,1024,19,0.0019,0.0000,0.0067,0.0000,0.0000,0.0000,0.0000,0.0000
SJC,to,1025,19,0.0240,0.0339,0.0044,0.0000,0.0000,0.0000,0.0000,0.0000
SJC,to,1026,19,0.0208,0.0000,0.0178,0.0179,0.0000,0.0000,0.0000,0.0000
SJC,to,1027,19,0.0279,0.0339,0.0067,0.0000,0.0000,0.0000,0.0000,0.0000
SJC,to,1028,19,0.0487,0.0508,0.0089,0.0179,0.0000,0.0000,0.0000,0.0000
SJC,to,1029,19,0.0520,0.0508,0.0111,0.0179,0.0000,0.0000,0.0000,0.0000
SJC,to,1030,19,0.0299,0.0339,0.0067,0.0000,0.0000,0.0000,0.0000,0.0000
SJC,to,1031,19,0.0598,0.1017,0.0178,0.0268,0.0000,0.0000,0.0000,0.0000
SJC,to,1032,19,0.0273,0.0339,0.0067,0.0000,0.0000,0.0000,0.0000,0.0000
SJC,to,1033,19,0.0520,0.0508,0.0111,0.0179,0.0000,0.0000,0.0000,0.0000
SJC,to,1034,19,0.0312,0.0339,0.0067,0.0000,0.0000,0.0000,0.0000,0.0000
SJC,to,1035,19,0.0188,0.0000,0.0000,0.0000,0.0000,0.0000,0.0000,0.0000
SJC,to,1036,19,0.0130,0.0000,0.0000,0.0000,0.0000,0.0000,0.0000,0.0000
SJC,to,1037,19,0.0110,0.0000,0.0000,0.0000,0.0000,0.0000,0.0000,0.0000
SJC,to,1038,19,0.0026,0.0000,0.0067,0.0000,0.0000,0.0000,0.0000,0.0000
SJC,to,1039,19,0.0279,0.0339,0.0067,0.0000,0.0000,0.0000,0.0000,0.0000
SJC,to,1040,20,0.0000,0.0000,0.0000,0.0000,0.0000,0.0000,0.0000,0.0000
SJC,to,1041,20,0.0000,0.0000,0.0000,0.0000,0.0000,0.0000,0.0000,0.0000
SJC,to,1042,20,0.0032,0.0000,0.0000,0.0000,0.0000,0.0000,0.0000,0.0000
SJC,to,1043,20,0.0227,0.0000,0.0000,0.0000,0.0000,0.0000,0.0000,0.0000
SJC,to,1044,20,0.0259,0.0000,0.0000,0.0000,0.0000,0.0000,0.0000,0.0000
SJC,to,1045,20,0.0259,0.0000,0.0000,0.0000,0.0000,0.0000,0.0000,0.0000
SJC,to,1046,20,0.0097,0.0000,0.0000,0.0000,0.0000,0.0000,0.0000,0.0000
SJC,to,1047,20,0.0000,0.0000,0.0000,0.0000,0.0000,0.0000,0.0000,0.0000
SJC,to,1048,20,0.0000,0.0000,0.0000,0.0000,0.0000,0.0000,0.0000,0.0000
SJC,to,1049,20,0.0097,0.0000,0.0000,0.0000,0.0000,0.0000,0.0000,0.0000
SJC,to,1050,20,0.0000,0.0000,0.0000,0.0000,0.0000,0.0000,0.0000,0.0000
SJC,to,1051,20,0.0485,0.0000,0.1120,0.0952,0.0000,0.0000,0.0000,0.0000
SJC,to,1052,20,0.0032,0.0000,0.0000,0.0000,0.0000,0.0000,0.0000,0.0000
SJC,to,1053,20,0.0259,0.0000,0.0000,0.0000,0.0000,0.0000,0.0000,0.0000
SJC,to,1054,20,0.0065,0.0000,0.0000,0.0000,0.0000,0.0000,0.0000,0.0000
SJC,to,1055,20,0.0000,0.0000,0.0000,0.0000,0.0000,0.0000,0.0000,0.0000
SJC,to,1056,20,0.0194,0.0000,0.0720,0.0000,0.0000,0.0000,0.0000,0.0000
SJC,to,1057,20,0.0000,0.0000,0.0000,0.0000,0.0000,0.0000,0.0000,0.0000
SJC,to,1058,20,0.0000,0.0000,0.0000,0.0000,0.0000,0.0000,0.0000,0.0000
SJC,to,1059,20,0.0518,0.0000,0.0400,0.0000,0.0000,0.0000,0.0000,0.0000
SJC,to,1060,20,0.0000,0.0000,0.0000,0.0000,0.0000,0.0000,0.0000,0.0000
SJC,to,1061,20,0.0000,0.0000,0.0000,0.0000,0.0000,0.0000,0.0000,0.0000
SJC,to,1062,20,0.0388,0.0000,0.0720,0.0000,0.0000,0.0000,0.0000,0.0000
SJC,to,1063,20,0.0000,0.0000,0.0000,0.0000,0.0000,0.0000,0.0000,0.0000
SJC,to,1064,20,0.0000,0.0000,0.0000,0.0000,0.0000,0.0000,0.0000,0.0000
SJC,to,1065,20,0.0032,0.0000,0.0000,0.0000,0.0000,0.0000,0.0000,0.0000
SJC,to,1066,20,0.0744,0.0000,0.2800,0.3810,0.0000,0.0000,0.3333,0.0000
SJC,to,1067,20,0.0000,0.0000,0.0000,0.0000,0.0000,0.0000,0.0000,0.0000
SJC,to,1068,20,0.0000,0.0000,0.0000,0.0000,0.0000,0.0000,0.0000,0.0000
SJC,to,1069,20,0.1003,0.0000,0.3680,0.5238,0.0000,0.0000,0.6667,0.0000
SJC,to,1070,20,0.0032,0.0000,0.0000,0.0000,0.0000,0.0000,0.0000,0.0000
SJC,to,1071,20,0.0065,0.0000,0.0000,0.0000,0.0000,0.0000,0.0000,0.0000
SJC,to,1072,20,0.0000,0.0000,0.0000,0.0000,0.0000,0.0000,0.0000,0.0000
SJC,to,1073,20,0.0000,0.0000,0.0000,0.0000,0.0000,0.0000,0.0000,0.0000
SJC,to,1074,20,0.0259,0.0000,0.0000,0.0000,0.0000,0.0000,0.0000,0.0000
SJC,to,1075,20,0.0000,0.0000,0.0000,0.0000,0.0000,0.0000,0.0000,0.0000
SJC,to,1076,20,0.0097,0.0000,0.0000,0.0000,0.0000,0.0000,0.0000,0.0000
SJC,to,1077,20,0.0097,0.0000,0.0000,0.0000,0.0000,0.0000,0.0000,0.0000
SJC,to,1078,20,0.0194,0.0000,0.0000,0.0000,0.0000,0.0000,0.0000,0.0000
SJC,to,1079,20,0.0777,0.0000,0.0160,0.0000,0.0000,0.0000,0.0000,0.0000
SJC,to,1080,20,0.0259,0.0000,0.0000,0.0000,0.0000,0.0000,0.0000,0.0000
SJC,to,1081,20,0.0032,0.0000,0.0000,0.0000,0.0000,0.0000,0.0000,0.0000
SJC,to,1082,20,0.0194,0.0000,0.0000,0.0000,0.0000,0.0000,0.0000,0.0000
SJC,to,1083,20,0.0583,0.0000,0.0000,0.0000,0.0000,0.0000,0.0000,0.0000
SJC,to,1084,20,0.0550,0.0000,0.0000,0.0000,0.0000,0.0000,0.0000,0.0000
SJC,to,1085,20,0.0550,0.0000,0.0000,0.0000,0.0000,0.0000,0.0000,0.0000
SJC,to,1086,20,0.0550,0.0000,0.0000,0.0000,0.0000,0.0000,0.0000,0.0000
SJC,to,1087,20,0.0777,0.0000,0.0400,0.0000,0.0000,0.0000,0.0000,0.0000
SJC,to,1088,20,0.0259,0.0000,0.0000,0.0000,0.0000,0.0000,0.0000,0.0000
SJC,to,1089,20,0.0000,0.0000,0.0000,0.0000,0.0000,0.0000,0.0000,0.0000
SJC,to,1090,20,0.0032,0.0000,0.0000,0.0000,0.0000,0.0000,0.0000,0.0000
SJC,to,1091,21,0.0000,0.0000,0.0000,0.0000,0.0000,0.0000,0.0000,0.0000
SJC,to,1092,21,0.0000,0.0000,0.0000,0.0000,0.0000,0.0000,0.0000,0.0000
SJC,to,1093,21,0.0000,0.0000,0.0000,0.0000,0.0000,0.0000,0.0000,0.0000
SJC,to,1094,21,0.0247,0.0000,0.0000,0.0000,0.0000,0.0000,0.0000,0.0000
SJC,to,1095,21,0.0000,0.0000,0.0000,0.0000,0.0000,0.0000,0.0000,0.0000
SJC,to,1096,21,0.0494,0.0000,0.0238,0.0000,0.0000,0.0000,0.0000,0.0000
SJC,to,1097,21,0.0247,0.0000,0.0238,0.0000,0.0000,0.0000,0.0000,0.0000
SJC,to,1098,21,0.0247,0.0000,0.0000,0.0000,0.0000,0.0000,0.0000,0.0000
SJC,to,1099,21,0.0525,0.0000,0.0238,0.0000,0.0000,0.0000,0.0000,0.0000
SJC,to,1100,21,0.0525,0.0000,0.0000,0.0000,0.0000,0.0000,0.0000,0.0000
SJC,to,1101,21,0.0247,0.0000,0.0000,0.0000,0.0000,0.0000,0.0000,0.0000
SJC,to,1102,21,0.0031,0.0000,0.0000,0.0000,0.0000,0.0000,0.0000,0.0000
SJC,to,1103,21,0.0278,0.0000,0.0000,0.0000,0.0000,0.0000,0.0000,0.0000
SJC,to,1104,21,0.0247,0.0000,0.0238,0.0000,0.0000,0.0000,0.0000,0.0000
SJC,to,1105,21,0.0000,0.0000,0.0000,0.0000,0.0000,0.0000,0.0000,0.0000
SJC,to,1106,21,0.0216,0.0000,0.0000,0.0000,0.0000,0.0000,0.0000,0.0000
SJC,to,1107,21,0.0062,0.0000,0.0000,0.0000,0.0000,0.0000,0.0000,0.0000
SJC,to,1108,21,0.0432,0.0000,0.0397,0.0000,0.0000,0.0000,0.0000,0.0000
SJC,to,1109,21,0.0247,0.0000,0.0000,0.0000,0.0000,0.0000,0.0000,0.0000
SJC,to,1110,21,0.0185,0.0000,0.0000,0.0000,0.0000,0.0000,0.0000,0.0000
SJC,to,1111,21,0.0123,0.0000,0.0000,0.0000,0.0000,0.0000,0.0000,0.0000
SJC,to,1112,21,0.0185,0.0000,0.0000,0.0000,0.0000,0.0000,0.0000,0.0000
SJC,to,1113,21,0.0031,0.0000,0.0238,0.0000,0.0000,0.0000,0.0000,0.0000
SJC,to,1114,21,0.0000,0.0000,0.0000,0.0000,0.0000,0.0000,0.0000,0.0000
SJC,to,1115,21,0.0000,0.0000,0.0000,0.0000,0.0000,0.0000,0.0000,0.0000
SJC,to,1116,21,0.0123,0.0000,0.0000,0.0000,0.0000,0.0000,0.0000,0.0000
SJC,to,1117,21,0.0185,0.0000,0.0000,0.0000,0.0000,0.0000,0.0000,0.0000
SJC,to,1118,21,0.0247,0.0000,0.0159,0.0000,0.0000,0.0000,0.0000,0.0000
SJC,to,1119,21,0.0247,0.0000,0.0000,0.0000,0.0000,0.0000,0.0000,0.0000
SJC,to,1120,21,0.0000,0.0000,0.0000,0.0000,0.0000,0.0000,0.0000,0.0000
SJC,to,1121,21,0.0772,0.0000,0.2619,0.3043,0.0000,0.0000,0.0000,0.0000
SJC,to,1122,21,0.1327,0.0000,0.5317,0.6957,0.0000,0.0000,1.0000,0.0000
SJC,to,1123,21,0.0185,0.0000,0.0000,0.0000,0.0000,0.0000,0.0000,0.0000
SJC,to,1124,21,0.0247,0.0000,0.0159,0.0000,0.0000,0.0000,0.0000,0.0000
SJC,to,1125,21,0.0247,0.0000,0.0000,0.0000,0.0000,0.0000,0.0000,0.0000
SJC,to,1126,21,0.0463,0.0000,0.0000,0.0000,0.0000,0.0000,0.0000,0.0000
SJC,to,1127,21,0.0247,0.0000,0.0000,0.0000,0.0000,0.0000,0.0000,0.0000
SJC,to,1128,21,0.0185,0.0000,0.0000,0.0000,0.0000,0.0000,0.0000,0.0000
SJC,to,1129,21,0.0247,0.0000,0.0159,0.0000,0.0000,0.0000,0.0000,0.0000
SJC,to,1130,21,0.0185,0.0000,0.0000,0.0000,0.0000,0.0000,0.0000,0.0000
SJC,to,1131,21,0.0525,0.0000,0.0000,0.0000,0.0000,0.0000,0.0000,0.0000
SJC,to,1132,22,0.0389,0.0435,0.0092,0.0000,0.0000,0.0000,0.0000,0.0000
SJC,to,1133,22,0.0477,0.0435,0.0123,0.0260,0.0000,0.0000,0.0000,0.0000
SJC,to,1134,22,0.0682,0.0290,0.3129,0.3247,0.6000,0.0000,0.5000,0.0000
SJC,to,1135,22,0.0252,0.0145,0.0092,0.0000,0.0000,0.0000,0.0000,0.0000
SJC,to,1136,22,0.0307,0.0000,0.0767,0.0649,0.0000,0.0000,0.0000,0.0000
SJC,to,1137,22,0.0314,0.0435,0.0368,0.0260,0.0000,0.0000,0.0000,0.0000
SJC,to,1138,22,0.0429,0.0435,0.0092,0.0130,0.0000,0.0000,0.0000,0.0000
SJC,to,1139,22,0.0314,0.0290,0.0092,0.0000,0.0000,0.0000,0.0000,0.0000
SJC,to,1140,22,0.0218,0.0290,0.0061,0.0000,0.0000,0.0000,0.0000,0.0000
SJC,to,1141,22,0.0409,0.0435,0.0092,0.0130,0.0000,0.0000,0.0000,0.0000
SJC,to,1142,22,0.0320,0.0290,0.0368,0.0260,0.0000,0.0000,0.0000,0.0000
SJC,to,1143,22,0.0279,0.0435,0.0092,0.0000,0.0000,0.0000,0.0000,0.0000
SJC,to,1144,22,0.0293,0.0290,0.0092,0.0000,0.0000,0.0000,0.0000,0.0000
SJC,to,1145,22,0.0252,0.0725,0.0613,0.0909,0.0000,0.0000,0.0000,0.0000
SJC,to,1146,22,0.0048,0.0000,0.0000,0.0000,0.0000,0.0000,0.0000,0.0000
SJC,to,1147,22,0.0402,0.0435,0.0092,0.0130,0.0000,0.0000,0.0000,0.0000
SJC,to,1148,22,0.0075,0.0000,0.0000,0.0000,0.0000,0.0000,0.0000,0.0000
SJC,to,1149,22,0.0279,0.0145,0.0092,0.0000,0.0000,0.0000,0.0000,0.0000
SJC,to,1150,22,0.0402,0.0290,0.0767,0.0649,0.0000,0.0000,0.0000,0.0000
SJC,to,1151,22,0.0484,0.0435,0.0123,0.0260,0.0000,0.0000,0.0000,0.0000
SJC,to,1152,22,0.0395,0.0435,0.0092,0.0130,0.0000,0.0000,0.0000,0.0000
SJC,to,1153,22,0.0334,0.0290,0.0092,0.0000,0.0000,0.0000,0.0000,0.0000
SJC,to,1154,22,0.0600,0.0435,0.0245,0.0260,0.0000,0.0000,0.0000,0.0000
SJC,to,1155,22,0.0143,0.0000,0.0000,0.0000,0.0000,0.0000,0.0000,0.0000
SJC,to,1156,22,0.0286,0.0290,0.0092,0.0000,0.0000,0.0000,0.0000,0.0000
SJC,to,1157,22,0.0164,0.0000,0.0000,0.0000,0.0000,0.0000,0.0000,0.0000
SJC,to,1158,22,0.0368,0.0435,0.0092,0.0000,0.0000,0.0000,0.0000,0.0000
SJC,to,1159,22,0.0641,0.1159,0.2117,0.2468,0.4000,0.0000,0.5000,0.0000
SJC,to,1160,22,0.0443,0.0725,0.0123,0.0260,0.0000,0.0000,0.0000,0.0000
SJC,to,1161,23,0.0746,0.0781,0.0199,0.0500,0.0494,0.0000,0.0000,0.0000
SJC,to,1162,23,0.0060,0.0042,0.0000,0.0000,0.0000,0.0000,0.0000,0.0000
SJC,to,1163,23,0.0271,0.0274,0.0060,0.0174,0.0000,0.0000,0.0000,0.0000
SJC,to,1164,23,0.0461,0.0485,0.0090,0.0283,0.0370,0.0000,0.0000,0.0000
SJC,to,1165,23,0.0552,0.0591,0.0130,0.0370,0.0370,0.0000,0.0000,0.0000
SJC,to,1166,23,0.0848,0.0865,0.0249,0.0565,0.0617,0.0000,0.0000,0.0000
SJC,to,1167,23,0.0781,0.0844,0.0199,0.0522,0.0617,0.0000,0.0000,0.0000
SJC,to,1168,23,0.1275,0.0949,0.4915,0.2935,0.2593,0.4444,0.6571,1.0000
SJC,to,1169,23,0.0494,0.0464,0.0808,0.0630,0.0494,0.0000,0.1143,0.0000
SJC,to,1170,23,0.0461,0.0591,0.0329,0.0413,0.0370,0.0000,0.0000,0.0000
SJC,to,1171,23,0.0825,0.0717,0.1844,0.1283,0.1481,0.2222,0.2000,0.0000
SJC,to,1172,23,0.0380,0.0401,0.0090,0.0239,0.0247,0.0000,0.0000,0.0000
SJC,to,1173,23,0.0283,0.0274,0.0080,0.0174,0.0000,0.0000,0.0000,0.0000
SJC,to,1174,23,0.0364,0.0380,0.0090,0.0239,0.0247,0.0000,0.0000,0.0000
SJC,to,1175,23,0.0746,0.0759,0.0548,0.0674,0.0617,0.0000,0.0286,0.0000
SJC,to,1176,23,0.1453,0.1582,0.0369,0.1000,0.1481,0.3333,0.0000,0.0000
SJC,to,1177,24,0.0816,0.1067,0.0504,0.0702,0.0909,0.0000,0.0000,0.0000
SJC,to,1178,24,0.2244,0.2800,0.2823,0.3333,0.5455,1.0000,0.4000,0.0000
SJC,to,1179,24,0.0397,0.0400,0.0222,0.0175,0.0000,0.0000,0.0000,0.0000
SJC,to,1180,24,0.0300,0.0267,0.0181,0.0088,0.0000,0.0000,0.0000,0.0000
SJC,to,1181,24,0.0018,0.0000,0.0000,0.0000,0.0000,0.0000,0.0000,0.0000
SJC,to,1182,24,0.0476,0.0400,0.0262,0.0175,0.0000,0.0000,0.0000,0.0000
SJC,to,1183,24,0.0143,0.0000,0.0060,0.0000,0.0000,0.0000,0.0000,0.0000
SJC,to,1184,24,0.0318,0.0267,0.0181,0.0175,0.0000,0.0000,0.0000,0.0000
SJC,to,1185,24,0.0734,0.0800,0.0504,0.0439,0.0455,0.0000,0.0000,0.0000
SJC,to,1186,24,0.1052,0.1467,0.0665,0.0877,0.1364,0.0000,0.0000,0.0000
SJC,to,1187,24,0.0367,0.0400,0.0181,0.0175,0.0000,0.0000,0.0000,0.0000
SJC,to,1188,24,0.0112,0.0000,0.0060,0.0000,0.0000,0.0000,0.0000,0.0000
SJC,to,1189,24,0.0076,0.0800,0.0040,0.0175,0.0000,0.0000,0.0000,0.0000
SJC,to,1190,24,0.0018,0.0000,0.0000,0.0000,0.0000,0.0000,0.0000,0.0000
SJC,to,1191,24,0.0027,0.0000,0.0000,0.0000,0.0000,0.0000,0.0000,0.0000
SJC,to,1192,24,0.0234,0.0133,0.0161,0.0000,0.0000,0.0000,0.0000,0.0000
SJC,to,1193,24,0.0088,0.0000,0.0040,0.0000,0.0000,0.0000,0.0000,0.0000
SJC,to,1194,24,0.0191,0.0000,0.0101,0.0000,0.0000,0.0000,0.0000,0.0000
SJC,to,1195,24,0.0752,0.0800,0.0504,0.0439,0.0909,0.0000,0.0000,0.0000
SJC,to,1196,24,0.0215,0.0000,0.0101,0.0000,0.0000,0.0000,0.0000,0.0000
SJC,to,1197,24,0.0012,0.0000,0.0000,0.0000,0.0000,0.0000,0.0000,0.0000
SJC,to,1198,24,0.0073,0.0000,0.0000,0.0000,0.0000,0.0000,0.0000,0.0000
SJC,to,1199,24,0.0024,0.0000,0.0000,0.0000,0.0000,0.0000,0.0000,0.0000
SJC,to,1200,24,0.0364,0.0400,0.0181,0.0175,0.0000,0.0000,0.0000,0.0000
SJC,to,1201,24,0.0155,0.0000,0.0060,0.0000,0.0000,0.0000,0.0000,0.0000
SJC,to,1202,24,0.0106,0.0000,0.0060,0.0000,0.0000,0.0000,0.0000,0.0000
SJC,to,1203,24,0.0018,0.0000,0.0000,0.0000,0.0000,0.0000,0.0000,0.0000
SJC,to,1204,24,0.0003,0.0000,0.0000,0.0000,0.0000,0.0000,0.0000,0.0000
SJC,to,1205,24,0.0240,0.0000,0.1512,0.1491,0.0909,0.0000,0.4000,0.0000
SJC,to,1206,24,0.0088,0.0000,0.0746,0.0702,0.0000,0.0000,0.1000,0.0000
SJC,to,1207,24,0.0209,0.0000,0.0806,0.0877,0.0000,0.0000,0.1000,0.0000
SJC,to,1208,24,0.0024,0.0000,0.0000,0.0000,0.0000,0.0000,0.0000,0.0000
SJC,to,1209,24,0.0079,0.0000,0.0040,0.0000,0.0000,0.0000,0.0000,0.0000
SJC,to,1210,24,0.0024,0.0000,0.0000,0.0000,0.0000,0.0000,0.0000,0.0000
SJC,to,1211,25,0.0377,0.0735,0.0000,0.0741,0.0000,0.0000,0.0000,0.0000
SJC,to,1212,25,0.0361,0.0294,0.0566,0.0370,0.0000,0.0000,0.0000,0.0000
SJC,to,1213,25,0.0256,0.0147,0.0000,0.0000,0.0000,0.0000,0.0000,0.0000
SJC,to,1214,25,0.0437,0.0294,0.1698,0.0741,0.0000,0.0000,0.0000,0.0000
SJC,to,1215,25,0.0377,0.0441,0.0000,0.0000,0.0000,0.0000,0.0000,0.0000
SJC,to,1216,25,0.0437,0.0441,0.0000,0.0000,0.0000,0.0000,0.0000,0.0000
SJC,to,1217,25,0.0527,0.0441,0.0000,0.0741,0.0000,0.0000,0.0000,0.0000
SJC,to,1218,25,0.0633,0.0441,0.0000,0.0741,0.0000,0.0000,0.0000,0.0000
SJC,to,1219,25,0.0301,0.0147,0.0000,0.0000,0.0000,0.0000,0.0000,0.0000
SJC,to,1220,25,0.0979,0.1324,0.0377,0.1481,0.0000,0.0000,0.0000,0.0000
SJC,to,1221,25,0.0286,0.0147,0.0000,0.0000,0.0000,0.0000,0.0000,0.0000
SJC,to,1222,25,0.0286,0.0441,0.0000,0.0000,0.0000,0.0000,0.0000,0.0000
SJC,to,1223,25,0.0015,0.0000,0.0566,0.0000,0.0000,0.0000,0.0000,0.0000
SJC,to,1224,25,0.0000,0.0000,0.0000,0.0000,0.0000,0.0000,0.0000,0.0000
SJC,to,1225,25,0.0000,0.0000,0.0000,0.0000,0.0000,0.0000,0.0000,0.0000
SJC,to,1226,25,0.0000,0.0000,0.0000,0.0000,0.0000,0.0000,0.0000,0.0000
SJC,to,1227,25,0.0120,0.0000,0.0000,0.0000,0.0000,0.0000,0.0000,0.0000
SJC,to,1228,25,0.0090,0.0000,0.0000,0.0000,0.0000,0.0000,0.0000,0.0000
SJC,to,1229,25,0.0000,0.0000,0.0000,0.0000,0.0000,0.0000,0.0000,0.0000
SJC,to,1230,25,0.0798,0.0882,0.1509,0.1481,0.0000,0.0000,0.0000,0.0000
SJC,to,1231,25,0.0136,0.0000,0.0000,0.0000,0.0000,0.0000,0.0000,0.0000
SJC,to,1232,25,0.0000,0.0000,0.0000,0.0000,0.0000,0.0000,0.0000,0.0000
SJC,to,1233,25,0.0226,0.0000,0.0000,0.0000,0.0000,0.0000,0.0000,0.0000
SJC,to,1234,25,0.0015,0.0000,0.0566,0.0000,0.0000,0.0000,0.0000,0.0000
SJC,to,1235,25,0.0000,0.0000,0.0000,0.0000,0.0000,0.0000,0.0000,0.0000
SJC,to,1236,25,0.0000,0.0000,0.0000,0.0000,0.0000,0.0000,0.0000,0.0000
SJC,to,1237,25,0.0015,0.0000,0.0000,0.0000,0.0000,0.0000,0.0000,0.0000
SJC,to,1238,25,0.0000,0.0000,0.0000,0.0000,0.0000,0.0000,0.0000,0.0000
SJC,to,1239,25,0.0392,0.0441,0.0000,0.0000,0.0000,0.0000,0.0000,0.0000
SJC,to,1240,25,0.0361,0.0294,0.0566,0.0370,0.0000,0.0000,0.0000,0.0000
SJC,to,1241,25,0.0000,0.0000,0.0000,0.0000,0.0000,0.0000,0.0000,0.0000
SJC,to,1242,25,0.0226,0.0000,0.0000,0.0000,0.0000,0.0000,0.0000,0.0000
SJC,to,1243,25,0.0361,0.0441,0.1698,0.0741,0.0000,0.0000,0.0000,0.0000
SJC,to,1244,25,0.0437,0.0441,0.0000,0.0000,0.0000,0.0000,0.0000,0.0000
SJC,to,1245,25,0.0512,0.0441,0.1509,0.0741,0.0000,0.0000,0.0000,0.0000
SJC,to,1246,25,0.1039,0.1765,0.0943,0.1852,0.0000,0.0000,0.0000,0.0000
SJC,to,1247,26,0.0000,0.0000,0.0000,0.0000,0.0000,0.0000,0.0000,0.0000
SJC,to,1248,26,0.0000,0.0000,0.0000,0.0000,0.0000,0.0000,0.0000,0.0000
SJC,to,1249,26,0.0000,0.0000,0.0000,0.0000,0.0000,0.0000,0.0000,0.0000
SJC,to,1250,26,0.0000,0.0000,0.0000,0.0000,0.0000,0.0000,0.0000,0.0000
SJC,to,1251,26,0.0000,0.0000,0.0000,0.0000,0.0000,0.0000,0.0000,0.0000
SJC,to,1252,26,0.0000,0.0000,0.0000,0.0000,0.0000,0.0000,0.0000,0.0000
SJC,to,1253,26,0.0000,0.0000,0.0000,0.0000,0.0000,0.0000,0.0000,0.0000
SJC,to,1254,26,0.0000,0.0000,0.0000,0.0000,0.0000,0.0000,0.0000,0.0000
SJC,to,1255,26,0.0000,0.0000,0.0000,0.0000,0.0000,0.0000,0.0000,0.0000
SJC,to,1256,26,0.0000,0.0000,0.0000,0.0000,0.0000,0.0000,0.0000,0.0000
SJC,to,1257,26,0.0000,0.0000,0.0000,0.0000,0.0000,0.0000,0.0000,0.0000
SJC,to,1258,26,0.0000,0.0000,0.0000,0.0000,0.0000,0.0000,0.0000,0.0000
SJC,to,1259,26,0.0000,0.0000,0.0000,0.0000,0.0000,0.0000,0.0000,0.0000
SJC,to,1260,26,0.0000,0.0000,0.0000,0.0000,0.0000,0.0000,0.0000,0.0000
SJC,to,1261,26,0.0000,0.0000,0.0000,0.0000,0.0000,0.0000,0.0000,0.0000
SJC,to,1262,26,0.0000,0.0000,0.0000,0.0000,0.0000,0.0000,0.0000,0.0000
SJC,to,1263,26,0.0000,0.0000,0.0000,0.0000,0.0000,0.0000,0.0000,0.0000
SJC,to,1264,26,0.0000,0.0000,0.0000,0.0000,0.0000,0.0000,0.0000,0.0000
SJC,to,1265,26,0.0000,0.0000,0.0000,0.0000,0.0000,0.0000,0.0000,0.0000
SJC,to,1266,26,0.0000,0.0000,0.0000,0.0000,0.0000,0.0000,0.0000,0.0000
SJC,to,1267,26,0.0000,0.0000,0.0000,0.0000,0.0000,0.0000,0.0000,0.0000
SJC,to,1268,26,0.0000,0.0000,0.0000,0.0000,0.0000,0.0000,0.0000,0.0000
SJC,to,1269,26,0.0000,0.0000,0.0000,0.0000,0.0000,0.0000,0.0000,0.0000
SJC,to,1270,26,0.0000,0.0000,0.0000,0.0000,0.0000,0.0000,0.0000,0.0000
SJC,to,1271,26,0.0000,0.0000,0.0000,0.0000,0.0000,0.0000,0.0000,0.0000
SJC,to,1272,26,0.0000,0.0000,0.0000,0.0000,0.0000,0.0000,0.0000,0.0000
SJC,to,1273,26,0.0000,0.0000,0.0000,0.0000,0.0000,0.0000,0.0000,0.0000
SJC,to,1274,26,0.0000,0.0000,0.0000,0.0000,0.0000,0.0000,0.0000,0.0000
SJC,to,1275,26,0.0000,0.0000,0.0000,0.0000,0.0000,0.0000,0.0000,0.0000
SJC,to,1276,26,0.0000,0.0000,0.0000,0.0000,0.0000,0.0000,0.0000,0.0000
SJC,to,1277,26,0.0000,0.0000,0.0000,0.0000,0.0000,0.0000,0.0000,0.0000
SJC,to,1278,26,0.0000,0.0000,0.0000,0.0000,0.0000,0.0000,0.0000,0.0000
SJC,to,1279,26,0.0000,0.0000,0.0000,0.0000,0.0000,0.0000,0.0000,0.0000
SJC,to,1280,26,0.0000,0.0000,0.0000,0.0000,0.0000,0.0000,0.0000,0.0000
SJC,to,1281,26,0.0000,0.0000,0.0000,0.0000,0.0000,0.0000,0.0000,0.0000
SJC,to,1282,26,0.0000,0.0000,0.0000,0.0000,0.0000,0.0000,0.0000,0.0000
SJC,to,1283,26,0.0000,0.0000,0.0000,0.0000,0.0000,0.0000,0.0000,0.0000
SJC,to,1284,26,0.0000,0.0000,0.0000,0.0000,0.0000,0.0000,0.0000,0.0000
SJC,to,1285,26,0.0000,0.0000,0.0000,0.0000,0.0000,0.0000,0.0000,0.0000
SJC,to,1286,26,0.0000,0.0000,0.0000,0.0000,0.0000,0.0000,0.0000,0.0000
SJC,to,1287,26,0.0000,0.0000,0.0000,0.0000,0.0000,0.0000,0.0000,0.0000
SJC,to,1288,26,0.0000,0.0000,0.0000,0.0000,0.0000,0.0000,0.0000,0.0000
SJC,to,1289,26,0.0000,0.0000,0.0000,0.0000,0.0000,0.0000,0.0000,0.0000
SJC,to,1290,26,0.0000,0.0000,0.0000,0.0000,0.0000,0.0000,0.0000,0.0000
SJC,to,1291,27,0.0000,0.0000,0.0000,0.0000,0.0000,0.0000,0.0000,0.0000
SJC,to,1292,27,0.1505,0.0000,0.0930,0.0000,0.0000,0.0000,0.0000,0.0000
SJC,to,1293,27,0.0323,0.0000,0.0000,0.0000,0.0000,0.0000,0.0000,0.0000
SJC,to,1294,27,0.0000,0.0000,0.0000,0.0000,0.0000,0.0000,0.0000,0.0000
SJC,to,1295,27,0.0645,0.0000,0.0349,0.0000,0.0000,0.0000,0.0000,0.0000
SJC,to,1296,27,0.0215,0.0000,0.0000,0.0000,0.0000,0.0000,0.0000,0.0000
SJC,to,1297,27,0.0215,0.0000,0.0000,0.0000,0.0000,0.0000,0.0000,0.0000
SJC,to,1298,27,0.0000,0.0000,0.0233,0.0000,0.0000,0.0000,0.0000,0.0000
SJC,to,1299,27,0.0860,0.0000,0.1860,0.1818,0.0000,0.0000,0.0000,0.0000
SJC,to,1300,27,0.0000,0.0000,0.0000,0.0000,0.0000,0.0000,0.0000,0.0000
SJC,to,1301,27,0.0860,0.0000,0.1744,0.1818,0.0000,0.0000,0.0000,0.0000
SJC,to,1302,27,0.0430,0.0000,0.0000,0.0000,0.0000,0.0000,0.0000,0.0000
SJC,to,1303,27,0.0215,0.0000,0.0000,0.0000,0.0000,0.0000,0.0000,0.0000
SJC,to,1304,27,0.0645,0.0000,0.0349,0.0000,0.0000,0.0000,0.0000,0.0000
SJC,to,1305,27,0.0000,0.0000,0.0000,0.0000,0.0000,0.0000,0.0000,0.0000
SJC,to,1306,27,0.0645,0.0000,0.0000,0.0000,0.0000,0.0000,0.0000,0.0000
SJC,to,1307,27,0.2581,0.0000,0.3605,0.6364,0.0000,0.0000,0.0000,0.0000
SJC,to,1308,27,0.0860,0.0000,0.0930,0.0000,0.0000,0.0000,0.0000,0.0000
SJC,to,1309,28,0.0514,0.0000,0.0225,0.0078,0.0000,0.0000,0.0000,0.0000
SJC,to,1310,28,0.0709,0.0000,0.0684,0.0664,0.0556,0.0000,0.0784,0.0000
SJC,to,1311,28,0.2259,0.0000,0.1872,0.1914,0.2222,0.0000,0.1765,0.0000
SJC,to,1312,28,0.0372,0.0000,0.0378,0.0391,0.0000,0.0000,0.0196,0.0000
SJC,to,1313,28,0.2453,0.0000,0.2961,0.2969,0.3611,1.0000,0.3137,1.0000
SJC,to,1314,28,0.1010,0.0000,0.0666,0.0664,0.0556,0.0000,0.0588,0.0000
SJC,to,1315,28,0.1072,0.0000,0.1224,0.1211,0.1111,0.0000,0.1373,0.0000
SJC,to,1316,28,0.0213,0.0000,0.0018,0.0000,0.0000,0.0000,0.0000,0.0000
SJC,to,1317,28,0.1399,0.0000,0.1971,0.2109,0.1944,0.0000,0.2157,0.0000
SJC,to,1318,29,0.0445,0.0423,0.0471,0.0476,0.0000,0.0000,0.0000,0.0000
SJC,to,1319,29,0.0281,0.0282,0.0000,0.0000,0.0000,0.0000,0.0000,0.0000
SJC,to,1320,29,0.0281,0.0423,0.0168,0.0238,0.0000,0.0000,0.0000,0.0000
SJC,to,1321,29,0.0227,0.0141,0.0000,0.0000,0.0000,0.0000,0.0000,0.0000
SJC,to,1322,29,0.0336,0.0282,0.0269,0.0238,0.0000,0.0000,0.0000,0.0000
SJC,to,1323,29,0.0817,0.0423,0.2896,0.2738,1.0000,0.0000,0.8000,0.0000
SJC,to,1324,29,0.0290,0.0000,0.0909,0.0595,0.0000,0.0000,0.0000,0.0000
SJC,to,1325,29,0.0690,0.0423,0.1111,0.1190,0.0000,0.0000,0.0000,0.0000
SJC,to,1326,29,0.0354,0.0423,0.0067,0.0000,0.0000,0.0000,0.0000,0.0000
SJC,to,1327,29,0.0263,0.0282,0.0000,0.0000,0.0000,0.0000,0.0000,0.0000
SJC,to,1328,29,0.0390,0.0282,0.0370,0.0238,0.0000,0.0000,0.0000,0.0000
SJC,to,1329,29,0.0218,0.0141,0.0000,0.0000,0.0000,0.0000,0.0000,0.0000
SJC,to,1330,29,0.0218,0.0141,0.0000,0.0000,0.0000,0.0000,0.0000,0.0000
SJC,to,1331,29,0.0145,0.0000,0.0000,0.0000,0.0000,0.0000,0.0000,0.0000
SJC,to,1332,29,0.0336,0.0423,0.0303,0.0238,0.0000,0.0000,0.0000,0.0000
SJC,to,1333,29,0.0218,0.0141,0.0000,0.0000,0.0000,0.0000,0.0000,0.0000
SJC,to,1334,29,0.0263,0.0282,0.0000,0.0000,0.0000,0.0000,0.0000,0.0000
SJC,to,1335,29,0.0318,0.0423,0.0067,0.0000,0.0000,0.0000,0.0000,0.0000
SJC,to,1336,29,0.0889,0.1268,0.0303,0.0595,0.0000,0.0000,0.0000,0.0000
SJC,to,1337,29,0.0390,0.0423,0.0976,0.1071,0.0000,0.0000,0.0000,0.0000
SJC,to,1338,29,0.0154,0.0000,0.0000,0.0000,0.0000,0.0000,0.0000,0.0000
SJC,to,1339,29,0.0236,0.0282,0.0000,0.0000,0.0000,0.0000,0.0000,0.0000
SJC,to,1340,29,0.0318,0.0423,0.0067,0.0000,0.0000,0.0000,0.0000,0.0000
SJC,to,1341,29,0.0408,0.0423,0.0101,0.0238,0.0000,0.0000,0.0000,0.0000
SJC,to,1342,29,0.0345,0.0704,0.0471,0.0595,0.0000,0.0000,0.0000,0.0000
SJC,to,1343,29,0.0091,0.0000,0.0000,0.0000,0.0000,0.0000,0.0000,0.0000
SJC,to,1344,29,0.0009,0.0000,0.0000,0.0000,0.0000,0.0000,0.0000,0.0000
SJC,to,1345,29,0.0109,0.0000,0.0000,0.0000,0.0000,0.0000,0.0000,0.0000
SJC,to,1346,29,0.0263,0.0282,0.0000,0.0000,0.0000,0.0000,0.0000,0.0000
SJC,to,1347,29,0.0699,0.1268,0.1448,0.1548,0.0000,0.0000,0.2000,0.0000
SJC,to,1348,30,0.0125,0.0000,0.0625,0.0000,0.0000,0.0000,0.0000,0.0000
SJC,to,1349,30,0.0125,0.0000,0.0469,0.0000,0.0000,0.0000,0.0000,0.0000
SJC,to,1350,30,0.0125,0.0000,0.0000,0.0000,0.0000,0.0000,0.0000,0.0000
SJC,to,1351,30,0.0125,0.0000,0.0000,0.0000,0.0000,0.0000,0.0000,0.0000
SJC,to,1352,30,0.0250,0.0000,0.0000,0.0000,0.0000,0.0000,0.0000,0.0000
SJC,to,1353,30,0.0375,0.0000,0.0000,0.0000,0.0000,0.0000,0.0000,0.0000
SJC,to,1354,30,0.0750,0.0000,0.0000,0.0000,0.0000,0.0000,0.0000,0.0000
SJC,to,1355,30,0.0000,0.0000,0.0000,0.0000,0.0000,0.0000,0.0000,0.0000
SJC,to,1356,30,0.0000,0.0000,0.0000,0.0000,0.0000,0.0000,0.0000,0.0000
SJC,to,1357,30,0.0000,0.0000,0.0000,0.0000,0.0000,0.0000,0.0000,0.0000
SJC,to,1358,30,0.0125,0.0000,0.0000,0.0000,0.0000,0.0000,0.0000,0.0000
SJC,to,1359,30,0.0125,0.0000,0.0000,0.0000,0.0000,0.0000,0.0000,0.0000
SJC,to,1360,30,0.0000,0.0000,0.0000,0.0000,0.0000,0.0000,0.0000,0.0000
SJC,to,1361,30,0.0000,0.0000,0.0000,0.0000,0.0000,0.0000,0.0000,0.0000
SJC,to,1362,30,0.0000,0.0000,0.0000,0.0000,0.0000,0.0000,0.0000,0.0000
SJC,to,1363,30,0.0500,0.0000,0.1250,0.0000,0.0000,0.0000,0.0000,0.0000
SJC,to,1364,30,0.0000,0.0000,0.0000,0.0000,0.0000,0.0000,0.0000,0.0000
SJC,to,1365,30,0.0750,0.0000,0.0781,0.0000,0.0000,0.0000,0.0000,0.0000
SJC,to,1366,30,0.1125,0.0000,0.0781,0.0000,0.0000,0.0000,0.0000,0.0000
SJC,to,1367,30,0.0500,0.0000,0.0312,0.0000,0.0000,0.0000,0.0000,0.0000
SJC,to,1368,30,0.0125,0.0000,0.0000,0.0000,0.0000,0.0000,0.0000,0.0000
SJC,to,1369,30,0.0875,0.0000,0.1250,0.0000,0.0000,0.0000,0.0000,0.0000
SJC,to,1370,30,0.0125,0.0000,0.0000,0.0000,0.0000,0.0000,0.0000,0.0000
SJC,to,1371,30,0.0125,0.0000,0.0000,0.0000,0.0000,0.0000,0.0000,0.0000
SJC,to,1372,30,0.0000,0.0000,0.0000,0.0000,0.0000,0.0000,0.0000,0.0000
SJC,to,1373,30,0.0000,0.0000,0.0000,0.0000,0.0000,0.0000,0.0000,0.0000
SJC,to,1374,30,0.0000,0.0000,0.0000,0.0000,0.0000,0.0000,0.0000,0.0000
SJC,to,1375,30,0.0000,0.0000,0.0000,0.0000,0.0000,0.0000,0.0000,0.0000
SJC,to,1376,30,0.2375,0.0000,0.3906,1.0000,0.0000,0.0000,0.0000,0.0000
SJC,to,1377,30,0.0000,0.0000,0.0000,0.0000,0.0000,0.0000,0.0000,0.0000
SJC,to,1378,30,0.0000,0.0000,0.0000,0.0000,0.0000,0.0000,0.0000,0.0000
SJC,to,1379,30,0.0000,0.0000,0.0000,0.0000,0.0000,0.0000,0.0000,0.0000
SJC,to,1380,30,0.0375,0.0000,0.0312,0.0000,0.0000,0.0000,0.0000,0.0000
SJC,to,1381,30,0.0125,0.0000,0.0000,0.0000,0.0000,0.0000,0.0000,0.0000
SJC,to,1382,30,0.0125,0.0000,0.0000,0.0000,0.0000,0.0000,0.0000,0.0000
SJC,to,1383,30,0.0250,0.0000,0.0000,0.0000,0.0000,0.0000,0.0000,0.0000
SJC,to,1384,30,0.0125,0.0000,0.0000,0.0000,0.0000,0.0000,0.0000,0.0000
SJC,to,1385,30,0.0125,0.0000,0.0312,0.0000,0.0000,0.0000,0.0000,0.0000
SJC,to,1386,30,0.0000,0.0000,0.0000,0.0000,0.0000,0.0000,0.0000,0.0000
SJC,to,1387,30,0.0125,0.0000,0.0000,0.0000,0.0000,0.0000,0.0000,0.0000
SJC,to,1388,30,0.0125,0.0000,0.0000,0.0000,0.0000,0.0000,0.0000,0.0000
SJC,to,1389,31,0.1173,0.1714,0.0000,0.2500,0.0000,0.0000,0.0000,0.0000
SJC,to,1390,31,0.0051,0.0000,0.0000,0.0000,0.0000,0.0000,0.0000,0.0000
SJC,to,1391,31,0.0000,0.0000,0.0000,0.0000,0.0000,0.0000,0.0000,0.0000
SJC,to,1392,31,0.0510,0.0571,0.0000,0.0000,0.0000,0.0000,0.0000,0.0000
SJC,to,1393,31,0.0408,0.0000,0.0000,0.0000,0.0000,0.0000,0.0000,0.0000
SJC,to,1394,31,0.1276,0.1714,0.0000,0.2500,0.0000,0.0000,0.0000,0.0000
SJC,to,1395,31,0.1224,0.1429,0.0000,0.2500,0.0000,0.0000,0.0000,0.0000
SJC,to,1396,31,0.1888,0.2571,0.0000,0.2500,0.0000,0.0000,0.0000,0.0000
SJC,to,1397,31,0.0408,0.0286,0.0000,0.0000,0.0000,0.0000,0.0000,0.0000
SJC,to,1398,31,0.0408,0.0286,0.0000,0.0000,0.0000,0.0000,0.0000,0.0000
SJC,to,1399,31,0.0255,0.0000,0.0000,0.0000,0.0000,0.0000,0.0000,0.0000
SJC,to,1400,31,0.0765,0.0571,0.0000,0.0000,0.0000,0.0000,0.0000,0.0000
SJC,to,1401,31,0.0816,0.0571,0.0000,0.0000,0.0000,0.0000,0.0000,0.0000
SJC,to,1402,31,0.0408,0.0000,0.0000,0.0000,0.0000,0.0000,0.0000,0.0000
SJC,to,1403,31,0.0408,0.0286,0.0000,0.0000,0.0000,0.0000,0.0000,0.0000
SJC,to,1404,32,0.0000,0.0000,0.0000,0.0000,0.0000,0.0000,0.0000,0.0000
SJC,to,1405,32,0.0000,0.0000,0.0000,0.0000,0.0000,0.0000,0.0000,0.0000
SJC,to,1406,32,0.0000,0.0000,0.0000,0.0000,0.0000,0.0000,0.0000,0.0000
SJC,to,1407,32,0.0000,0.0000,0.0000,0.0000,0.0000,0.0000,0.0000,0.0000
SJC,to,1408,32,0.0000,0.0000,0.0000,0.0000,0.0000,0.0000,0.0000,0.0000
SJC,to,1409,32,0.0000,0.0000,0.0000,0.0000,0.0000,0.0000,0.0000,0.0000
SJC,to,1410,32,0.0000,0.0000,0.0000,0.0000,0.0000,0.0000,0.0000,0.0000
SJC,to,1411,32,0.0000,0.0000,0.0000,0.0000,0.0000,0.0000,0.0000,0.0000
SJC,to,1412,32,0.0000,0.0000,0.0000,0.0000,0.0000,0.0000,0.0000,0.0000
SJC,to,1413,32,0.0000,0.0000,0.0000,0.0000,0.0000,0.0000,0.0000,0.0000
SJC,to,1414,32,0.0000,0.0000,0.0000,0.0000,0.0000,0.0000,0.0000,0.0000
SJC,to,1415,33,0.0416,0.0000,0.0526,0.0000,0.0000,0.0000,0.0000,0.0000
SJC,to,1416,33,0.0104,0.0000,0.0351,0.0000,0.0000,0.0000,0.0000,0.0000
SJC,to,1417,33,0.0026,0.0000,0.0000,0.0000,0.0000,0.0000,0.0000,0.0000
SJC,to,1418,33,0.0312,0.0000,0.0351,0.0000,0.0000,0.0000,0.0000,0.0000
SJC,to,1419,33,0.0208,0.0000,0.0000,0.0000,0.0000,0.0000,0.0000,0.0000
SJC,to,1420,33,0.0857,0.1200,0.0000,0.0833,0.0000,0.0000,0.0000,0.0000
SJC,to,1421,33,0.0805,0.1200,0.2105,0.3333,0.0000,0.0000,0.0000,0.0000
SJC,to,1422,33,0.0649,0.1200,0.0000,0.0000,0.0000,0.0000,0.0000,0.0000
SJC,to,1423,33,0.0649,0.0800,0.0351,0.0000,0.0000,0.0000,0.0000,0.0000
SJC,to,1424,33,0.0364,0.0400,0.0000,0.0000,0.0000,0.0000,0.0000,0.0000
SJC,to,1425,33,0.0857,0.0400,0.4386,0.4167,0.0000,0.0000,0.0000,0.0000
SJC,to,1426,33,0.0857,0.1200,0.0526,0.1667,0.0000,0.0000,0.0000,0.0000
SJC,to,1427,33,0.0649,0.0800,0.0526,0.0000,0.0000,0.0000,0.0000,0.0000
SJC,to,1428,33,0.0156,0.0000,0.0351,0.0000,0.0000,0.0000,0.0000,0.0000
SJC,to,1429,33,0.0416,0.0800,0.0000,0.0000,0.0000,0.0000,0.0000,0.0000
SJC,to,1430,33,0.0519,0.1200,0.0000,0.0000,0.0000,0.0000,0.0000,0.0000
SJC,to,1431,33,0.0649,0.0800,0.0000,0.0000,0.0000,0.0000,0.0000,0.0000
SJC,to,1432,33,0.0519,0.0000,0.0526,0.0000,0.0000,0.0000,0.0000,0.0000
SJC,to,1433,33,0.0234,0.0000,0.0000,0.0000,0.0000,0.0000,0.0000,0.0000
SJC,to,1434,33,0.0442,0.0000,0.0000,0.0000,0.0000,0.0000,0.0000,0.0000
SJC,to,1435,33,0.0312,0.0000,0.0000,0.0000,0.0000,0.0000,0.0000,0.0000
SJC,to,1436,34,0.0713,0.0857,0.0000,0.0769,0.0000,0.0000,0.0000,0.0000
SJC,to,1437,34,0.0946,0.1214,0.0000,0.1538,0.0000,0.0000,0.0000,0.0000
SJC,to,1438,34,0.0651,0.0714,0.0000,0.0769,0.0000,0.0000,0.0000,0.0000
SJC,to,1439,34,0.0388,0.0286,0.0000,0.0385,0.0000,0.0000,0.0000,0.0000
SJC,to,1440,34,0.0667,0.0643,0.0000,0.0577,0.0000,0.0000,0.0000,0.0000
SJC,to,1441,34,0.0465,0.0429,0.0000,0.0385,0.0000,0.0000,0.0000,0.0000
SJC,to,1442,34,0.0698,0.0714,0.0000,0.0769,0.0000,0.0000,0.0000,0.0000
SJC,to,1443,34,0.0450,0.0357,0.0000,0.0385,0.0000,0.0000,0.0000,0.0000
SJC,to,1444,34,0.0465,0.0571,0.0000,0.0385,0.0000,0.0000,0.0000,0.0000
SJC,to,1445,34,0.0713,0.0714,0.0000,0.0769,0.0000,0.0000,0.0000,0.0000
SJC,to,1446,34,0.0713,0.0714,0.0000,0.0769,0.0000,0.0000,0.0000,0.0000
SJC,to,1447,34,0.0310,0.0214,0.0000,0.0000,0.0000,0.0000,0.0000,0.0000
SJC,to,1448,34,0.0837,0.0857,0.0000,0.0962,0.0000,0.0000,0.0000,0.0000
SJC,to,1449,34,0.0000,0.0000,0.0000,0.0000,0.0000,0.0000,0.0000,0.0000
SJC,to,1450,34,0.0713,0.0714,0.0000,0.0769,0.0000,0.0000,0.0000,0.0000
SJC,to,1451,34,0.0496,0.0429,0.0000,0.0385,0.0000,0.0000,0.0000,0.0000
SJC,to,1452,34,0.0512,0.0429,0.0000,0.0385,0.0000,0.0000,0.0000,0.0000
SJC,to,1453,34,0.0047,0.0000,0.0000,0.0000,0.0000,0.0000,0.0000,0.0000
SJC,to,1454,34,0.0217,0.0143,0.0000,0.0000,0.0000,0.0000,0.0000,0.0000
