airport,direction,zone,zshare_tr
OAK,from,1,0.0102
OAK,from,2,0.0104
OAK,from,3,0.0019
OAK,from,4,0.0079
OAK,from,5,0.0252
OAK,from,6,0.0114
OAK,from,7,0.0242
OAK,from,8,0.0043
OAK,from,9,0.0138
OAK,from,10,0.0039
OAK,from,11,0.0048
OAK,from,12,0.0217
OAK,from,13,0.0049
OAK,from,14,0.0056
OAK,from,15,0.0035
OAK,from,16,0.0067
OAK,from,17,0.0028
OAK,from,18,0.0000
OAK,from,19,0.0000
OAK,from,20,0.0012
OAK,from,21,0.0071
OAK,from,22,0.0217
OAK,from,23,0.0084
OAK,from,24,0.0241
OAK,from,25,0.0000
OAK,from,26,0.0000
OAK,from,27,0.0000
OAK,from,28,0.0008
OAK,from,29,0.0021
OAK,from,30,0.0045
OAK,from,31,0.0000
OAK,from,32,0.0013
OAK,from,33,0.0014
OAK,from,34,0.0008
OAK,from,35,0.0000
OAK,from,36,0.0010
OAK,from,37,0.0034
OAK,from,38,0.0009
OAK,from,39,0.0026
OAK,from,40,0.0000
OAK,from,41,0.0023
OAK,from,42,0.0000
OAK,from,43,0.0016
OAK,from,44,0.0011
OAK,from,45,0.0000
OAK,from,46,0.0000
OAK,from,47,0.0019
OAK,from,48,0.0011
OAK,from,49,0.0000
OAK,from,50,0.0008
OAK,from,51,0.0008
OAK,from,52,0.0018
OAK,from,53,0.0011
OAK,from,54,0.0012
OAK,from,55,0.0000
OAK,from,56,0.0000
OAK,from,57,0.0000
OAK,from,58,0.0008
OAK,from,59,0.0000
OAK,from,60,0.0000
OAK,from,61,0.0008
OAK,from,62,0.0000
OAK,from,63,0.0000
OAK,from,64,0.0016
OAK,from,65,0.0000
OAK,from,66,0.0000
OAK,from,67,0.0009
OAK,from,68,0.0000
OAK,from,69,0.0011
OAK,from,70,0.0019
OAK,from,71,0.0008
OAK,from,72,0.0000
OAK,from,73,0.0023
OAK,from,74,0.0000
OAK,from,75,0.0009
OAK,from,76,0.0031
OAK,from,77,0.0008
OAK,from,78,0.0007
OAK,from,79,0.0030
OAK,from,80,0.0009
OAK,from,81,0.0014
OAK,from,82,0.0013
OAK,from,83,0.0008
OAK,from,84,0.0025
OAK,from,85,0.0018
OAK,from,86,0.0000
OAK,from,87,0.0000
OAK,from,88,0.0000
OAK,from,89,0.0000
OAK,from,90,0.0000
OAK,from,91,0.0035
OAK,from,92,0.0000
OAK,from,93,0.0000
OAK,from,94,0.0012
OAK,from,95,0.0017
OAK,from,96,0.0012
OAK,from,97,0.0000
OAK,from,98,0.0012
OAK,from,99,0.0010
OAK,from,100,0.0030
OAK,from,101,0.0015
OAK,from,102,0.0026
OAK,from,103,0.0009
OAK,from,104,0.0019
OAK,from,105,0.0024
OAK,from,106,0.0060
OAK,from,107,0.0000
OAK,from,108,0.0013
OAK,from,109,0.0009
OAK,from,110,0.0005
OAK,from,111,0.0010
OAK,from,112,0.0000
OAK,from,113,0.0009
OAK,from,114,0.0000
OAK,from,115,0.0008
OAK,from,116,0.0000
OAK,from,117,0.0007
OAK,from,118,0.0015
OAK,from,119,0.0022
OAK,from,120,0.0000
OAK,from,121,0.0000
OAK,from,122,0.0000
OAK,from,123,0.0000
OAK,from,124,0.0008
OAK,from,125,0.0012
OAK,from,126,0.0000
OAK,from,127,0.0012
OAK,from,128,0.0016
OAK,from,129,0.0000
OAK,from,130,0.0000
OAK,from,131,0.0000
OAK,from,132,0.0000
OAK,from,133,0.0011
OAK,from,134,0.0021
OAK,from,135,0.0011
OAK,from,136,0.0012
OAK,from,137,0.0000
OAK,from,138,0.0000
OAK,from,139,0.0000
OAK,from,140,0.0000
OAK,from,141,0.0000
OAK,from,142,0.0006
OAK,from,143,0.0000
OAK,from,144,0.0000
OAK,from,145,0.0000
OAK,from,146,0.0000
OAK,from,147,0.0000
OAK,from,148,0.0000
OAK,from,149,0.0000
OAK,from,150,0.0000
OAK,from,151,0.0000
OAK,from,152,0.0000
OAK,from,153,0.0000
OAK,from,154,0.0000
OAK,from,155,0.0003
OAK,from,156,0.0000
OAK,from,157,0.0000
OAK,from,158,0.0000
OAK,from,159,0.0000
OAK,from,160,0.0000
OAK,from,161,0.0000
OAK,from,162,0.0000
OAK,from,163,0.0014
OAK,from,164,0.0000
OAK,from,165,0.0019
OAK,from,166,0.0003
OAK,from,167,0.0012
OAK,from,168,0.0000
OAK,from,169,0.0000
OAK,from,170,0.0000
OAK,from,171,0.0000
OAK,from,172,0.0000
OAK,from,173,0.0000
OAK,from,174,0.0000
OAK,from,175,0.0006
OAK,from,176,0.0000
OAK,from,177,0.0005
OAK,from,178,0.0004
OAK,from,179,0.0000
OAK,from,180,0.0000
OAK,from,181,0.0000
OAK,from,182,0.0000
OAK,from,183,0.0000
OAK,from,184,0.0045
OAK,from,185,0.0000
OAK,from,186,0.0009
OAK,from,187,0.0000
OAK,from,188,0.0003
OAK,from,189,0.0000
OAK,from,190,0.0000
OAK,from,191,0.0000
OAK,from,192,0.0003
OAK,from,193,0.0025
OAK,from,194,0.0007
OAK,from,195,0.0016
OAK,from,196,0.0000
OAK,from,197,0.0000
OAK,from,198,0.0003
OAK,from,199,0.0012
OAK,from,200,0.0000
OAK,from,201,0.0002
OAK,from,202,0.0000
OAK,from,203,0.0000
OAK,from,204,0.0025
OAK,from,205,0.0015
OAK,from,206,0.0000
OAK,from,207,0.0000
OAK,from,208,0.0020
OAK,from,209,0.0000
OAK,from,210,0.0000
OAK,from,211,0.0002
OAK,from,212,0.0010
OAK,from,213,0.0006
OAK,from,214,0.0001
OAK,from,215,0.0000
OAK,from,216,0.0000
OAK,from,217,0.0000
OAK,from,218,0.0000
OAK,from,219,0.0000
OAK,from,220,0.0000
OAK,from,221,0.0000
OAK,from,222,0.0014
OAK,from,223,0.0000
OAK,from,224,0.0000
OAK,from,225,0.0000
OAK,from,226,0.0000
OAK,from,227,0.0000
OAK,from,228,0.0000
OAK,from,229,0.0000
OAK,from,230,0.0000
OAK,from,231,0.0000
OAK,from,232,0.0000
OAK,from,233,0.0000
OAK,from,234,0.0000
OAK,from,235,0.0000
OAK,from,236,0.0000
OAK,from,237,0.0000
OAK,from,238,0.0000
OAK,from,239,0.0085
OAK,from,240,0.0008
OAK,from,241,0.0000
OAK,from,242,0.0000
OAK,from,243,0.0000
OAK,from,244,0.0000
OAK,from,245,0.0000
OAK,from,246,0.0000
OAK,from,247,0.0000
OAK,from,248,0.0017
OAK,from,249,0.0000
OAK,from,250,0.0000
OAK,from,251,0.0004
OAK,from,252,0.0012
OAK,from,253,0.0000
OAK,from,254,0.0000
OAK,from,255,0.0000
OAK,from,256,0.0012
OAK,from,257,0.0000
OAK,from,258,0.0000
OAK,from,259,0.0000
OAK,from,260,0.0000
OAK,from,261,0.0000
OAK,from,262,0.0000
OAK,from,263,0.0000
OAK,from,264,0.0000
OAK,from,265,0.0000
OAK,from,266,0.0000
OAK,from,267,0.0000
OAK,from,268,0.0000
OAK,from,269,0.0000
OAK,from,270,0.0000
OAK,from,271,0.0000
OAK,from,272,0.0000
OAK,from,273,0.0000
OAK,from,274,0.0000
OAK,from,275,0.0000
OAK,from,276,0.0000
OAK,from,277,0.0000
OAK,from,278,0.0000
OAK,from,279,0.0000
OAK,from,280,0.0000
OAK,from,281,0.0000
OAK,from,282,0.0000
OAK,from,283,0.0000
OAK,from,284,0.0000
OAK,from,285,0.0000
OAK,from,286,0.0000
OAK,from,287,0.0000
OAK,from,288,0.0000
OAK,from,289,0.0000
OAK,from,290,0.0000
OAK,from,291,0.0000
OAK,from,292,0.0000
OAK,from,293,0.0000
OAK,from,294,0.0000
OAK,from,295,0.0000
OAK,from,296,0.0000
OAK,from,297,0.0000
OAK,from,298,0.0000
OAK,from,299,0.0000
OAK,from,300,0.0000
OAK,from,301,0.0000
OAK,from,302,0.0000
OAK,from,303,0.0000
OAK,from,304,0.0000
OAK,from,305,0.0000
OAK,from,306,0.0000
OAK,from,307,0.0000
OAK,from,308,0.0000
OAK,from,309,0.0000
OAK,from,310,0.0000
OAK,from,311,0.0000
OAK,from,312,0.0000
OAK,from,313,0.0000
OAK,from,314,0.0000
OAK,from,315,0.0000
OAK,from,316,0.0000
OAK,from,317,0.0000
OAK,from,318,0.0000
OAK,from,319,0.0000
OAK,from,320,0.0000
OAK,from,321,0.0000
OAK,from,322,0.0000
OAK,from,323,0.0000
OAK,from,324,0.0000
OAK,from,325,0.0000
OAK,from,326,0.0000
OAK,from,327,0.0000
OAK,from,328,0.0000
OAK,from,329,0.0000
OAK,from,330,0.0000
OAK,from,331,0.0000
OAK,from,332,0.0000
OAK,from,333,0.0000
OAK,from,334,0.0000
OAK,from,335,0.0000
OAK,from,336,0.0000
OAK,from,337,0.0000
OAK,from,338,0.0000
OAK,from,339,0.0000
OAK,from,340,0.0000
OAK,from,341,0.0000
OAK,from,342,0.0000
OAK,from,343,0.0000
OAK,from,344,0.0000
OAK,from,345,0.0000
OAK,from,346,0.0000
OAK,from,347,0.0000
OAK,from,348,0.0000
OAK,from,349,0.0002
OAK,from,350,0.0000
OAK,from,351,0.0000
OAK,from,352,0.0000
OAK,from,353,0.0000
OAK,from,354,0.0006
OAK,from,355,0.0000
OAK,from,356,0.0000
OAK,from,357,0.0000
OAK,from,358,0.0000
OAK,from,359,0.0000
OAK,from,360,0.0000
OAK,from,361,0.0000
OAK,from,362,0.0000
OAK,from,363,0.0000
OAK,from,364,0.0000
OAK,from,365,0.0000
OAK,from,366,0.0000
OAK,from,367,0.0000
OAK,from,368,0.0000
OAK,from,369,0.0000
OAK,from,370,0.0000
OAK,from,371,0.0000
OAK,from,372,0.0000
OAK,from,373,0.0000
OAK,from,374,0.0000
OAK,from,375,0.0000
OAK,from,376,0.0000
OAK,from,377,0.0000
OAK,from,378,0.0000
OAK,from,379,0.0000
OAK,from,380,0.0000
OAK,from,381,0.0000
OAK,from,382,0.0000
OAK,from,383,0.0000
OAK,from,384,0.0000
OAK,from,385,0.0000
OAK,from,386,0.0000
OAK,from,387,0.0000
OAK,from,388,0.0000
OAK,from,389,0.0000
OAK,from,390,0.0000
OAK,from,391,0.0000
OAK,from,392,0.0000
OAK,from,393,0.0000
OAK,from,394,0.0000
OAK,from,395,0.0000
OAK,from,396,0.0000
OAK,from,397,0.0000
OAK,from,398,0.0000
OAK,from,399,0.0000
OAK,from,400,0.0000
OAK,from,401,0.0000
OAK,from,402,0.0000
OAK,from,403,0.0000
OAK,from,404,0.0000
OAK,from,405,0.0000
OAK,from,406,0.0000
OAK,from,407,0.0000
OAK,from,408,0.0000
OAK,from,409,0.0000
OAK,from,410,0.0000
OAK,from,411,0.0000
OAK,from,412,0.0000
OAK,from,413,0.0000
OAK,from,414,0.0000
OAK,from,415,0.0000
OAK,from,416,0.0000
OAK,from,417,0.0000
OAK,from,418,0.0000
OAK,from,419,0.0000
OAK,from,420,0.0000
OAK,from,421,0.0000
OAK,from,422,0.0000
OAK,from,423,0.0000
OAK,from,424,0.0000
OAK,from,425,0.0000
OAK,from,426,0.0000
OAK,from,427,0.0000
OAK,from,428,0.0000
OAK,from,429,0.0000
OAK,from,430,0.0000
OAK,from,431,0.0000
OAK,from,432,0.0000
OAK,from,433,0.0000
OAK,from,434,0.0000
OAK,from,435,0.0000
OAK,from,436,0.0000
OAK,from,437,0.0000
OAK,from,438,0.0000
OAK,from,439,0.0000
OAK,from,440,0.0000
OAK,from,441,0.0000
OAK,from,442,0.0000
OAK,from,443,0.0000
OAK,from,444,0.0000
OAK,from,445,0.0000
OAK,from,446,0.0000
OAK,from,447,0.0000
OAK,from,448,0.0000
OAK,from,449,0.0000
OAK,from,450,0.0005
OAK,from,451,0.0001
OAK,from,452,0.0000
OAK,from,453,0.0000
OAK,from,454,0.0000
OAK,from,455,0.0000
OAK,from,456,0.0000
OAK,from,457,0.0000
OAK,from,458,0.0000
OAK,from,459,0.0000
OAK,from,460,0.0000
OAK,from,461,0.0000
OAK,from,462,0.0000
OAK,from,463,0.0000
OAK,from,464,0.0000
OAK,from,465,0.0000
OAK,from,466,0.0000
OAK,from,467,0.0000
OAK,from,468,0.0000
OAK,from,469,0.0000
OAK,from,470,0.0000
OAK,from,471,0.0000
OAK,from,472,0.0000
OAK,from,473,0.0000
OAK,from,474,0.0000
OAK,from,475,0.0000
OAK,from,476,0.0000
OAK,from,477,0.0000
OAK,from,478,0.0000
OAK,from,479,0.0000
OAK,from,480,0.0000
OAK,from,481,0.0000
OAK,from,482,0.0000
OAK,from,483,0.0000
OAK,from,484,0.0000
OAK,from,485,0.0000
OAK,from,486,0.0000
OAK,from,487,0.0000
OAK,from,488,0.0000
OAK,from,489,0.0000
OAK,from,490,0.0000
OAK,from,491,0.0000
OAK,from,492,0.0000
OAK,from,493,0.0000
OAK,from,494,0.0000
OAK,from,495,0.0000
OAK,from,496,0.0000
OAK,from,497,0.0000
OAK,from,498,0.0000
OAK,from,499,0.0000
OAK,from,500,0.0000
OAK,from,501,0.0000
OAK,from,502,0.0000
OAK,from,503,0.0000
OAK,from,504,0.0000
OAK,from,505,0.0000
OAK,from,506,0.0000
OAK,from,507,0.0000
OAK,from,508,0.0000
OAK,from,509,0.0000
OAK,from,510,0.0000
OAK,from,511,0.0000
OAK,from,512,0.0000
OAK,from,513,0.0000
OAK,from,514,0.0000
OAK,from,515,0.0000
OAK,from,516,0.0000
OAK,from,517,0.0000
OAK,from,518,0.0000
OAK,from,519,0.0000
OAK,from,520,0.0000
OAK,from,521,0.0000
OAK,from,522,0.0000
OAK,from,523,0.0000
OAK,from,524,0.0000
OAK,from,525,0.0000
OAK,from,526,0.0000
OAK,from,527,0.0000
OAK,from,528,0.0000
OAK,from,529,0.0000
OAK,from,530,0.0000
OAK,from,531,0.0000
OAK,from,532,0.0000
OAK,from,533,0.0000
OAK,from,534,0.0000
OAK,from,535,0.0000
OAK,from,536,0.0000
OAK,from,537,0.0000
OAK,from,538,0.0000
OAK,from,539,0.0000
OAK,from,540,0.0000
OAK,from,541,0.0000
OAK,from,542,0.0000
OAK,from,543,0.0000
OAK,from,544,0.0000
OAK,from,545,0.0000
OAK,from,546,0.0000
OAK,from,547,0.0000
OAK,from,548,0.0009
OAK,from,549,0.0000
OAK,from,550,0.0000
OAK,from,551,0.0000
OAK,from,552,0.0000
OAK,from,553,0.0000
OAK,from,554,0.0000
OAK,from,555,0.0000
OAK,from,556,0.0000
OAK,from,557,0.0010
OAK,from,558,0.0000
OAK,from,559,0.0000
OAK,from,560,0.0000
OAK,from,561,0.0000
OAK,from,562,0.0000
OAK,from,563,0.0000
OAK,from,564,0.0000
OAK,from,565,0.0000
OAK,from,566,0.0000
OAK,from,567,0.0000
OAK,from,568,0.0000
OAK,from,569,0.0000
OAK,from,570,0.0000
OAK,from,571,0.0000
OAK,from,572,0.0000
OAK,from,573,0.0000
OAK,from,574,0.0000
OAK,from,575,0.0000
OAK,from,576,0.0000
OAK,from,577,0.0000
OAK,from,578,0.0000
OAK,from,579,0.0000
OAK,from,580,0.0000
OAK,from,581,0.0000
OAK,from,582,0.0000
OAK,from,583,0.0000
OAK,from,584,0.0000
OAK,from,585,0.0000
OAK,from,586,0.0000
OAK,from,587,0.0000
OAK,from,588,0.0000
OAK,from,589,0.0000
OAK,from,590,0.0000
OAK,from,591,0.0000
OAK,from,592,0.0000
OAK,from,593,0.0000
OAK,from,594,0.0000
OAK,from,595,0.0000
OAK,from,596,0.0000
OAK,from,597,0.0000
OAK,from,598,0.0005
OAK,from,599,0.0000
OAK,from,600,0.0000
OAK,from,601,0.0000
OAK,from,602,0.0000
OAK,from,603,0.0000
OAK,from,604,0.0000
OAK,from,605,0.0000
OAK,from,606,0.0000
OAK,from,607,0.0000
OAK,from,608,0.0000
OAK,from,609,0.0000
OAK,from,610,0.0000
OAK,from,611,0.0000
OAK,from,612,0.0000
OAK,from,613,0.0000
OAK,from,614,0.0004
OAK,from,615,0.0000
OAK,from,616,0.0000
OAK,from,617,0.0000
OAK,from,618,0.0015
OAK,from,619,0.0000
OAK,from,620,0.0000
OAK,from,621,0.0000
OAK,from,622,0.0000
OAK,from,623,0.0005
OAK,from,624,0.0000
OAK,from,625,0.0000
OAK,from,626,0.0000
OAK,from,627,0.0000
OAK,from,628,0.0000
OAK,from,629,0.0000
OAK,from,630,0.0000
OAK,from,631,0.0000
OAK,from,632,0.0007
OAK,from,633,0.0000
OAK,from,634,0.0000
OAK,from,635,0.0000
OAK,from,636,0.0000
OAK,from,637,0.0000
OAK,from,638,0.0000
OAK,from,639,0.0000
OAK,from,640,0.0000
OAK,from,641,0.0000
OAK,from,642,0.0000
OAK,from,643,0.0000
OAK,from,644,0.0000
OAK,from,645,0.0000
OAK,from,646,0.0000
OAK,from,647,0.0000
OAK,from,648,0.0000
OAK,from,649,0.0000
OAK,from,650,0.0000
OAK,from,651,0.0000
OAK,from,652,0.0000
OAK,from,653,0.0000
OAK,from,654,0.0000
OAK,from,655,0.0000
OAK,from,656,0.0000
OAK,from,657,0.0000
OAK,from,658,0.0000
OAK,from,659,0.0000
OAK,from,660,0.0000
OAK,from,661,0.0000
OAK,from,662,0.0000
OAK,from,663,0.0000
OAK,from,664,0.0000
OAK,from,665,0.0000
OAK,from,666,0.0000
OAK,from,667,0.0000
OAK,from,668,0.0000
OAK,from,669,0.0000
OAK,from,670,0.0000
OAK,from,671,0.0000
OAK,from,672,0.0000
OAK,from,673,0.0000
OAK,from,674,0.0000
OAK,from,675,0.0000
OAK,from,676,0.0000
OAK,from,677,0.0000
OAK,from,678,0.0000
OAK,from,679,0.0000
OAK,from,680,0.0000
OAK,from,681,0.0000
OAK,from,682,0.0000
OAK,from,683,0.0000
OAK,from,684,0.0000
OAK,from,685,0.0000
OAK,from,686,0.0000
OAK,from,687,0.0000
OAK,from,688,0.0000
OAK,from,689,0.0000
OAK,from,690,0.0000
OAK,from,691,0.0000
OAK,from,692,0.0000
OAK,from,693,0.0000
OAK,from,694,0.0000
OAK,from,695,0.0000
OAK,from,696,0.0000
OAK,from,697,0.0000
OAK,from,698,0.0000
OAK,from,699,0.0000
OAK,from,700,0.0000
OAK,from,701,0.0000
OAK,from,702,0.0000
OAK,from,703,0.0000
OAK,from,704,0.0000
OAK,from,705,0.0000
OAK,from,706,0.0000
OAK,from,707,0.0000
OAK,from,708,0.0000
OAK,from,709,0.0000
OAK,from,710,0.0000
OAK,from,711,0.0000
OAK,from,712,0.0000
OAK,from,713,0.0000
OAK,from,714,0.0000
OAK,from,715,0.0000
OAK,from,716,0.0007
OAK,from,717,0.0000
OAK,from,718,0.0015
OAK,from,719,0.0000
OAK,from,720,0.0004
OAK,from,721,0.0007
OAK,from,722,0.0006
OAK,from,723,0.0000
OAK,from,724,0.0006
OAK,from,725,0.0000
OAK,from,726,0.0021
OAK,from,727,0.0000
OAK,from,728,0.0006
OAK,from,729,0.0028
OAK,from,730,0.0022
OAK,from,731,0.0007
OAK,from,732,0.0043
OAK,from,733,0.0011
OAK,from,734,0.0020
OAK,from,735,0.0000
OAK,from,736,0.0037
OAK,from,737,0.0043
OAK,from,738,0.0010
OAK,from,739,0.0000
OAK,from,740,0.0000
OAK,from,741,0.0007
OAK,from,742,0.0049
OAK,from,743,0.0014
OAK,from,744,0.0008
OAK,from,745,0.0008
OAK,from,746,0.0043
OAK,from,747,0.0000
OAK,from,748,0.0000
OAK,from,749,0.0004
OAK,from,750,0.0007
OAK,from,751,0.0000
OAK,from,752,0.0000
OAK,from,753,0.0000
OAK,from,754,0.0015
OAK,from,755,0.0019
OAK,from,756,0.0004
OAK,from,757,0.0000
OAK,from,758,0.0012
OAK,from,759,0.0007
OAK,from,760,0.0000
OAK,from,761,0.0004
OAK,from,762,0.0012
OAK,from,763,0.0007
OAK,from,764,0.0000
OAK,from,765,0.0000
OAK,from,766,0.0007
OAK,from,767,0.0000
OAK,from,768,0.0002
OAK,from,769,0.0000
OAK,from,770,0.0000
OAK,from,771,0.0014
OAK,from,772,0.0000
OAK,from,773,0.0000
OAK,from,774,0.0000
OAK,from,775,0.0007
OAK,from,776,0.0000
OAK,from,777,0.0023
OAK,from,778,0.0035
OAK,from,779,0.0008
OAK,from,780,0.0000
OAK,from,781,0.0009
OAK,from,782,0.0000
OAK,from,783,0.0000
OAK,from,784,0.0000
OAK,from,785,0.0035
OAK,from,786,0.0000
OAK,from,787,0.0030
OAK,from,788,0.0006
OAK,from,789,0.0003
OAK,from,790,0.0000
OAK,from,791,0.0000
OAK,from,792,0.0002
OAK,from,793,0.0000
OAK,from,794,0.0000
OAK,from,795,0.0006
OAK,from,796,0.0002
OAK,from,797,0.0010
OAK,from,798,0.0000
OAK,from,799,0.0000
OAK,from,800,0.0013
OAK,from,801,0.0015
OAK,from,802,0.0058
OAK,from,803,0.0003
OAK,from,804,0.0000
OAK,from,805,0.0003
OAK,from,806,0.0008
OAK,from,807,0.0000
OAK,from,808,0.0000
OAK,from,809,0.0000
OAK,from,810,0.0003
OAK,from,811,0.0004
OAK,from,812,0.0006
OAK,from,813,0.0000
OAK,from,814,0.0000
OAK,from,815,0.0006
OAK,from,816,0.0000
OAK,from,817,0.0000
OAK,from,818,0.0000
OAK,from,819,0.0005
OAK,from,820,0.0011
OAK,from,821,0.0006
OAK,from,822,0.0004
OAK,from,823,0.0000
OAK,from,824,0.0000
OAK,from,825,0.0000
OAK,from,826,0.0004
OAK,from,827,0.0000
OAK,from,828,0.0045
OAK,from,829,0.0005
OAK,from,830,0.0000
OAK,from,831,0.0000
OAK,from,832,0.0000
OAK,from,833,0.0000
OAK,from,834,0.0000
OAK,from,835,0.0004
OAK,from,836,0.0000
OAK,from,837,0.0000
OAK,from,838,0.0000
OAK,from,839,0.0017
OAK,from,840,0.0000
OAK,from,841,0.0000
OAK,from,842,0.0000
OAK,from,843,0.0000
OAK,from,844,0.0004
OAK,from,845,0.0029
OAK,from,846,0.0000
OAK,from,847,0.0000
OAK,from,848,0.0016
OAK,from,849,0.0004
OAK,from,850,0.0020
OAK,from,851,0.0000
OAK,from,852,0.0004
OAK,from,853,0.0000
OAK,from,854,0.0000
OAK,from,855,0.0000
OAK,from,856,0.0018
OAK,from,857,0.0000
OAK,from,858,0.0000
OAK,from,859,0.0000
OAK,from,860,0.0000
OAK,from,861,0.0055
OAK,from,862,0.0000
OAK,from,863,0.0000
OAK,from,864,0.0000
OAK,from,865,0.0014
OAK,from,866,0.0000
OAK,from,867,0.0005
OAK,from,868,0.0000
OAK,from,869,0.0029
OAK,from,870,0.0000
OAK,from,871,0.0035
OAK,from,872,0.0014
OAK,from,873,0.0000
OAK,from,874,0.0000
OAK,from,875,0.0089
OAK,from,876,0.0000
OAK,from,877,0.0000
OAK,from,878,0.0000
OAK,from,879,0.0005
OAK,from,880,0.0000
OAK,from,881,0.0000
OAK,from,882,0.0000
OAK,from,883,0.0000
OAK,from,884,0.0000
OAK,from,885,0.0030
OAK,from,886,0.0000
OAK,from,887,0.0000
OAK,from,888,0.0000
OAK,from,889,0.0000
OAK,from,890,0.0000
OAK,from,891,0.0000
OAK,from,892,0.0000
OAK,from,893,0.0000
OAK,from,894,0.0013
OAK,from,895,0.0032
OAK,from,896,0.0000
OAK,from,897,0.0000
OAK,from,898,0.0000
OAK,from,899,0.0000
OAK,from,900,0.0000
OAK,from,901,0.0000
OAK,from,902,0.0000
OAK,from,903,0.0000
OAK,from,904,0.0000
OAK,from,905,0.0005
OAK,from,906,0.0000
OAK,from,907,0.0000
OAK,from,908,0.0000
OAK,from,909,0.0000
OAK,from,910,0.0034
OAK,from,911,0.0000
OAK,from,912,0.0005
OAK,from,913,0.0026
OAK,from,914,0.0000
OAK,from,915,0.0013
OAK,from,916,0.0009
OAK,from,917,0.0000
OAK,from,918,0.0015
OAK,from,919,0.0000
OAK,from,920,0.0000
OAK,from,921,0.0005
OAK,from,922,0.0000
OAK,from,923,0.0000
OAK,from,924,0.0005
OAK,from,925,0.0005
OAK,from,926,0.0009
OAK,from,927,0.0053
OAK,from,928,0.0004
OAK,from,929,0.0025
OAK,from,930,0.0000
OAK,from,931,0.0000
OAK,from,932,0.0009
OAK,from,933,0.0000
OAK,from,934,0.0016
OAK,from,935,0.0000
OAK,from,936,0.0000
OAK,from,937,0.0012
OAK,from,938,0.0000
OAK,from,939,0.0010
OAK,from,940,0.0005
OAK,from,941,0.0036
OAK,from,942,0.0014
OAK,from,943,0.0009
OAK,from,944,0.0008
OAK,from,945,0.0080
OAK,from,946,0.0043
OAK,from,947,0.0110
OAK,from,948,0.0000
OAK,from,949,0.0000
OAK,from,950,0.0004
OAK,from,951,0.0000
OAK,from,952,0.0009
OAK,from,953,0.0000
OAK,from,954,0.0000
OAK,from,955,0.0000
OAK,from,956,0.0000
OAK,from,957,0.0000
OAK,from,958,0.0010
OAK,from,959,0.0002
OAK,from,960,0.0000
OAK,from,961,0.0000
OAK,from,962,0.0005
OAK,from,963,0.0000
OAK,from,964,0.0000
OAK,from,965,0.0021
OAK,from,966,0.0000
OAK,from,967,0.0019
OAK,from,968,0.0179
OAK,from,969,0.0187
OAK,from,970,0.0068
OAK,from,971,0.0076
OAK,from,972,0.0043
OAK,from,973,0.0005
OAK,from,974,0.0019
OAK,from,975,0.0016
OAK,from,976,0.0065
OAK,from,977,0.0026
OAK,from,978,0.0020
OAK,from,979,0.0025
OAK,from,980,0.0000
OAK,from,981,0.0000
OAK,from,982,0.0000
OAK,from,983,0.0005
OAK,from,984,0.0000
OAK,from,985,0.0015
OAK,from,986,0.0009
OAK,from,987,0.0000
OAK,from,988,0.0000
OAK,from,989,0.0000
OAK,from,990,0.0000
OAK,from,991,0.0084
OAK,from,992,0.0024
OAK,from,993,0.0014
OAK,from,994,0.0006
OAK,from,995,0.0037
OAK,from,996,0.0011
OAK,from,997,0.0007
OAK,from,998,0.0026
OAK,from,999,0.0033
OAK,from,1000,0.0013
OAK,from,1001,0.0010
OAK,from,1002,0.0037
OAK,from,1003,0.0015
OAK,from,1004,0.0009
OAK,from,1005,0.0020
OAK,from,1006,0.0011
OAK,from,1007,0.0015
OAK,from,1008,0.0072
OAK,from,1009,0.0011
OAK,from,1010,0.0022
OAK,from,1011,0.0020
OAK,from,1012,0.0032
OAK,from,1013,0.0010
OAK,from,1014,0.0015
OAK,from,1015,0.0041
OAK,from,1016,0.0018
OAK,from,1017,0.0054
OAK,from,1018,0.0134
OAK,from,1019,0.0274
OAK,from,1020,0.0019
OAK,from,1021,0.0049
OAK,from,1022,0.0030
OAK,from,1023,0.0018
OAK,from,1024,0.0014
OAK,from,1025,0.0031
OAK,from,1026,0.0008
OAK,from,1027,0.0055
OAK,from,1028,0.0005
OAK,from,1029,0.0018
OAK,from,1030,0.0011
OAK,from,1031,0.0021
OAK,from,1032,0.0016
OAK,from,1033,0.0018
OAK,from,1034,0.0013
OAK,from,1035,0.0018
OAK,from,1036,0.0021
OAK,from,1037,0.0005
OAK,from,1038,0.0008
OAK,from,1039,0.0000
OAK,from,1040,0.0007
OAK,from,1041,0.0005
OAK,from,1042,0.0031
OAK,from,1043,0.0000
OAK,from,1044,0.0000
OAK,from,1045,0.0015
OAK,from,1046,0.0036
OAK,from,1047,0.0005
OAK,from,1048,0.0009
OAK,from,1049,0.0034
OAK,from,1050,0.0005
OAK,from,1051,0.0046
OAK,from,1052,0.0018
OAK,from,1053,0.0050
OAK,from,1054,0.0012
OAK,from,1055,0.0005
OAK,from,1056,0.0009
OAK,from,1057,0.0006
OAK,from,1058,0.0000
OAK,from,1059,0.0000
OAK,from,1060,0.0000
OAK,from,1061,0.0006
OAK,from,1062,0.0003
OAK,from,1063,0.0011
OAK,from,1064,0.0000
OAK,from,1065,0.0011
OAK,from,1066,0.0000
OAK,from,1067,0.0000
OAK,from,1068,0.0000
OAK,from,1069,0.0000
OAK,from,1070,0.0005
OAK,from,1071,0.0000
OAK,from,1072,0.0000
OAK,from,1073,0.0009
OAK,from,1074,0.0007
OAK,from,1075,0.0000
OAK,from,1076,0.0000
OAK,from,1077,0.0000
OAK,from,1078,0.0000
OAK,from,1079,0.0000
OAK,from,1080,0.0000
OAK,from,1081,0.0000
OAK,from,1082,0.0006
OAK,from,1083,0.0022
OAK,from,1084,0.0000
OAK,from,1085,0.0000
OAK,from,1086,0.0007
OAK,from,1087,0.0011
OAK,from,1088,0.0000
OAK,from,1089,0.0000
OAK,from,1090,0.0000
OAK,from,1091,0.0000
OAK,from,1092,0.0009
OAK,from,1093,0.0006
OAK,from,1094,0.0000
OAK,from,1095,0.0003
OAK,from,1096,0.0000
OAK,from,1097,0.0002
OAK,from,1098,0.0009
OAK,from,1099,0.0010
OAK,from,1100,0.0015
OAK,from,1101,0.0010
OAK,from,1102,0.0000
OAK,from,1103,0.0000
OAK,from,1104,0.0000
OAK,from,1105,0.0000
OAK,from,1106,0.0013
OAK,from,1107,0.0025
OAK,from,1108,0.0000
OAK,from,1109,0.0018
OAK,from,1110,0.0017
OAK,from,1111,0.0019
OAK,from,1112,0.0008
OAK,from,1113,0.0022
OAK,from,1114,0.0000
OAK,from,1115,0.0010
OAK,from,1116,0.0052
OAK,from,1117,0.0000
OAK,from,1118,0.0004
OAK,from,1119,0.0006
OAK,from,1120,0.0010
OAK,from,1121,0.0087
OAK,from,1122,0.0035
OAK,from,1123,0.0004
OAK,from,1124,0.0006
OAK,from,1125,0.0000
OAK,from,1126,0.0020
OAK,from,1127,0.0000
OAK,from,1128,0.0018
OAK,from,1129,0.0026
OAK,from,1130,0.0012
OAK,from,1131,0.0026
OAK,from,1132,0.0019
OAK,from,1133,0.0013
OAK,from,1134,0.0028
OAK,from,1135,0.0033
OAK,from,1136,0.0061
OAK,from,1137,0.0014
OAK,from,1138,0.0011
OAK,from,1139,0.0017
OAK,from,1140,0.0006
OAK,from,1141,0.0019
OAK,from,1142,0.0005
OAK,from,1143,0.0010
OAK,from,1144,0.0004
OAK,from,1145,0.0112
OAK,from,1146,0.0025
OAK,from,1147,0.0006
OAK,from,1148,0.0007
OAK,from,1149,0.0011
OAK,from,1150,0.0025
OAK,from,1151,0.0033
OAK,from,1152,0.0059
OAK,from,1153,0.0027
OAK,from,1154,0.0003
OAK,from,1155,0.0009
OAK,from,1156,0.0017
OAK,from,1157,0.0009
OAK,from,1158,0.0000
OAK,from,1159,0.0003
OAK,from,1160,0.0005
OAK,from,1161,0.0006
OAK,from,1162,0.0000
OAK,from,1163,0.0000
OAK,from,1164,0.0000
OAK,from,1165,0.0008
OAK,from,1166,0.0010
OAK,from,1167,0.0000
OAK,from,1168,0.0000
OAK,from,1169,0.0000
OAK,from,1170,0.0015
OAK,from,1171,0.0007
OAK,from,1172,0.0016
OAK,from,1173,0.0000
OAK,from,1174,0.0016
OAK,from,1175,0.0026
OAK,from,1176,0.0027
OAK,from,1177,0.0008
OAK,from,1178,0.0015
OAK,from,1179,0.0021
OAK,from,1180,0.0004
OAK,from,1181,0.0004
OAK,from,1182,0.0000
OAK,from,1183,0.0000
OAK,from,1184,0.0000
OAK,from,1185,0.0000
OAK,from,1186,0.0035
OAK,from,1187,0.0009
OAK,from,1188,0.0021
OAK,from,1189,0.0030
OAK,from,1190,0.0000
OAK,from,1191,0.0009
OAK,from,1192,0.0000
OAK,from,1193,0.0000
OAK,from,1194,0.0000
OAK,from,1195,0.0010
OAK,from,1196,0.0000
OAK,from,1197,0.0000
OAK,from,1198,0.0000
OAK,from,1199,0.0003
OAK,from,1200,0.0000
OAK,from,1201,0.0000
OAK,from,1202,0.0000
OAK,from,1203,0.0010
OAK,from,1204,0.0000
OAK,from,1205,0.0000
OAK,from,1206,0.0031
OAK,from,1207,0.0009
OAK,from,1208,0.0006
OAK,from,1209,0.0000
OAK,from,1210,0.0000
OAK,from,1211,0.0013
OAK,from,1212,0.0000
OAK,from,1213,0.0000
OAK,from,1214,0.0000
OAK,from,1215,0.0000
OAK,from,1216,0.0000
OAK,from,1217,0.0000
OAK,from,1218,0.0002
OAK,from,1219,0.0000
OAK,from,1220,0.0000
OAK,from,1221,0.0000
OAK,from,1222,0.0000
OAK,from,1223,0.0000
OAK,from,1224,0.0020
OAK,from,1225,0.0000
OAK,from,1226,0.0000
OAK,from,1227,0.0000
OAK,from,1228,0.0000
OAK,from,1229,0.0000
OAK,from,1230,0.0011
OAK,from,1231,0.0000
OAK,from,1232,0.0000
OAK,from,1233,0.0011
OAK,from,1234,0.0000
OAK,from,1235,0.0000
OAK,from,1236,0.0000
OAK,from,1237,0.0000
OAK,from,1238,0.0000
OAK,from,1239,0.0000
OAK,from,1240,0.0000
OAK,from,1241,0.0000
OAK,from,1242,0.0000
OAK,from,1243,0.0000
OAK,from,1244,0.0000
OAK,from,1245,0.0000
OAK,from,1246,0.0003
OAK,from,1247,0.0000
OAK,from,1248,0.0000
OAK,from,1249,0.0000
OAK,from,1250,0.0000
OAK,from,1251,0.0000
OAK,from,1252,0.0000
OAK,from,1253,0.0000
OAK,from,1254,0.0000
OAK,from,1255,0.0000
OAK,from,1256,0.0000
OAK,from,1257,0.0000
OAK,from,1258,0.0000
OAK,from,1259,0.0000
OAK,from,1260,0.0000
OAK,from,1261,0.0000
OAK,from,1262,0.0006
OAK,from,1263,0.0000
OAK,from,1264,0.0000
OAK,from,1265,0.0000
OAK,from,1266,0.0000
OAK,from,1267,0.0000
OAK,from,1268,0.0000
OAK,from,1269,0.0000
OAK,from,1270,0.0000
OAK,from,1271,0.0000
OAK,from,1272,0.0000
OAK,from,1273,0.0000
OAK,from,1274,0.0000
OAK,from,1275,0.0000
OAK,from,1276,0.0000
OAK,from,1277,0.0000
OAK,from,1278,0.0000
OAK,from,1279,0.0000
OAK,from,1280,0.0000
OAK,from,1281,0.0000
OAK,from,1282,0.0000
OAK,from,1283,0.0000
OAK,from,1284,0.0000
OAK,from,1285,0.0000
OAK,from,1286,0.0000
OAK,from,1287,0.0000
OAK,from,1288,0.0000
OAK,from,1289,0.0000
OAK,from,1290,0.0000
OAK,from,1291,0.0000
OAK,from,1292,0.0009
OAK,from,1293,0.0000
OAK,from,1294,0.0000
OAK,from,1295,0.0000
OAK,from,1296,0.0000
OAK,from,1297,0.0000
OAK,from,1298,0.0000
OAK,from,1299,0.0000
OAK,from,1300,0.0000
OAK,from,1301,0.0000
OAK,from,1302,0.0000
OAK,from,1303,0.0000
OAK,from,1304,0.0000
OAK,from,1305,0.0000
OAK,from,1306,0.0000
OAK,from,1307,0.0000
OAK,from,1308,0.0000
OAK,from,1309,0.0000
OAK,from,1310,0.0000
OAK,from,1311,0.0000
OAK,from,1312,0.0000
OAK,from,1313,0.0005
OAK,from,1314,0.0000
OAK,from,1315,0.0000
OAK,from,1316,0.0000
OAK,from,1317,0.0000
OAK,from,1318,0.0000
OAK,from,1319,0.0000
OAK,from,1320,0.0000
OAK,from,1321,0.0000
OAK,from,1322,0.0000
OAK,from,1323,0.0000
OAK,from,1324,0.0000
OAK,from,1325,0.0000
OAK,from,1326,0.0000
OAK,from,1327,0.0000
OAK,from,1328,0.0000
OAK,from,1329,0.0000
OAK,from,1330,0.0000
OAK,from,1331,0.0000
OAK,from,1332,0.0007
OAK,from,1333,0.0000
OAK,from,1334,0.0000
OAK,from,1335,0.0000
OAK,from,1336,0.0000
OAK,from,1337,0.0000
OAK,from,1338,0.0000
OAK,from,1339,0.0000
OAK,from,1340,0.0000
OAK,from,1341,0.0000
OAK,from,1342,0.0000
OAK,from,1343,0.0000
OAK,from,1344,0.0000
OAK,from,1345,0.0000
OAK,from,1346,0.0000
OAK,from,1347,0.0000
OAK,from,1348,0.0000
OAK,from,1349,0.0000
OAK,from,1350,0.0000
OAK,from,1351,0.0000
OAK,from,1352,0.0000
OAK,from,1353,0.0000
OAK,from,1354,0.0000
OAK,from,1355,0.0000
OAK,from,1356,0.0000
OAK,from,1357,0.0000
OAK,from,1358,0.0000
OAK,from,1359,0.0000
OAK,from,1360,0.0000
OAK,from,1361,0.0000
OAK,from,1362,0.0000
OAK,from,1363,0.0000
OAK,from,1364,0.0000
OAK,from,1365,0.0000
OAK,from,1366,0.0000
OAK,from,1367,0.0000
OAK,from,1368,0.0000
OAK,from,1369,0.0000
OAK,from,1370,0.0000
OAK,from,1371,0.0000
OAK,from,1372,0.0000
OAK,from,1373,0.0000
OAK,from,1374,0.0000
OAK,from,1375,0.0000
OAK,from,1376,0.0000
OAK,from,1377,0.0000
OAK,from,1378,0.0000
OAK,from,1379,0.0000
OAK,from,1380,0.0000
OAK,from,1381,0.0000
OAK,from,1382,0.0000
OAK,from,1383,0.0000
OAK,from,1384,0.0000
OAK,from,1385,0.0000
OAK,from,1386,0.0000
OAK,from,1387,0.0000
OAK,from,1388,0.0000
OAK,from,1389,0.0000
OAK,from,1390,0.0000
OAK,from,1391,0.0000
OAK,from,1392,0.0000
OAK,from,1393,0.0000
OAK,from,1394,0.0000
OAK,from,1395,0.0000
OAK,from,1396,0.0000
OAK,from,1397,0.0000
OAK,from,1398,0.0000
OAK,from,1399,0.0000
OAK,from,1400,0.0000
OAK,from,1401,0.0000
OAK,from,1402,0.0000
OAK,from,1403,0.0000
OAK,from,1404,0.0000
OAK,from,1405,0.0000
OAK,from,1406,0.0000
OAK,from,1407,0.0000
OAK,from,1408,0.0000
OAK,from,1409,0.0000
OAK,from,1410,0.0000
OAK,from,1411,0.0000
OAK,from,1412,0.0000
OAK,from,1413,0.0000
OAK,from,1414,0.0000
OAK,from,1415,0.0000
OAK,from,1416,0.0000
OAK,from,1417,0.0000
OAK,from,1418,0.0000
OAK,from,1419,0.0000
OAK,from,1420,0.0000
OAK,from,1421,0.0000
OAK,from,1422,0.0000
OAK,from,1423,0.0007
OAK,from,1424,0.0000
OAK,from,1425,0.0000
OAK,from,1426,0.0000
OAK,from,1427,0.0000
OAK,from,1428,0.0000
OAK,from,1429,0.0000
OAK,from,1430,0.0000
OAK,from,1431,0.0000
OAK,from,1432,0.0000
OAK,from,1433,0.0000
OAK,from,1434,0.0006
OAK,from,1435,0.0000
OAK,from,1436,0.0000
OAK,from,1437,0.0004
OAK,from,1438,0.0000
OAK,from,1439,0.0000
OAK,from,1440,0.0000
OAK,from,1441,0.0000
OAK,from,1442,0.0000
OAK,from,1443,0.0000
OAK,from,1444,0.0000
OAK,from,1445,0.0000
OAK,from,1446,0.0000
OAK,from,1447,0.0000
OAK,from,1448,0.0000
OAK,from,1449,0.0000
OAK,from,1450,0.0000
OAK,from,1451,0.0000
OAK,from,1452,0.0017
OAK,from,1453,0.0000
OAK,from,1454,0.0000
OAK,to,1,0.0000
OAK,to,2,0.0136
OAK,to,3,0.0000
OAK,to,4,0.0273
OAK,to,5,0.0194
OAK,to,6,0.0000
OAK,to,7,0.0191
OAK,to,8,0.0068
OAK,to,9,0.0132
OAK,to,10,0.0045
OAK,to,11,0.0139
OAK,to,12,0.0000
OAK,to,13,0.0077
OAK,to,14,0.0079
OAK,to,15,0.0000
OAK,to,16,0.0128
OAK,to,17,0.0092
OAK,to,18,0.0000
OAK,to,19,0.0046
OAK,to,20,0.0000
OAK,to,21,0.0000
OAK,to,22,0.0101
OAK,to,23,0.0000
OAK,to,24,0.0129
OAK,to,25,0.0098
OAK,to,26,0.0000
OAK,to,27,0.0000
OAK,to,28,0.0030
OAK,to,29,0.0008
OAK,to,30,0.0000
OAK,to,31,0.0000
OAK,to,32,0.0000
OAK,to,33,0.0037
OAK,to,34,0.0092
OAK,to,35,0.0000
OAK,to,36,0.0000
OAK,to,37,0.0030
OAK,to,38,0.0037
OAK,to,39,0.0000
OAK,to,40,0.0000
OAK,to,41,0.0000
OAK,to,42,0.0000
OAK,to,43,0.0000
OAK,to,44,0.0000
OAK,to,45,0.0000
OAK,to,46,0.0000
OAK,to,47,0.0000
OAK,to,48,0.0008
OAK,to,49,0.0000
OAK,to,50,0.0000
OAK,to,51,0.0082
OAK,to,52,0.0000
OAK,to,53,0.0074
OAK,to,54,0.0000
OAK,to,55,0.0000
OAK,to,56,0.0000
OAK,to,57,0.0000
OAK,to,58,0.0000
OAK,to,59,0.0000
OAK,to,60,0.0000
OAK,to,61,0.0000
OAK,to,62,0.0000
OAK,to,63,0.0000
OAK,to,64,0.0000
OAK,to,65,0.0000
OAK,to,66,0.0000
OAK,to,67,0.0000
OAK,to,68,0.0000
OAK,to,69,0.0000
OAK,to,70,0.0000
OAK,to,71,0.0000
OAK,to,72,0.0092
OAK,to,73,0.0031
OAK,to,74,0.0008
OAK,to,75,0.0000
OAK,to,76,0.0000
OAK,to,77,0.0000
OAK,to,78,0.0000
OAK,to,79,0.0029
OAK,to,80,0.0054
OAK,to,81,0.0000
OAK,to,82,0.0038
OAK,to,83,0.0000
OAK,to,84,0.0000
OAK,to,85,0.0000
OAK,to,86,0.0062
OAK,to,87,0.0000
OAK,to,88,0.0000
OAK,to,89,0.0000
OAK,to,90,0.0000
OAK,to,91,0.0000
OAK,to,92,0.0000
OAK,to,93,0.0000
OAK,to,94,0.0000
OAK,to,95,0.0000
OAK,to,96,0.0000
OAK,to,97,0.0000
OAK,to,98,0.0000
OAK,to,99,0.0000
OAK,to,100,0.0030
OAK,to,101,0.0008
OAK,to,102,0.0000
OAK,to,103,0.0042
OAK,to,104,0.0018
OAK,to,105,0.0025
OAK,to,106,0.0188
OAK,to,107,0.0000
OAK,to,108,0.0000
OAK,to,109,0.0196
OAK,to,110,0.0040
OAK,to,111,0.0000
OAK,to,112,0.0000
OAK,to,113,0.0000
OAK,to,114,0.0000
OAK,to,115,0.0051
OAK,to,116,0.0000
OAK,to,117,0.0000
OAK,to,118,0.0000
OAK,to,119,0.0000
OAK,to,120,0.0000
OAK,to,121,0.0000
OAK,to,122,0.0000
OAK,to,123,0.0000
OAK,to,124,0.0000
OAK,to,125,0.0000
OAK,to,126,0.0000
OAK,to,127,0.0000
OAK,to,128,0.0000
OAK,to,129,0.0022
OAK,to,130,0.0009
OAK,to,131,0.0000
OAK,to,132,0.0000
OAK,to,133,0.0000
OAK,to,134,0.0046
OAK,to,135,0.0000
OAK,to,136,0.0000
OAK,to,137,0.0000
OAK,to,138,0.0000
OAK,to,139,0.0000
OAK,to,140,0.0000
OAK,to,141,0.0000
OAK,to,142,0.0000
OAK,to,143,0.0000
OAK,to,144,0.0000
OAK,to,145,0.0000
OAK,to,146,0.0000
OAK,to,147,0.0000
OAK,to,148,0.0009
OAK,to,149,0.0000
OAK,to,150,0.0000
OAK,to,151,0.0000
OAK,to,152,0.0000
OAK,to,153,0.0000
OAK,to,154,0.0000
OAK,to,155,0.0000
OAK,to,156,0.0000
OAK,to,157,0.0000
OAK,to,158,0.0000
OAK,to,159,0.0009
OAK,to,160,0.0012
OAK,to,161,0.0000
OAK,to,162,0.0023
OAK,to,163,0.0000
OAK,to,164,0.0000
OAK,to,165,0.0026
OAK,to,166,0.0000
OAK,to,167,0.0000
OAK,to,168,0.0000
OAK,to,169,0.0032
OAK,to,170,0.0000
OAK,to,171,0.0000
OAK,to,172,0.0000
OAK,to,173,0.0000
OAK,to,174,0.0000
OAK,to,175,0.0000
OAK,to,176,0.0000
OAK,to,177,0.0019
OAK,to,178,0.0015
OAK,to,179,0.0009
OAK,to,180,0.0000
OAK,to,181,0.0000
OAK,to,182,0.0000
OAK,to,183,0.0000
OAK,to,184,0.0009
OAK,to,185,0.0000
OAK,to,186,0.0000
OAK,to,187,0.0000
OAK,to,188,0.0000
OAK,to,189,0.0000
OAK,to,190,0.0000
OAK,to,191,0.0009
OAK,to,192,0.0000
OAK,to,193,0.0000
OAK,to,194,0.0000
OAK,to,195,0.0000
OAK,to,196,0.0000
OAK,to,197,0.0000
OAK,to,198,0.0000
OAK,to,199,0.0000
OAK,to,200,0.0000
OAK,to,201,0.0000
OAK,to,202,0.0000
OAK,to,203,0.0000
OAK,to,204,0.0000
OAK,to,205,0.0000
OAK,to,206,0.0000
OAK,to,207,0.0000
OAK,to,208,0.0009
OAK,to,209,0.0004
OAK,to,210,0.0000
OAK,to,211,0.0000
OAK,to,212,0.0000
OAK,to,213,0.0000
OAK,to,214,0.0002
OAK,to,215,0.0000
OAK,to,216,0.0000
OAK,to,217,0.0000
OAK,to,218,0.0000
OAK,to,219,0.0000
OAK,to,220,0.0000
OAK,to,221,0.0000
OAK,to,222,0.0000
OAK,to,223,0.0000
OAK,to,224,0.0000
OAK,to,225,0.0000
OAK,to,226,0.0000
OAK,to,227,0.0000
OAK,to,228,0.0000
OAK,to,229,0.0000
OAK,to,230,0.0000
OAK,to,231,0.0000
OAK,to,232,0.0000
OAK,to,233,0.0000
OAK,to,234,0.0000
OAK,to,235,0.0000
OAK,to,236,0.0000
OAK,to,237,0.0000
OAK,to,238,0.0000
OAK,to,239,0.0074
OAK,to,240,0.0000
OAK,to,241,0.0000
OAK,to,242,0.0000
OAK,to,243,0.0000
OAK,to,244,0.0000
OAK,to,245,0.0000
OAK,to,246,0.0000
OAK,to,247,0.0000
OAK,to,248,0.0000
OAK,to,249,0.0000
OAK,to,250,0.0000
OAK,to,251,0.0000
OAK,to,252,0.0000
OAK,to,253,0.0000
OAK,to,254,0.0000
OAK,to,255,0.0000
OAK,to,256,0.0000
OAK,to,257,0.0000
OAK,to,258,0.0000
OAK,to,259,0.0000
OAK,to,260,0.0000
OAK,to,261,0.0000
OAK,to,262,0.0000
OAK,to,263,0.0000
OAK,to,264,0.0000
OAK,to,265,0.0000
OAK,to,266,0.0000
OAK,to,267,0.0000
OAK,to,268,0.0000
OAK,to,269,0.0000
OAK,to,270,0.0000
OAK,to,271,0.0000
OAK,to,272,0.0000
OAK,to,273,0.0000
OAK,to,274,0.0000
OAK,to,275,0.0000
OAK,to,276,0.0000
OAK,to,277,0.0000
OAK,to,278,0.0000
OAK,to,279,0.0000
OAK,to,280,0.0000
OAK,to,281,0.0000
OAK,to,282,0.0000
OAK,to,283,0.0000
OAK,to,284,0.0000
OAK,to,285,0.0000
OAK,to,286,0.0000
OAK,to,287,0.0000
OAK,to,288,0.0000
OAK,to,289,0.0000
OAK,to,290,0.0000
OAK,to,291,0.0000
OAK,to,292,0.0000
OAK,to,293,0.0000
OAK,to,294,0.0000
OAK,to,295,0.0000
OAK,to,296,0.0000
OAK,to,297,0.0000
OAK,to,298,0.0000
OAK,to,299,0.0000
OAK,to,300,0.0000
OAK,to,301,0.0000
OAK,to,302,0.0000
OAK,to,303,0.0000
OAK,to,304,0.0000
OAK,to,305,0.0000
OAK,to,306,0.0000
OAK,to,307,0.0000
OAK,to,308,0.0000
OAK,to,309,0.0000
OAK,to,310,0.0000
OAK,to,311,0.0000
OAK,to,312,0.0000
OAK,to,313,0.0000
OAK,to,314,0.0000
OAK,to,315,0.0000
OAK,to,316,0.0000
OAK,to,317,0.0000
OAK,to,318,0.0000
OAK,to,319,0.0000
OAK,to,320,0.0000
OAK,to,321,0.0000
OAK,to,322,0.0000
OAK,to,323,0.0000
OAK,to,324,0.0000
OAK,to,325,0.0000
OAK,to,326,0.0000
OAK,to,327,0.0000
OAK,to,328,0.0000
OAK,to,329,0.0000
OAK,to,330,0.0000
OAK,to,331,0.0000
OAK,to,332,0.0000
OAK,to,333,0.0000
OAK,to,334,0.0000
OAK,to,335,0.0000
OAK,to,336,0.0000
OAK,to,337,0.0000
OAK,to,338,0.0000
OAK,to,339,0.0000
OAK,to,340,0.0000
OAK,to,341,0.0000
OAK,to,342,0.0000
OAK,to,343,0.0000
OAK,to,344,0.0000
OAK,to,345,0.0000
OAK,to,346,0.0000
OAK,to,347,0.0000
OAK,to,348,0.0000
OAK,to,349,0.0000
OAK,to,350,0.0000
OAK,to,351,0.0000
OAK,to,352,0.0000
OAK,to,353,0.0000
OAK,to,354,0.0006
OAK,to,355,0.0000
OAK,to,356,0.0000
OAK,to,357,0.0000
OAK,to,358,0.0011
OAK,to,359,0.0000
OAK,to,360,0.0000
OAK,to,361,0.0000
OAK,to,362,0.0000
OAK,to,363,0.0000
OAK,to,364,0.0000
OAK,to,365,0.0000
OAK,to,366,0.0000
OAK,to,367,0.0000
OAK,to,368,0.0000
OAK,to,369,0.0000
OAK,to,370,0.0000
OAK,to,371,0.0000
OAK,to,372,0.0000
OAK,to,373,0.0000
OAK,to,374,0.0000
OAK,to,375,0.0000
OAK,to,376,0.0000
OAK,to,377,0.0000
OAK,to,378,0.0000
OAK,to,379,0.0000
OAK,to,380,0.0000
OAK,to,381,0.0000
OAK,to,382,0.0000
OAK,to,383,0.0000
OAK,to,384,0.0000
OAK,to,385,0.0000
OAK,to,386,0.0000
OAK,to,387,0.0000
OAK,to,388,0.0000
OAK,to,389,0.0000
OAK,to,390,0.0000
OAK,to,391,0.0000
OAK,to,392,0.0000
OAK,to,393,0.0000
OAK,to,394,0.0000
OAK,to,395,0.0000
OAK,to,396,0.0000
OAK,to,397,0.0000
OAK,to,398,0.0000
OAK,to,399,0.0000
OAK,to,400,0.0000
OAK,to,401,0.0000
OAK,to,402,0.0000
OAK,to,403,0.0000
OAK,to,404,0.0040
OAK,to,405,0.0000
OAK,to,406,0.0000
OAK,to,407,0.0000
OAK,to,408,0.0000
OAK,to,409,0.0000
OAK,to,410,0.0000
OAK,to,411,0.0000
OAK,to,412,0.0000
OAK,to,413,0.0000
OAK,to,414,0.0000
OAK,to,415,0.0000
OAK,to,416,0.0000
OAK,to,417,0.0000
OAK,to,418,0.0000
OAK,to,419,0.0000
OAK,to,420,0.0000
OAK,to,421,0.0000
OAK,to,422,0.0000
OAK,to,423,0.0000
OAK,to,424,0.0000
OAK,to,425,0.0000
OAK,to,426,0.0000
OAK,to,427,0.0000
OAK,to,428,0.0000
OAK,to,429,0.0000
OAK,to,430,0.0000
OAK,to,431,0.0000
OAK,to,432,0.0000
OAK,to,433,0.0000
OAK,to,434,0.0000
OAK,to,435,0.0000
OAK,to,436,0.0000
OAK,to,437,0.0000
OAK,to,438,0.0000
OAK,to,439,0.0000
OAK,to,440,0.0000
OAK,to,441,0.0000
OAK,to,442,0.0000
OAK,to,443,0.0000
OAK,to,444,0.0000
OAK,to,445,0.0000
OAK,to,446,0.0000
OAK,to,447,0.0000
OAK,to,448,0.0000
OAK,to,449,0.0000
OAK,to,450,0.0000
OAK,to,451,0.0000
OAK,to,452,0.0000
OAK,to,453,0.0000
OAK,to,454,0.0000
OAK,to,455,0.0000
OAK,to,456,0.0000
OAK,to,457,0.0000
OAK,to,458,0.0000
OAK,to,459,0.0000
OAK,to,460,0.0000
OAK,to,461,0.0000
OAK,to,462,0.0000
OAK,to,463,0.0000
OAK,to,464,0.0000
OAK,to,465,0.0000
OAK,to,466,0.0000
OAK,to,467,0.0000
OAK,to,468,0.0000
OAK,to,469,0.0000
OAK,to,470,0.0000
OAK,to,471,0.0000
OAK,to,472,0.0000
OAK,to,473,0.0000
OAK,to,474,0.0000
OAK,to,475,0.0000
OAK,to,476,0.0000
OAK,to,477,0.0000
OAK,to,478,0.0000
OAK,to,479,0.0000
OAK,to,480,0.0000
OAK,to,481,0.0000
OAK,to,482,0.0000
OAK,to,483,0.0000
OAK,to,484,0.0000
OAK,to,485,0.0000
OAK,to,486,0.0000
OAK,to,487,0.0000
OAK,to,488,0.0000
OAK,to,489,0.0000
OAK,to,490,0.0000
OAK,to,491,0.0000
OAK,to,492,0.0000
OAK,to,493,0.0000
OAK,to,494,0.0000
OAK,to,495,0.0000
OAK,to,496,0.0000
OAK,to,497,0.0000
OAK,to,498,0.0000
OAK,to,499,0.0000
OAK,to,500,0.0000
OAK,to,501,0.0000
OAK,to,502,0.0000
OAK,to,503,0.0000
OAK,to,504,0.0000
OAK,to,505,0.0000
OAK,to,506,0.0000
OAK,to,507,0.0000
OAK,to,508,0.0000
OAK,to,509,0.0000
OAK,to,510,0.0000
OAK,to,511,0.0000
OAK,to,512,0.0000
OAK,to,513,0.0000
OAK,to,514,0.0000
OAK,to,515,0.0000
OAK,to,516,0.0000
OAK,to,517,0.0000
OAK,to,518,0.0000
OAK,to,519,0.0000
OAK,to,520,0.0000
OAK,to,521,0.0000
OAK,to,522,0.0000
OAK,to,523,0.0000
OAK,to,524,0.0000
OAK,to,525,0.0000
OAK,to,526,0.0000
OAK,to,527,0.0000
OAK,to,528,0.0000
OAK,to,529,0.0000
OAK,to,530,0.0000
OAK,to,531,0.0013
OAK,to,532,0.0000
OAK,to,533,0.0000
OAK,to,534,0.0000
OAK,to,535,0.0000
OAK,to,536,0.0000
OAK,to,537,0.0000
OAK,to,538,0.0000
OAK,to,539,0.0000
OAK,to,540,0.0000
OAK,to,541,0.0000
OAK,to,542,0.0000
OAK,to,543,0.0000
OAK,to,544,0.0000
OAK,to,545,0.0000
OAK,to,546,0.0000
OAK,to,547,0.0009
OAK,to,548,0.0009
OAK,to,549,0.0007
OAK,to,550,0.0000
OAK,to,551,0.0000
OAK,to,552,0.0000
OAK,to,553,0.0000
OAK,to,554,0.0000
OAK,to,555,0.0000
OAK,to,556,0.0000
OAK,to,557,0.0000
OAK,to,558,0.0000
OAK,to,559,0.0000
OAK,to,560,0.0000
OAK,to,561,0.0000
OAK,to,562,0.0000
OAK,to,563,0.0007
OAK,to,564,0.0000
OAK,to,565,0.0000
OAK,to,566,0.0000
OAK,to,567,0.0000
OAK,to,568,0.0000
OAK,to,569,0.0000
OAK,to,570,0.0000
OAK,to,571,0.0000
OAK,to,572,0.0000
OAK,to,573,0.0000
OAK,to,574,0.0000
OAK,to,575,0.0000
OAK,to,576,0.0000
OAK,to,577,0.0000
OAK,to,578,0.0000
OAK,to,579,0.0000
OAK,to,580,0.0000
OAK,to,581,0.0000
OAK,to,582,0.0000
OAK,to,583,0.0000
OAK,to,584,0.0000
OAK,to,585,0.0000
OAK,to,586,0.0000
OAK,to,587,0.0000
OAK,to,588,0.0000
OAK,to,589,0.0000
OAK,to,590,0.0000
OAK,to,591,0.0000
OAK,to,592,0.0000
OAK,to,593,0.0000
OAK,to,594,0.0000
OAK,to,595,0.0000
OAK,to,596,0.0000
OAK,to,597,0.0000
OAK,to,598,0.0006
OAK,to,599,0.0013
OAK,to,600,0.0000
OAK,to,601,0.0000
OAK,to,602,0.0000
OAK,to,603,0.0000
OAK,to,604,0.0000
OAK,to,605,0.0000
OAK,to,606,0.0000
OAK,to,607,0.0000
OAK,to,608,0.0000
OAK,to,609,0.0009
OAK,to,610,0.0000
OAK,to,611,0.0000
OAK,to,612,0.0000
OAK,to,613,0.0000
OAK,to,614,0.0000
OAK,to,615,0.0000
OAK,to,616,0.0000
OAK,to,617,0.0000
OAK,to,618,0.0000
OAK,to,619,0.0000
OAK,to,620,0.0000
OAK,to,621,0.0000
OAK,to,622,0.0012
OAK,to,623,0.0009
OAK,to,624,0.0000
OAK,to,625,0.0000
OAK,to,626,0.0000
OAK,to,627,0.0006
OAK,to,628,0.0000
OAK,to,629,0.0000
OAK,to,630,0.0000
OAK,to,631,0.0000
OAK,to,632,0.0000
OAK,to,633,0.0000
OAK,to,634,0.0000
OAK,to,635,0.0000
OAK,to,636,0.0000
OAK,to,637,0.0007
OAK,to,638,0.0000
OAK,to,639,0.0007
OAK,to,640,0.0000
OAK,to,641,0.0000
OAK,to,642,0.0000
OAK,to,643,0.0000
OAK,to,644,0.0000
OAK,to,645,0.0000
OAK,to,646,0.0000
OAK,to,647,0.0000
OAK,to,648,0.0000
OAK,to,649,0.0000
OAK,to,650,0.0000
OAK,to,651,0.0000
OAK,to,652,0.0000
OAK,to,653,0.0000
OAK,to,654,0.0000
OAK,to,655,0.0000
OAK,to,656,0.0000
OAK,to,657,0.0000
OAK,to,658,0.0000
OAK,to,659,0.0000
OAK,to,660,0.0000
OAK,to,661,0.0000
OAK,to,662,0.0000
OAK,to,663,0.0000
OAK,to,664,0.0000
OAK,to,665,0.0000
OAK,to,666,0.0000
OAK,to,667,0.0000
OAK,to,668,0.0000
OAK,to,669,0.0000
OAK,to,670,0.0000
OAK,to,671,0.0000
OAK,to,672,0.0000
OAK,to,673,0.0000
OAK,to,674,0.0000
OAK,to,675,0.0000
OAK,to,676,0.0002
OAK,to,677,0.0000
OAK,to,678,0.0000
OAK,to,679,0.0000
OAK,to,680,0.0000
OAK,to,681,0.0000
OAK,to,682,0.0000
OAK,to,683,0.0000
OAK,to,684,0.0000
OAK,to,685,0.0000
OAK,to,686,0.0000
OAK,to,687,0.0000
OAK,to,688,0.0000
OAK,to,689,0.0000
OAK,to,690,0.0000
OAK,to,691,0.0000
OAK,to,692,0.0000
OAK,to,693,0.0000
OAK,to,694,0.0000
OAK,to,695,0.0000
OAK,to,696,0.0000
OAK,to,697,0.0000
OAK,to,698,0.0000
OAK,to,699,0.0000
OAK,to,700,0.0000
OAK,to,701,0.0000
OAK,to,702,0.0000
OAK,to,703,0.0000
OAK,to,704,0.0000
OAK,to,705,0.0000
OAK,to,706,0.0000
OAK,to,707,0.0000
OAK,to,708,0.0000
OAK,to,709,0.0000
OAK,to,710,0.0000
OAK,to,711,0.0000
OAK,to,712,0.0000
OAK,to,713,0.0000
OAK,to,714,0.0000
OAK,to,715,0.0000
OAK,to,716,0.0000
OAK,to,717,0.0020
OAK,to,718,0.0000
OAK,to,719,0.0020
OAK,to,720,0.0016
OAK,to,721,0.0030
OAK,to,722,0.0008
OAK,to,723,0.0000
OAK,to,724,0.0000
OAK,to,725,0.0000
OAK,to,726,0.0013
OAK,to,727,0.0000
OAK,to,728,0.0000
OAK,to,729,0.0100
OAK,to,730,0.0051
OAK,to,731,0.0000
OAK,to,732,0.0000
OAK,to,733,0.0061
OAK,to,734,0.0061
OAK,to,735,0.0007
OAK,to,736,0.0039
OAK,to,737,0.0045
OAK,to,738,0.0013
OAK,to,739,0.0057
OAK,to,740,0.0020
OAK,to,741,0.0008
OAK,to,742,0.0033
OAK,to,743,0.0023
OAK,to,744,0.0000
OAK,to,745,0.0000
OAK,to,746,0.0000
OAK,to,747,0.0000
OAK,to,748,0.0000
OAK,to,749,0.0000
OAK,to,750,0.0000
OAK,to,751,0.0000
OAK,to,752,0.0006
OAK,to,753,0.0012
OAK,to,754,0.0006
OAK,to,755,0.0000
OAK,to,756,0.0019
OAK,to,757,0.0006
OAK,to,758,0.0006
OAK,to,759,0.0000
OAK,to,760,0.0013
OAK,to,761,0.0009
OAK,to,762,0.0000
OAK,to,763,0.0015
OAK,to,764,0.0007
OAK,to,765,0.0009
OAK,to,766,0.0000
OAK,to,767,0.0007
OAK,to,768,0.0009
OAK,to,769,0.0000
OAK,to,770,0.0000
OAK,to,771,0.0000
OAK,to,772,0.0000
OAK,to,773,0.0000
OAK,to,774,0.0006
OAK,to,775,0.0000
OAK,to,776,0.0009
OAK,to,777,0.0009
OAK,to,778,0.0034
OAK,to,779,0.0018
OAK,to,780,0.0000
OAK,to,781,0.0007
OAK,to,782,0.0000
OAK,to,783,0.0008
OAK,to,784,0.0009
OAK,to,785,0.0000
OAK,to,786,0.0000
OAK,to,787,0.0006
OAK,to,788,0.0000
OAK,to,789,0.0000
OAK,to,790,0.0000
OAK,to,791,0.0000
OAK,to,792,0.0000
OAK,to,793,0.0000
OAK,to,794,0.0000
OAK,to,795,0.0000
OAK,to,796,0.0018
OAK,to,797,0.0018
OAK,to,798,0.0000
OAK,to,799,0.0000
OAK,to,800,0.0010
OAK,to,801,0.0025
OAK,to,802,0.0000
OAK,to,803,0.0006
OAK,to,804,0.0000
OAK,to,805,0.0000
OAK,to,806,0.0008
OAK,to,807,0.0000
OAK,to,808,0.0000
OAK,to,809,0.0000
OAK,to,810,0.0000
OAK,to,811,0.0016
OAK,to,812,0.0000
OAK,to,813,0.0000
OAK,to,814,0.0000
OAK,to,815,0.0009
OAK,to,816,0.0000
OAK,to,817,0.0015
OAK,to,818,0.0000
OAK,to,819,0.0000
OAK,to,820,0.0000
OAK,to,821,0.0000
OAK,to,822,0.0000
OAK,to,823,0.0009
OAK,to,824,0.0000
OAK,to,825,0.0000
OAK,to,826,0.0000
OAK,to,827,0.0000
OAK,to,828,0.0008
OAK,to,829,0.0000
OAK,to,830,0.0000
OAK,to,831,0.0000
OAK,to,832,0.0008
OAK,to,833,0.0000
OAK,to,834,0.0000
OAK,to,835,0.0000
OAK,to,836,0.0000
OAK,to,837,0.0003
OAK,to,838,0.0009
OAK,to,839,0.0008
OAK,to,840,0.0010
OAK,to,841,0.0018
OAK,to,842,0.0000
OAK,to,843,0.0008
OAK,to,844,0.0000
OAK,to,845,0.0004
OAK,to,846,0.0000
OAK,to,847,0.0016
OAK,to,848,0.0012
OAK,to,849,0.0004
OAK,to,850,0.0004
OAK,to,851,0.0000
OAK,to,852,0.0000
OAK,to,853,0.0002
OAK,to,854,0.0002
OAK,to,855,0.0000
OAK,to,856,0.0000
OAK,to,857,0.0001
OAK,to,858,0.0000
OAK,to,859,0.0000
OAK,to,860,0.0000
OAK,to,861,0.0001
OAK,to,862,0.0005
OAK,to,863,0.0000
OAK,to,864,0.0001
OAK,to,865,0.0000
OAK,to,866,0.0001
OAK,to,867,0.0013
OAK,to,868,0.0001
OAK,to,869,0.0000
OAK,to,870,0.0000
OAK,to,871,0.0002
OAK,to,872,0.0000
OAK,to,873,0.0000
OAK,to,874,0.0000
OAK,to,875,0.0108
OAK,to,876,0.0000
OAK,to,877,0.0000
OAK,to,878,0.0000
OAK,to,879,0.0000
OAK,to,880,0.0000
OAK,to,881,0.0000
OAK,to,882,0.0000
OAK,to,883,0.0000
OAK,to,884,0.0000
OAK,to,885,0.0009
OAK,to,886,0.0000
OAK,to,887,0.0000
OAK,to,888,0.0000
OAK,to,889,0.0000
OAK,to,890,0.0000
OAK,to,891,0.0000
OAK,to,892,0.0000
OAK,to,893,0.0000
OAK,to,894,0.0000
OAK,to,895,0.0116
OAK,to,896,0.0000
OAK,to,897,0.0000
OAK,to,898,0.0000
OAK,to,899,0.0000
OAK,to,900,0.0174
OAK,to,901,0.0000
OAK,to,902,0.0027
OAK,to,903,0.0000
OAK,to,904,0.0000
OAK,to,905,0.0011
OAK,to,906,0.0000
OAK,to,907,0.0000
OAK,to,908,0.0000
OAK,to,909,0.0000
OAK,to,910,0.0000
OAK,to,911,0.0000
OAK,to,912,0.0000
OAK,to,913,0.0055
OAK,to,914,0.0000
OAK,to,915,0.0019
OAK,to,916,0.0054
OAK,to,917,0.0000
OAK,to,918,0.0000
OAK,to,919,0.0000
OAK,to,920,0.0000
OAK,to,921,0.0000
OAK,to,922,0.0000
OAK,to,923,0.0000
OAK,to,924,0.0000
OAK,to,925,0.0005
OAK,to,926,0.0025
OAK,to,927,0.0010
OAK,to,928,0.0000
OAK,to,929,0.0000
OAK,to,930,0.0000
OAK,to,931,0.0000
OAK,to,932,0.0067
OAK,to,933,0.0000
OAK,to,934,0.0000
OAK,to,935,0.0000
OAK,to,936,0.0000
OAK,to,937,0.0000
OAK,to,938,0.0012
OAK,to,939,0.0000
OAK,to,940,0.0000
OAK,to,941,0.0000
OAK,to,942,0.0000
OAK,to,943,0.0020
OAK,to,944,0.0010
OAK,to,945,0.0118
OAK,to,946,0.0019
OAK,to,947,0.0000
OAK,to,948,0.0000
OAK,to,949,0.0000
OAK,to,950,0.0000
OAK,to,951,0.0000
OAK,to,952,0.0000
OAK,to,953,0.0061
OAK,to,954,0.0000
OAK,to,955,0.0000
OAK,to,956,0.0000
OAK,to,957,0.0011
OAK,to,958,0.0000
OAK,to,959,0.0010
OAK,to,960,0.0000
OAK,to,961,0.0000
OAK,to,962,0.0000
OAK,to,963,0.0000
OAK,to,964,0.0000
OAK,to,965,0.0023
OAK,to,966,0.0000
OAK,to,967,0.0033
OAK,to,968,0.0101
OAK,to,969,0.0129
OAK,to,970,0.0075
OAK,to,971,0.0188
OAK,to,972,0.0013
OAK,to,973,0.0060
OAK,to,974,0.0008
OAK,to,975,0.0011
OAK,to,976,0.0109
OAK,to,977,0.0025
OAK,to,978,0.0007
OAK,to,979,0.0037
OAK,to,980,0.0000
OAK,to,981,0.0002
OAK,to,982,0.0002
OAK,to,983,0.0029
OAK,to,984,0.0007
OAK,to,985,0.0000
OAK,to,986,0.0004
OAK,to,987,0.0009
OAK,to,988,0.0017
OAK,to,989,0.0000
OAK,to,990,0.0000
OAK,to,991,0.0008
OAK,to,992,0.0000
OAK,to,993,0.0032
OAK,to,994,0.0011
OAK,to,995,0.0082
OAK,to,996,0.0000
OAK,to,997,0.0000
OAK,to,998,0.0039
OAK,to,999,0.0016
OAK,to,1000,0.0010
OAK,to,1001,0.0019
OAK,to,1002,0.0011
OAK,to,1003,0.0044
OAK,to,1004,0.0030
OAK,to,1005,0.0000
OAK,to,1006,0.0012
OAK,to,1007,0.0000
OAK,to,1008,0.0064
OAK,to,1009,0.0000
OAK,to,1010,0.0024
OAK,to,1011,0.0037
OAK,to,1012,0.0044
OAK,to,1013,0.0011
OAK,to,1014,0.0010
OAK,to,1015,0.0016
OAK,to,1016,0.0011
OAK,to,1017,0.0136
OAK,to,1018,0.0147
OAK,to,1019,0.0392
OAK,to,1020,0.0020
OAK,to,1021,0.0020
OAK,to,1022,0.0028
OAK,to,1023,0.0090
OAK,to,1024,0.0000
OAK,to,1025,0.0053
OAK,to,1026,0.0022
OAK,to,1027,0.0000
OAK,to,1028,0.0000
OAK,to,1029,0.0011
OAK,to,1030,0.0000
OAK,to,1031,0.0023
OAK,to,1032,0.0000
OAK,to,1033,0.0014
OAK,to,1034,0.0000
OAK,to,1035,0.0028
OAK,to,1036,0.0000
OAK,to,1037,0.0000
OAK,to,1038,0.0000
OAK,to,1039,0.0020
OAK,to,1040,0.0000
OAK,to,1041,0.0000
OAK,to,1042,0.0000
OAK,to,1043,0.0000
OAK,to,1044,0.0000
OAK,to,1045,0.0009
OAK,to,1046,0.0016
OAK,to,1047,0.0041
OAK,to,1048,0.0000
OAK,to,1049,0.0034
OAK,to,1050,0.0008
OAK,to,1051,0.0015
OAK,to,1052,0.0022
OAK,to,1053,0.0007
OAK,to,1054,0.0000
OAK,to,1055,0.0000
OAK,to,1056,0.0000
OAK,to,1057,0.0017
OAK,to,1058,0.0000
OAK,to,1059,0.0000
OAK,to,1060,0.0000
OAK,to,1061,0.0006
OAK,to,1062,0.0036
OAK,to,1063,0.0022
OAK,to,1064,0.0000
OAK,to,1065,0.0009
OAK,to,1066,0.0046
OAK,to,1067,0.0000
OAK,to,1068,0.0000
OAK,to,1069,0.0015
OAK,to,1070,0.0000
OAK,to,1071,0.0000
OAK,to,1072,0.0000
OAK,to,1073,0.0000
OAK,to,1074,0.0008
OAK,to,1075,0.0000
OAK,to,1076,0.0000
OAK,to,1077,0.0000
OAK,to,1078,0.0000
OAK,to,1079,0.0000
OAK,to,1080,0.0000
OAK,to,1081,0.0006
OAK,to,1082,0.0000
OAK,to,1083,0.0015
OAK,to,1084,0.0000
OAK,to,1085,0.0000
OAK,to,1086,0.0000
OAK,to,1087,0.0000
OAK,to,1088,0.0000
OAK,to,1089,0.0000
OAK,to,1090,0.0015
OAK,to,1091,0.0015
OAK,to,1092,0.0009
OAK,to,1093,0.0000
OAK,to,1094,0.0013
OAK,to,1095,0.0000
OAK,to,1096,0.0011
OAK,to,1097,0.0000
OAK,to,1098,0.0000
OAK,to,1099,0.0000
OAK,to,1100,0.0011
OAK,to,1101,0.0000
OAK,to,1102,0.0000
OAK,to,1103,0.0000
OAK,to,1104,0.0000
OAK,to,1105,0.0000
OAK,to,1106,0.0000
OAK,to,1107,0.0000
OAK,to,1108,0.0020
OAK,to,1109,0.0011
OAK,to,1110,0.0104
OAK,to,1111,0.0008
OAK,to,1112,0.0004
OAK,to,1113,0.0011
OAK,to,1114,0.0000
OAK,to,1115,0.0000
OAK,to,1116,0.0032
OAK,to,1117,0.0011
OAK,to,1118,0.0000
OAK,to,1119,0.0000
OAK,to,1120,0.0000
OAK,to,1121,0.0070
OAK,to,1122,0.0030
OAK,to,1123,0.0012
OAK,to,1124,0.0000
OAK,to,1125,0.0008
OAK,to,1126,0.0011
OAK,to,1127,0.0000
OAK,to,1128,0.0030
OAK,to,1129,0.0071
OAK,to,1130,0.0000
OAK,to,1131,0.0000
OAK,to,1132,0.0015
OAK,to,1133,0.0013
OAK,to,1134,0.0048
OAK,to,1135,0.0032
OAK,to,1136,0.0070
OAK,to,1137,0.0009
OAK,to,1138,0.0019
OAK,to,1139,0.0009
OAK,to,1140,0.0000
OAK,to,1141,0.0013
OAK,to,1142,0.0000
OAK,to,1143,0.0012
OAK,to,1144,0.0039
OAK,to,1145,0.0066
OAK,to,1146,0.0032
OAK,to,1147,0.0011
OAK,to,1148,0.0057
OAK,to,1149,0.0008
OAK,to,1150,0.0000
OAK,to,1151,0.0010
OAK,to,1152,0.0007
OAK,to,1153,0.0022
OAK,to,1154,0.0028
OAK,to,1155,0.0000
OAK,to,1156,0.0008
OAK,to,1157,0.0002
OAK,to,1158,0.0000
OAK,to,1159,0.0016
OAK,to,1160,0.0006
OAK,to,1161,0.0000
OAK,to,1162,0.0000
OAK,to,1163,0.0018
OAK,to,1164,0.0000
OAK,to,1165,0.0000
OAK,to,1166,0.0041
OAK,to,1167,0.0014
OAK,to,1168,0.0000
OAK,to,1169,0.0007
OAK,to,1170,0.0027
OAK,to,1171,0.0022
OAK,to,1172,0.0000
OAK,to,1173,0.0000
OAK,to,1174,0.0000
OAK,to,1175,0.0013
OAK,to,1176,0.0007
OAK,to,1177,0.0006
OAK,to,1178,0.0000
OAK,to,1179,0.0000
OAK,to,1180,0.0000
OAK,to,1181,0.0000
OAK,to,1182,0.0000
OAK,to,1183,0.0000
OAK,to,1184,0.0037
OAK,to,1185,0.0018
OAK,to,1186,0.0000
OAK,to,1187,0.0000
OAK,to,1188,0.0000
OAK,to,1189,0.0000
OAK,to,1190,0.0000
OAK,to,1191,0.0000
OAK,to,1192,0.0000
OAK,to,1193,0.0000
OAK,to,1194,0.0000
OAK,to,1195,0.0014
OAK,to,1196,0.0000
OAK,to,1197,0.0000
OAK,to,1198,0.0029
OAK,to,1199,0.0000
OAK,to,1200,0.0039
OAK,to,1201,0.0000
OAK,to,1202,0.0000
OAK,to,1203,0.0000
OAK,to,1204,0.0000
OAK,to,1205,0.0000
OAK,to,1206,0.0000
OAK,to,1207,0.0000
OAK,to,1208,0.0000
OAK,to,1209,0.0060
OAK,to,1210,0.0000
OAK,to,1211,0.0000
OAK,to,1212,0.0006
OAK,to,1213,0.0000
OAK,to,1214,0.0000
OAK,to,1215,0.0000
OAK,to,1216,0.0000
OAK,to,1217,0.0000
OAK,to,1218,0.0000
OAK,to,1219,0.0000
OAK,to,1220,0.0000
OAK,to,1221,0.0000
OAK,to,1222,0.0000
OAK,to,1223,0.0000
OAK,to,1224,0.0000
OAK,to,1225,0.0000
OAK,to,1226,0.0000
OAK,to,1227,0.0000
OAK,to,1228,0.0000
OAK,to,1229,0.0000
OAK,to,1230,0.0000
OAK,to,1231,0.0000
OAK,to,1232,0.0000
OAK,to,1233,0.0000
OAK,to,1234,0.0000
OAK,to,1235,0.0000
OAK,to,1236,0.0000
OAK,to,1237,0.0000
OAK,to,1238,0.0000
OAK,to,1239,0.0000
OAK,to,1240,0.0000
OAK,to,1241,0.0000
OAK,to,1242,0.0000
OAK,to,1243,0.0000
OAK,to,1244,0.0000
OAK,to,1245,0.0000
OAK,to,1246,0.0000
OAK,to,1247,0.0000
OAK,to,1248,0.0000
OAK,to,1249,0.0000
OAK,to,1250,0.0000
OAK,to,1251,0.0000
OAK,to,1252,0.0000
OAK,to,1253,0.0000
OAK,to,1254,0.0000
OAK,to,1255,0.0000
OAK,to,1256,0.0000
OAK,to,1257,0.0000
OAK,to,1258,0.0000
OAK,to,1259,0.0000
OAK,to,1260,0.0000
OAK,to,1261,0.0000
OAK,to,1262,0.0000
OAK,to,1263,0.0000
OAK,to,1264,0.0000
OAK,to,1265,0.0000
OAK,to,1266,0.0000
OAK,to,1267,0.0000
OAK,to,1268,0.0000
OAK,to,1269,0.0000
OAK,to,1270,0.0000
OAK,to,1271,0.0000
OAK,to,1272,0.0000
OAK,to,1273,0.0000
OAK,to,1274,0.0000
OAK,to,1275,0.0000
OAK,to,1276,0.0000
OAK,to,1277,0.0000
OAK,to,1278,0.0000
OAK,to,1279,0.0000
OAK,to,1280,0.0000
OAK,to,1281,0.0000
OAK,to,1282,0.0000
OAK,to,1283,0.0000
OAK,to,1284,0.0000
OAK,to,1285,0.0000
OAK,to,1286,0.0000
OAK,to,1287,0.0000
OAK,to,1288,0.0000
OAK,to,1289,0.0000
OAK,to,1290,0.0000
OAK,to,1291,0.0000
OAK,to,1292,0.0000
OAK,to,1293,0.0000
OAK,to,1294,0.0000
OAK,to,1295,0.0000
OAK,to,1296,0.0000
OAK,to,1297,0.0000
OAK,to,1298,0.0000
OAK,to,1299,0.0000
OAK,to,1300,0.0000
OAK,to,1301,0.0000
OAK,to,1302,0.0000
OAK,to,1303,0.0000
OAK,to,1304,0.0000
OAK,to,1305,0.0000
OAK,to,1306,0.0000
OAK,to,1307,0.0000
OAK,to,1308,0.0000
OAK,to,1309,0.0000
OAK,to,1310,0.0000
OAK,to,1311,0.0000
OAK,to,1312,0.0000
OAK,to,1313,0.0000
OAK,to,1314,0.0000
OAK,to,1315,0.0000
OAK,to,1316,0.0000
OAK,to,1317,0.0000
OAK,to,1318,0.0000
OAK,to,1319,0.0000
OAK,to,1320,0.0000
OAK,to,1321,0.0000
OAK,to,1322,0.0000
OAK,to,1323,0.0000
OAK,to,1324,0.0000
OAK,to,1325,0.0000
OAK,to,1326,0.0000
OAK,to,1327,0.0000
OAK,to,1328,0.0000
OAK,to,1329,0.0000
OAK,to,1330,0.0000
OAK,to,1331,0.0000
OAK,to,1332,0.0000
OAK,to,1333,0.0000
OAK,to,1334,0.0000
OAK,to,1335,0.0000
OAK,to,1336,0.0000
OAK,to,1337,0.0000
OAK,to,1338,0.0000
OAK,to,1339,0.0000
OAK,to,1340,0.0000
OAK,to,1341,0.0000
OAK,to,1342,0.0000
OAK,to,1343,0.0000
OAK,to,1344,0.0000
OAK,to,1345,0.0000
OAK,to,1346,0.0000
OAK,to,1347,0.0000
OAK,to,1348,0.0000
OAK,to,1349,0.0000
OAK,to,1350,0.0000
OAK,to,1351,0.0000
OAK,to,1352,0.0000
OAK,to,1353,0.0000
OAK,to,1354,0.0000
OAK,to,1355,0.0000
OAK,to,1356,0.0000
OAK,to,1357,0.0000
OAK,to,1358,0.0000
OAK,to,1359,0.0000
OAK,to,1360,0.0000
OAK,to,1361,0.0000
OAK,to,1362,0.0000
OAK,to,1363,0.0000
OAK,to,1364,0.0000
OAK,to,1365,0.0000
OAK,to,1366,0.0000
OAK,to,1367,0.0000
OAK,to,1368,0.0000
OAK,to,1369,0.0000
OAK,to,1370,0.0000
OAK,to,1371,0.0000
OAK,to,1372,0.0000
OAK,to,1373,0.0000
OAK,to,1374,0.0000
OAK,to,1375,0.0000
OAK,to,1376,0.0000
OAK,to,1377,0.0000
OAK,to,1378,0.0000
OAK,to,1379,0.0000
OAK,to,1380,0.0000
OAK,to,1381,0.0000
OAK,to,1382,0.0000
OAK,to,1383,0.0000
OAK,to,1384,0.0000
OAK,to,1385,0.0000
OAK,to,1386,0.0000
OAK,to,1387,0.0000
OAK,to,1388,0.0000
OAK,to,1389,0.0000
OAK,to,1390,0.0000
OAK,to,1391,0.0000
OAK,to,1392,0.0000
OAK,to,1393,0.0000
OAK,to,1394,0.0000
OAK,to,1395,0.0000
OAK,to,1396,0.0000
OAK,to,1397,0.0000
OAK,to,1398,0.0000
OAK,to,1399,0.0000
OAK,to,1400,0.0000
OAK,to,1401,0.0000
OAK,to,1402,0.0000
OAK,to,1403,0.0000
OAK,to,1404,0.0000
OAK,to,1405,0.0000
OAK,to,1406,0.0000
OAK,to,1407,0.0000
OAK,to,1408,0.0000
OAK,to,1409,0.0000
OAK,to,1410,0.0000
OAK,to,1411,0.0000
OAK,to,1412,0.0000
OAK,to,1413,0.0000
OAK,to,1414,0.0000
OAK,to,1415,0.0000
OAK,to,1416,0.0000
OAK,to,1417,0.0000
OAK,to,1418,0.0000
OAK,to,1419,0.0000
OAK,to,1420,0.0000
OAK,to,1421,0.0000
OAK,to,1422,0.0000
OAK,to,1423,0.0000
OAK,to,1424,0.0000
OAK,to,1425,0.0000
OAK,to,1426,0.0000
OAK,to,1427,0.0000
OAK,to,1428,0.0000
OAK,to,1429,0.0000
OAK,to,1430,0.0000
OAK,to,1431,0.0000
OAK,to,1432,0.0000
OAK,to,1433,0.0000
OAK,to,1434,0.0000
OAK,to,1435,0.0000
OAK,to,1436,0.0000
OAK,to,1437,0.0000
OAK,to,1438,0.0010
OAK,to,1439,0.0000
OAK,to,1440,0.0000
OAK,to,1441,0.0000
OAK,to,1442,0.0000
OAK,to,1443,0.0000
OAK,to,1444,0.0000
OAK,to,1445,0.0000
OAK,to,1446,0.0000
OAK,to,1447,0.0000
OAK,to,1448,0.0000
OAK,to,1449,0.0000
OAK,to,1450,0.0000
OAK,to,1451,0.0000
OAK,to,1452,0.0000
OAK,to,1453,0.0000
OAK,to,1454,0.0000
SFO,from,1,0.0067
SFO,from,2,0.0063
SFO,from,3,0.0068
SFO,from,4,0.0118
SFO,from,5,0.0570
SFO,from,6,0.0186
SFO,from,7,0.0530
SFO,from,8,0.0117
SFO,from,9,0.0109
SFO,from,10,0.0132
SFO,from,11,0.0229
SFO,from,12,0.0269
SFO,from,13,0.0045
SFO,from,14,0.0034
SFO,from,15,0.0051
SFO,from,16,0.0078
SFO,from,17,0.0019
SFO,from,18,0.0000
SFO,from,19,0.0000
SFO,from,20,0.0102
SFO,from,21,0.0099
SFO,from,22,0.0170
SFO,from,23,0.0043
SFO,from,24,0.0084
SFO,from,25,0.0000
SFO,from,26,0.0008
SFO,from,27,0.0035
SFO,from,28,0.0061
SFO,from,29,0.0027
SFO,from,30,0.0101
SFO,from,31,0.0092
SFO,from,32,0.0043
SFO,from,33,0.0038
SFO,from,34,0.0033
SFO,from,35,0.0068
SFO,from,36,0.0032
SFO,from,37,0.0051
SFO,from,38,0.0012
SFO,from,39,0.0000
SFO,from,40,0.0026
SFO,from,41,0.0102
SFO,from,42,0.0007
SFO,from,43,0.0006
SFO,from,44,0.0032
SFO,from,45,0.0000
SFO,from,46,0.0000
SFO,from,47,0.0000
SFO,from,48,0.0014
SFO,from,49,0.0007
SFO,from,50,0.0013
SFO,from,51,0.0000
SFO,from,52,0.0013
SFO,from,53,0.0011
SFO,from,54,0.0000
SFO,from,55,0.0000
SFO,from,56,0.0000
SFO,from,57,0.0000
SFO,from,58,0.0000
SFO,from,59,0.0000
SFO,from,60,0.0012
SFO,from,61,0.0000
SFO,from,62,0.0024
SFO,from,63,0.0000
SFO,from,64,0.0000
SFO,from,65,0.0000
SFO,from,66,0.0000
SFO,from,67,0.0017
SFO,from,68,0.0004
SFO,from,69,0.0007
SFO,from,70,0.0017
SFO,from,71,0.0011
SFO,from,72,0.0029
SFO,from,73,0.0000
SFO,from,74,0.0035
SFO,from,75,0.0013
SFO,from,76,0.0017
SFO,from,77,0.0019
SFO,from,78,0.0018
SFO,from,79,0.0013
SFO,from,80,0.0021
SFO,from,81,0.0044
SFO,from,82,0.0007
SFO,from,83,0.0013
SFO,from,84,0.0032
SFO,from,85,0.0040
SFO,from,86,0.0000
SFO,from,87,0.0000
SFO,from,88,0.0037
SFO,from,89,0.0017
SFO,from,90,0.0013
SFO,from,91,0.0004
SFO,from,92,0.0000
SFO,from,93,0.0000
SFO,from,94,0.0023
SFO,from,95,0.0009
SFO,from,96,0.0000
SFO,from,97,0.0010
SFO,from,98,0.0007
SFO,from,99,0.0020
SFO,from,100,0.0097
SFO,from,101,0.0031
SFO,from,102,0.0045
SFO,from,103,0.0018
SFO,from,104,0.0019
SFO,from,105,0.0073
SFO,from,106,0.0073
SFO,from,107,0.0031
SFO,from,108,0.0000
SFO,from,109,0.0000
SFO,from,110,0.0008
SFO,from,111,0.0000
SFO,from,112,0.0000
SFO,from,113,0.0000
SFO,from,114,0.0000
SFO,from,115,0.0000
SFO,from,116,0.0044
SFO,from,117,0.0004
SFO,from,118,0.0046
SFO,from,119,0.0009
SFO,from,120,0.0000
SFO,from,121,0.0000
SFO,from,122,0.0000
SFO,from,123,0.0007
SFO,from,124,0.0010
SFO,from,125,0.0000
SFO,from,126,0.0000
SFO,from,127,0.0036
SFO,from,128,0.0005
SFO,from,129,0.0002
SFO,from,130,0.0045
SFO,from,131,0.0017
SFO,from,132,0.0017
SFO,from,133,0.0017
SFO,from,134,0.0081
SFO,from,135,0.0000
SFO,from,136,0.0000
SFO,from,137,0.0000
SFO,from,138,0.0000
SFO,from,139,0.0000
SFO,from,140,0.0000
SFO,from,141,0.0000
SFO,from,142,0.0000
SFO,from,143,0.0000
SFO,from,144,0.0000
SFO,from,145,0.0000
SFO,from,146,0.0000
SFO,from,147,0.0000
SFO,from,148,0.0000
SFO,from,149,0.0000
SFO,from,150,0.0000
SFO,from,151,0.0000
SFO,from,152,0.0000
SFO,from,153,0.0000
SFO,from,154,0.0000
SFO,from,155,0.0000
SFO,from,156,0.0000
SFO,from,157,0.0000
SFO,from,158,0.0000
SFO,from,159,0.0005
SFO,from,160,0.0000
SFO,from,161,0.0000
SFO,from,162,0.0007
SFO,from,163,0.0000
SFO,from,164,0.0000
SFO,from,165,0.0000
SFO,from,166,0.0007
SFO,from,167,0.0009
SFO,from,168,0.0023
SFO,from,169,0.0000
SFO,from,170,0.0000
SFO,from,171,0.0000
SFO,from,172,0.0000
SFO,from,173,0.0000
SFO,from,174,0.0000
SFO,from,175,0.0000
SFO,from,176,0.0040
SFO,from,177,0.0045
SFO,from,178,0.0000
SFO,from,179,0.0000
SFO,from,180,0.0017
SFO,from,181,0.0000
SFO,from,182,0.0000
SFO,from,183,0.0000
SFO,from,184,0.0004
SFO,from,185,0.0000
SFO,from,186,0.0008
SFO,from,187,0.0000
SFO,from,188,0.0004
SFO,from,189,0.0005
SFO,from,190,0.0007
SFO,from,191,0.0012
SFO,from,192,0.0009
SFO,from,193,0.0029
SFO,from,194,0.0009
SFO,from,195,0.0010
SFO,from,196,0.0000
SFO,from,197,0.0000
SFO,from,198,0.0000
SFO,from,199,0.0010
SFO,from,200,0.0008
SFO,from,201,0.0013
SFO,from,202,0.0022
SFO,from,203,0.0007
SFO,from,204,0.0021
SFO,from,205,0.0007
SFO,from,206,0.0000
SFO,from,207,0.0000
SFO,from,208,0.0012
SFO,from,209,0.0000
SFO,from,210,0.0021
SFO,from,211,0.0004
SFO,from,212,0.0002
SFO,from,213,0.0000
SFO,from,214,0.0004
SFO,from,215,0.0000
SFO,from,216,0.0000
SFO,from,217,0.0004
SFO,from,218,0.0000
SFO,from,219,0.0000
SFO,from,220,0.0000
SFO,from,221,0.0000
SFO,from,222,0.0000
SFO,from,223,0.0000
SFO,from,224,0.0000
SFO,from,225,0.0000
SFO,from,226,0.0000
SFO,from,227,0.0000
SFO,from,228,0.0000
SFO,from,229,0.0000
SFO,from,230,0.0000
SFO,from,231,0.0004
SFO,from,232,0.0000
SFO,from,233,0.0000
SFO,from,234,0.0034
SFO,from,235,0.0000
SFO,from,236,0.0004
SFO,from,237,0.0019
SFO,from,238,0.0000
SFO,from,239,0.0000
SFO,from,240,0.0056
SFO,from,241,0.0000
SFO,from,242,0.0000
SFO,from,243,0.0000
SFO,from,244,0.0006
SFO,from,245,0.0015
SFO,from,246,0.0009
SFO,from,247,0.0008
SFO,from,248,0.0000
SFO,from,249,0.0010
SFO,from,250,0.0010
SFO,from,251,0.0014
SFO,from,252,0.0006
SFO,from,253,0.0006
SFO,from,254,0.0006
SFO,from,255,0.0000
SFO,from,256,0.0000
SFO,from,257,0.0014
SFO,from,258,0.0000
SFO,from,259,0.0000
SFO,from,260,0.0004
SFO,from,261,0.0000
SFO,from,262,0.0000
SFO,from,263,0.0000
SFO,from,264,0.0000
SFO,from,265,0.0000
SFO,from,266,0.0000
SFO,from,267,0.0000
SFO,from,268,0.0003
SFO,from,269,0.0000
SFO,from,270,0.0000
SFO,from,271,0.0000
SFO,from,272,0.0000
SFO,from,273,0.0000
SFO,from,274,0.0163
SFO,from,275,0.0000
SFO,from,276,0.0000
SFO,from,277,0.0000
SFO,from,278,0.0000
SFO,from,279,0.0000
SFO,from,280,0.0000
SFO,from,281,0.0000
SFO,from,282,0.0000
SFO,from,283,0.0000
SFO,from,284,0.0000
SFO,from,285,0.0000
SFO,from,286,0.0000
SFO,from,287,0.0000
SFO,from,288,0.0000
SFO,from,289,0.0000
SFO,from,290,0.0000
SFO,from,291,0.0000
SFO,from,292,0.0000
SFO,from,293,0.0000
SFO,from,294,0.0000
SFO,from,295,0.0000
SFO,from,296,0.0000
SFO,from,297,0.0000
SFO,from,298,0.0000
SFO,from,299,0.0000
SFO,from,300,0.0000
SFO,from,301,0.0000
SFO,from,302,0.0000
SFO,from,303,0.0006
SFO,from,304,0.0000
SFO,from,305,0.0000
SFO,from,306,0.0000
SFO,from,307,0.0000
SFO,from,308,0.0000
SFO,from,309,0.0000
SFO,from,310,0.0008
SFO,from,311,0.0004
SFO,from,312,0.0000
SFO,from,313,0.0000
SFO,from,314,0.0003
SFO,from,315,0.0000
SFO,from,316,0.0000
SFO,from,317,0.0008
SFO,from,318,0.0000
SFO,from,319,0.0000
SFO,from,320,0.0000
SFO,from,321,0.0000
SFO,from,322,0.0000
SFO,from,323,0.0000
SFO,from,324,0.0000
SFO,from,325,0.0000
SFO,from,326,0.0013
SFO,from,327,0.0000
SFO,from,328,0.0000
SFO,from,329,0.0000
SFO,from,330,0.0000
SFO,from,331,0.0000
SFO,from,332,0.0000
SFO,from,333,0.0000
SFO,from,334,0.0000
SFO,from,335,0.0000
SFO,from,336,0.0000
SFO,from,337,0.0000
SFO,from,338,0.0006
SFO,from,339,0.0000
SFO,from,340,0.0007
SFO,from,341,0.0019
SFO,from,342,0.0000
SFO,from,343,0.0000
SFO,from,344,0.0000
SFO,from,345,0.0006
SFO,from,346,0.0000
SFO,from,347,0.0005
SFO,from,348,0.0000
SFO,from,349,0.0002
SFO,from,350,0.0000
SFO,from,351,0.0004
SFO,from,352,0.0000
SFO,from,353,0.0000
SFO,from,354,0.0018
SFO,from,355,0.0008
SFO,from,356,0.0033
SFO,from,357,0.0009
SFO,from,358,0.0021
SFO,from,359,0.0005
SFO,from,360,0.0000
SFO,from,361,0.0000
SFO,from,362,0.0000
SFO,from,363,0.0000
SFO,from,364,0.0000
SFO,from,365,0.0005
SFO,from,366,0.0006
SFO,from,367,0.0006
SFO,from,368,0.0000
SFO,from,369,0.0000
SFO,from,370,0.0000
SFO,from,371,0.0000
SFO,from,372,0.0003
SFO,from,373,0.0000
SFO,from,374,0.0000
SFO,from,375,0.0000
SFO,from,376,0.0010
SFO,from,377,0.0010
SFO,from,378,0.0010
SFO,from,379,0.0002
SFO,from,380,0.0000
SFO,from,381,0.0000
SFO,from,382,0.0003
SFO,from,383,0.0000
SFO,from,384,0.0000
SFO,from,385,0.0000
SFO,from,386,0.0000
SFO,from,387,0.0000
SFO,from,388,0.0000
SFO,from,389,0.0021
SFO,from,390,0.0005
SFO,from,391,0.0000
SFO,from,392,0.0000
SFO,from,393,0.0000
SFO,from,394,0.0010
SFO,from,395,0.0000
SFO,from,396,0.0000
SFO,from,397,0.0000
SFO,from,398,0.0000
SFO,from,399,0.0000
SFO,from,400,0.0000
SFO,from,401,0.0003
SFO,from,402,0.0000
SFO,from,403,0.0002
SFO,from,404,0.0000
SFO,from,405,0.0000
SFO,from,406,0.0000
SFO,from,407,0.0000
SFO,from,408,0.0002
SFO,from,409,0.0000
SFO,from,410,0.0000
SFO,from,411,0.0000
SFO,from,412,0.0000
SFO,from,413,0.0000
SFO,from,414,0.0000
SFO,from,415,0.0000
SFO,from,416,0.0000
SFO,from,417,0.0000
SFO,from,418,0.0000
SFO,from,419,0.0000
SFO,from,420,0.0000
SFO,from,421,0.0000
SFO,from,422,0.0004
SFO,from,423,0.0000
SFO,from,424,0.0004
SFO,from,425,0.0000
SFO,from,426,0.0000
SFO,from,427,0.0000
SFO,from,428,0.0000
SFO,from,429,0.0000
SFO,from,430,0.0002
SFO,from,431,0.0000
SFO,from,432,0.0000
SFO,from,433,0.0005
SFO,from,434,0.0017
SFO,from,435,0.0002
SFO,from,436,0.0000
SFO,from,437,0.0000
SFO,from,438,0.0000
SFO,from,439,0.0000
SFO,from,440,0.0000
SFO,from,441,0.0000
SFO,from,442,0.0000
SFO,from,443,0.0000
SFO,from,444,0.0000
SFO,from,445,0.0003
SFO,from,446,0.0000
SFO,from,447,0.0000
SFO,from,448,0.0004
SFO,from,449,0.0000
SFO,from,450,0.0002
SFO,from,451,0.0002
SFO,from,452,0.0000
SFO,from,453,0.0000
SFO,from,454,0.0000
SFO,from,455,0.0000
SFO,from,456,0.0000
SFO,from,457,0.0000
SFO,from,458,0.0000
SFO,from,459,0.0000
SFO,from,460,0.0006
SFO,from,461,0.0000
SFO,from,462,0.0000
SFO,from,463,0.0000
SFO,from,464,0.0004
SFO,from,465,0.0000
SFO,from,466,0.0000
SFO,from,467,0.0000
SFO,from,468,0.0000
SFO,from,469,0.0000
SFO,from,470,0.0000
SFO,from,471,0.0000
SFO,from,472,0.0000
SFO,from,473,0.0000
SFO,from,474,0.0000
SFO,from,475,0.0000
SFO,from,476,0.0000
SFO,from,477,0.0000
SFO,from,478,0.0000
SFO,from,479,0.0000
SFO,from,480,0.0000
SFO,from,481,0.0000
SFO,from,482,0.0000
SFO,from,483,0.0000
SFO,from,484,0.0000
SFO,from,485,0.0000
SFO,from,486,0.0000
SFO,from,487,0.0006
SFO,from,488,0.0006
SFO,from,489,0.0000
SFO,from,490,0.0000
SFO,from,491,0.0000
SFO,from,492,0.0000
SFO,from,493,0.0000
SFO,from,494,0.0000
SFO,from,495,0.0000
SFO,from,496,0.0000
SFO,from,497,0.0000
SFO,from,498,0.0000
SFO,from,499,0.0000
SFO,from,500,0.0000
SFO,from,501,0.0000
SFO,from,502,0.0000
SFO,from,503,0.0000
SFO,from,504,0.0006
SFO,from,505,0.0000
SFO,from,506,0.0000
SFO,from,507,0.0000
SFO,from,508,0.0000
SFO,from,509,0.0000
SFO,from,510,0.0000
SFO,from,511,0.0000
SFO,from,512,0.0000
SFO,from,513,0.0000
SFO,from,514,0.0000
SFO,from,515,0.0000
SFO,from,516,0.0000
SFO,from,517,0.0000
SFO,from,518,0.0000
SFO,from,519,0.0000
SFO,from,520,0.0000
SFO,from,521,0.0000
SFO,from,522,0.0000
SFO,from,523,0.0000
SFO,from,524,0.0000
SFO,from,525,0.0000
SFO,from,526,0.0000
SFO,from,527,0.0000
SFO,from,528,0.0000
SFO,from,529,0.0000
SFO,from,530,0.0000
SFO,from,531,0.0000
SFO,from,532,0.0000
SFO,from,533,0.0000
SFO,from,534,0.0000
SFO,from,535,0.0000
SFO,from,536,0.0000
SFO,from,537,0.0000
SFO,from,538,0.0004
SFO,from,539,0.0000
SFO,from,540,0.0000
SFO,from,541,0.0000
SFO,from,542,0.0000
SFO,from,543,0.0000
SFO,from,544,0.0004
SFO,from,545,0.0000
SFO,from,546,0.0003
SFO,from,547,0.0000
SFO,from,548,0.0000
SFO,from,549,0.0013
SFO,from,550,0.0000
SFO,from,551,0.0000
SFO,from,552,0.0000
SFO,from,553,0.0000
SFO,from,554,0.0000
SFO,from,555,0.0000
SFO,from,556,0.0000
SFO,from,557,0.0018
SFO,from,558,0.0006
SFO,from,559,0.0000
SFO,from,560,0.0002
SFO,from,561,0.0000
SFO,from,562,0.0000
SFO,from,563,0.0000
SFO,from,564,0.0000
SFO,from,565,0.0000
SFO,from,566,0.0000
SFO,from,567,0.0000
SFO,from,568,0.0000
SFO,from,569,0.0000
SFO,from,570,0.0000
SFO,from,571,0.0000
SFO,from,572,0.0000
SFO,from,573,0.0000
SFO,from,574,0.0000
SFO,from,575,0.0000
SFO,from,576,0.0000
SFO,from,577,0.0000
SFO,from,578,0.0000
SFO,from,579,0.0000
SFO,from,580,0.0000
SFO,from,581,0.0000
SFO,from,582,0.0000
SFO,from,583,0.0000
SFO,from,584,0.0000
SFO,from,585,0.0000
SFO,from,586,0.0000
SFO,from,587,0.0000
SFO,from,588,0.0000
SFO,from,589,0.0000
SFO,from,590,0.0000
SFO,from,591,0.0000
SFO,from,592,0.0000
SFO,from,593,0.0000
SFO,from,594,0.0000
SFO,from,595,0.0000
SFO,from,596,0.0000
SFO,from,597,0.0000
SFO,from,598,0.0000
SFO,from,599,0.0000
SFO,from,600,0.0000
SFO,from,601,0.0002
SFO,from,602,0.0000
SFO,from,603,0.0000
SFO,from,604,0.0000
SFO,from,605,0.0000
SFO,from,606,0.0000
SFO,from,607,0.0000
SFO,from,608,0.0000
SFO,from,609,0.0001
SFO,from,610,0.0000
SFO,from,611,0.0000
SFO,from,612,0.0000
SFO,from,613,0.0000
SFO,from,614,0.0000
SFO,from,615,0.0000
SFO,from,616,0.0000
SFO,from,617,0.0000
SFO,from,618,0.0000
SFO,from,619,0.0004
SFO,from,620,0.0000
SFO,from,621,0.0000
SFO,from,622,0.0000
SFO,from,623,0.0000
SFO,from,624,0.0000
SFO,from,625,0.0000
SFO,from,626,0.0000
SFO,from,627,0.0000
SFO,from,628,0.0000
SFO,from,629,0.0000
SFO,from,630,0.0000
SFO,from,631,0.0000
SFO,from,632,0.0000
SFO,from,633,0.0000
SFO,from,634,0.0000
SFO,from,635,0.0000
SFO,from,636,0.0000
SFO,from,637,0.0000
SFO,from,638,0.0000
SFO,from,639,0.0000
SFO,from,640,0.0000
SFO,from,641,0.0000
SFO,from,642,0.0000
SFO,from,643,0.0000
SFO,from,644,0.0000
SFO,from,645,0.0000
SFO,from,646,0.0000
SFO,from,647,0.0000
SFO,from,648,0.0000
SFO,from,649,0.0000
SFO,from,650,0.0000
SFO,from,651,0.0000
SFO,from,652,0.0000
SFO,from,653,0.0000
SFO,from,654,0.0000
SFO,from,655,0.0010
SFO,from,656,0.0000
SFO,from,657,0.0000
SFO,from,658,0.0000
SFO,from,659,0.0000
SFO,from,660,0.0000
SFO,from,661,0.0000
SFO,from,662,0.0000
SFO,from,663,0.0000
SFO,from,664,0.0000
SFO,from,665,0.0000
SFO,from,666,0.0000
SFO,from,667,0.0000
SFO,from,668,0.0000
SFO,from,669,0.0000
SFO,from,670,0.0000
SFO,from,671,0.0000
SFO,from,672,0.0000
SFO,from,673,0.0000
SFO,from,674,0.0000
SFO,from,675,0.0000
SFO,from,676,0.0000
SFO,from,677,0.0000
SFO,from,678,0.0000
SFO,from,679,0.0000
SFO,from,680,0.0000
SFO,from,681,0.0000
SFO,from,682,0.0000
SFO,from,683,0.0000
SFO,from,684,0.0000
SFO,from,685,0.0000
SFO,from,686,0.0000
SFO,from,687,0.0000
SFO,from,688,0.0000
SFO,from,689,0.0000
SFO,from,690,0.0000
SFO,from,691,0.0000
SFO,from,692,0.0000
SFO,from,693,0.0000
SFO,from,694,0.0000
SFO,from,695,0.0000
SFO,from,696,0.0000
SFO,from,697,0.0000
SFO,from,698,0.0000
SFO,from,699,0.0000
SFO,from,700,0.0000
SFO,from,701,0.0000
SFO,from,702,0.0000
SFO,from,703,0.0000
SFO,from,704,0.0000
SFO,from,705,0.0000
SFO,from,706,0.0000
SFO,from,707,0.0000
SFO,from,708,0.0000
SFO,from,709,0.0000
SFO,from,710,0.0000
SFO,from,711,0.0000
SFO,from,712,0.0000
SFO,from,713,0.0000
SFO,from,714,0.0000
SFO,from,715,0.0000
SFO,from,716,0.0002
SFO,from,717,0.0002
SFO,from,718,0.0000
SFO,from,719,0.0014
SFO,from,720,0.0012
SFO,from,721,0.0000
SFO,from,722,0.0004
SFO,from,723,0.0002
SFO,from,724,0.0005
SFO,from,725,0.0000
SFO,from,726,0.0005
SFO,from,727,0.0000
SFO,from,728,0.0000
SFO,from,729,0.0000
SFO,from,730,0.0012
SFO,from,731,0.0000
SFO,from,732,0.0014
SFO,from,733,0.0009
SFO,from,734,0.0005
SFO,from,735,0.0002
SFO,from,736,0.0026
SFO,from,737,0.0000
SFO,from,738,0.0005
SFO,from,739,0.0014
SFO,from,740,0.0005
SFO,from,741,0.0000
SFO,from,742,0.0010
SFO,from,743,0.0005
SFO,from,744,0.0002
SFO,from,745,0.0000
SFO,from,746,0.0001
SFO,from,747,0.0000
SFO,from,748,0.0004
SFO,from,749,0.0003
SFO,from,750,0.0001
SFO,from,751,0.0000
SFO,from,752,0.0000
SFO,from,753,0.0003
SFO,from,754,0.0001
SFO,from,755,0.0002
SFO,from,756,0.0000
SFO,from,757,0.0000
SFO,from,758,0.0004
SFO,from,759,0.0000
SFO,from,760,0.0005
SFO,from,761,0.0001
SFO,from,762,0.0000
SFO,from,763,0.0000
SFO,from,764,0.0003
SFO,from,765,0.0000
SFO,from,766,0.0000
SFO,from,767,0.0000
SFO,from,768,0.0009
SFO,from,769,0.0000
SFO,from,770,0.0000
SFO,from,771,0.0000
SFO,from,772,0.0000
SFO,from,773,0.0011
SFO,from,774,0.0001
SFO,from,775,0.0007
SFO,from,776,0.0000
SFO,from,777,0.0016
SFO,from,778,0.0002
SFO,from,779,0.0004
SFO,from,780,0.0002
SFO,from,781,0.0004
SFO,from,782,0.0000
SFO,from,783,0.0000
SFO,from,784,0.0000
SFO,from,785,0.0000
SFO,from,786,0.0000
SFO,from,787,0.0000
SFO,from,788,0.0000
SFO,from,789,0.0002
SFO,from,790,0.0000
SFO,from,791,0.0000
SFO,from,792,0.0001
SFO,from,793,0.0000
SFO,from,794,0.0000
SFO,from,795,0.0010
SFO,from,796,0.0000
SFO,from,797,0.0005
SFO,from,798,0.0000
SFO,from,799,0.0000
SFO,from,800,0.0000
SFO,from,801,0.0005
SFO,from,802,0.0000
SFO,from,803,0.0000
SFO,from,804,0.0000
SFO,from,805,0.0000
SFO,from,806,0.0000
SFO,from,807,0.0003
SFO,from,808,0.0000
SFO,from,809,0.0000
SFO,from,810,0.0000
SFO,from,811,0.0000
SFO,from,812,0.0001
SFO,from,813,0.0000
SFO,from,814,0.0000
SFO,from,815,0.0000
SFO,from,816,0.0000
SFO,from,817,0.0000
SFO,from,818,0.0004
SFO,from,819,0.0000
SFO,from,820,0.0000
SFO,from,821,0.0002
SFO,from,822,0.0000
SFO,from,823,0.0003
SFO,from,824,0.0000
SFO,from,825,0.0000
SFO,from,826,0.0000
SFO,from,827,0.0000
SFO,from,828,0.0003
SFO,from,829,0.0000
SFO,from,830,0.0000
SFO,from,831,0.0000
SFO,from,832,0.0000
SFO,from,833,0.0000
SFO,from,834,0.0000
SFO,from,835,0.0000
SFO,from,836,0.0000
SFO,from,837,0.0000
SFO,from,838,0.0000
SFO,from,839,0.0009
SFO,from,840,0.0012
SFO,from,841,0.0006
SFO,from,842,0.0003
SFO,from,843,0.0000
SFO,from,844,0.0001
SFO,from,845,0.0000
SFO,from,846,0.0000
SFO,from,847,0.0007
SFO,from,848,0.0006
SFO,from,849,0.0000
SFO,from,850,0.0020
SFO,from,851,0.0000
SFO,from,852,0.0000
SFO,from,853,0.0004
SFO,from,854,0.0006
SFO,from,855,0.0000
SFO,from,856,0.0000
SFO,from,857,0.0000
SFO,from,858,0.0000
SFO,from,859,0.0003
SFO,from,860,0.0000
SFO,from,861,0.0000
SFO,from,862,0.0004
SFO,from,863,0.0000
SFO,from,864,0.0002
SFO,from,865,0.0000
SFO,from,866,0.0000
SFO,from,867,0.0000
SFO,from,868,0.0000
SFO,from,869,0.0003
SFO,from,870,0.0000
SFO,from,871,0.0006
SFO,from,872,0.0000
SFO,from,873,0.0006
SFO,from,874,0.0006
SFO,from,875,0.0011
SFO,from,876,0.0000
SFO,from,877,0.0000
SFO,from,878,0.0000
SFO,from,879,0.0001
SFO,from,880,0.0000
SFO,from,881,0.0000
SFO,from,882,0.0011
SFO,from,883,0.0000
SFO,from,884,0.0000
SFO,from,885,0.0005
SFO,from,886,0.0000
SFO,from,887,0.0005
SFO,from,888,0.0000
SFO,from,889,0.0000
SFO,from,890,0.0000
SFO,from,891,0.0000
SFO,from,892,0.0000
SFO,from,893,0.0000
SFO,from,894,0.0000
SFO,from,895,0.0012
SFO,from,896,0.0000
SFO,from,897,0.0000
SFO,from,898,0.0000
SFO,from,899,0.0000
SFO,from,900,0.0000
SFO,from,901,0.0009
SFO,from,902,0.0004
SFO,from,903,0.0005
SFO,from,904,0.0000
SFO,from,905,0.0000
SFO,from,906,0.0000
SFO,from,907,0.0000
SFO,from,908,0.0001
SFO,from,909,0.0010
SFO,from,910,0.0008
SFO,from,911,0.0009
SFO,from,912,0.0000
SFO,from,913,0.0000
SFO,from,914,0.0016
SFO,from,915,0.0006
SFO,from,916,0.0018
SFO,from,917,0.0005
SFO,from,918,0.0043
SFO,from,919,0.0014
SFO,from,920,0.0000
SFO,from,921,0.0000
SFO,from,922,0.0008
SFO,from,923,0.0000
SFO,from,924,0.0000
SFO,from,925,0.0023
SFO,from,926,0.0018
SFO,from,927,0.0003
SFO,from,928,0.0000
SFO,from,929,0.0009
SFO,from,930,0.0000
SFO,from,931,0.0000
SFO,from,932,0.0000
SFO,from,933,0.0005
SFO,from,934,0.0020
SFO,from,935,0.0000
SFO,from,936,0.0000
SFO,from,937,0.0000
SFO,from,938,0.0000
SFO,from,939,0.0008
SFO,from,940,0.0000
SFO,from,941,0.0000
SFO,from,942,0.0012
SFO,from,943,0.0003
SFO,from,944,0.0013
SFO,from,945,0.0020
SFO,from,946,0.0003
SFO,from,947,0.0000
SFO,from,948,0.0003
SFO,from,949,0.0012
SFO,from,950,0.0007
SFO,from,951,0.0000
SFO,from,952,0.0004
SFO,from,953,0.0003
SFO,from,954,0.0000
SFO,from,955,0.0000
SFO,from,956,0.0000
SFO,from,957,0.0000
SFO,from,958,0.0006
SFO,from,959,0.0000
SFO,from,960,0.0005
SFO,from,961,0.0006
SFO,from,962,0.0009
SFO,from,963,0.0000
SFO,from,964,0.0014
SFO,from,965,0.0025
SFO,from,966,0.0000
SFO,from,967,0.0011
SFO,from,968,0.0082
SFO,from,969,0.0017
SFO,from,970,0.0018
SFO,from,971,0.0016
SFO,from,972,0.0040
SFO,from,973,0.0020
SFO,from,974,0.0000
SFO,from,975,0.0036
SFO,from,976,0.0041
SFO,from,977,0.0038
SFO,from,978,0.0000
SFO,from,979,0.0016
SFO,from,980,0.0000
SFO,from,981,0.0001
SFO,from,982,0.0007
SFO,from,983,0.0005
SFO,from,984,0.0000
SFO,from,985,0.0005
SFO,from,986,0.0006
SFO,from,987,0.0005
SFO,from,988,0.0013
SFO,from,989,0.0000
SFO,from,990,0.0005
SFO,from,991,0.0023
SFO,from,992,0.0034
SFO,from,993,0.0000
SFO,from,994,0.0010
SFO,from,995,0.0019
SFO,from,996,0.0042
SFO,from,997,0.0000
SFO,from,998,0.0048
SFO,from,999,0.0000
SFO,from,1000,0.0006
SFO,from,1001,0.0005
SFO,from,1002,0.0041
SFO,from,1003,0.0004
SFO,from,1004,0.0052
SFO,from,1005,0.0013
SFO,from,1006,0.0006
SFO,from,1007,0.0021
SFO,from,1008,0.0021
SFO,from,1009,0.0029
SFO,from,1010,0.0009
SFO,from,1011,0.0043
SFO,from,1012,0.0008
SFO,from,1013,0.0009
SFO,from,1014,0.0005
SFO,from,1015,0.0004
SFO,from,1016,0.0012
SFO,from,1017,0.0019
SFO,from,1018,0.0062
SFO,from,1019,0.0126
SFO,from,1020,0.0022
SFO,from,1021,0.0023
SFO,from,1022,0.0044
SFO,from,1023,0.0018
SFO,from,1024,0.0000
SFO,from,1025,0.0005
SFO,from,1026,0.0008
SFO,from,1027,0.0020
SFO,from,1028,0.0009
SFO,from,1029,0.0025
SFO,from,1030,0.0005
SFO,from,1031,0.0009
SFO,from,1032,0.0015
SFO,from,1033,0.0018
SFO,from,1034,0.0024
SFO,from,1035,0.0000
SFO,from,1036,0.0014
SFO,from,1037,0.0013
SFO,from,1038,0.0002
SFO,from,1039,0.0000
SFO,from,1040,0.0005
SFO,from,1041,0.0016
SFO,from,1042,0.0000
SFO,from,1043,0.0000
SFO,from,1044,0.0000
SFO,from,1045,0.0000
SFO,from,1046,0.0005
SFO,from,1047,0.0000
SFO,from,1048,0.0000
SFO,from,1049,0.0005
SFO,from,1050,0.0007
SFO,from,1051,0.0046
SFO,from,1052,0.0003
SFO,from,1053,0.0003
SFO,from,1054,0.0007
SFO,from,1055,0.0000
SFO,from,1056,0.0000
SFO,from,1057,0.0003
SFO,from,1058,0.0011
SFO,from,1059,0.0015
SFO,from,1060,0.0000
SFO,from,1061,0.0003
SFO,from,1062,0.0000
SFO,from,1063,0.0001
SFO,from,1064,0.0000
SFO,from,1065,0.0000
SFO,from,1066,0.0003
SFO,from,1067,0.0000
SFO,from,1068,0.0003
SFO,from,1069,0.0004
SFO,from,1070,0.0000
SFO,from,1071,0.0000
SFO,from,1072,0.0000
SFO,from,1073,0.0000
SFO,from,1074,0.0003
SFO,from,1075,0.0000
SFO,from,1076,0.0004
SFO,from,1077,0.0006
SFO,from,1078,0.0004
SFO,from,1079,0.0000
SFO,from,1080,0.0000
SFO,from,1081,0.0000
SFO,from,1082,0.0000
SFO,from,1083,0.0004
SFO,from,1084,0.0000
SFO,from,1085,0.0000
SFO,from,1086,0.0000
SFO,from,1087,0.0000
SFO,from,1088,0.0000
SFO,from,1089,0.0000
SFO,from,1090,0.0001
SFO,from,1091,0.0000
SFO,from,1092,0.0016
SFO,from,1093,0.0009
SFO,from,1094,0.0007
SFO,from,1095,0.0000
SFO,from,1096,0.0005
SFO,from,1097,0.0004
SFO,from,1098,0.0009
SFO,from,1099,0.0000
SFO,from,1100,0.0009
SFO,from,1101,0.0009
SFO,from,1102,0.0000
SFO,from,1103,0.0009
SFO,from,1104,0.0000
SFO,from,1105,0.0000
SFO,from,1106,0.0010
SFO,from,1107,0.0009
SFO,from,1108,0.0028
SFO,from,1109,0.0021
SFO,from,1110,0.0022
SFO,from,1111,0.0006
SFO,from,1112,0.0005
SFO,from,1113,0.0014
SFO,from,1114,0.0000
SFO,from,1115,0.0000
SFO,from,1116,0.0009
SFO,from,1117,0.0014
SFO,from,1118,0.0019
SFO,from,1119,0.0000
SFO,from,1120,0.0000
SFO,from,1121,0.0076
SFO,from,1122,0.0006
SFO,from,1123,0.0000
SFO,from,1124,0.0000
SFO,from,1125,0.0000
SFO,from,1126,0.0000
SFO,from,1127,0.0049
SFO,from,1128,0.0000
SFO,from,1129,0.0025
SFO,from,1130,0.0000
SFO,from,1131,0.0007
SFO,from,1132,0.0018
SFO,from,1133,0.0024
SFO,from,1134,0.0017
SFO,from,1135,0.0047
SFO,from,1136,0.0018
SFO,from,1137,0.0000
SFO,from,1138,0.0000
SFO,from,1139,0.0006
SFO,from,1140,0.0009
SFO,from,1141,0.0000
SFO,from,1142,0.0000
SFO,from,1143,0.0006
SFO,from,1144,0.0008
SFO,from,1145,0.0097
SFO,from,1146,0.0006
SFO,from,1147,0.0030
SFO,from,1148,0.0000
SFO,from,1149,0.0008
SFO,from,1150,0.0015
SFO,from,1151,0.0030
SFO,from,1152,0.0025
SFO,from,1153,0.0030
SFO,from,1154,0.0008
SFO,from,1155,0.0025
SFO,from,1156,0.0000
SFO,from,1157,0.0018
SFO,from,1158,0.0008
SFO,from,1159,0.0016
SFO,from,1160,0.0000
SFO,from,1161,0.0016
SFO,from,1162,0.0000
SFO,from,1163,0.0000
SFO,from,1164,0.0000
SFO,from,1165,0.0000
SFO,from,1166,0.0011
SFO,from,1167,0.0000
SFO,from,1168,0.0004
SFO,from,1169,0.0008
SFO,from,1170,0.0036
SFO,from,1171,0.0011
SFO,from,1172,0.0002
SFO,from,1173,0.0000
SFO,from,1174,0.0000
SFO,from,1175,0.0010
SFO,from,1176,0.0002
SFO,from,1177,0.0002
SFO,from,1178,0.0000
SFO,from,1179,0.0000
SFO,from,1180,0.0000
SFO,from,1181,0.0000
SFO,from,1182,0.0000
SFO,from,1183,0.0000
SFO,from,1184,0.0000
SFO,from,1185,0.0000
SFO,from,1186,0.0018
SFO,from,1187,0.0005
SFO,from,1188,0.0009
SFO,from,1189,0.0007
SFO,from,1190,0.0000
SFO,from,1191,0.0000
SFO,from,1192,0.0000
SFO,from,1193,0.0000
SFO,from,1194,0.0000
SFO,from,1195,0.0000
SFO,from,1196,0.0000
SFO,from,1197,0.0000
SFO,from,1198,0.0002
SFO,from,1199,0.0000
SFO,from,1200,0.0016
SFO,from,1201,0.0018
SFO,from,1202,0.0000
SFO,from,1203,0.0000
SFO,from,1204,0.0009
SFO,from,1205,0.0015
SFO,from,1206,0.0017
SFO,from,1207,0.0000
SFO,from,1208,0.0000
SFO,from,1209,0.0010
SFO,from,1210,0.0000
SFO,from,1211,0.0000
SFO,from,1212,0.0010
SFO,from,1213,0.0000
SFO,from,1214,0.0000
SFO,from,1215,0.0000
SFO,from,1216,0.0000
SFO,from,1217,0.0000
SFO,from,1218,0.0000
SFO,from,1219,0.0005
SFO,from,1220,0.0008
SFO,from,1221,0.0000
SFO,from,1222,0.0000
SFO,from,1223,0.0008
SFO,from,1224,0.0001
SFO,from,1225,0.0000
SFO,from,1226,0.0000
SFO,from,1227,0.0000
SFO,from,1228,0.0000
SFO,from,1229,0.0000
SFO,from,1230,0.0000
SFO,from,1231,0.0000
SFO,from,1232,0.0000
SFO,from,1233,0.0000
SFO,from,1234,0.0000
SFO,from,1235,0.0000
SFO,from,1236,0.0000
SFO,from,1237,0.0000
SFO,from,1238,0.0000
SFO,from,1239,0.0000
SFO,from,1240,0.0000
SFO,from,1241,0.0000
SFO,from,1242,0.0000
SFO,from,1243,0.0000
SFO,from,1244,0.0000
SFO,from,1245,0.0000
SFO,from,1246,0.0006
SFO,from,1247,0.0000
SFO,from,1248,0.0000
SFO,from,1249,0.0000
SFO,from,1250,0.0000
SFO,from,1251,0.0000
SFO,from,1252,0.0000
SFO,from,1253,0.0000
SFO,from,1254,0.0000
SFO,from,1255,0.0000
SFO,from,1256,0.0000
SFO,from,1257,0.0000
SFO,from,1258,0.0000
SFO,from,1259,0.0000
SFO,from,1260,0.0000
SFO,from,1261,0.0000
SFO,from,1262,0.0029
SFO,from,1263,0.0000
SFO,from,1264,0.0000
SFO,from,1265,0.0000
SFO,from,1266,0.0000
SFO,from,1267,0.0000
SFO,from,1268,0.0000
SFO,from,1269,0.0000
SFO,from,1270,0.0000
SFO,from,1271,0.0000
SFO,from,1272,0.0000
SFO,from,1273,0.0000
SFO,from,1274,0.0000
SFO,from,1275,0.0000
SFO,from,1276,0.0000
SFO,from,1277,0.0000
SFO,from,1278,0.0000
SFO,from,1279,0.0000
SFO,from,1280,0.0000
SFO,from,1281,0.0003
SFO,from,1282,0.0000
SFO,from,1283,0.0000
SFO,from,1284,0.0016
SFO,from,1285,0.0000
SFO,from,1286,0.0000
SFO,from,1287,0.0000
SFO,from,1288,0.0000
SFO,from,1289,0.0000
SFO,from,1290,0.0000
SFO,from,1291,0.0000
SFO,from,1292,0.0000
SFO,from,1293,0.0000
SFO,from,1294,0.0000
SFO,from,1295,0.0000
SFO,from,1296,0.0000
SFO,from,1297,0.0000
SFO,from,1298,0.0000
SFO,from,1299,0.0007
SFO,from,1300,0.0000
SFO,from,1301,0.0000
SFO,from,1302,0.0000
SFO,from,1303,0.0000
SFO,from,1304,0.0000
SFO,from,1305,0.0000
SFO,from,1306,0.0000
SFO,from,1307,0.0000
SFO,from,1308,0.0000
SFO,from,1309,0.0000
SFO,from,1310,0.0000
SFO,from,1311,0.0000
SFO,from,1312,0.0000
SFO,from,1313,0.0000
SFO,from,1314,0.0000
SFO,from,1315,0.0009
SFO,from,1316,0.0000
SFO,from,1317,0.0000
SFO,from,1318,0.0000
SFO,from,1319,0.0000
SFO,from,1320,0.0000
SFO,from,1321,0.0000
SFO,from,1322,0.0000
SFO,from,1323,0.0000
SFO,from,1324,0.0000
SFO,from,1325,0.0000
SFO,from,1326,0.0000
SFO,from,1327,0.0000
SFO,from,1328,0.0000
SFO,from,1329,0.0000
SFO,from,1330,0.0000
SFO,from,1331,0.0000
SFO,from,1332,0.0000
SFO,from,1333,0.0000
SFO,from,1334,0.0000
SFO,from,1335,0.0000
SFO,from,1336,0.0000
SFO,from,1337,0.0000
SFO,from,1338,0.0000
SFO,from,1339,0.0000
SFO,from,1340,0.0000
SFO,from,1341,0.0000
SFO,from,1342,0.0005
SFO,from,1343,0.0000
SFO,from,1344,0.0000
SFO,from,1345,0.0000
SFO,from,1346,0.0000
SFO,from,1347,0.0000
SFO,from,1348,0.0000
SFO,from,1349,0.0000
SFO,from,1350,0.0000
SFO,from,1351,0.0000
SFO,from,1352,0.0000
SFO,from,1353,0.0000
SFO,from,1354,0.0000
SFO,from,1355,0.0000
SFO,from,1356,0.0000
SFO,from,1357,0.0000
SFO,from,1358,0.0000
SFO,from,1359,0.0000
SFO,from,1360,0.0000
SFO,from,1361,0.0000
SFO,from,1362,0.0000
SFO,from,1363,0.0000
SFO,from,1364,0.0000
SFO,from,1365,0.0000
SFO,from,1366,0.0000
SFO,from,1367,0.0000
SFO,from,1368,0.0000
SFO,from,1369,0.0000
SFO,from,1370,0.0000
SFO,from,1371,0.0000
SFO,from,1372,0.0000
SFO,from,1373,0.0000
SFO,from,1374,0.0000
SFO,from,1375,0.0000
SFO,from,1376,0.0000
SFO,from,1377,0.0000
SFO,from,1378,0.0000
SFO,from,1379,0.0000
SFO,from,1380,0.0000
SFO,from,1381,0.0000
SFO,from,1382,0.0000
SFO,from,1383,0.0006
SFO,from,1384,0.0000
SFO,from,1385,0.0000
SFO,from,1386,0.0000
SFO,from,1387,0.0000
SFO,from,1388,0.0000
SFO,from,1389,0.0000
SFO,from,1390,0.0000
SFO,from,1391,0.0000
SFO,from,1392,0.0000
SFO,from,1393,0.0000
SFO,from,1394,0.0000
SFO,from,1395,0.0000
SFO,from,1396,0.0000
SFO,from,1397,0.0000
SFO,from,1398,0.0000
SFO,from,1399,0.0000
SFO,from,1400,0.0000
SFO,from,1401,0.0000
SFO,from,1402,0.0000
SFO,from,1403,0.0000
SFO,from,1404,0.0000
SFO,from,1405,0.0000
SFO,from,1406,0.0000
SFO,from,1407,0.0000
SFO,from,1408,0.0000
SFO,from,1409,0.0000
SFO,from,1410,0.0000
SFO,from,1411,0.0000
SFO,from,1412,0.0000
SFO,from,1413,0.0000
SFO,from,1414,0.0000
SFO,from,1415,0.0000
SFO,from,1416,0.0000
SFO,from,1417,0.0000
SFO,from,1418,0.0000
SFO,from,1419,0.0000
SFO,from,1420,0.0000
SFO,from,1421,0.0000
SFO,from,1422,0.0000
SFO,from,1423,0.0000
SFO,from,1424,0.0000
SFO,from,1425,0.0000
SFO,from,1426,0.0000
SFO,from,1427,0.0000
SFO,from,1428,0.0000
SFO,from,1429,0.0000
SFO,from,1430,0.0000
SFO,from,1431,0.0000
SFO,from,1432,0.0000
SFO,from,1433,0.0000
SFO,from,1434,0.0000
SFO,from,1435,0.0000
SFO,from,1436,0.0000
SFO,from,1437,0.0000
SFO,from,1438,0.0000
SFO,from,1439,0.0000
SFO,from,1440,0.0000
SFO,from,1441,0.0000
SFO,from,1442,0.0000
SFO,from,1443,0.0000
SFO,from,1444,0.0000
SFO,from,1445,0.0000
SFO,from,1446,0.0000
SFO,from,1447,0.0000
SFO,from,1448,0.0000
SFO,from,1449,0.0000
SFO,from,1450,0.0000
SFO,from,1451,0.0000
SFO,from,1452,0.0000
SFO,from,1453,0.0000
SFO,from,1454,0.0000
SFO,to,1,0.0089
SFO,to,2,0.0101
SFO,to,3,0.0031
SFO,to,4,0.0191
SFO,to,5,0.0238
SFO,to,6,0.0197
SFO,to,7,0.0340
SFO,to,8,0.0151
SFO,to,9,0.0085
SFO,to,10,0.0143
SFO,to,11,0.0210
SFO,to,12,0.0261
SFO,to,13,0.0059
SFO,to,14,0.0051
SFO,to,15,0.0085
SFO,to,16,0.0149
SFO,to,17,0.0032
SFO,to,18,0.0017
SFO,to,19,0.0051
SFO,to,20,0.0028
SFO,to,21,0.0087
SFO,to,22,0.0155
SFO,to,23,0.0053
SFO,to,24,0.0113
SFO,to,25,0.0014
SFO,to,26,0.0007
SFO,to,27,0.0004
SFO,to,28,0.0000
SFO,to,29,0.0052
SFO,to,30,0.0055
SFO,to,31,0.0055
SFO,to,32,0.0044
SFO,to,33,0.0006
SFO,to,34,0.0009
SFO,to,35,0.0045
SFO,to,36,0.0006
SFO,to,37,0.0016
SFO,to,38,0.0018
SFO,to,39,0.0006
SFO,to,40,0.0026
SFO,to,41,0.0041
SFO,to,42,0.0000
SFO,to,43,0.0003
SFO,to,44,0.0023
SFO,to,45,0.0000
SFO,to,46,0.0013
SFO,to,47,0.0083
SFO,to,48,0.0001
SFO,to,49,0.0006
SFO,to,50,0.0002
SFO,to,51,0.0000
SFO,to,52,0.0004
SFO,to,53,0.0007
SFO,to,54,0.0019
SFO,to,55,0.0016
SFO,to,56,0.0000
SFO,to,57,0.0000
SFO,to,58,0.0000
SFO,to,59,0.0000
SFO,to,60,0.0000
SFO,to,61,0.0000
SFO,to,62,0.0016
SFO,to,63,0.0000
SFO,to,64,0.0000
SFO,to,65,0.0006
SFO,to,66,0.0000
SFO,to,67,0.0006
SFO,to,68,0.0027
SFO,to,69,0.0014
SFO,to,70,0.0000
SFO,to,71,0.0000
SFO,to,72,0.0000
SFO,to,73,0.0007
SFO,to,74,0.0038
SFO,to,75,0.0008
SFO,to,76,0.0018
SFO,to,77,0.0015
SFO,to,78,0.0000
SFO,to,79,0.0012
SFO,to,80,0.0020
SFO,to,81,0.0029
SFO,to,82,0.0031
SFO,to,83,0.0005
SFO,to,84,0.0003
SFO,to,85,0.0000
SFO,to,86,0.0028
SFO,to,87,0.0023
SFO,to,88,0.0011
SFO,to,89,0.0000
SFO,to,90,0.0011
SFO,to,91,0.0017
SFO,to,92,0.0000
SFO,to,93,0.0024
SFO,to,94,0.0003
SFO,to,95,0.0003
SFO,to,96,0.0001
SFO,to,97,0.0007
SFO,to,98,0.0049
SFO,to,99,0.0026
SFO,to,100,0.0067
SFO,to,101,0.0074
SFO,to,102,0.0017
SFO,to,103,0.0024
SFO,to,104,0.0024
SFO,to,105,0.0055
SFO,to,106,0.0077
SFO,to,107,0.0058
SFO,to,108,0.0000
SFO,to,109,0.0032
SFO,to,110,0.0001
SFO,to,111,0.0008
SFO,to,112,0.0000
SFO,to,113,0.0001
SFO,to,114,0.0002
SFO,to,115,0.0014
SFO,to,116,0.0015
SFO,to,117,0.0007
SFO,to,118,0.0030
SFO,to,119,0.0016
SFO,to,120,0.0002
SFO,to,121,0.0000
SFO,to,122,0.0003
SFO,to,123,0.0005
SFO,to,124,0.0003
SFO,to,125,0.0003
SFO,to,126,0.0003
SFO,to,127,0.0040
SFO,to,128,0.0004
SFO,to,129,0.0007
SFO,to,130,0.0016
SFO,to,131,0.0009
SFO,to,132,0.0011
SFO,to,133,0.0038
SFO,to,134,0.0021
SFO,to,135,0.0000
SFO,to,136,0.0000
SFO,to,137,0.0002
SFO,to,138,0.0003
SFO,to,139,0.0001
SFO,to,140,0.0000
SFO,to,141,0.0000
SFO,to,142,0.0000
SFO,to,143,0.0000
SFO,to,144,0.0000
SFO,to,145,0.0000
SFO,to,146,0.0000
SFO,to,147,0.0000
SFO,to,148,0.0000
SFO,to,149,0.0000
SFO,to,150,0.0000
SFO,to,151,0.0000
SFO,to,152,0.0000
SFO,to,153,0.0000
SFO,to,154,0.0000
SFO,to,155,0.0000
SFO,to,156,0.0000
SFO,to,157,0.0000
SFO,to,158,0.0000
SFO,to,159,0.0009
SFO,to,160,0.0002
SFO,to,161,0.0003
SFO,to,162,0.0000
SFO,to,163,0.0000
SFO,to,164,0.0019
SFO,to,165,0.0039
SFO,to,166,0.0027
SFO,to,167,0.0004
SFO,to,168,0.0002
SFO,to,169,0.0010
SFO,to,170,0.0010
SFO,to,171,0.0000
SFO,to,172,0.0000
SFO,to,173,0.0003
SFO,to,174,0.0005
SFO,to,175,0.0005
SFO,to,176,0.0000
SFO,to,177,0.0030
SFO,to,178,0.0000
SFO,to,179,0.0003
SFO,to,180,0.0004
SFO,to,181,0.0000
SFO,to,182,0.0005
SFO,to,183,0.0003
SFO,to,184,0.0003
SFO,to,185,0.0007
SFO,to,186,0.0006
SFO,to,187,0.0022
SFO,to,188,0.0028
SFO,to,189,0.0023
SFO,to,190,0.0004
SFO,to,191,0.0016
SFO,to,192,0.0014
SFO,to,193,0.0023
SFO,to,194,0.0013
SFO,to,195,0.0002
SFO,to,196,0.0003
SFO,to,197,0.0000
SFO,to,198,0.0000
SFO,to,199,0.0007
SFO,to,200,0.0010
SFO,to,201,0.0024
SFO,to,202,0.0001
SFO,to,203,0.0001
SFO,to,204,0.0021
SFO,to,205,0.0032
SFO,to,206,0.0000
SFO,to,207,0.0010
SFO,to,208,0.0000
SFO,to,209,0.0001
SFO,to,210,0.0000
SFO,to,211,0.0008
SFO,to,212,0.0005
SFO,to,213,0.0006
SFO,to,214,0.0003
SFO,to,215,0.0008
SFO,to,216,0.0009
SFO,to,217,0.0016
SFO,to,218,0.0000
SFO,to,219,0.0002
SFO,to,220,0.0000
SFO,to,221,0.0000
SFO,to,222,0.0000
SFO,to,223,0.0000
SFO,to,224,0.0000
SFO,to,225,0.0000
SFO,to,226,0.0003
SFO,to,227,0.0000
SFO,to,228,0.0000
SFO,to,229,0.0000
SFO,to,230,0.0007
SFO,to,231,0.0000
SFO,to,232,0.0000
SFO,to,233,0.0034
SFO,to,234,0.0004
SFO,to,235,0.0025
SFO,to,236,0.0000
SFO,to,237,0.0006
SFO,to,238,0.0016
SFO,to,239,0.0000
SFO,to,240,0.0094
SFO,to,241,0.0000
SFO,to,242,0.0004
SFO,to,243,0.0004
SFO,to,244,0.0031
SFO,to,245,0.0011
SFO,to,246,0.0008
SFO,to,247,0.0012
SFO,to,248,0.0002
SFO,to,249,0.0023
SFO,to,250,0.0002
SFO,to,251,0.0003
SFO,to,252,0.0015
SFO,to,253,0.0007
SFO,to,254,0.0005
SFO,to,255,0.0000
SFO,to,256,0.0000
SFO,to,257,0.0008
SFO,to,258,0.0000
SFO,to,259,0.0000
SFO,to,260,0.0039
SFO,to,261,0.0000
SFO,to,262,0.0000
SFO,to,263,0.0000
SFO,to,264,0.0000
SFO,to,265,0.0000
SFO,to,266,0.0000
SFO,to,267,0.0000
SFO,to,268,0.0000
SFO,to,269,0.0004
SFO,to,270,0.0000
SFO,to,271,0.0000
SFO,to,272,0.0000
SFO,to,273,0.0000
SFO,to,274,0.0000
SFO,to,275,0.0000
SFO,to,276,0.0000
SFO,to,277,0.0000
SFO,to,278,0.0010
SFO,to,279,0.0004
SFO,to,280,0.0000
SFO,to,281,0.0000
SFO,to,282,0.0000
SFO,to,283,0.0000
SFO,to,284,0.0024
SFO,to,285,0.0000
SFO,to,286,0.0000
SFO,to,287,0.0010
SFO,to,288,0.0000
SFO,to,289,0.0000
SFO,to,290,0.0000
SFO,to,291,0.0000
SFO,to,292,0.0000
SFO,to,293,0.0000
SFO,to,294,0.0006
SFO,to,295,0.0000
SFO,to,296,0.0000
SFO,to,297,0.0000
SFO,to,298,0.0000
SFO,to,299,0.0003
SFO,to,300,0.0000
SFO,to,301,0.0000
SFO,to,302,0.0000
SFO,to,303,0.0000
SFO,to,304,0.0002
SFO,to,305,0.0000
SFO,to,306,0.0000
SFO,to,307,0.0000
SFO,to,308,0.0000
SFO,to,309,0.0000
SFO,to,310,0.0012
SFO,to,311,0.0000
SFO,to,312,0.0000
SFO,to,313,0.0000
SFO,to,314,0.0000
SFO,to,315,0.0039
SFO,to,316,0.0000
SFO,to,317,0.0004
SFO,to,318,0.0000
SFO,to,319,0.0000
SFO,to,320,0.0000
SFO,to,321,0.0000
SFO,to,322,0.0000
SFO,to,323,0.0000
SFO,to,324,0.0000
SFO,to,325,0.0004
SFO,to,326,0.0000
SFO,to,327,0.0000
SFO,to,328,0.0000
SFO,to,329,0.0000
SFO,to,330,0.0000
SFO,to,331,0.0000
SFO,to,332,0.0000
SFO,to,333,0.0000
SFO,to,334,0.0000
SFO,to,335,0.0000
SFO,to,336,0.0000
SFO,to,337,0.0000
SFO,to,338,0.0000
SFO,to,339,0.0000
SFO,to,340,0.0000
SFO,to,341,0.0000
SFO,to,342,0.0004
SFO,to,343,0.0000
SFO,to,344,0.0000
SFO,to,345,0.0000
SFO,to,346,0.0000
SFO,to,347,0.0008
SFO,to,348,0.0000
SFO,to,349,0.0000
SFO,to,350,0.0000
SFO,to,351,0.0012
SFO,to,352,0.0003
SFO,to,353,0.0000
SFO,to,354,0.0029
SFO,to,355,0.0011
SFO,to,356,0.0021
SFO,to,357,0.0000
SFO,to,358,0.0007
SFO,to,359,0.0011
SFO,to,360,0.0000
SFO,to,361,0.0000
SFO,to,362,0.0000
SFO,to,363,0.0000
SFO,to,364,0.0000
SFO,to,365,0.0000
SFO,to,366,0.0000
SFO,to,367,0.0004
SFO,to,368,0.0000
SFO,to,369,0.0000
SFO,to,370,0.0000
SFO,to,371,0.0002
SFO,to,372,0.0002
SFO,to,373,0.0000
SFO,to,374,0.0000
SFO,to,375,0.0000
SFO,to,376,0.0004
SFO,to,377,0.0008
SFO,to,378,0.0014
SFO,to,379,0.0025
SFO,to,380,0.0000
SFO,to,381,0.0000
SFO,to,382,0.0000
SFO,to,383,0.0000
SFO,to,384,0.0000
SFO,to,385,0.0000
SFO,to,386,0.0000
SFO,to,387,0.0000
SFO,to,388,0.0000
SFO,to,389,0.0000
SFO,to,390,0.0000
SFO,to,391,0.0000
SFO,to,392,0.0000
SFO,to,393,0.0000
SFO,to,394,0.0000
SFO,to,395,0.0004
SFO,to,396,0.0000
SFO,to,397,0.0000
SFO,to,398,0.0000
SFO,to,399,0.0000
SFO,to,400,0.0000
SFO,to,401,0.0009
SFO,to,402,0.0000
SFO,to,403,0.0000
SFO,to,404,0.0000
SFO,to,405,0.0000
SFO,to,406,0.0000
SFO,to,407,0.0000
SFO,to,408,0.0000
SFO,to,409,0.0000
SFO,to,410,0.0000
SFO,to,411,0.0002
SFO,to,412,0.0002
SFO,to,413,0.0000
SFO,to,414,0.0001
SFO,to,415,0.0000
SFO,to,416,0.0010
SFO,to,417,0.0000
SFO,to,418,0.0000
SFO,to,419,0.0000
SFO,to,420,0.0000
SFO,to,421,0.0000
SFO,to,422,0.0008
SFO,to,423,0.0000
SFO,to,424,0.0000
SFO,to,425,0.0000
SFO,to,426,0.0007
SFO,to,427,0.0009
SFO,to,428,0.0000
SFO,to,429,0.0000
SFO,to,430,0.0000
SFO,to,431,0.0000
SFO,to,432,0.0000
SFO,to,433,0.0000
SFO,to,434,0.0000
SFO,to,435,0.0007
SFO,to,436,0.0000
SFO,to,437,0.0000
SFO,to,438,0.0000
SFO,to,439,0.0000
SFO,to,440,0.0000
SFO,to,441,0.0003
SFO,to,442,0.0000
SFO,to,443,0.0008
SFO,to,444,0.0002
SFO,to,445,0.0000
SFO,to,446,0.0009
SFO,to,447,0.0000
SFO,to,448,0.0001
SFO,to,449,0.0000
SFO,to,450,0.0000
SFO,to,451,0.0004
SFO,to,452,0.0000
SFO,to,453,0.0000
SFO,to,454,0.0000
SFO,to,455,0.0000
SFO,to,456,0.0000
SFO,to,457,0.0000
SFO,to,458,0.0000
SFO,to,459,0.0000
SFO,to,460,0.0000
SFO,to,461,0.0000
SFO,to,462,0.0000
SFO,to,463,0.0000
SFO,to,464,0.0000
SFO,to,465,0.0000
SFO,to,466,0.0000
SFO,to,467,0.0000
SFO,to,468,0.0000
SFO,to,469,0.0000
SFO,to,470,0.0000
SFO,to,471,0.0000
SFO,to,472,0.0000
SFO,to,473,0.0000
SFO,to,474,0.0000
SFO,to,475,0.0000
SFO,to,476,0.0000
SFO,to,477,0.0000
SFO,to,478,0.0000
SFO,to,479,0.0000
SFO,to,480,0.0000
SFO,to,481,0.0000
SFO,to,482,0.0000
SFO,to,483,0.0000
SFO,to,484,0.0000
SFO,to,485,0.0000
SFO,to,486,0.0000
SFO,to,487,0.0000
SFO,to,488,0.0000
SFO,to,489,0.0000
SFO,to,490,0.0000
SFO,to,491,0.0000
SFO,to,492,0.0000
SFO,to,493,0.0000
SFO,to,494,0.0000
SFO,to,495,0.0000
SFO,to,496,0.0000
SFO,to,497,0.0000
SFO,to,498,0.0000
SFO,to,499,0.0000
SFO,to,500,0.0000
SFO,to,501,0.0000
SFO,to,502,0.0000
SFO,to,503,0.0000
SFO,to,504,0.0000
SFO,to,505,0.0000
SFO,to,506,0.0000
SFO,to,507,0.0000
SFO,to,508,0.0000
SFO,to,509,0.0000
SFO,to,510,0.0000
SFO,to,511,0.0000
SFO,to,512,0.0000
SFO,to,513,0.0000
SFO,to,514,0.0000
SFO,to,515,0.0000
SFO,to,516,0.0000
SFO,to,517,0.0000
SFO,to,518,0.0000
SFO,to,519,0.0000
SFO,to,520,0.0000
SFO,to,521,0.0004
SFO,to,522,0.0000
SFO,to,523,0.0000
SFO,to,524,0.0000
SFO,to,525,0.0000
SFO,to,526,0.0000
SFO,to,527,0.0000
SFO,to,528,0.0000
SFO,to,529,0.0000
SFO,to,530,0.0000
SFO,to,531,0.0000
SFO,to,532,0.0000
SFO,to,533,0.0000
SFO,to,534,0.0000
SFO,to,535,0.0000
SFO,to,536,0.0000
SFO,to,537,0.0000
SFO,to,538,0.0000
SFO,to,539,0.0000
SFO,to,540,0.0000
SFO,to,541,0.0000
SFO,to,542,0.0000
SFO,to,543,0.0008
SFO,to,544,0.0002
SFO,to,545,0.0000
SFO,to,546,0.0000
SFO,to,547,0.0000
SFO,to,548,0.0000
SFO,to,549,0.0002
SFO,to,550,0.0000
SFO,to,551,0.0000
SFO,to,552,0.0000
SFO,to,553,0.0000
SFO,to,554,0.0000
SFO,to,555,0.0000
SFO,to,556,0.0000
SFO,to,557,0.0011
SFO,to,558,0.0004
SFO,to,559,0.0000
SFO,to,560,0.0000
SFO,to,561,0.0000
SFO,to,562,0.0000
SFO,to,563,0.0000
SFO,to,564,0.0002
SFO,to,565,0.0000
SFO,to,566,0.0000
SFO,to,567,0.0000
SFO,to,568,0.0000
SFO,to,569,0.0000
SFO,to,570,0.0000
SFO,to,571,0.0000
SFO,to,572,0.0000
SFO,to,573,0.0000
SFO,to,574,0.0000
SFO,to,575,0.0000
SFO,to,576,0.0000
SFO,to,577,0.0000
SFO,to,578,0.0000
SFO,to,579,0.0000
SFO,to,580,0.0000
SFO,to,581,0.0000
SFO,to,582,0.0000
SFO,to,583,0.0000
SFO,to,584,0.0000
SFO,to,585,0.0000
SFO,to,586,0.0000
SFO,to,587,0.0000
SFO,to,588,0.0000
SFO,to,589,0.0000
SFO,to,590,0.0000
SFO,to,591,0.0000
SFO,to,592,0.0000
SFO,to,593,0.0000
SFO,to,594,0.0000
SFO,to,595,0.0000
SFO,to,596,0.0000
SFO,to,597,0.0000
SFO,to,598,0.0000
SFO,to,599,0.0000
SFO,to,600,0.0000
SFO,to,601,0.0000
SFO,to,602,0.0000
SFO,to,603,0.0000
SFO,to,604,0.0000
SFO,to,605,0.0000
SFO,to,606,0.0000
SFO,to,607,0.0000
SFO,to,608,0.0000
SFO,to,609,0.0006
SFO,to,610,0.0000
SFO,to,611,0.0000
SFO,to,612,0.0000
SFO,to,613,0.0000
SFO,to,614,0.0000
SFO,to,615,0.0000
SFO,to,616,0.0000
SFO,to,617,0.0000
SFO,to,618,0.0000
SFO,to,619,0.0000
SFO,to,620,0.0003
SFO,to,621,0.0000
SFO,to,622,0.0000
SFO,to,623,0.0000
SFO,to,624,0.0000
SFO,to,625,0.0000
SFO,to,626,0.0000
SFO,to,627,0.0000
SFO,to,628,0.0000
SFO,to,629,0.0000
SFO,to,630,0.0000
SFO,to,631,0.0000
SFO,to,632,0.0000
SFO,to,633,0.0000
SFO,to,634,0.0000
SFO,to,635,0.0000
SFO,to,636,0.0000
SFO,to,637,0.0000
SFO,to,638,0.0000
SFO,to,639,0.0000
SFO,to,640,0.0000
SFO,to,641,0.0000
SFO,to,642,0.0000
SFO,to,643,0.0000
SFO,to,644,0.0000
SFO,to,645,0.0000
SFO,to,646,0.0000
SFO,to,647,0.0000
SFO,to,648,0.0000
SFO,to,649,0.0000
SFO,to,650,0.0000
SFO,to,651,0.0000
SFO,to,652,0.0000
SFO,to,653,0.0000
SFO,to,654,0.0000
SFO,to,655,0.0000
SFO,to,656,0.0000
SFO,to,657,0.0000
SFO,to,658,0.0000
SFO,to,659,0.0000
SFO,to,660,0.0000
SFO,to,661,0.0000
SFO,to,662,0.0000
SFO,to,663,0.0000
SFO,to,664,0.0000
SFO,to,665,0.0000
SFO,to,666,0.0000
SFO,to,667,0.0000
SFO,to,668,0.0000
SFO,to,669,0.0000
SFO,to,670,0.0000
SFO,to,671,0.0000
SFO,to,672,0.0000
SFO,to,673,0.0000
SFO,to,674,0.0002
SFO,to,675,0.0000
SFO,to,676,0.0000
SFO,to,677,0.0000
SFO,to,678,0.0000
SFO,to,679,0.0000
SFO,to,680,0.0000
SFO,to,681,0.0000
SFO,to,682,0.0000
SFO,to,683,0.0000
SFO,to,684,0.0000
SFO,to,685,0.0000
SFO,to,686,0.0000
SFO,to,687,0.0000
SFO,to,688,0.0000
SFO,to,689,0.0000
SFO,to,690,0.0004
SFO,to,691,0.0000
SFO,to,692,0.0000
SFO,to,693,0.0000
SFO,to,694,0.0000
SFO,to,695,0.0000
SFO,to,696,0.0000
SFO,to,697,0.0000
SFO,to,698,0.0000
SFO,to,699,0.0000
SFO,to,700,0.0000
SFO,to,701,0.0000
SFO,to,702,0.0000
SFO,to,703,0.0000
SFO,to,704,0.0000
SFO,to,705,0.0000
SFO,to,706,0.0000
SFO,to,707,0.0000
SFO,to,708,0.0000
SFO,to,709,0.0000
SFO,to,710,0.0000
SFO,to,711,0.0000
SFO,to,712,0.0000
SFO,to,713,0.0000
SFO,to,714,0.0000
SFO,to,715,0.0004
SFO,to,716,0.0000
SFO,to,717,0.0000
SFO,to,718,0.0003
SFO,to,719,0.0000
SFO,to,720,0.0002
SFO,to,721,0.0000
SFO,to,722,0.0000
SFO,to,723,0.0011
SFO,to,724,0.0002
SFO,to,725,0.0003
SFO,to,726,0.0000
SFO,to,727,0.0000
SFO,to,728,0.0005
SFO,to,729,0.0017
SFO,to,730,0.0005
SFO,to,731,0.0009
SFO,to,732,0.0018
SFO,to,733,0.0012
SFO,to,734,0.0004
SFO,to,735,0.0002
SFO,to,736,0.0028
SFO,to,737,0.0005
SFO,to,738,0.0000
SFO,to,739,0.0008
SFO,to,740,0.0005
SFO,to,741,0.0010
SFO,to,742,0.0016
SFO,to,743,0.0008
SFO,to,744,0.0001
SFO,to,745,0.0000
SFO,to,746,0.0001
SFO,to,747,0.0002
SFO,to,748,0.0006
SFO,to,749,0.0002
SFO,to,750,0.0002
SFO,to,751,0.0002
SFO,to,752,0.0003
SFO,to,753,0.0000
SFO,to,754,0.0000
SFO,to,755,0.0006
SFO,to,756,0.0008
SFO,to,757,0.0002
SFO,to,758,0.0002
SFO,to,759,0.0000
SFO,to,760,0.0002
SFO,to,761,0.0002
SFO,to,762,0.0002
SFO,to,763,0.0000
SFO,to,764,0.0002
SFO,to,765,0.0000
SFO,to,766,0.0005
SFO,to,767,0.0005
SFO,to,768,0.0003
SFO,to,769,0.0000
SFO,to,770,0.0000
SFO,to,771,0.0000
SFO,to,772,0.0000
SFO,to,773,0.0000
SFO,to,774,0.0003
SFO,to,775,0.0008
SFO,to,776,0.0000
SFO,to,777,0.0005
SFO,to,778,0.0010
SFO,to,779,0.0000
SFO,to,780,0.0005
SFO,to,781,0.0003
SFO,to,782,0.0000
SFO,to,783,0.0000
SFO,to,784,0.0000
SFO,to,785,0.0003
SFO,to,786,0.0000
SFO,to,787,0.0003
SFO,to,788,0.0000
SFO,to,789,0.0000
SFO,to,790,0.0000
SFO,to,791,0.0000
SFO,to,792,0.0000
SFO,to,793,0.0000
SFO,to,794,0.0000
SFO,to,795,0.0000
SFO,to,796,0.0000
SFO,to,797,0.0004
SFO,to,798,0.0002
SFO,to,799,0.0000
SFO,to,800,0.0003
SFO,to,801,0.0015
SFO,to,802,0.0000
SFO,to,803,0.0000
SFO,to,804,0.0000
SFO,to,805,0.0000
SFO,to,806,0.0001
SFO,to,807,0.0000
SFO,to,808,0.0000
SFO,to,809,0.0000
SFO,to,810,0.0000
SFO,to,811,0.0000
SFO,to,812,0.0000
SFO,to,813,0.0000
SFO,to,814,0.0000
SFO,to,815,0.0000
SFO,to,816,0.0000
SFO,to,817,0.0000
SFO,to,818,0.0000
SFO,to,819,0.0001
SFO,to,820,0.0000
SFO,to,821,0.0002
SFO,to,822,0.0000
SFO,to,823,0.0000
SFO,to,824,0.0002
SFO,to,825,0.0000
SFO,to,826,0.0000
SFO,to,827,0.0000
SFO,to,828,0.0009
SFO,to,829,0.0000
SFO,to,830,0.0000
SFO,to,831,0.0000
SFO,to,832,0.0000
SFO,to,833,0.0000
SFO,to,834,0.0000
SFO,to,835,0.0000
SFO,to,836,0.0000
SFO,to,837,0.0002
SFO,to,838,0.0000
SFO,to,839,0.0007
SFO,to,840,0.0002
SFO,to,841,0.0000
SFO,to,842,0.0001
SFO,to,843,0.0000
SFO,to,844,0.0004
SFO,to,845,0.0000
SFO,to,846,0.0022
SFO,to,847,0.0000
SFO,to,848,0.0003
SFO,to,849,0.0000
SFO,to,850,0.0000
SFO,to,851,0.0001
SFO,to,852,0.0003
SFO,to,853,0.0001
SFO,to,854,0.0000
SFO,to,855,0.0000
SFO,to,856,0.0009
SFO,to,857,0.0007
SFO,to,858,0.0000
SFO,to,859,0.0001
SFO,to,860,0.0000
SFO,to,861,0.0002
SFO,to,862,0.0000
SFO,to,863,0.0002
SFO,to,864,0.0003
SFO,to,865,0.0000
SFO,to,866,0.0004
SFO,to,867,0.0011
SFO,to,868,0.0001
SFO,to,869,0.0002
SFO,to,870,0.0004
SFO,to,871,0.0013
SFO,to,872,0.0005
SFO,to,873,0.0000
SFO,to,874,0.0022
SFO,to,875,0.0004
SFO,to,876,0.0000
SFO,to,877,0.0000
SFO,to,878,0.0000
SFO,to,879,0.0002
SFO,to,880,0.0000
SFO,to,881,0.0000
SFO,to,882,0.0002
SFO,to,883,0.0006
SFO,to,884,0.0000
SFO,to,885,0.0002
SFO,to,886,0.0000
SFO,to,887,0.0003
SFO,to,888,0.0000
SFO,to,889,0.0000
SFO,to,890,0.0000
SFO,to,891,0.0000
SFO,to,892,0.0002
SFO,to,893,0.0000
SFO,to,894,0.0000
SFO,to,895,0.0013
SFO,to,896,0.0000
SFO,to,897,0.0000
SFO,to,898,0.0000
SFO,to,899,0.0002
SFO,to,900,0.0003
SFO,to,901,0.0000
SFO,to,902,0.0004
SFO,to,903,0.0002
SFO,to,904,0.0000
SFO,to,905,0.0000
SFO,to,906,0.0007
SFO,to,907,0.0002
SFO,to,908,0.0004
SFO,to,909,0.0007
SFO,to,910,0.0000
SFO,to,911,0.0001
SFO,to,912,0.0013
SFO,to,913,0.0013
SFO,to,914,0.0008
SFO,to,915,0.0036
SFO,to,916,0.0018
SFO,to,917,0.0011
SFO,to,918,0.0004
SFO,to,919,0.0000
SFO,to,920,0.0007
SFO,to,921,0.0005
SFO,to,922,0.0009
SFO,to,923,0.0005
SFO,to,924,0.0005
SFO,to,925,0.0012
SFO,to,926,0.0004
SFO,to,927,0.0002
SFO,to,928,0.0000
SFO,to,929,0.0000
SFO,to,930,0.0000
SFO,to,931,0.0000
SFO,to,932,0.0000
SFO,to,933,0.0000
SFO,to,934,0.0016
SFO,to,935,0.0000
SFO,to,936,0.0000
SFO,to,937,0.0002
SFO,to,938,0.0002
SFO,to,939,0.0029
SFO,to,940,0.0014
SFO,to,941,0.0016
SFO,to,942,0.0013
SFO,to,943,0.0017
SFO,to,944,0.0015
SFO,to,945,0.0045
SFO,to,946,0.0023
SFO,to,947,0.0000
SFO,to,948,0.0005
SFO,to,949,0.0000
SFO,to,950,0.0011
SFO,to,951,0.0004
SFO,to,952,0.0000
SFO,to,953,0.0007
SFO,to,954,0.0004
SFO,to,955,0.0008
SFO,to,956,0.0010
SFO,to,957,0.0000
SFO,to,958,0.0000
SFO,to,959,0.0000
SFO,to,960,0.0006
SFO,to,961,0.0003
SFO,to,962,0.0022
SFO,to,963,0.0000
SFO,to,964,0.0000
SFO,to,965,0.0015
SFO,to,966,0.0000
SFO,to,967,0.0010
SFO,to,968,0.0043
SFO,to,969,0.0053
SFO,to,970,0.0020
SFO,to,971,0.0055
SFO,to,972,0.0033
SFO,to,973,0.0005
SFO,to,974,0.0002
SFO,to,975,0.0026
SFO,to,976,0.0030
SFO,to,977,0.0054
SFO,to,978,0.0016
SFO,to,979,0.0000
SFO,to,980,0.0003
SFO,to,981,0.0023
SFO,to,982,0.0000
SFO,to,983,0.0000
SFO,to,984,0.0006
SFO,to,985,0.0006
SFO,to,986,0.0016
SFO,to,987,0.0002
SFO,to,988,0.0031
SFO,to,989,0.0006
SFO,to,990,0.0003
SFO,to,991,0.0042
SFO,to,992,0.0001
SFO,to,993,0.0001
SFO,to,994,0.0017
SFO,to,995,0.0003
SFO,to,996,0.0017
SFO,to,997,0.0000
SFO,to,998,0.0023
SFO,to,999,0.0022
SFO,to,1000,0.0031
SFO,to,1001,0.0008
SFO,to,1002,0.0024
SFO,to,1003,0.0006
SFO,to,1004,0.0007
SFO,to,1005,0.0017
SFO,to,1006,0.0030
SFO,to,1007,0.0017
SFO,to,1008,0.0038
SFO,to,1009,0.0007
SFO,to,1010,0.0030
SFO,to,1011,0.0010
SFO,to,1012,0.0018
SFO,to,1013,0.0005
SFO,to,1014,0.0011
SFO,to,1015,0.0004
SFO,to,1016,0.0013
SFO,to,1017,0.0006
SFO,to,1018,0.0099
SFO,to,1019,0.0165
SFO,to,1020,0.0015
SFO,to,1021,0.0025
SFO,to,1022,0.0011
SFO,to,1023,0.0019
SFO,to,1024,0.0004
SFO,to,1025,0.0009
SFO,to,1026,0.0019
SFO,to,1027,0.0015
SFO,to,1028,0.0014
SFO,to,1029,0.0017
SFO,to,1030,0.0002
SFO,to,1031,0.0006
SFO,to,1032,0.0030
SFO,to,1033,0.0017
SFO,to,1034,0.0019
SFO,to,1035,0.0003
SFO,to,1036,0.0003
SFO,to,1037,0.0004
SFO,to,1038,0.0004
SFO,to,1039,0.0014
SFO,to,1040,0.0009
SFO,to,1041,0.0014
SFO,to,1042,0.0003
SFO,to,1043,0.0011
SFO,to,1044,0.0008
SFO,to,1045,0.0006
SFO,to,1046,0.0000
SFO,to,1047,0.0026
SFO,to,1048,0.0000
SFO,to,1049,0.0013
SFO,to,1050,0.0007
SFO,to,1051,0.0022
SFO,to,1052,0.0003
SFO,to,1053,0.0019
SFO,to,1054,0.0000
SFO,to,1055,0.0000
SFO,to,1056,0.0016
SFO,to,1057,0.0000
SFO,to,1058,0.0003
SFO,to,1059,0.0009
SFO,to,1060,0.0002
SFO,to,1061,0.0005
SFO,to,1062,0.0007
SFO,to,1063,0.0000
SFO,to,1064,0.0000
SFO,to,1065,0.0002
SFO,to,1066,0.0023
SFO,to,1067,0.0000
SFO,to,1068,0.0004
SFO,to,1069,0.0000
SFO,to,1070,0.0008
SFO,to,1071,0.0000
SFO,to,1072,0.0008
SFO,to,1073,0.0014
SFO,to,1074,0.0004
SFO,to,1075,0.0000
SFO,to,1076,0.0011
SFO,to,1077,0.0000
SFO,to,1078,0.0000
SFO,to,1079,0.0004
SFO,to,1080,0.0003
SFO,to,1081,0.0000
SFO,to,1082,0.0000
SFO,to,1083,0.0032
SFO,to,1084,0.0000
SFO,to,1085,0.0000
SFO,to,1086,0.0000
SFO,to,1087,0.0000
SFO,to,1088,0.0000
SFO,to,1089,0.0004
SFO,to,1090,0.0000
SFO,to,1091,0.0007
SFO,to,1092,0.0000
SFO,to,1093,0.0006
SFO,to,1094,0.0009
SFO,to,1095,0.0000
SFO,to,1096,0.0002
SFO,to,1097,0.0000
SFO,to,1098,0.0026
SFO,to,1099,0.0016
SFO,to,1100,0.0014
SFO,to,1101,0.0012
SFO,to,1102,0.0000
SFO,to,1103,0.0000
SFO,to,1104,0.0005
SFO,to,1105,0.0000
SFO,to,1106,0.0022
SFO,to,1107,0.0007
SFO,to,1108,0.0008
SFO,to,1109,0.0026
SFO,to,1110,0.0014
SFO,to,1111,0.0027
SFO,to,1112,0.0016
SFO,to,1113,0.0020
SFO,to,1114,0.0002
SFO,to,1115,0.0002
SFO,to,1116,0.0000
SFO,to,1117,0.0000
SFO,to,1118,0.0005
SFO,to,1119,0.0017
SFO,to,1120,0.0002
SFO,to,1121,0.0059
SFO,to,1122,0.0021
SFO,to,1123,0.0020
SFO,to,1124,0.0000
SFO,to,1125,0.0000
SFO,to,1126,0.0000
SFO,to,1127,0.0042
SFO,to,1128,0.0009
SFO,to,1129,0.0000
SFO,to,1130,0.0002
SFO,to,1131,0.0008
SFO,to,1132,0.0028
SFO,to,1133,0.0020
SFO,to,1134,0.0017
SFO,to,1135,0.0023
SFO,to,1136,0.0035
SFO,to,1137,0.0023
SFO,to,1138,0.0009
SFO,to,1139,0.0000
SFO,to,1140,0.0009
SFO,to,1141,0.0013
SFO,to,1142,0.0010
SFO,to,1143,0.0008
SFO,to,1144,0.0017
SFO,to,1145,0.0066
SFO,to,1146,0.0009
SFO,to,1147,0.0029
SFO,to,1148,0.0009
SFO,to,1149,0.0022
SFO,to,1150,0.0027
SFO,to,1151,0.0012
SFO,to,1152,0.0043
SFO,to,1153,0.0056
SFO,to,1154,0.0032
SFO,to,1155,0.0009
SFO,to,1156,0.0039
SFO,to,1157,0.0011
SFO,to,1158,0.0024
SFO,to,1159,0.0015
SFO,to,1160,0.0009
SFO,to,1161,0.0019
SFO,to,1162,0.0004
SFO,to,1163,0.0000
SFO,to,1164,0.0000
SFO,to,1165,0.0005
SFO,to,1166,0.0013
SFO,to,1167,0.0000
SFO,to,1168,0.0011
SFO,to,1169,0.0008
SFO,to,1170,0.0002
SFO,to,1171,0.0002
SFO,to,1172,0.0013
SFO,to,1173,0.0001
SFO,to,1174,0.0000
SFO,to,1175,0.0009
SFO,to,1176,0.0018
SFO,to,1177,0.0004
SFO,to,1178,0.0029
SFO,to,1179,0.0007
SFO,to,1180,0.0008
SFO,to,1181,0.0000
SFO,to,1182,0.0004
SFO,to,1183,0.0000
SFO,to,1184,0.0012
SFO,to,1185,0.0008
SFO,to,1186,0.0009
SFO,to,1187,0.0005
SFO,to,1188,0.0004
SFO,to,1189,0.0008
SFO,to,1190,0.0005
SFO,to,1191,0.0004
SFO,to,1192,0.0000
SFO,to,1193,0.0000
SFO,to,1194,0.0005
SFO,to,1195,0.0002
SFO,to,1196,0.0000
SFO,to,1197,0.0000
SFO,to,1198,0.0000
SFO,to,1199,0.0000
SFO,to,1200,0.0008
SFO,to,1201,0.0009
SFO,to,1202,0.0000
SFO,to,1203,0.0006
SFO,to,1204,0.0004
SFO,to,1205,0.0004
SFO,to,1206,0.0000
SFO,to,1207,0.0000
SFO,to,1208,0.0000
SFO,to,1209,0.0017
SFO,to,1210,0.0007
SFO,to,1211,0.0002
SFO,to,1212,0.0002
SFO,to,1213,0.0007
SFO,to,1214,0.0000
SFO,to,1215,0.0000
SFO,to,1216,0.0005
SFO,to,1217,0.0002
SFO,to,1218,0.0000
SFO,to,1219,0.0000
SFO,to,1220,0.0005
SFO,to,1221,0.0000
SFO,to,1222,0.0000
SFO,to,1223,0.0000
SFO,to,1224,0.0014
SFO,to,1225,0.0000
SFO,to,1226,0.0000
SFO,to,1227,0.0000
SFO,to,1228,0.0000
SFO,to,1229,0.0000
SFO,to,1230,0.0000
SFO,to,1231,0.0000
SFO,to,1232,0.0000
SFO,to,1233,0.0004
SFO,to,1234,0.0003
SFO,to,1235,0.0000
SFO,to,1236,0.0000
SFO,to,1237,0.0000
SFO,to,1238,0.0000
SFO,to,1239,0.0002
SFO,to,1240,0.0000
SFO,to,1241,0.0000
SFO,to,1242,0.0000
SFO,to,1243,0.0000
SFO,to,1244,0.0000
SFO,to,1245,0.0000
SFO,to,1246,0.0013
SFO,to,1247,0.0000
SFO,to,1248,0.0000
SFO,to,1249,0.0000
SFO,to,1250,0.0000
SFO,to,1251,0.0000
SFO,to,1252,0.0000
SFO,to,1253,0.0000
SFO,to,1254,0.0000
SFO,to,1255,0.0000
SFO,to,1256,0.0000
SFO,to,1257,0.0000
SFO,to,1258,0.0000
SFO,to,1259,0.0000
SFO,to,1260,0.0000
SFO,to,1261,0.0000
SFO,to,1262,0.0006
SFO,to,1263,0.0000
SFO,to,1264,0.0000
SFO,to,1265,0.0000
SFO,to,1266,0.0000
SFO,to,1267,0.0000
SFO,to,1268,0.0000
SFO,to,1269,0.0000
SFO,to,1270,0.0000
SFO,to,1271,0.0000
SFO,to,1272,0.0000
SFO,to,1273,0.0000
SFO,to,1274,0.0000
SFO,to,1275,0.0002
SFO,to,1276,0.0000
SFO,to,1277,0.0000
SFO,to,1278,0.0000
SFO,to,1279,0.0000
SFO,to,1280,0.0000
SFO,to,1281,0.0000
SFO,to,1282,0.0000
SFO,to,1283,0.0000
SFO,to,1284,0.0000
SFO,to,1285,0.0000
SFO,to,1286,0.0000
SFO,to,1287,0.0000
SFO,to,1288,0.0000
SFO,to,1289,0.0000
SFO,to,1290,0.0000
SFO,to,1291,0.0000
SFO,to,1292,0.0002
SFO,to,1293,0.0000
SFO,to,1294,0.0000
SFO,to,1295,0.0000
SFO,to,1296,0.0000
SFO,to,1297,0.0000
SFO,to,1298,0.0004
SFO,to,1299,0.0005
SFO,to,1300,0.0000
SFO,to,1301,0.0000
SFO,to,1302,0.0000
SFO,to,1303,0.0000
SFO,to,1304,0.0000
SFO,to,1305,0.0000
SFO,to,1306,0.0000
SFO,to,1307,0.0000
SFO,to,1308,0.0000
SFO,to,1309,0.0000
SFO,to,1310,0.0000
SFO,to,1311,0.0000
SFO,to,1312,0.0000
SFO,to,1313,0.0000
SFO,to,1314,0.0000
SFO,to,1315,0.0005
SFO,to,1316,0.0000
SFO,to,1317,0.0000
SFO,to,1318,0.0000
SFO,to,1319,0.0000
SFO,to,1320,0.0000
SFO,to,1321,0.0000
SFO,to,1322,0.0000
SFO,to,1323,0.0000
SFO,to,1324,0.0000
SFO,to,1325,0.0000
SFO,to,1326,0.0000
SFO,to,1327,0.0000
SFO,to,1328,0.0000
SFO,to,1329,0.0000
SFO,to,1330,0.0000
SFO,to,1331,0.0000
SFO,to,1332,0.0000
SFO,to,1333,0.0000
SFO,to,1334,0.0000
SFO,to,1335,0.0000
SFO,to,1336,0.0000
SFO,to,1337,0.0000
SFO,to,1338,0.0000
SFO,to,1339,0.0000
SFO,to,1340,0.0000
SFO,to,1341,0.0000
SFO,to,1342,0.0000
SFO,to,1343,0.0000
SFO,to,1344,0.0000
SFO,to,1345,0.0000
SFO,to,1346,0.0000
SFO,to,1347,0.0000
SFO,to,1348,0.0000
SFO,to,1349,0.0000
SFO,to,1350,0.0000
SFO,to,1351,0.0000
SFO,to,1352,0.0000
SFO,to,1353,0.0000
SFO,to,1354,0.0000
SFO,to,1355,0.0000
SFO,to,1356,0.0000
SFO,to,1357,0.0000
SFO,to,1358,0.0000
SFO,to,1359,0.0000
SFO,to,1360,0.0000
SFO,to,1361,0.0000
SFO,to,1362,0.0000
SFO,to,1363,0.0000
SFO,to,1364,0.0000
SFO,to,1365,0.0000
SFO,to,1366,0.0000
SFO,to,1367,0.0000
SFO,to,1368,0.0000
SFO,to,1369,0.0000
SFO,to,1370,0.0000
SFO,to,1371,0.0000
SFO,to,1372,0.0000
SFO,to,1373,0.0000
SFO,to,1374,0.0000
SFO,to,1375,0.0000
SFO,to,1376,0.0000
SFO,to,1377,0.0000
SFO,to,1378,0.0000
SFO,to,1379,0.0000
SFO,to,1380,0.0000
SFO,to,1381,0.0000
SFO,to,1382,0.0000
SFO,to,1383,0.0000
SFO,to,1384,0.0000
SFO,to,1385,0.0000
SFO,to,1386,0.0000
SFO,to,1387,0.0000
SFO,to,1388,0.0000
SFO,to,1389,0.0000
SFO,to,1390,0.0000
SFO,to,1391,0.0000
SFO,to,1392,0.0000
SFO,to,1393,0.0000
SFO,to,1394,0.0000
SFO,to,1395,0.0000
SFO,to,1396,0.0000
SFO,to,1397,0.0000
SFO,to,1398,0.0000
SFO,to,1399,0.0000
SFO,to,1400,0.0000
SFO,to,1401,0.0000
SFO,to,1402,0.0000
SFO,to,1403,0.0000
SFO,to,1404,0.0000
SFO,to,1405,0.0000
SFO,to,1406,0.0000
SFO,to,1407,0.0000
SFO,to,1408,0.0000
SFO,to,1409,0.0000
SFO,to,1410,0.0000
SFO,to,1411,0.0000
SFO,to,1412,0.0000
SFO,to,1413,0.0000
SFO,to,1414,0.0000
SFO,to,1415,0.0000
SFO,to,1416,0.0000
SFO,to,1417,0.0000
SFO,to,1418,0.0000
SFO,to,1419,0.0000
SFO,to,1420,0.0000
SFO,to,1421,0.0000
SFO,to,1422,0.0000
SFO,to,1423,0.0000
SFO,to,1424,0.0000
SFO,to,1425,0.0000
SFO,to,1426,0.0000
SFO,to,1427,0.0000
SFO,to,1428,0.0000
SFO,to,1429,0.0000
SFO,to,1430,0.0009
SFO,to,1431,0.0000
SFO,to,1432,0.0000
SFO,to,1433,0.0000
SFO,to,1434,0.0000
SFO,to,1435,0.0000
SFO,to,1436,0.0000
SFO,to,1437,0.0000
SFO,to,1438,0.0000
SFO,to,1439,0.0000
SFO,to,1440,0.0000
SFO,to,1441,0.0000
SFO,to,1442,0.0000
SFO,to,1443,0.0000
SFO,to,1444,0.0000
SFO,to,1445,0.0000
SFO,to,1446,0.0000
SFO,to,1447,0.0000
SFO,to,1448,0.0007
SFO,to,1449,0.0000
SFO,to,1450,0.0000
SFO,to,1451,0.0000
SFO,to,1452,0.0000
SFO,to,1453,0.0000
SFO,to,1454,0.0000
SJC,from,1,0.0000
SJC,from,2,0.0000
SJC,from,3,0.0000
SJC,from,4,0.0000
SJC,from,5,0.0000
SJC,from,6,0.0000
SJC,from,7,0.0000
SJC,from,8,0.0257
SJC,from,9,0.0000
SJC,from,10,0.0000
SJC,from,11,0.0000
SJC,from,12,0.0000
SJC,from,13,0.0000
SJC,from,14,0.0000
SJC,from,15,0.0000
SJC,from,16,0.0000
SJC,from,17,0.0374
SJC,from,18,0.0000
SJC,from,19,0.0000
SJC,from,20,0.0000
SJC,from,21,0.0000
SJC,from,22,0.0000
SJC,from,23,0.0000
SJC,from,24,0.0000
SJC,from,25,0.0000
SJC,from,26,0.0000
SJC,from,27,0.0000
SJC,from,28,0.0000
SJC,from,29,0.0000
SJC,from,30,0.0000
SJC,from,31,0.0000
SJC,from,32,0.0000
SJC,from,33,0.0000
SJC,from,34,0.0000
SJC,from,35,0.0000
SJC,from,36,0.0000
SJC,from,37,0.0000
SJC,from,38,0.0000
SJC,from,39,0.0000
SJC,from,40,0.0000
SJC,from,41,0.0000
SJC,from,42,0.0000
SJC,from,43,0.0000
SJC,from,44,0.0000
SJC,from,45,0.0000
SJC,from,46,0.0000
SJC,from,47,0.0000
SJC,from,48,0.0000
SJC,from,49,0.0000
SJC,from,50,0.0000
SJC,from,51,0.0000
SJC,from,52,0.0000
SJC,from,53,0.0000
SJC,from,54,0.0000
SJC,from,55,0.0000
SJC,from,56,0.0000
SJC,from,57,0.0000
SJC,from,58,0.0000
SJC,from,59,0.0000
SJC,from,60,0.0000
SJC,from,61,0.0000
SJC,from,62,0.0000
SJC,from,63,0.0000
SJC,from,64,0.0000
SJC,from,65,0.0000
SJC,from,66,0.0000
SJC,from,67,0.0000
SJC,from,68,0.0000
SJC,from,69,0.0000
SJC,from,70,0.0000
SJC,from,71,0.0000
SJC,from,72,0.0000
SJC,from,73,0.0000
SJC,from,74,0.0000
SJC,from,75,0.0000
SJC,from,76,0.0000
SJC,from,77,0.0000
SJC,from,78,0.0000
SJC,from,79,0.0000
SJC,from,80,0.0000
SJC,from,81,0.0000
SJC,from,82,0.0000
SJC,from,83,0.0000
SJC,from,84,0.0000
SJC,from,85,0.0000
SJC,from,86,0.0000
SJC,from,87,0.0000
SJC,from,88,0.0000
SJC,from,89,0.0000
SJC,from,90,0.0000
SJC,from,91,0.0000
SJC,from,92,0.0000
SJC,from,93,0.0000
SJC,from,94,0.0000
SJC,from,95,0.0000
SJC,from,96,0.0000
SJC,from,97,0.0000
SJC,from,98,0.0000
SJC,from,99,0.0000
SJC,from,100,0.0000
SJC,from,101,0.0000
SJC,from,102,0.0000
SJC,from,103,0.0000
SJC,from,104,0.0000
SJC,from,105,0.0000
SJC,from,106,0.0000
SJC,from,107,0.0000
SJC,from,108,0.0000
SJC,from,109,0.0000
SJC,from,110,0.0000
SJC,from,111,0.0000
SJC,from,112,0.0000
SJC,from,113,0.0000
SJC,from,114,0.0000
SJC,from,115,0.0000
SJC,from,116,0.0000
SJC,from,117,0.0000
SJC,from,118,0.0000
SJC,from,119,0.0000
SJC,from,120,0.0000
SJC,from,121,0.0000
SJC,from,122,0.0000
SJC,from,123,0.0000
SJC,from,124,0.0000
SJC,from,125,0.0000
SJC,from,126,0.0000
SJC,from,127,0.0000
SJC,from,128,0.0000
SJC,from,129,0.0000
SJC,from,130,0.0000
SJC,from,131,0.0000
SJC,from,132,0.0000
SJC,from,133,0.0000
SJC,from,134,0.0000
SJC,from,135,0.0000
SJC,from,136,0.0000
SJC,from,137,0.0000
SJC,from,138,0.0000
SJC,from,139,0.0000
SJC,from,140,0.0000
SJC,from,141,0.0000
SJC,from,142,0.0000
SJC,from,143,0.0000
SJC,from,144,0.0000
SJC,from,145,0.0000
SJC,from,146,0.0000
SJC,from,147,0.0000
SJC,from,148,0.0000
SJC,from,149,0.0000
SJC,from,150,0.0000
SJC,from,151,0.0000
SJC,from,152,0.0000
SJC,from,153,0.0000
SJC,from,154,0.0000
SJC,from,155,0.0000
SJC,from,156,0.0000
SJC,from,157,0.0000
SJC,from,158,0.0000
SJC,from,159,0.0000
SJC,from,160,0.0000
SJC,from,161,0.0000
SJC,from,162,0.0000
SJC,from,163,0.0000
SJC,from,164,0.0000
SJC,from,165,0.0000
SJC,from,166,0.0000
SJC,from,167,0.0000
SJC,from,168,0.0000
SJC,from,169,0.0000
SJC,from,170,0.0000
SJC,from,171,0.0000
SJC,from,172,0.0000
SJC,from,173,0.0000
SJC,from,174,0.0000
SJC,from,175,0.0000
SJC,from,176,0.0000
SJC,from,177,0.0000
SJC,from,178,0.0000
SJC,from,179,0.0000
SJC,from,180,0.0000
SJC,from,181,0.0000
SJC,from,182,0.0000
SJC,from,183,0.0000
SJC,from,184,0.0000
SJC,from,185,0.0000
SJC,from,186,0.0000
SJC,from,187,0.0000
SJC,from,188,0.0000
SJC,from,189,0.0000
SJC,from,190,0.0000
SJC,from,191,0.0000
SJC,from,192,0.0000
SJC,from,193,0.0000
SJC,from,194,0.0000
SJC,from,195,0.0000
SJC,from,196,0.0000
SJC,from,197,0.0000
SJC,from,198,0.0000
SJC,from,199,0.0000
SJC,from,200,0.0000
SJC,from,201,0.0000
SJC,from,202,0.0000
SJC,from,203,0.0000
SJC,from,204,0.0000
SJC,from,205,0.0000
SJC,from,206,0.0000
SJC,from,207,0.0000
SJC,from,208,0.0000
SJC,from,209,0.0000
SJC,from,210,0.0000
SJC,from,211,0.0000
SJC,from,212,0.0000
SJC,from,213,0.0000
SJC,from,214,0.0000
SJC,from,215,0.0000
SJC,from,216,0.0000
SJC,from,217,0.0000
SJC,from,218,0.0000
SJC,from,219,0.0000
SJC,from,220,0.0000
SJC,from,221,0.0000
SJC,from,222,0.0000
SJC,from,223,0.0000
SJC,from,224,0.0000
SJC,from,225,0.0000
SJC,from,226,0.0000
SJC,from,227,0.0000
SJC,from,228,0.0000
SJC,from,229,0.0000
SJC,from,230,0.0000
SJC,from,231,0.0000
SJC,from,232,0.0000
SJC,from,233,0.0000
SJC,from,234,0.0000
SJC,from,235,0.0000
SJC,from,236,0.0000
SJC,from,237,0.0000
SJC,from,238,0.0000
SJC,from,239,0.0000
SJC,from,240,0.0000
SJC,from,241,0.0000
SJC,from,242,0.0000
SJC,from,243,0.0000
SJC,from,244,0.0000
SJC,from,245,0.0000
SJC,from,246,0.0000
SJC,from,247,0.0000
SJC,from,248,0.0000
SJC,from,249,0.0000
SJC,from,250,0.0000
SJC,from,251,0.0000
SJC,from,252,0.0000
SJC,from,253,0.0000
SJC,from,254,0.0000
SJC,from,255,0.0000
SJC,from,256,0.0000
SJC,from,257,0.0000
SJC,from,258,0.0000
SJC,from,259,0.0000
SJC,from,260,0.0000
SJC,from,261,0.0000
SJC,from,262,0.0000
SJC,from,263,0.0000
SJC,from,264,0.0000
SJC,from,265,0.0000
SJC,from,266,0.0000
SJC,from,267,0.0000
SJC,from,268,0.0000
SJC,from,269,0.0000
SJC,from,270,0.0000
SJC,from,271,0.0000
SJC,from,272,0.0000
SJC,from,273,0.0000
SJC,from,274,0.0000
SJC,from,275,0.0000
SJC,from,276,0.0000
SJC,from,277,0.0000
SJC,from,278,0.0000
SJC,from,279,0.0000
SJC,from,280,0.0000
SJC,from,281,0.0000
SJC,from,282,0.0000
SJC,from,283,0.0000
SJC,from,284,0.0000
SJC,from,285,0.0000
SJC,from,286,0.0000
SJC,from,287,0.0000
SJC,from,288,0.0000
SJC,from,289,0.0000
SJC,from,290,0.0000
SJC,from,291,0.0000
SJC,from,292,0.0000
SJC,from,293,0.0000
SJC,from,294,0.0000
SJC,from,295,0.0000
SJC,from,296,0.0000
SJC,from,297,0.0000
SJC,from,298,0.0000
SJC,from,299,0.0000
SJC,from,300,0.0000
SJC,from,301,0.0000
SJC,from,302,0.0000
SJC,from,303,0.0000
SJC,from,304,0.0000
SJC,from,305,0.0000
SJC,from,306,0.0000
SJC,from,307,0.0000
SJC,from,308,0.0000
SJC,from,309,0.0000
SJC,from,310,0.0000
SJC,from,311,0.0000
SJC,from,312,0.0000
SJC,from,313,0.0000
SJC,from,314,0.0000
SJC,from,315,0.0000
SJC,from,316,0.0000
SJC,from,317,0.0000
SJC,from,318,0.0000
SJC,from,319,0.0627
SJC,from,320,0.0000
SJC,from,321,0.0000
SJC,from,322,0.0000
SJC,from,323,0.0000
SJC,from,324,0.0000
SJC,from,325,0.0000
SJC,from,326,0.0000
SJC,from,327,0.0000
SJC,from,328,0.0000
SJC,from,329,0.0000
SJC,from,330,0.0000
SJC,from,331,0.0000
SJC,from,332,0.0000
SJC,from,333,0.0000
SJC,from,334,0.0000
SJC,from,335,0.0000
SJC,from,336,0.0000
SJC,from,337,0.0000
SJC,from,338,0.0000
SJC,from,339,0.0000
SJC,from,340,0.0000
SJC,from,341,0.0253
SJC,from,342,0.0000
SJC,from,343,0.0000
SJC,from,344,0.0000
SJC,from,345,0.0000
SJC,from,346,0.0000
SJC,from,347,0.0000
SJC,from,348,0.0000
SJC,from,349,0.0000
SJC,from,350,0.0000
SJC,from,351,0.0000
SJC,from,352,0.0000
SJC,from,353,0.0000
SJC,from,354,0.0000
SJC,from,355,0.0000
SJC,from,356,0.0000
SJC,from,357,0.0000
SJC,from,358,0.0000
SJC,from,359,0.0000
SJC,from,360,0.0000
SJC,from,361,0.0000
SJC,from,362,0.0000
SJC,from,363,0.0000
SJC,from,364,0.0000
SJC,from,365,0.0000
SJC,from,366,0.0000
SJC,from,367,0.0000
SJC,from,368,0.0000
SJC,from,369,0.0000
SJC,from,370,0.0000
SJC,from,371,0.0000
SJC,from,372,0.0000
SJC,from,373,0.0000
SJC,from,374,0.0000
SJC,from,375,0.0000
SJC,from,376,0.0000
SJC,from,377,0.0000
SJC,from,378,0.0000
SJC,from,379,0.0000
SJC,from,380,0.0000
SJC,from,381,0.0000
SJC,from,382,0.0000
SJC,from,383,0.0000
SJC,from,384,0.0000
SJC,from,385,0.0000
SJC,from,386,0.0000
SJC,from,387,0.0000
SJC,from,388,0.0000
SJC,from,389,0.0000
SJC,from,390,0.0000
SJC,from,391,0.0000
SJC,from,392,0.0000
SJC,from,393,0.0000
SJC,from,394,0.0000
SJC,from,395,0.0000
SJC,from,396,0.0000
SJC,from,397,0.0000
SJC,from,398,0.0000
SJC,from,399,0.0000
SJC,from,400,0.0000
SJC,from,401,0.0000
SJC,from,402,0.0000
SJC,from,403,0.0000
SJC,from,404,0.0000
SJC,from,405,0.0000
SJC,from,406,0.0000
SJC,from,407,0.0000
SJC,from,408,0.0000
SJC,from,409,0.0000
SJC,from,410,0.0201
SJC,from,411,0.0000
SJC,from,412,0.0201
SJC,from,413,0.0000
SJC,from,414,0.0000
SJC,from,415,0.0000
SJC,from,416,0.0000
SJC,from,417,0.0000
SJC,from,418,0.0044
SJC,from,419,0.0000
SJC,from,420,0.0000
SJC,from,421,0.0000
SJC,from,422,0.0000
SJC,from,423,0.0000
SJC,from,424,0.0000
SJC,from,425,0.0000
SJC,from,426,0.0000
SJC,from,427,0.0000
SJC,from,428,0.0000
SJC,from,429,0.0000
SJC,from,430,0.0000
SJC,from,431,0.0000
SJC,from,432,0.0133
SJC,from,433,0.0000
SJC,from,434,0.0000
SJC,from,435,0.1107
SJC,from,436,0.0000
SJC,from,437,0.0000
SJC,from,438,0.0000
SJC,from,439,0.0000
SJC,from,440,0.0000
SJC,from,441,0.0000
SJC,from,442,0.0000
SJC,from,443,0.0000
SJC,from,444,0.0000
SJC,from,445,0.0000
SJC,from,446,0.0000
SJC,from,447,0.0000
SJC,from,448,0.0000
SJC,from,449,0.0000
SJC,from,450,0.0000
SJC,from,451,0.0000
SJC,from,452,0.0000
SJC,from,453,0.0000
SJC,from,454,0.0000
SJC,from,455,0.0000
SJC,from,456,0.0000
SJC,from,457,0.0000
SJC,from,458,0.0000
SJC,from,459,0.0000
SJC,from,460,0.0000
SJC,from,461,0.0000
SJC,from,462,0.0000
SJC,from,463,0.0000
SJC,from,464,0.0257
SJC,from,465,0.0374
SJC,from,466,0.0133
SJC,from,467,0.0000
SJC,from,468,0.0000
SJC,from,469,0.0000
SJC,from,470,0.0000
SJC,from,471,0.0000
SJC,from,472,0.0000
SJC,from,473,0.0000
SJC,from,474,0.0000
SJC,from,475,0.0000
SJC,from,476,0.0000
SJC,from,477,0.0000
SJC,from,478,0.0000
SJC,from,479,0.0000
SJC,from,480,0.0000
SJC,from,481,0.0000
SJC,from,482,0.0000
SJC,from,483,0.0000
SJC,from,484,0.0000
SJC,from,485,0.0000
SJC,from,486,0.0000
SJC,from,487,0.0000
SJC,from,488,0.0000
SJC,from,489,0.0000
SJC,from,490,0.0000
SJC,from,491,0.0000
SJC,from,492,0.0000
SJC,from,493,0.0000
SJC,from,494,0.0000
SJC,from,495,0.0000
SJC,from,496,0.0000
SJC,from,497,0.0000
SJC,from,498,0.0000
SJC,from,499,0.0000
SJC,from,500,0.0000
SJC,from,501,0.0000
SJC,from,502,0.0000
SJC,from,503,0.0000
SJC,from,504,0.0000
SJC,from,505,0.0000
SJC,from,506,0.0000
SJC,from,507,0.0000
SJC,from,508,0.0000
SJC,from,509,0.0000
SJC,from,510,0.0000
SJC,from,511,0.0000
SJC,from,512,0.0000
SJC,from,513,0.0000
SJC,from,514,0.0000
SJC,from,515,0.0000
SJC,from,516,0.0000
SJC,from,517,0.0000
SJC,from,518,0.0000
SJC,from,519,0.0000
SJC,from,520,0.0000
SJC,from,521,0.0201
SJC,from,522,0.0000
SJC,from,523,0.0000
SJC,from,524,0.0000
SJC,from,525,0.0000
SJC,from,526,0.0000
SJC,from,527,0.0000
SJC,from,528,0.0000
SJC,from,529,0.0000
SJC,from,530,0.0000
SJC,from,531,0.0000
SJC,from,532,0.0000
SJC,from,533,0.0000
SJC,from,534,0.0000
SJC,from,535,0.0000
SJC,from,536,0.0000
SJC,from,537,0.0458
SJC,from,538,0.0000
SJC,from,539,0.0000
SJC,from,540,0.0000
SJC,from,541,0.0000
SJC,from,542,0.0000
SJC,from,543,0.1793
SJC,from,544,0.0000
SJC,from,545,0.0000
SJC,from,546,0.0191
SJC,from,547,0.0000
SJC,from,548,0.0201
SJC,from,549,0.0000
SJC,from,550,0.0000
SJC,from,551,0.0000
SJC,from,552,0.0000
SJC,from,553,0.0000
SJC,from,554,0.0000
SJC,from,555,0.0000
SJC,from,556,0.0000
SJC,from,557,0.0683
SJC,from,558,0.0229
SJC,from,559,0.0000
SJC,from,560,0.0096
SJC,from,561,0.0000
SJC,from,562,0.0000
SJC,from,563,0.0000
SJC,from,564,0.0000
SJC,from,565,0.0000
SJC,from,566,0.0000
SJC,from,567,0.0000
SJC,from,568,0.0000
SJC,from,569,0.0000
SJC,from,570,0.0000
SJC,from,571,0.0000
SJC,from,572,0.0000
SJC,from,573,0.0000
SJC,from,574,0.0000
SJC,from,575,0.0000
SJC,from,576,0.0000
SJC,from,577,0.0000
SJC,from,578,0.0000
SJC,from,579,0.0000
SJC,from,580,0.0000
SJC,from,581,0.0000
SJC,from,582,0.0000
SJC,from,583,0.0000
SJC,from,584,0.0000
SJC,from,585,0.0000
SJC,from,586,0.0000
SJC,from,587,0.0000
SJC,from,588,0.0000
SJC,from,589,0.0000
SJC,from,590,0.0000
SJC,from,591,0.0000
SJC,from,592,0.0000
SJC,from,593,0.0000
SJC,from,594,0.0000
SJC,from,595,0.0000
SJC,from,596,0.0000
SJC,from,597,0.0000
SJC,from,598,0.0000
SJC,from,599,0.0000
SJC,from,600,0.0000
SJC,from,601,0.0000
SJC,from,602,0.0000
SJC,from,603,0.0000
SJC,from,604,0.0000
SJC,from,605,0.0201
SJC,from,606,0.0044
SJC,from,607,0.0000
SJC,from,608,0.0000
SJC,from,609,0.0000
SJC,from,610,0.0000
SJC,from,611,0.0000
SJC,from,612,0.0000
SJC,from,613,0.0000
SJC,from,614,0.0000
SJC,from,615,0.0000
SJC,from,616,0.0000
SJC,from,617,0.0000
SJC,from,618,0.0000
SJC,from,619,0.0000
SJC,from,620,0.0000
SJC,from,621,0.0000
SJC,from,622,0.0000
SJC,from,623,0.0000
SJC,from,624,0.0000
SJC,from,625,0.0000
SJC,from,626,0.0000
SJC,from,627,0.0458
SJC,from,628,0.0000
SJC,from,629,0.0000
SJC,from,630,0.0000
SJC,from,631,0.0000
SJC,from,632,0.0000
SJC,from,633,0.0000
SJC,from,634,0.0000
SJC,from,635,0.0000
SJC,from,636,0.0000
SJC,from,637,0.0000
SJC,from,638,0.0000
SJC,from,639,0.0000
SJC,from,640,0.0000
SJC,from,641,0.0000
SJC,from,642,0.0000
SJC,from,643,0.0000
SJC,from,644,0.0000
SJC,from,645,0.0000
SJC,from,646,0.0000
SJC,from,647,0.0000
SJC,from,648,0.0000
SJC,from,649,0.0000
SJC,from,650,0.0000
SJC,from,651,0.0000
SJC,from,652,0.0000
SJC,from,653,0.0000
SJC,from,654,0.0000
SJC,from,655,0.0000
SJC,from,656,0.0000
SJC,from,657,0.0235
SJC,from,658,0.0000
SJC,from,659,0.0000
SJC,from,660,0.0000
SJC,from,661,0.0000
SJC,from,662,0.0000
SJC,from,663,0.0000
SJC,from,664,0.0000
SJC,from,665,0.0000
SJC,from,666,0.0000
SJC,from,667,0.0000
SJC,from,668,0.0000
SJC,from,669,0.0000
SJC,from,670,0.0000
SJC,from,671,0.0000
SJC,from,672,0.0000
SJC,from,673,0.0096
SJC,from,674,0.0458
SJC,from,675,0.0000
SJC,from,676,0.0096
SJC,from,677,0.0000
SJC,from,678,0.0000
SJC,from,679,0.0096
SJC,from,680,0.0000
SJC,from,681,0.0000
SJC,from,682,0.0000
SJC,from,683,0.0000
SJC,from,684,0.0000
SJC,from,685,0.0000
SJC,from,686,0.0000
SJC,from,687,0.0000
SJC,from,688,0.0000
SJC,from,689,0.0000
SJC,from,690,0.0506
SJC,from,691,0.0000
SJC,from,692,0.0000
SJC,from,693,0.0000
SJC,from,694,0.0000
SJC,from,695,0.0000
SJC,from,696,0.0000
SJC,from,697,0.0000
SJC,from,698,0.0000
SJC,from,699,0.0000
SJC,from,700,0.0000
SJC,from,701,0.0000
SJC,from,702,0.0000
SJC,from,703,0.0000
SJC,from,704,0.0000
SJC,from,705,0.0000
SJC,from,706,0.0000
SJC,from,707,0.0000
SJC,from,708,0.0000
SJC,from,709,0.0000
SJC,from,710,0.0000
SJC,from,711,0.0000
SJC,from,712,0.0000
SJC,from,713,0.0000
SJC,from,714,0.0000
SJC,from,715,0.0000
SJC,from,716,0.0000
SJC,from,717,0.0000
SJC,from,718,0.0000
SJC,from,719,0.0000
SJC,from,720,0.0000
SJC,from,721,0.0000
SJC,from,722,0.0000
SJC,from,723,0.0000
SJC,from,724,0.0000
SJC,from,725,0.0000
SJC,from,726,0.0000
SJC,from,727,0.0000
SJC,from,728,0.0000
SJC,from,729,0.0000
SJC,from,730,0.0000
SJC,from,731,0.0000
SJC,from,732,0.0000
SJC,from,733,0.0000
SJC,from,734,0.0000
SJC,from,735,0.0000
SJC,from,736,0.0000
SJC,from,737,0.0000
SJC,from,738,0.0000
SJC,from,739,0.0000
SJC,from,740,0.0000
SJC,from,741,0.0000
SJC,from,742,0.0000
SJC,from,743,0.0000
SJC,from,744,0.0000
SJC,from,745,0.0000
SJC,from,746,0.0000
SJC,from,747,0.0000
SJC,from,748,0.0000
SJC,from,749,0.0000
SJC,from,750,0.0000
SJC,from,751,0.0000
SJC,from,752,0.0000
SJC,from,753,0.0000
SJC,from,754,0.0000
SJC,from,755,0.0000
SJC,from,756,0.0000
SJC,from,757,0.0000
SJC,from,758,0.0000
SJC,from,759,0.0000
SJC,from,760,0.0000
SJC,from,761,0.0000
SJC,from,762,0.0000
SJC,from,763,0.0000
SJC,from,764,0.0000
SJC,from,765,0.0000
SJC,from,766,0.0000
SJC,from,767,0.0000
SJC,from,768,0.0000
SJC,from,769,0.0000
SJC,from,770,0.0000
SJC,from,771,0.0000
SJC,from,772,0.0000
SJC,from,773,0.0000
SJC,from,774,0.0000
SJC,from,775,0.0000
SJC,from,776,0.0000
SJC,from,777,0.0000
SJC,from,778,0.0000
SJC,from,779,0.0000
SJC,from,780,0.0000
SJC,from,781,0.0000
SJC,from,782,0.0000
SJC,from,783,0.0000
SJC,from,784,0.0000
SJC,from,785,0.0000
SJC,from,786,0.0000
SJC,from,787,0.0000
SJC,from,788,0.0000
SJC,from,789,0.0000
SJC,from,790,0.0000
SJC,from,791,0.0000
SJC,from,792,0.0000
SJC,from,793,0.0000
SJC,from,794,0.0000
SJC,from,795,0.0000
SJC,from,796,0.0000
SJC,from,797,0.0000
SJC,from,798,0.0000
SJC,from,799,0.0000
SJC,from,800,0.0000
SJC,from,801,0.0000
SJC,from,802,0.0000
SJC,from,803,0.0000
SJC,from,804,0.0000
SJC,from,805,0.0000
SJC,from,806,0.0000
SJC,from,807,0.0000
SJC,from,808,0.0000
SJC,from,809,0.0000
SJC,from,810,0.0000
SJC,from,811,0.0000
SJC,from,812,0.0000
SJC,from,813,0.0000
SJC,from,814,0.0000
SJC,from,815,0.0000
SJC,from,816,0.0000
SJC,from,817,0.0000
SJC,from,818,0.0000
SJC,from,819,0.0000
SJC,from,820,0.0000
SJC,from,821,0.0000
SJC,from,822,0.0000
SJC,from,823,0.0000
SJC,from,824,0.0000
SJC,from,825,0.0000
SJC,from,826,0.0000
SJC,from,827,0.0000
SJC,from,828,0.0000
SJC,from,829,0.0000
SJC,from,830,0.0000
SJC,from,831,0.0000
SJC,from,832,0.0000
SJC,from,833,0.0000
SJC,from,834,0.0000
SJC,from,835,0.0000
SJC,from,836,0.0000
SJC,from,837,0.0000
SJC,from,838,0.0000
SJC,from,839,0.0000
SJC,from,840,0.0000
SJC,from,841,0.0000
SJC,from,842,0.0000
SJC,from,843,0.0000
SJC,from,844,0.0000
SJC,from,845,0.0000
SJC,from,846,0.0000
SJC,from,847,0.0000
SJC,from,848,0.0000
SJC,from,849,0.0000
SJC,from,850,0.0000
SJC,from,851,0.0000
SJC,from,852,0.0000
SJC,from,853,0.0000
SJC,from,854,0.0000
SJC,from,855,0.0000
SJC,from,856,0.0000
SJC,from,857,0.0000
SJC,from,858,0.0000
SJC,from,859,0.0000
SJC,from,860,0.0000
SJC,from,861,0.0000
SJC,from,862,0.0000
SJC,from,863,0.0000
SJC,from,864,0.0000
SJC,from,865,0.0000
SJC,from,866,0.0000
SJC,from,867,0.0000
SJC,from,868,0.0000
SJC,from,869,0.0000
SJC,from,870,0.0000
SJC,from,871,0.0000
SJC,from,872,0.0000
SJC,from,873,0.0000
SJC,from,874,0.0000
SJC,from,875,0.0000
SJC,from,876,0.0000
SJC,from,877,0.0000
SJC,from,878,0.0000
SJC,from,879,0.0000
SJC,from,880,0.0000
SJC,from,881,0.0000
SJC,from,882,0.0000
SJC,from,883,0.0000
SJC,from,884,0.0000
SJC,from,885,0.0000
SJC,from,886,0.0000
SJC,from,887,0.0000
SJC,from,888,0.0000
SJC,from,889,0.0000
SJC,from,890,0.0000
SJC,from,891,0.0000
SJC,from,892,0.0000
SJC,from,893,0.0000
SJC,from,894,0.0000
SJC,from,895,0.0000
SJC,from,896,0.0000
SJC,from,897,0.0000
SJC,from,898,0.0000
SJC,from,899,0.0000
SJC,from,900,0.0000
SJC,from,901,0.0000
SJC,from,902,0.0000
SJC,from,903,0.0000
SJC,from,904,0.0000
SJC,from,905,0.0000
SJC,from,906,0.0000
SJC,from,907,0.0000
SJC,from,908,0.0000
SJC,from,909,0.0000
SJC,from,910,0.0000
SJC,from,911,0.0000
SJC,from,912,0.0000
SJC,from,913,0.0000
SJC,from,914,0.0000
SJC,from,915,0.0000
SJC,from,916,0.0000
SJC,from,917,0.0000
SJC,from,918,0.0000
SJC,from,919,0.0000
SJC,from,920,0.0000
SJC,from,921,0.0000
SJC,from,922,0.0000
SJC,from,923,0.0000
SJC,from,924,0.0000
SJC,from,925,0.0000
SJC,from,926,0.0000
SJC,from,927,0.0000
SJC,from,928,0.0000
SJC,from,929,0.0000
SJC,from,930,0.0000
SJC,from,931,0.0000
SJC,from,932,0.0000
SJC,from,933,0.0000
SJC,from,934,0.0000
SJC,from,935,0.0000
SJC,from,936,0.0000
SJC,from,937,0.0000
SJC,from,938,0.0000
SJC,from,939,0.0000
SJC,from,940,0.0000
SJC,from,941,0.0000
SJC,from,942,0.0000
SJC,from,943,0.0000
SJC,from,944,0.0000
SJC,from,945,0.0000
SJC,from,946,0.0000
SJC,from,947,0.0000
SJC,from,948,0.0000
SJC,from,949,0.0000
SJC,from,950,0.0000
SJC,from,951,0.0000
SJC,from,952,0.0000
SJC,from,953,0.0000
SJC,from,954,0.0000
SJC,from,955,0.0000
SJC,from,956,0.0000
SJC,from,957,0.0000
SJC,from,958,0.0000
SJC,from,959,0.0000
SJC,from,960,0.0000
SJC,from,961,0.0000
SJC,from,962,0.0000
SJC,from,963,0.0000
SJC,from,964,0.0000
SJC,from,965,0.0000
SJC,from,966,0.0000
SJC,from,967,0.0000
SJC,from,968,0.0000
SJC,from,969,0.0000
SJC,from,970,0.0000
SJC,from,971,0.0000
SJC,from,972,0.0000
SJC,from,973,0.0000
SJC,from,974,0.0000
SJC,from,975,0.0000
SJC,from,976,0.0000
SJC,from,977,0.0000
SJC,from,978,0.0000
SJC,from,979,0.0000
SJC,from,980,0.0000
SJC,from,981,0.0000
SJC,from,982,0.0000
SJC,from,983,0.0000
SJC,from,984,0.0000
SJC,from,985,0.0000
SJC,from,986,0.0000
SJC,from,987,0.0000
SJC,from,988,0.0000
SJC,from,989,0.0000
SJC,from,990,0.0000
SJC,from,991,0.0000
SJC,from,992,0.0000
SJC,from,993,0.0000
SJC,from,994,0.0000
SJC,from,995,0.0000
SJC,from,996,0.0000
SJC,from,997,0.0000
SJC,from,998,0.0000
SJC,from,999,0.0000
SJC,from,1000,0.0000
SJC,from,1001,0.0000
SJC,from,1002,0.0000
SJC,from,1003,0.0000
SJC,from,1004,0.0000
SJC,from,1005,0.0000
SJC,from,1006,0.0000
SJC,from,1007,0.0000
SJC,from,1008,0.0000
SJC,from,1009,0.0000
SJC,from,1010,0.0000
SJC,from,1011,0.0000
SJC,from,1012,0.0000
SJC,from,1013,0.0000
SJC,from,1014,0.0000
SJC,from,1015,0.0000
SJC,from,1016,0.0000
SJC,from,1017,0.0000
SJC,from,1018,0.0000
SJC,from,1019,0.0000
SJC,from,1020,0.0000
SJC,from,1021,0.0000
SJC,from,1022,0.0000
SJC,from,1023,0.0000
SJC,from,1024,0.0000
SJC,from,1025,0.0000
SJC,from,1026,0.0000
SJC,from,1027,0.0000
SJC,from,1028,0.0000
SJC,from,1029,0.0000
SJC,from,1030,0.0000
SJC,from,1031,0.0000
SJC,from,1032,0.0000
SJC,from,1033,0.0000
SJC,from,1034,0.0000
SJC,from,1035,0.0000
SJC,from,1036,0.0000
SJC,from,1037,0.0000
SJC,from,1038,0.0000
SJC,from,1039,0.0000
SJC,from,1040,0.0000
SJC,from,1041,0.0000
SJC,from,1042,0.0000
SJC,from,1043,0.0000
SJC,from,1044,0.0000
SJC,from,1045,0.0000
SJC,from,1046,0.0000
SJC,from,1047,0.0000
SJC,from,1048,0.0000
SJC,from,1049,0.0000
SJC,from,1050,0.0000
SJC,from,1051,0.0000
SJC,from,1052,0.0000
SJC,from,1053,0.0000
SJC,from,1054,0.0000
SJC,from,1055,0.0000
SJC,from,1056,0.0000
SJC,from,1057,0.0000
SJC,from,1058,0.0000
SJC,from,1059,0.0000
SJC,from,1060,0.0000
SJC,from,1061,0.0000
SJC,from,1062,0.0000
SJC,from,1063,0.0000
SJC,from,1064,0.0000
SJC,from,1065,0.0000
SJC,from,1066,0.0000
SJC,from,1067,0.0000
SJC,from,1068,0.0000
SJC,from,1069,0.0000
SJC,from,1070,0.0000
SJC,from,1071,0.0000
SJC,from,1072,0.0000
SJC,from,1073,0.0000
SJC,from,1074,0.0000
SJC,from,1075,0.0000
SJC,from,1076,0.0000
SJC,from,1077,0.0000
SJC,from,1078,0.0000
SJC,from,1079,0.0000
SJC,from,1080,0.0000
SJC,from,1081,0.0000
SJC,from,1082,0.0000
SJC,from,1083,0.0000
SJC,from,1084,0.0000
SJC,from,1085,0.0000
SJC,from,1086,0.0000
SJC,from,1087,0.0000
SJC,from,1088,0.0000
SJC,from,1089,0.0000
SJC,from,1090,0.0000
SJC,from,1091,0.0000
SJC,from,1092,0.0000
SJC,from,1093,0.0000
SJC,from,1094,0.0000
SJC,from,1095,0.0000
SJC,from,1096,0.0000
SJC,from,1097,0.0000
SJC,from,1098,0.0000
SJC,from,1099,0.0000
SJC,from,1100,0.0000
SJC,from,1101,0.0000
SJC,from,1102,0.0000
SJC,from,1103,0.0000
SJC,from,1104,0.0000
SJC,from,1105,0.0000
SJC,from,1106,0.0000
SJC,from,1107,0.0000
SJC,from,1108,0.0000
SJC,from,1109,0.0000
SJC,from,1110,0.0000
SJC,from,1111,0.0000
SJC,from,1112,0.0000
SJC,from,1113,0.0000
SJC,from,1114,0.0000
SJC,from,1115,0.0000
SJC,from,1116,0.0000
SJC,from,1117,0.0000
SJC,from,1118,0.0000
SJC,from,1119,0.0000
SJC,from,1120,0.0000
SJC,from,1121,0.0000
SJC,from,1122,0.0000
SJC,from,1123,0.0000
SJC,from,1124,0.0000
SJC,from,1125,0.0000
SJC,from,1126,0.0000
SJC,from,1127,0.0000
SJC,from,1128,0.0000
SJC,from,1129,0.0000
SJC,from,1130,0.0000
SJC,from,1131,0.0000
SJC,from,1132,0.0000
SJC,from,1133,0.0000
SJC,from,1134,0.0000
SJC,from,1135,0.0000
SJC,from,1136,0.0000
SJC,from,1137,0.0000
SJC,from,1138,0.0000
SJC,from,1139,0.0000
SJC,from,1140,0.0000
SJC,from,1141,0.0000
SJC,from,1142,0.0000
SJC,from,1143,0.0000
SJC,from,1144,0.0000
SJC,from,1145,0.0000
SJC,from,1146,0.0000
SJC,from,1147,0.0000
SJC,from,1148,0.0000
SJC,from,1149,0.0000
SJC,from,1150,0.0000
SJC,from,1151,0.0000
SJC,from,1152,0.0000
SJC,from,1153,0.0000
SJC,from,1154,0.0000
SJC,from,1155,0.0000
SJC,from,1156,0.0000
SJC,from,1157,0.0000
SJC,from,1158,0.0000
SJC,from,1159,0.0000
SJC,from,1160,0.0000
SJC,from,1161,0.0000
SJC,from,1162,0.0000
SJC,from,1163,0.0000
SJC,from,1164,0.0000
SJC,from,1165,0.0000
SJC,from,1166,0.0000
SJC,from,1167,0.0000
SJC,from,1168,0.0000
SJC,from,1169,0.0000
SJC,from,1170,0.0000
SJC,from,1171,0.0000
SJC,from,1172,0.0000
SJC,from,1173,0.0000
SJC,from,1174,0.0000
SJC,from,1175,0.0000
SJC,from,1176,0.0000
SJC,from,1177,0.0000
SJC,from,1178,0.0000
SJC,from,1179,0.0000
SJC,from,1180,0.0000
SJC,from,1181,0.0000
SJC,from,1182,0.0000
SJC,from,1183,0.0000
SJC,from,1184,0.0000
SJC,from,1185,0.0000
SJC,from,1186,0.0000
SJC,from,1187,0.0000
SJC,from,1188,0.0000
SJC,from,1189,0.0000
SJC,from,1190,0.0000
SJC,from,1191,0.0000
SJC,from,1192,0.0000
SJC,from,1193,0.0000
SJC,from,1194,0.0000
SJC,from,1195,0.0000
SJC,from,1196,0.0000
SJC,from,1197,0.0000
SJC,from,1198,0.0000
SJC,from,1199,0.0000
SJC,from,1200,0.0000
SJC,from,1201,0.0000
SJC,from,1202,0.0000
SJC,from,1203,0.0000
SJC,from,1204,0.0000
SJC,from,1205,0.0000
SJC,from,1206,0.0000
SJC,from,1207,0.0000
SJC,from,1208,0.0000
SJC,from,1209,0.0000
SJC,from,1210,0.0000
SJC,from,1211,0.0000
SJC,from,1212,0.0000
SJC,from,1213,0.0000
SJC,from,1214,0.0000
SJC,from,1215,0.0000
SJC,from,1216,0.0000
SJC,from,1217,0.0000
SJC,from,1218,0.0000
SJC,from,1219,0.0000
SJC,from,1220,0.0000
SJC,from,1221,0.0000
SJC,from,1222,0.0000
SJC,from,1223,0.0000
SJC,from,1224,0.0000
SJC,from,1225,0.0000
SJC,from,1226,0.0000
SJC,from,1227,0.0000
SJC,from,1228,0.0000
SJC,from,1229,0.0000
SJC,from,1230,0.0000
SJC,from,1231,0.0000
SJC,from,1232,0.0000
SJC,from,1233,0.0000
SJC,from,1234,0.0000
SJC,from,1235,0.0000
SJC,from,1236,0.0000
SJC,from,1237,0.0000
SJC,from,1238,0.0000
SJC,from,1239,0.0000
SJC,from,1240,0.0000
SJC,from,1241,0.0000
SJC,from,1242,0.0000
SJC,from,1243,0.0000
SJC,from,1244,0.0000
SJC,from,1245,0.0000
SJC,from,1246,0.0000
SJC,from,1247,0.0000
SJC,from,1248,0.0000
SJC,from,1249,0.0000
SJC,from,1250,0.0000
SJC,from,1251,0.0000
SJC,from,1252,0.0000
SJC,from,1253,0.0000
SJC,from,1254,0.0000
SJC,from,1255,0.0000
SJC,from,1256,0.0000
SJC,from,1257,0.0000
SJC,from,1258,0.0000
SJC,from,1259,0.0000
SJC,from,1260,0.0000
SJC,from,1261,0.0000
SJC,from,1262,0.0000
SJC,from,1263,0.0000
SJC,from,1264,0.0000
SJC,from,1265,0.0000
SJC,from,1266,0.0000
SJC,from,1267,0.0000
SJC,from,1268,0.0000
SJC,from,1269,0.0000
SJC,from,1270,0.0000
SJC,from,1271,0.0000
SJC,from,1272,0.0000
SJC,from,1273,0.0000
SJC,from,1274,0.0000
SJC,from,1275,0.0000
SJC,from,1276,0.0000
SJC,from,1277,0.0000
SJC,from,1278,0.0000
SJC,from,1279,0.0000
SJC,from,1280,0.0000
SJC,from,1281,0.0000
SJC,from,1282,0.0000
SJC,from,1283,0.0000
SJC,from,1284,0.0000
SJC,from,1285,0.0000
SJC,from,1286,0.0000
SJC,from,1287,0.0000
SJC,from,1288,0.0000
SJC,from,1289,0.0000
SJC,from,1290,0.0000
SJC,from,1291,0.0000
SJC,from,1292,0.0000
SJC,from,1293,0.0000
SJC,from,1294,0.0000
SJC,from,1295,0.0000
SJC,from,1296,0.0000
SJC,from,1297,0.0000
SJC,from,1298,0.0000
SJC,from,1299,0.0000
SJC,from,1300,0.0000
SJC,from,1301,0.0000
SJC,from,1302,0.0000
SJC,from,1303,0.0000
SJC,from,1304,0.0000
SJC,from,1305,0.0000
SJC,from,1306,0.0000
SJC,from,1307,0.0000
SJC,from,1308,0.0000
SJC,from,1309,0.0000
SJC,from,1310,0.0000
SJC,from,1311,0.0000
SJC,from,1312,0.0000
SJC,from,1313,0.0000
SJC,from,1314,0.0000
SJC,from,1315,0.0000
SJC,from,1316,0.0000
SJC,from,1317,0.0000
SJC,from,1318,0.0000
SJC,from,1319,0.0000
SJC,from,1320,0.0000
SJC,from,1321,0.0000
SJC,from,1322,0.0000
SJC,from,1323,0.0000
SJC,from,1324,0.0000
SJC,from,1325,0.0000
SJC,from,1326,0.0000
SJC,from,1327,0.0000
SJC,from,1328,0.0000
SJC,from,1329,0.0000
SJC,from,1330,0.0000
SJC,from,1331,0.0000
SJC,from,1332,0.0000
SJC,from,1333,0.0000
SJC,from,1334,0.0000
SJC,from,1335,0.0000
SJC,from,1336,0.0000
SJC,from,1337,0.0000
SJC,from,1338,0.0000
SJC,from,1339,0.0000
SJC,from,1340,0.0000
SJC,from,1341,0.0000
SJC,from,1342,0.0000
SJC,from,1343,0.0000
SJC,from,1344,0.0000
SJC,from,1345,0.0000
SJC,from,1346,0.0000
SJC,from,1347,0.0000
SJC,from,1348,0.0000
SJC,from,1349,0.0000
SJC,from,1350,0.0000
SJC,from,1351,0.0000
SJC,from,1352,0.0000
SJC,from,1353,0.0000
SJC,from,1354,0.0000
SJC,from,1355,0.0000
SJC,from,1356,0.0000
SJC,from,1357,0.0000
SJC,from,1358,0.0000
SJC,from,1359,0.0000
SJC,from,1360,0.0000
SJC,from,1361,0.0000
SJC,from,1362,0.0000
SJC,from,1363,0.0000
SJC,from,1364,0.0000
SJC,from,1365,0.0000
SJC,from,1366,0.0000
SJC,from,1367,0.0000
SJC,from,1368,0.0000
SJC,from,1369,0.0000
SJC,from,1370,0.0000
SJC,from,1371,0.0000
SJC,from,1372,0.0000
SJC,from,1373,0.0000
SJC,from,1374,0.0000
SJC,from,1375,0.0000
SJC,from,1376,0.0000
SJC,from,1377,0.0000
SJC,from,1378,0.0000
SJC,from,1379,0.0000
SJC,from,1380,0.0000
SJC,from,1381,0.0000
SJC,from,1382,0.0000
SJC,from,1383,0.0000
SJC,from,1384,0.0000
SJC,from,1385,0.0000
SJC,from,1386,0.0000
SJC,from,1387,0.0000
SJC,from,1388,0.0000
SJC,from,1389,0.0000
SJC,from,1390,0.0000
SJC,from,1391,0.0000
SJC,from,1392,0.0000
SJC,from,1393,0.0000
SJC,from,1394,0.0000
SJC,from,1395,0.0000
SJC,from,1396,0.0000
SJC,from,1397,0.0000
SJC,from,1398,0.0000
SJC,from,1399,0.0000
SJC,from,1400,0.0000
SJC,from,1401,0.0000
SJC,from,1402,0.0000
SJC,from,1403,0.0000
SJC,from,1404,0.0000
SJC,from,1405,0.0000
SJC,from,1406,0.0000
SJC,from,1407,0.0000
SJC,from,1408,0.0000
SJC,from,1409,0.0000
SJC,from,1410,0.0000
SJC,from,1411,0.0000
SJC,from,1412,0.0000
SJC,from,1413,0.0000
SJC,from,1414,0.0000
SJC,from,1415,0.0000
SJC,from,1416,0.0000
SJC,from,1417,0.0000
SJC,from,1418,0.0000
SJC,from,1419,0.0000
SJC,from,1420,0.0000
SJC,from,1421,0.0000
SJC,from,1422,0.0000
SJC,from,1423,0.0000
SJC,from,1424,0.0000
SJC,from,1425,0.0000
SJC,from,1426,0.0000
SJC,from,1427,0.0000
SJC,from,1428,0.0000
SJC,from,1429,0.0000
SJC,from,1430,0.0000
SJC,from,1431,0.0000
SJC,from,1432,0.0000
SJC,from,1433,0.0000
SJC,from,1434,0.0000
SJC,from,1435,0.0000
SJC,from,1436,0.0000
SJC,from,1437,0.0000
SJC,from,1438,0.0000
SJC,from,1439,0.0000
SJC,from,1440,0.0000
SJC,from,1441,0.0000
SJC,from,1442,0.0000
SJC,from,1443,0.0000
SJC,from,1444,0.0000
SJC,from,1445,0.0000
SJC,from,1446,0.0000
SJC,from,1447,0.0000
SJC,from,1448,0.0000
SJC,from,1449,0.0000
SJC,from,1450,0.0000
SJC,from,1451,0.0000
SJC,from,1452,0.0000
SJC,from,1453,0.0000
SJC,from,1454,0.0000
SJC,to,1,0.0000
SJC,to,2,0.0000
SJC,to,3,0.0000
SJC,to,4,0.0000
SJC,to,5,0.0000
SJC,to,6,0.0059
SJC,to,7,0.0000
SJC,to,8,0.0038
SJC,to,9,0.0000
SJC,to,10,0.0000
SJC,to,11,0.0000
SJC,to,12,0.0000
SJC,to,13,0.0000
SJC,to,14,0.0000
SJC,to,15,0.0000
SJC,to,16,0.0000
SJC,to,17,0.0000
SJC,to,18,0.0059
SJC,to,19,0.0000
SJC,to,20,0.0000
SJC,to,21,0.0000
SJC,to,22,0.0000
SJC,to,23,0.0000
SJC,to,24,0.0000
SJC,to,25,0.0000
SJC,to,26,0.0000
SJC,to,27,0.0000
SJC,to,28,0.0000
SJC,to,29,0.0000
SJC,to,30,0.0000
SJC,to,31,0.0000
SJC,to,32,0.0000
SJC,to,33,0.0000
SJC,to,34,0.0000
SJC,to,35,0.0000
SJC,to,36,0.0000
SJC,to,37,0.0000
SJC,to,38,0.0000
SJC,to,39,0.0000
SJC,to,40,0.0000
SJC,to,41,0.0000
SJC,to,42,0.0000
SJC,to,43,0.0000
SJC,to,44,0.0000
SJC,to,45,0.0000
SJC,to,46,0.0000
SJC,to,47,0.0000
SJC,to,48,0.0000
SJC,to,49,0.0000
SJC,to,50,0.0000
SJC,to,51,0.0000
SJC,to,52,0.0000
SJC,to,53,0.0000
SJC,to,54,0.0000
SJC,to,55,0.0000
SJC,to,56,0.0000
SJC,to,57,0.0000
SJC,to,58,0.0000
SJC,to,59,0.0000
SJC,to,60,0.0000
SJC,to,61,0.0000
SJC,to,62,0.0000
SJC,to,63,0.0000
SJC,to,64,0.0000
SJC,to,65,0.0000
SJC,to,66,0.0000
SJC,to,67,0.0000
SJC,to,68,0.0000
SJC,to,69,0.0000
SJC,to,70,0.0000
SJC,to,71,0.0000
SJC,to,72,0.0000
SJC,to,73,0.0000
SJC,to,74,0.0000
SJC,to,75,0.0000
SJC,to,76,0.0000
SJC,to,77,0.0000
SJC,to,78,0.0000
SJC,to,79,0.0000
SJC,to,80,0.0000
SJC,to,81,0.0000
SJC,to,82,0.0000
SJC,to,83,0.0000
SJC,to,84,0.0000
SJC,to,85,0.0000
SJC,to,86,0.0000
SJC,to,87,0.0000
SJC,to,88,0.0000
SJC,to,89,0.0000
SJC,to,90,0.0000
SJC,to,91,0.0000
SJC,to,92,0.0000
SJC,to,93,0.0000
SJC,to,94,0.0000
SJC,to,95,0.0000
SJC,to,96,0.0000
SJC,to,97,0.0000
SJC,to,98,0.0000
SJC,to,99,0.0000
SJC,to,100,0.0000
SJC,to,101,0.0000
SJC,to,102,0.0000
SJC,to,103,0.0000
SJC,to,104,0.0000
SJC,to,105,0.0000
SJC,to,106,0.0000
SJC,to,107,0.0000
SJC,to,108,0.0000
SJC,to,109,0.0000
SJC,to,110,0.0000
SJC,to,111,0.0000
SJC,to,112,0.0000
SJC,to,113,0.0000
SJC,to,114,0.0000
SJC,to,115,0.0000
SJC,to,116,0.0000
SJC,to,117,0.0000
SJC,to,118,0.0000
SJC,to,119,0.0000
SJC,to,120,0.0000
SJC,to,121,0.0000
SJC,to,122,0.0000
SJC,to,123,0.0000
SJC,to,124,0.0000
SJC,to,125,0.0000
SJC,to,126,0.0000
SJC,to,127,0.0000
SJC,to,128,0.0000
SJC,to,129,0.0000
SJC,to,130,0.0000
SJC,to,131,0.0000
SJC,to,132,0.0000
SJC,to,133,0.0000
SJC,to,134,0.0000
SJC,to,135,0.0000
SJC,to,136,0.0000
SJC,to,137,0.0000
SJC,to,138,0.0000
SJC,to,139,0.0000
SJC,to,140,0.0000
SJC,to,141,0.0000
SJC,to,142,0.0000
SJC,to,143,0.0000
SJC,to,144,0.0000
SJC,to,145,0.0000
SJC,to,146,0.0000
SJC,to,147,0.0000
SJC,to,148,0.0000
SJC,to,149,0.0000
SJC,to,150,0.0000
SJC,to,151,0.0000
SJC,to,152,0.0000
SJC,to,153,0.0000
SJC,to,154,0.0000
SJC,to,155,0.0000
SJC,to,156,0.0000
SJC,to,157,0.0000
SJC,to,158,0.0000
SJC,to,159,0.0000
SJC,to,160,0.0000
SJC,to,161,0.0000
SJC,to,162,0.0000
SJC,to,163,0.0000
SJC,to,164,0.0000
SJC,to,165,0.0000
SJC,to,166,0.0000
SJC,to,167,0.0000
SJC,to,168,0.0000
SJC,to,169,0.0000
SJC,to,170,0.0000
SJC,to,171,0.0000
SJC,to,172,0.0000
SJC,to,173,0.0000
SJC,to,174,0.0000
SJC,to,175,0.0000
SJC,to,176,0.0000
SJC,to,177,0.0000
SJC,to,178,0.0000
SJC,to,179,0.0000
SJC,to,180,0.0000
SJC,to,181,0.0000
SJC,to,182,0.0000
SJC,to,183,0.0000
SJC,to,184,0.0000
SJC,to,185,0.0000
SJC,to,186,0.0000
SJC,to,187,0.0000
SJC,to,188,0.0000
SJC,to,189,0.0000
SJC,to,190,0.0000
SJC,to,191,0.0000
SJC,to,192,0.0000
SJC,to,193,0.0000
SJC,to,194,0.0000
SJC,to,195,0.0000
SJC,to,196,0.0000
SJC,to,197,0.0000
SJC,to,198,0.0000
SJC,to,199,0.0000
SJC,to,200,0.0000
SJC,to,201,0.0000
SJC,to,202,0.0000
SJC,to,203,0.0000
SJC,to,204,0.0000
SJC,to,205,0.0000
SJC,to,206,0.0000
SJC,to,207,0.0000
SJC,to,208,0.0000
SJC,to,209,0.0000
SJC,to,210,0.0000
SJC,to,211,0.0000
SJC,to,212,0.0000
SJC,to,213,0.0000
SJC,to,214,0.0000
SJC,to,215,0.0000
SJC,to,216,0.0000
SJC,to,217,0.0000
SJC,to,218,0.0000
SJC,to,219,0.0000
SJC,to,220,0.0000
SJC,to,221,0.0000
SJC,to,222,0.0000
SJC,to,223,0.0000
SJC,to,224,0.0000
SJC,to,225,0.0000
SJC,to,226,0.0000
SJC,to,227,0.0000
SJC,to,228,0.0000
SJC,to,229,0.0000
SJC,to,230,0.0000
SJC,to,231,0.0000
SJC,to,232,0.0000
SJC,to,233,0.0000
SJC,to,234,0.0000
SJC,to,235,0.0000
SJC,to,236,0.0000
SJC,to,237,0.0000
SJC,to,238,0.0000
SJC,to,239,0.0000
SJC,to,240,0.0000
SJC,to,241,0.0000
SJC,to,242,0.0000
SJC,to,243,0.0000
SJC,to,244,0.0000
SJC,to,245,0.0000
SJC,to,246,0.0000
SJC,to,247,0.0000
SJC,to,248,0.0000
SJC,to,249,0.0000
SJC,to,250,0.0000
SJC,to,251,0.0000
SJC,to,252,0.0000
SJC,to,253,0.0000
SJC,to,254,0.0000
SJC,to,255,0.0000
SJC,to,256,0.0000
SJC,to,257,0.0000
SJC,to,258,0.0000
SJC,to,259,0.0000
SJC,to,260,0.0000
SJC,to,261,0.0000
SJC,to,262,0.0000
SJC,to,263,0.0000
SJC,to,264,0.0000
SJC,to,265,0.0000
SJC,to,266,0.0000
SJC,to,267,0.0000
SJC,to,268,0.0000
SJC,to,269,0.0000
SJC,to,270,0.0000
SJC,to,271,0.0000
SJC,to,272,0.0000
SJC,to,273,0.0000
SJC,to,274,0.0000
SJC,to,275,0.0000
SJC,to,276,0.0000
SJC,to,277,0.0000
SJC,to,278,0.0000
SJC,to,279,0.0000
SJC,to,280,0.0000
SJC,to,281,0.0000
SJC,to,282,0.0000
SJC,to,283,0.0000
SJC,to,284,0.0000
SJC,to,285,0.0000
SJC,to,286,0.0000
SJC,to,287,0.0000
SJC,to,288,0.0000
SJC,to,289,0.0000
SJC,to,290,0.0000
SJC,to,291,0.0000
SJC,to,292,0.0000
SJC,to,293,0.0000
SJC,to,294,0.0000
SJC,to,295,0.0000
SJC,to,296,0.0000
SJC,to,297,0.0000
SJC,to,298,0.0000
SJC,to,299,0.0000
SJC,to,300,0.0000
SJC,to,301,0.0000
SJC,to,302,0.0000
SJC,to,303,0.0000
SJC,to,304,0.0000
SJC,to,305,0.0000
SJC,to,306,0.0000
SJC,to,307,0.0000
SJC,to,308,0.0036
SJC,to,309,0.0000
SJC,to,310,0.0000
SJC,to,311,0.0000
SJC,to,312,0.0000
SJC,to,313,0.0000
SJC,to,314,0.0000
SJC,to,315,0.0000
SJC,to,316,0.0000
SJC,to,317,0.0000
SJC,to,318,0.0000
SJC,to,319,0.0000
SJC,to,320,0.0000
SJC,to,321,0.0000
SJC,to,322,0.0000
SJC,to,323,0.0000
SJC,to,324,0.0000
SJC,to,325,0.0000
SJC,to,326,0.0000
SJC,to,327,0.0000
SJC,to,328,0.0000
SJC,to,329,0.0000
SJC,to,330,0.0000
SJC,to,331,0.0000
SJC,to,332,0.0000
SJC,to,333,0.0000
SJC,to,334,0.0000
SJC,to,335,0.0000
SJC,to,336,0.0000
SJC,to,337,0.0000
SJC,to,338,0.0000
SJC,to,339,0.0000
SJC,to,340,0.0000
SJC,to,341,0.0000
SJC,to,342,0.0000
SJC,to,343,0.0000
SJC,to,344,0.0000
SJC,to,345,0.0000
SJC,to,346,0.0000
SJC,to,347,0.0246
SJC,to,348,0.0000
SJC,to,349,0.0000
SJC,to,350,0.0000
SJC,to,351,0.0000
SJC,to,352,0.0000
SJC,to,353,0.0102
SJC,to,354,0.0045
SJC,to,355,0.0059
SJC,to,356,0.0000
SJC,to,357,0.0000
SJC,to,358,0.0000
SJC,to,359,0.0000
SJC,to,360,0.0000
SJC,to,361,0.0000
SJC,to,362,0.0000
SJC,to,363,0.0000
SJC,to,364,0.0000
SJC,to,365,0.0000
SJC,to,366,0.0000
SJC,to,367,0.0000
SJC,to,368,0.0000
SJC,to,369,0.0000
SJC,to,370,0.0000
SJC,to,371,0.0000
SJC,to,372,0.0000
SJC,to,373,0.0000
SJC,to,374,0.0000
SJC,to,375,0.0000
SJC,to,376,0.0000
SJC,to,377,0.0239
SJC,to,378,0.0070
SJC,to,379,0.0000
SJC,to,380,0.0000
SJC,to,381,0.0000
SJC,to,382,0.0000
SJC,to,383,0.0000
SJC,to,384,0.0000
SJC,to,385,0.0000
SJC,to,386,0.0000
SJC,to,387,0.0000
SJC,to,388,0.0000
SJC,to,389,0.0000
SJC,to,390,0.0075
SJC,to,391,0.0000
SJC,to,392,0.0000
SJC,to,393,0.0000
SJC,to,394,0.0000
SJC,to,395,0.0000
SJC,to,396,0.0000
SJC,to,397,0.0000
SJC,to,398,0.0054
SJC,to,399,0.0000
SJC,to,400,0.0000
SJC,to,401,0.0000
SJC,to,402,0.0266
SJC,to,403,0.0000
SJC,to,404,0.0174
SJC,to,405,0.0000
SJC,to,406,0.0000
SJC,to,407,0.0000
SJC,to,408,0.0221
SJC,to,409,0.0000
SJC,to,410,0.0000
SJC,to,411,0.0000
SJC,to,412,0.0093
SJC,to,413,0.0000
SJC,to,414,0.0000
SJC,to,415,0.0583
SJC,to,416,0.0287
SJC,to,417,0.0000
SJC,to,418,0.0228
SJC,to,419,0.0409
SJC,to,420,0.0000
SJC,to,421,0.0583
SJC,to,422,0.0000
SJC,to,423,0.0000
SJC,to,424,0.0000
SJC,to,425,0.0000
SJC,to,426,0.0000
SJC,to,427,0.0000
SJC,to,428,0.0000
SJC,to,429,0.0000
SJC,to,430,0.0000
SJC,to,431,0.0000
SJC,to,432,0.0000
SJC,to,433,0.0000
SJC,to,434,0.0217
SJC,to,435,0.0244
SJC,to,436,0.0000
SJC,to,437,0.0000
SJC,to,438,0.0000
SJC,to,439,0.0059
SJC,to,440,0.0059
SJC,to,441,0.0000
SJC,to,442,0.0000
SJC,to,443,0.0000
SJC,to,444,0.0000
SJC,to,445,0.0000
SJC,to,446,0.0000
SJC,to,447,0.0000
SJC,to,448,0.0224
SJC,to,449,0.0000
SJC,to,450,0.0059
SJC,to,451,0.0000
SJC,to,452,0.0000
SJC,to,453,0.0000
SJC,to,454,0.0000
SJC,to,455,0.0000
SJC,to,456,0.0000
SJC,to,457,0.0000
SJC,to,458,0.0000
SJC,to,459,0.0000
SJC,to,460,0.0000
SJC,to,461,0.0000
SJC,to,462,0.0000
SJC,to,463,0.0000
SJC,to,464,0.0059
SJC,to,465,0.0059
SJC,to,466,0.0000
SJC,to,467,0.0000
SJC,to,468,0.0000
SJC,to,469,0.0000
SJC,to,470,0.0000
SJC,to,471,0.0000
SJC,to,472,0.0000
SJC,to,473,0.0000
SJC,to,474,0.0000
SJC,to,475,0.0000
SJC,to,476,0.0000
SJC,to,477,0.0000
SJC,to,478,0.0000
SJC,to,479,0.0000
SJC,to,480,0.0000
SJC,to,481,0.0000
SJC,to,482,0.0000
SJC,to,483,0.0000
SJC,to,484,0.0000
SJC,to,485,0.0000
SJC,to,486,0.0000
SJC,to,487,0.0000
SJC,to,488,0.0000
SJC,to,489,0.0000
SJC,to,490,0.0000
SJC,to,491,0.0000
SJC,to,492,0.0000
SJC,to,493,0.0000
SJC,to,494,0.0000
SJC,to,495,0.0000
SJC,to,496,0.0000
SJC,to,497,0.0000
SJC,to,498,0.0000
SJC,to,499,0.0000
SJC,to,500,0.0000
SJC,to,501,0.0000
SJC,to,502,0.0000
SJC,to,503,0.0000
SJC,to,504,0.0000
SJC,to,505,0.0000
SJC,to,506,0.0000
SJC,to,507,0.0000
SJC,to,508,0.0000
SJC,to,509,0.0000
SJC,to,510,0.0000
SJC,to,511,0.0000
SJC,to,512,0.0000
SJC,to,513,0.0000
SJC,to,514,0.0000
SJC,to,515,0.0000
SJC,to,516,0.0000
SJC,to,517,0.0000
SJC,to,518,0.0000
SJC,to,519,0.0000
SJC,to,520,0.0000
SJC,to,521,0.0000
SJC,to,522,0.0000
SJC,to,523,0.0000
SJC,to,524,0.0000
SJC,to,525,0.0000
SJC,to,526,0.0192
SJC,to,527,0.0000
SJC,to,528,0.0000
SJC,to,529,0.0081
SJC,to,530,0.0065
SJC,to,531,0.0138
SJC,to,532,0.0000
SJC,to,533,0.0000
SJC,to,534,0.0000
SJC,to,535,0.0000
SJC,to,536,0.0000
SJC,to,537,0.0000
SJC,to,538,0.0000
SJC,to,539,0.0000
SJC,to,540,0.0181
SJC,to,541,0.0000
SJC,to,542,0.0000
SJC,to,543,0.0908
SJC,to,544,0.0000
SJC,to,545,0.0201
SJC,to,546,0.0285
SJC,to,547,0.0018
SJC,to,548,0.0142
SJC,to,549,0.0115
SJC,to,550,0.0000
SJC,to,551,0.0000
SJC,to,552,0.0000
SJC,to,553,0.0000
SJC,to,554,0.0000
SJC,to,555,0.0000
SJC,to,556,0.0000
SJC,to,557,0.0632
SJC,to,558,0.0402
SJC,to,559,0.0000
SJC,to,560,0.0632
SJC,to,561,0.0000
SJC,to,562,0.0000
SJC,to,563,0.0000
SJC,to,564,0.0081
SJC,to,565,0.0000
SJC,to,566,0.0000
SJC,to,567,0.0000
SJC,to,568,0.0000
SJC,to,569,0.0000
SJC,to,570,0.0000
SJC,to,571,0.0000
SJC,to,572,0.0000
SJC,to,573,0.0000
SJC,to,574,0.0000
SJC,to,575,0.0000
SJC,to,576,0.0000
SJC,to,577,0.0000
SJC,to,578,0.0000
SJC,to,579,0.0000
SJC,to,580,0.0000
SJC,to,581,0.0000
SJC,to,582,0.0000
SJC,to,583,0.0000
SJC,to,584,0.0000
SJC,to,585,0.0000
SJC,to,586,0.0000
SJC,to,587,0.0000
SJC,to,588,0.0000
SJC,to,589,0.0000
SJC,to,590,0.0000
SJC,to,591,0.0000
SJC,to,592,0.0000
SJC,to,593,0.0000
SJC,to,594,0.0000
SJC,to,595,0.0052
SJC,to,596,0.0000
SJC,to,597,0.0000
SJC,to,598,0.0000
SJC,to,599,0.0000
SJC,to,600,0.0000
SJC,to,601,0.0000
SJC,to,602,0.0000
SJC,to,603,0.0000
SJC,to,604,0.0000
SJC,to,605,0.0000
SJC,to,606,0.0000
SJC,to,607,0.0395
SJC,to,608,0.0000
SJC,to,609,0.0000
SJC,to,610,0.0000
SJC,to,611,0.0000
SJC,to,612,0.0000
SJC,to,613,0.0000
SJC,to,614,0.0000
SJC,to,615,0.0000
SJC,to,616,0.0000
SJC,to,617,0.0000
SJC,to,618,0.0000
SJC,to,619,0.0000
SJC,to,620,0.0000
SJC,to,621,0.0000
SJC,to,622,0.0000
SJC,to,623,0.0000
SJC,to,624,0.0000
SJC,to,625,0.0000
SJC,to,626,0.0000
SJC,to,627,0.0000
SJC,to,628,0.0000
SJC,to,629,0.0000
SJC,to,630,0.0000
SJC,to,631,0.0000
SJC,to,632,0.0201
SJC,to,633,0.0000
SJC,to,634,0.0102
SJC,to,635,0.0000
SJC,to,636,0.0000
SJC,to,637,0.0000
SJC,to,638,0.0000
SJC,to,639,0.0000
SJC,to,640,0.0000
SJC,to,641,0.0000
SJC,to,642,0.0000
SJC,to,643,0.0000
SJC,to,644,0.0000
SJC,to,645,0.0000
SJC,to,646,0.0000
SJC,to,647,0.0000
SJC,to,648,0.0000
SJC,to,649,0.0000
SJC,to,650,0.0000
SJC,to,651,0.0000
SJC,to,652,0.0000
SJC,to,653,0.0000
SJC,to,654,0.0000
SJC,to,655,0.0000
SJC,to,656,0.0000
SJC,to,657,0.0000
SJC,to,658,0.0000
SJC,to,659,0.0000
SJC,to,660,0.0072
SJC,to,661,0.0068
SJC,to,662,0.0000
SJC,to,663,0.0000
SJC,to,664,0.0000
SJC,to,665,0.0000
SJC,to,666,0.0000
SJC,to,667,0.0000
SJC,to,668,0.0000
SJC,to,669,0.0000
SJC,to,670,0.0000
SJC,to,671,0.0000
SJC,to,672,0.0000
SJC,to,673,0.0000
SJC,to,674,0.0000
SJC,to,675,0.0000
SJC,to,676,0.0063
SJC,to,677,0.0000
SJC,to,678,0.0000
SJC,to,679,0.0000
SJC,to,680,0.0000
SJC,to,681,0.0000
SJC,to,682,0.0000
SJC,to,683,0.0000
SJC,to,684,0.0000
SJC,to,685,0.0000
SJC,to,686,0.0000
SJC,to,687,0.0000
SJC,to,688,0.0000
SJC,to,689,0.0000
SJC,to,690,0.0000
SJC,to,691,0.0000
SJC,to,692,0.0000
SJC,to,693,0.0000
SJC,to,694,0.0000
SJC,to,695,0.0000
SJC,to,696,0.0000
SJC,to,697,0.0000
SJC,to,698,0.0000
SJC,to,699,0.0000
SJC,to,700,0.0000
SJC,to,701,0.0000
SJC,to,702,0.0000
SJC,to,703,0.0000
SJC,to,704,0.0000
SJC,to,705,0.0000
SJC,to,706,0.0000
SJC,to,707,0.0000
SJC,to,708,0.0000
SJC,to,709,0.0000
SJC,to,710,0.0000
SJC,to,711,0.0000
SJC,to,712,0.0000
SJC,to,713,0.0000
SJC,to,714,0.0000
SJC,to,715,0.0000
SJC,to,716,0.0000
SJC,to,717,0.0000
SJC,to,718,0.0000
SJC,to,719,0.0000
SJC,to,720,0.0000
SJC,to,721,0.0000
SJC,to,722,0.0000
SJC,to,723,0.0000
SJC,to,724,0.0000
SJC,to,725,0.0000
SJC,to,726,0.0000
SJC,to,727,0.0000
SJC,to,728,0.0000
SJC,to,729,0.0000
SJC,to,730,0.0000
SJC,to,731,0.0000
SJC,to,732,0.0000
SJC,to,733,0.0000
SJC,to,734,0.0000
SJC,to,735,0.0000
SJC,to,736,0.0000
SJC,to,737,0.0000
SJC,to,738,0.0000
SJC,to,739,0.0000
SJC,to,740,0.0000
SJC,to,741,0.0000
SJC,to,742,0.0000
SJC,to,743,0.0000
SJC,to,744,0.0000
SJC,to,745,0.0000
SJC,to,746,0.0000
SJC,to,747,0.0000
SJC,to,748,0.0000
SJC,to,749,0.0000
SJC,to,750,0.0000
SJC,to,751,0.0000
SJC,to,752,0.0000
SJC,to,753,0.0000
SJC,to,754,0.0000
SJC,to,755,0.0000
SJC,to,756,0.0000
SJC,to,757,0.0000
SJC,to,758,0.0000
SJC,to,759,0.0000
SJC,to,760,0.0000
SJC,to,761,0.0000
SJC,to,762,0.0000
SJC,to,763,0.0000
SJC,to,764,0.0000
SJC,to,765,0.0000
SJC,to,766,0.0000
SJC,to,767,0.0000
SJC,to,768,0.0000
SJC,to,769,0.0000
SJC,to,770,0.0000
SJC,to,771,0.0000
SJC,to,772,0.0000
SJC,to,773,0.0000
SJC,to,774,0.0000
SJC,to,775,0.0000
SJC,to,776,0.0000
SJC,to,777,0.0000
SJC,to,778,0.0000
SJC,to,779,0.0000
SJC,to,780,0.0000
SJC,to,781,0.0000
SJC,to,782,0.0000
SJC,to,783,0.0000
SJC,to,784,0.0000
SJC,to,785,0.0000
SJC,to,786,0.0000
SJC,to,787,0.0000
SJC,to,788,0.0000
SJC,to,789,0.0000
SJC,to,790,0.0000
SJC,to,791,0.0000
SJC,to,792,0.0000
SJC,to,793,0.0000
SJC,to,794,0.0070
SJC,to,795,0.0000
SJC,to,796,0.0000
SJC,to,797,0.0000
SJC,to,798,0.0000
SJC,to,799,0.0000
SJC,to,800,0.0000
SJC,to,801,0.0000
SJC,to,802,0.0000
SJC,to,803,0.0000
SJC,to,804,0.0000
SJC,to,805,0.0000
SJC,to,806,0.0000
SJC,to,807,0.0000
SJC,to,808,0.0000
SJC,to,809,0.0000
SJC,to,810,0.0000
SJC,to,811,0.0000
SJC,to,812,0.0000
SJC,to,813,0.0000
SJC,to,814,0.0000
SJC,to,815,0.0000
SJC,to,816,0.0000
SJC,to,817,0.0000
SJC,to,818,0.0000
SJC,to,819,0.0000
SJC,to,820,0.0000
SJC,to,821,0.0000
SJC,to,822,0.0000
SJC,to,823,0.0000
SJC,to,824,0.0000
SJC,to,825,0.0000
SJC,to,826,0.0000
SJC,to,827,0.0000
SJC,to,828,0.0000
SJC,to,829,0.0000
SJC,to,830,0.0000
SJC,to,831,0.0000
SJC,to,832,0.0000
SJC,to,833,0.0000
SJC,to,834,0.0000
SJC,to,835,0.0000
SJC,to,836,0.0000
SJC,to,837,0.0000
SJC,to,838,0.0000
SJC,to,839,0.0000
SJC,to,840,0.0000
SJC,to,841,0.0000
SJC,to,842,0.0000
SJC,to,843,0.0000
SJC,to,844,0.0000
SJC,to,845,0.0000
SJC,to,846,0.0000
SJC,to,847,0.0000
SJC,to,848,0.0000
SJC,to,849,0.0000
SJC,to,850,0.0000
SJC,to,851,0.0000
SJC,to,852,0.0000
SJC,to,853,0.0000
SJC,to,854,0.0000
SJC,to,855,0.0000
SJC,to,856,0.0000
SJC,to,857,0.0000
SJC,to,858,0.0000
SJC,to,859,0.0000
SJC,to,860,0.0000
SJC,to,861,0.0000
SJC,to,862,0.0000
SJC,to,863,0.0000
SJC,to,864,0.0000
SJC,to,865,0.0000
SJC,to,866,0.0000
SJC,to,867,0.0000
SJC,to,868,0.0000
SJC,to,869,0.0000
SJC,to,870,0.0000
SJC,to,871,0.0000
SJC,to,872,0.0000
SJC,to,873,0.0000
SJC,to,874,0.0000
SJC,to,875,0.0000
SJC,to,876,0.0000
SJC,to,877,0.0000
SJC,to,878,0.0000
SJC,to,879,0.0000
SJC,to,880,0.0000
SJC,to,881,0.0000
SJC,to,882,0.0000
SJC,to,883,0.0000
SJC,to,884,0.0000
SJC,to,885,0.0000
SJC,to,886,0.0000
SJC,to,887,0.0000
SJC,to,888,0.0000
SJC,to,889,0.0000
SJC,to,890,0.0000
SJC,to,891,0.0000
SJC,to,892,0.0000
SJC,to,893,0.0000
SJC,to,894,0.0000
SJC,to,895,0.0000
SJC,to,896,0.0000
SJC,to,897,0.0000
SJC,to,898,0.0000
SJC,to,899,0.0000
SJC,to,900,0.0000
SJC,to,901,0.0000
SJC,to,902,0.0000
SJC,to,903,0.0000
SJC,to,904,0.0000
SJC,to,905,0.0000
SJC,to,906,0.0000
SJC,to,907,0.0000
SJC,to,908,0.0000
SJC,to,909,0.0000
SJC,to,910,0.0000
SJC,to,911,0.0000
SJC,to,912,0.0000
SJC,to,913,0.0000
SJC,to,914,0.0000
SJC,to,915,0.0000
SJC,to,916,0.0000
SJC,to,917,0.0000
SJC,to,918,0.0000
SJC,to,919,0.0000
SJC,to,920,0.0000
SJC,to,921,0.0000
SJC,to,922,0.0000
SJC,to,923,0.0000
SJC,to,924,0.0000
SJC,to,925,0.0000
SJC,to,926,0.0000
SJC,to,927,0.0000
SJC,to,928,0.0000
SJC,to,929,0.0000
SJC,to,930,0.0000
SJC,to,931,0.0000
SJC,to,932,0.0000
SJC,to,933,0.0000
SJC,to,934,0.0000
SJC,to,935,0.0000
SJC,to,936,0.0000
SJC,to,937,0.0000
SJC,to,938,0.0000
SJC,to,939,0.0000
SJC,to,940,0.0000
SJC,to,941,0.0000
SJC,to,942,0.0000
SJC,to,943,0.0000
SJC,to,944,0.0000
SJC,to,945,0.0000
SJC,to,946,0.0000
SJC,to,947,0.0000
SJC,to,948,0.0000
SJC,to,949,0.0000
SJC,to,950,0.0000
SJC,to,951,0.0000
SJC,to,952,0.0000
SJC,to,953,0.0000
SJC,to,954,0.0000
SJC,to,955,0.0000
SJC,to,956,0.0000
SJC,to,957,0.0000
SJC,to,958,0.0000
SJC,to,959,0.0000
SJC,to,960,0.0000
SJC,to,961,0.0000
SJC,to,962,0.0000
SJC,to,963,0.0000
SJC,to,964,0.0000
SJC,to,965,0.0000
SJC,to,966,0.0000
SJC,to,967,0.0000
SJC,to,968,0.0000
SJC,to,969,0.0000
SJC,to,970,0.0000
SJC,to,971,0.0000
SJC,to,972,0.0000
SJC,to,973,0.0000
SJC,to,974,0.0000
SJC,to,975,0.0000
SJC,to,976,0.0000
SJC,to,977,0.0000
SJC,to,978,0.0000
SJC,to,979,0.0000
SJC,to,980,0.0000
SJC,to,981,0.0000
SJC,to,982,0.0000
SJC,to,983,0.0000
SJC,to,984,0.0000
SJC,to,985,0.0000
SJC,to,986,0.0000
SJC,to,987,0.0000
SJC,to,988,0.0000
SJC,to,989,0.0000
SJC,to,990,0.0000
SJC,to,991,0.0000
SJC,to,992,0.0000
SJC,to,993,0.0000
SJC,to,994,0.0000
SJC,to,995,0.0000
SJC,to,996,0.0000
SJC,to,997,0.0000
SJC,to,998,0.0000
SJC,to,999,0.0000
SJC,to,1000,0.0000
SJC,to,1001,0.0000
SJC,to,1002,0.0000
SJC,to,1003,0.0000
SJC,to,1004,0.0000
SJC,to,1005,0.0000
SJC,to,1006,0.0000
SJC,to,1007,0.0000
SJC,to,1008,0.0000
SJC,to,1009,0.0000
SJC,to,1010,0.0000
SJC,to,1011,0.0000
SJC,to,1012,0.0000
SJC,to,1013,0.0000
SJC,to,1014,0.0000
SJC,to,1015,0.0000
SJC,to,1016,0.0000
SJC,to,1017,0.0000
SJC,to,1018,0.0000
SJC,to,1019,0.0000
SJC,to,1020,0.0000
SJC,to,1021,0.0000
SJC,to,1022,0.0000
SJC,to,1023,0.0000
SJC,to,1024,0.0000
SJC,to,1025,0.0000
SJC,to,1026,0.0000
SJC,to,1027,0.0000
SJC,to,1028,0.0000
SJC,to,1029,0.0000
SJC,to,1030,0.0000
SJC,to,1031,0.0000
SJC,to,1032,0.0000
SJC,to,1033,0.0000
SJC,to,1034,0.0000
SJC,to,1035,0.0000
SJC,to,1036,0.0000
SJC,to,1037,0.0000
SJC,to,1038,0.0000
SJC,to,1039,0.0000
SJC,to,1040,0.0000
SJC,to,1041,0.0000
SJC,to,1042,0.0000
SJC,to,1043,0.0000
SJC,to,1044,0.0000
SJC,to,1045,0.0000
SJC,to,1046,0.0000
SJC,to,1047,0.0000
SJC,to,1048,0.0000
SJC,to,1049,0.0000
SJC,to,1050,0.0000
SJC,to,1051,0.0000
SJC,to,1052,0.0000
SJC,to,1053,0.0000
SJC,to,1054,0.0000
SJC,to,1055,0.0000
SJC,to,1056,0.0000
SJC,to,1057,0.0000
SJC,to,1058,0.0000
SJC,to,1059,0.0000
SJC,to,1060,0.0000
SJC,to,1061,0.0000
SJC,to,1062,0.0000
SJC,to,1063,0.0000
SJC,to,1064,0.0000
SJC,to,1065,0.0000
SJC,to,1066,0.0000
SJC,to,1067,0.0000
SJC,to,1068,0.0000
SJC,to,1069,0.0000
SJC,to,1070,0.0000
SJC,to,1071,0.0000
SJC,to,1072,0.0000
SJC,to,1073,0.0000
SJC,to,1074,0.0000
SJC,to,1075,0.0000
SJC,to,1076,0.0000
SJC,to,1077,0.0000
SJC,to,1078,0.0000
SJC,to,1079,0.0000
SJC,to,1080,0.0000
SJC,to,1081,0.0000
SJC,to,1082,0.0000
SJC,to,1083,0.0000
SJC,to,1084,0.0000
SJC,to,1085,0.0000
SJC,to,1086,0.0000
SJC,to,1087,0.0000
SJC,to,1088,0.0000
SJC,to,1089,0.0000
SJC,to,1090,0.0000
SJC,to,1091,0.0000
SJC,to,1092,0.0000
SJC,to,1093,0.0000
SJC,to,1094,0.0000
SJC,to,1095,0.0000
SJC,to,1096,0.0000
SJC,to,1097,0.0000
SJC,to,1098,0.0000
SJC,to,1099,0.0000
SJC,to,1100,0.0000
SJC,to,1101,0.0000
SJC,to,1102,0.0000
SJC,to,1103,0.0000
SJC,to,1104,0.0000
SJC,to,1105,0.0000
SJC,to,1106,0.0000
SJC,to,1107,0.0000
SJC,to,1108,0.0000
SJC,to,1109,0.0000
SJC,to,1110,0.0000
SJC,to,1111,0.0000
SJC,to,1112,0.0000
SJC,to,1113,0.0000
SJC,to,1114,0.0000
SJC,to,1115,0.0000
SJC,to,1116,0.0000
SJC,to,1117,0.0000
SJC,to,1118,0.0000
SJC,to,1119,0.0000
SJC,to,1120,0.0000
SJC,to,1121,0.0000
SJC,to,1122,0.0000
SJC,to,1123,0.0000
SJC,to,1124,0.0000
SJC,to,1125,0.0000
SJC,to,1126,0.0000
SJC,to,1127,0.0000
SJC,to,1128,0.0000
SJC,to,1129,0.0000
SJC,to,1130,0.0000
SJC,to,1131,0.0000
SJC,to,1132,0.0000
SJC,to,1133,0.0000
SJC,to,1134,0.0000
SJC,to,1135,0.0000
SJC,to,1136,0.0000
SJC,to,1137,0.0000
SJC,to,1138,0.0000
SJC,to,1139,0.0000
SJC,to,1140,0.0000
SJC,to,1141,0.0000
SJC,to,1142,0.0000
SJC,to,1143,0.0000
SJC,to,1144,0.0000
SJC,to,1145,0.0000
SJC,to,1146,0.0000
SJC,to,1147,0.0000
SJC,to,1148,0.0000
SJC,to,1149,0.0000
SJC,to,1150,0.0000
SJC,to,1151,0.0000
SJC,to,1152,0.0000
SJC,to,1153,0.0000
SJC,to,1154,0.0000
SJC,to,1155,0.0000
SJC,to,1156,0.0000
SJC,to,1157,0.0000
SJC,to,1158,0.0000
SJC,to,1159,0.0000
SJC,to,1160,0.0000
SJC,to,1161,0.0000
SJC,to,1162,0.0000
SJC,to,1163,0.0000
SJC,to,1164,0.0000
SJC,to,1165,0.0000
SJC,to,1166,0.0000
SJC,to,1167,0.0000
SJC,to,1168,0.0000
SJC,to,1169,0.0000
SJC,to,1170,0.0000
SJC,to,1171,0.0000
SJC,to,1172,0.0000
SJC,to,1173,0.0000
SJC,to,1174,0.0000
SJC,to,1175,0.0000
SJC,to,1176,0.0000
SJC,to,1177,0.0000
SJC,to,1178,0.0000
SJC,to,1179,0.0000
SJC,to,1180,0.0000
SJC,to,1181,0.0000
SJC,to,1182,0.0000
SJC,to,1183,0.0000
SJC,to,1184,0.0000
SJC,to,1185,0.0000
SJC,to,1186,0.0000
SJC,to,1187,0.0000
SJC,to,1188,0.0000
SJC,to,1189,0.0000
SJC,to,1190,0.0000
SJC,to,1191,0.0000
SJC,to,1192,0.0000
SJC,to,1193,0.0000
SJC,to,1194,0.0000
SJC,to,1195,0.0000
SJC,to,1196,0.0000
SJC,to,1197,0.0000
SJC,to,1198,0.0000
SJC,to,1199,0.0000
SJC,to,1200,0.0000
SJC,to,1201,0.0000
SJC,to,1202,0.0000
SJC,to,1203,0.0000
SJC,to,1204,0.0000
SJC,to,1205,0.0000
SJC,to,1206,0.0000
SJC,to,1207,0.0000
SJC,to,1208,0.0000
SJC,to,1209,0.0000
SJC,to,1210,0.0000
SJC,to,1211,0.0000
SJC,to,1212,0.0000
SJC,to,1213,0.0000
SJC,to,1214,0.0000
SJC,to,1215,0.0000
SJC,to,1216,0.0000
SJC,to,1217,0.0000
SJC,to,1218,0.0000
SJC,to,1219,0.0000
SJC,to,1220,0.0000
SJC,to,1221,0.0000
SJC,to,1222,0.0000
SJC,to,1223,0.0000
SJC,to,1224,0.0000
SJC,to,1225,0.0000
SJC,to,1226,0.0000
SJC,to,1227,0.0000
SJC,to,1228,0.0000
SJC,to,1229,0.0000
SJC,to,1230,0.0000
SJC,to,1231,0.0000
SJC,to,1232,0.0000
SJC,to,1233,0.0000
SJC,to,1234,0.0000
SJC,to,1235,0.0000
SJC,to,1236,0.0000
SJC,to,1237,0.0000
SJC,to,1238,0.0000
SJC,to,1239,0.0000
SJC,to,1240,0.0000
SJC,to,1241,0.0000
SJC,to,1242,0.0000
SJC,to,1243,0.0000
SJC,to,1244,0.0000
SJC,to,1245,0.0000
SJC,to,1246,0.0000
SJC,to,1247,0.0000
SJC,to,1248,0.0000
SJC,to,1249,0.0000
SJC,to,1250,0.0000
SJC,to,1251,0.0000
SJC,to,1252,0.0000
SJC,to,1253,0.0000
SJC,to,1254,0.0000
SJC,to,1255,0.0000
SJC,to,1256,0.0000
SJC,to,1257,0.0000
SJC,to,1258,0.0000
SJC,to,1259,0.0000
SJC,to,1260,0.0000
SJC,to,1261,0.0000
SJC,to,1262,0.0000
SJC,to,1263,0.0000
SJC,to,1264,0.0000
SJC,to,1265,0.0000
SJC,to,1266,0.0000
SJC,to,1267,0.0000
SJC,to,1268,0.0000
SJC,to,1269,0.0000
SJC,to,1270,0.0000
SJC,to,1271,0.0000
SJC,to,1272,0.0000
SJC,to,1273,0.0000
SJC,to,1274,0.0000
SJC,to,1275,0.0000
SJC,to,1276,0.0000
SJC,to,1277,0.0000
SJC,to,1278,0.0000
SJC,to,1279,0.0000
SJC,to,1280,0.0000
SJC,to,1281,0.0000
SJC,to,1282,0.0000
SJC,to,1283,0.0000
SJC,to,1284,0.0000
SJC,to,1285,0.0000
SJC,to,1286,0.0000
SJC,to,1287,0.0000
SJC,to,1288,0.0000
SJC,to,1289,0.0000
SJC,to,1290,0.0000
SJC,to,1291,0.0000
SJC,to,1292,0.0000
SJC,to,1293,0.0000
SJC,to,1294,0.0000
SJC,to,1295,0.0000
SJC,to,1296,0.0000
SJC,to,1297,0.0000
SJC,to,1298,0.0000
SJC,to,1299,0.0000
SJC,to,1300,0.0000
SJC,to,1301,0.0000
SJC,to,1302,0.0000
SJC,to,1303,0.0000
SJC,to,1304,0.0000
SJC,to,1305,0.0000
SJC,to,1306,0.0000
SJC,to,1307,0.0000
SJC,to,1308,0.0000
SJC,to,1309,0.0000
SJC,to,1310,0.0000
SJC,to,1311,0.0000
SJC,to,1312,0.0000
SJC,to,1313,0.0000
SJC,to,1314,0.0000
SJC,to,1315,0.0000
SJC,to,1316,0.0000
SJC,to,1317,0.0000
SJC,to,1318,0.0000
SJC,to,1319,0.0000
SJC,to,1320,0.0000
SJC,to,1321,0.0000
SJC,to,1322,0.0000
SJC,to,1323,0.0000
SJC,to,1324,0.0000
SJC,to,1325,0.0000
SJC,to,1326,0.0000
SJC,to,1327,0.0000
SJC,to,1328,0.0000
SJC,to,1329,0.0000
SJC,to,1330,0.0000
SJC,to,1331,0.0000
SJC,to,1332,0.0000
SJC,to,1333,0.0000
SJC,to,1334,0.0000
SJC,to,1335,0.0000
SJC,to,1336,0.0000
SJC,to,1337,0.0000
SJC,to,1338,0.0000
SJC,to,1339,0.0000
SJC,to,1340,0.0000
SJC,to,1341,0.0000
SJC,to,1342,0.0000
SJC,to,1343,0.0000
SJC,to,1344,0.0000
SJC,to,1345,0.0000
SJC,to,1346,0.0000
SJC,to,1347,0.0000
SJC,to,1348,0.0000
SJC,to,1349,0.0000
SJC,to,1350,0.0000
SJC,to,1351,0.0000
SJC,to,1352,0.0000
SJC,to,1353,0.0000
SJC,to,1354,0.0000
SJC,to,1355,0.0000
SJC,to,1356,0.0000
SJC,to,1357,0.0000
SJC,to,1358,0.0000
SJC,to,1359,0.0000
SJC,to,1360,0.0000
SJC,to,1361,0.0000
SJC,to,1362,0.0000
SJC,to,1363,0.0000
SJC,to,1364,0.0000
SJC,to,1365,0.0000
SJC,to,1366,0.0000
SJC,to,1367,0.0000
SJC,to,1368,0.0000
SJC,to,1369,0.0000
SJC,to,1370,0.0000
SJC,to,1371,0.0000
SJC,to,1372,0.0000
SJC,to,1373,0.0000
SJC,to,1374,0.0000
SJC,to,1375,0.0000
SJC,to,1376,0.0000
SJC,to,1377,0.0000
SJC,to,1378,0.0000
SJC,to,1379,0.0000
SJC,to,1380,0.0000
SJC,to,1381,0.0000
SJC,to,1382,0.0000
SJC,to,1383,0.0000
SJC,to,1384,0.0000
SJC,to,1385,0.0000
SJC,to,1386,0.0000
SJC,to,1387,0.0000
SJC,to,1388,0.0000
SJC,to,1389,0.0000
SJC,to,1390,0.0000
SJC,to,1391,0.0000
SJC,to,1392,0.0000
SJC,to,1393,0.0000
SJC,to,1394,0.0000
SJC,to,1395,0.0000
SJC,to,1396,0.0000
SJC,to,1397,0.0000
SJC,to,1398,0.0000
SJC,to,1399,0.0000
SJC,to,1400,0.0000
SJC,to,1401,0.0000
SJC,to,1402,0.0000
SJC,to,1403,0.0000
SJC,to,1404,0.0000
SJC,to,1405,0.0000
SJC,to,1406,0.0000
SJC,to,1407,0.0000
SJC,to,1408,0.0000
SJC,to,1409,0.0000
SJC,to,1410,0.0000
SJC,to,1411,0.0000
SJC,to,1412,0.0000
SJC,to,1413,0.0000
SJC,to,1414,0.0000
SJC,to,1415,0.0000
SJC,to,1416,0.0000
SJC,to,1417,0.0000
SJC,to,1418,0.0000
SJC,to,1419,0.0000
SJC,to,1420,0.0000
SJC,to,1421,0.0000
SJC,to,1422,0.0000
SJC,to,1423,0.0000
SJC,to,1424,0.0000
SJC,to,1425,0.0000
SJC,to,1426,0.0000
SJC,to,1427,0.0000
SJC,to,1428,0.0000
SJC,to,1429,0.0000
SJC,to,1430,0.0000
SJC,to,1431,0.0000
SJC,to,1432,0.0000
SJC,to,1433,0.0000
SJC,to,1434,0.0000
SJC,to,1435,0.0000
SJC,to,1436,0.0000
SJC,to,1437,0.0000
SJC,to,1438,0.0000
SJC,to,1439,0.0000
SJC,to,1440,0.0000
SJC,to,1441,0.0000
SJC,to,1442,0.0000
SJC,to,1443,0.0000
SJC,to,1444,0.0000
SJC,to,1445,0.0000
SJC,to,1446,0.0000
SJC,to,1447,0.0000
SJC,to,1448,0.0000
SJC,to,1449,0.0000
SJC,to,1450,0.0000
SJC,to,1451,0.0000
SJC,to,1452,0.0000
SJC,to,1453,0.0000
SJC,to,1454,0.0000
