ZONE,DISTRICT,SD,COUNTY,TOTHH,HHPOP,TOTPOP,EMPRES,SFDU,MFDU,HHINCQ1,HHINCQ2,HHINCQ3,HHINCQ4,TOTACRE,RESACRE,CIACRE,SHPOP62P,TOTEMP,AGE0004,AGE0519,AGE2044,AGE4564,AGE65P,RETEMPN,FPSEMPN,HEREMPN,AGREMPN,MWTEMPN,OTHEMPN,PRKCST,OPRKCST,AREATYPE,HSENROLL,COLLFTE,COLLPTE,TERMINAL,TOPOLOGY,ZERO,hhlds,gqpop
1,1,1,1,58,107,118,51,0,54,34,7,13,5,20.3,1.0,16.9055823253764,0.3644859813084112,18898,0,0,8,77,21,237,14842,2099,12,578,1130,197.79981752663255,222.10093796561887,0,0,0,0,5.59951,3,0,58,11
2,1,1,1,176,318,355,157,0,164,106,16,39,16,31.1,1.0,28.457147349502,0.3633633633633634,24466,0,0,27,225,64,164,15933,3149,11,1307,3902,206.84209489927864,222.10093796561887,0,0,255,11,5.59116,1,0,176,37
3,1,1,1,256,431,472,195,0,256,125,55,22,53,14.7,1.0,3.408840010080798,0.05219206680584551,1901,32,103,241,66,25,43,1172,410,1,24,251,0.0,203.4512408845364,0,0,481,0,5.60296,1,0,256,41
4,1,1,1,127,199,225,116,4,122,47,13,20,50,19.3,1.6414852407481,20.922335301684804,0.24651162790697675,25963,11,9,89,81,17,785,15477,2924,15,719,6043,186.496970810825,222.10093796561887,0,6,0,0,5.54465,2,0,127,26
5,1,1,1,508,661,745,396,8,577,271,52,46,148,52.7,1.1611226642047967,24.9410767660097,0.2717948717948718,13020,24,20,294,290,133,2360,4702,3622,7,686,1643,0.0,222.10093796561887,0,21,0,0,5.68261,1,0,508,84
6,1,1,1,2027,2765,3211,2149,0,2286,695,453,346,542,29.0,7.170351693085296,14.4798242839529,0.16796753044021231,3277,14,241,1672,830,342,111,470,2523,2,91,80,155.41414234235415,168.97755840132328,0,0,0,0,5.01837,1,0,2027,446
7,1,1,1,3157,4419,5517,2537,58,3401,2084,634,316,118,45.0,13.3111008870898,24.879441742133107,0.26124567474048443,6997,150,259,1857,1270,950,211,1259,5073,3,42,409,144.67643796233696,170.107843072904,0,0,0,0,5.27951,1,0,3157,1098
8,1,1,1,4919,7970,11162,3286,74,5191,3523,894,375,107,51.0,9.8044182988473,22.3754047611428,0.3283911039871769,3686,212,573,3165,3100,2635,45,553,2732,1,78,277,154.84900000656378,165.0215620507906,0,0,0,0,4.669,2,0,4919,3192
9,1,1,1,6416,9525,10943,6065,114,6252,3182,1533,831,884,112.0,11.218707351769895,58.622506834658815,0.17376767290790981,24973,123,791,4582,3310,1354,122,951,5205,2,8334,10359,149.76271898445037,135.6341605896909,0,0,1170,65,4.82516,2,0,6416,1418
10,1,1,1,4305,6991,8249,4318,323,4022,1139,962,859,1338,73.5,11.195568685771484,40.04153747329599,0.1662262156448203,22136,239,665,4322,1276,853,155,2004,9773,12,577,9615,132.80844891073903,139.59015694022358,0,0,1891,511,4.32252,3,0,4305,1258
11,1,1,1,2209,3938,4724,2924,112,2447,1155,350,331,373,81.0,13.256227769468698,47.43540417028649,0.14204429993903678,10962,95,292,2307,1579,481,1279,2803,5153,4,295,1428,140.72044161180432,169.54270073711365,0,65,690,62,4.81965,3,0,2209,786
12,1,1,1,648,999,1021,825,46,955,94,132,73,352,53.3,1.0,22.534954811467205,0.11493123772102161,14643,70,22,395,403,90,487,6416,5674,5,465,1596,127.15702555283522,222.10093796561887,0,0,4191,4390,5.24453,3,0,648,22
13,1,1,1,85,108,110,68,29,58,27,4,5,49,26.5,1.0,21.735249604792408,0.20588235294117646,17139,1,0,25,54,19,112,12570,1613,4,926,1914,238.49006570353984,222.10093796561887,0,0,2597,3269,5.49303,3,0,85,2
14,1,1,1,624,800,814,481,210,428,198,32,43,349,30.6,2.453213596625,26.0,0.20103761348897536,27025,11,2,192,397,150,71,17363,811,6,5601,3173,213.62380292876315,222.10093796561887,0,0,0,0,5.5959,3,0,624,14
15,1,1,1,252,428,456,325,18,289,64,57,43,83,28.5,3.0,18.906638334235,0.06697459584295612,15790,22,34,222,129,11,290,7918,1147,4,3187,3244,243.01120438986283,214.18894526455355,0,0,0,0,5.48383,3,0,252,28
16,1,1,1,5360,8698,8870,7376,230,5727,650,672,1128,2893,123.4,17.7560730399476,88.75283240826519,0.09059076019428443,38303,137,315,5903,1606,617,811,19695,1833,6,2219,13739,171.23812774448476,163.32613504341947,0,0,0,0,4.79045,2,0,5360,172
17,1,1,1,4559,7476,7791,5188,128,4408,970,686,825,2077,152.3,24.3357279192821,68.70060422236688,0.1490275322051023,11572,461,373,4403,1436,1015,295,7288,682,8,749,2550,168.97755840132328,129.9827372317871,1,0,0,0,4.27822,1,0,4559,315
18,1,1,1,742,1363,1572,778,88,906,41,134,169,400,107.3,2.689665610337105,64.41910360522162,0.08451656524678837,9740,105,113,821,281,114,301,2820,2052,6,434,4127,144.1112956265466,114.72389416544688,1,3648,0,0,4.19218,3,0,742,209
19,1,1,1,937,1623,1919,1133,9,1001,311,62,70,499,125.4,13.477336420699896,82.1155386927217,0.11425732737208147,8436,15,125,1169,437,214,927,4559,1373,3,318,1256,102.85590511384896,135.06901825390054,1,0,0,0,4.15195,3,0,937,296
20,1,1,1,2380,4098,4583,2651,184,2380,721,319,459,894,98.3,17.890335710267408,44.83033712431576,0.16491085899513777,7187,105,329,2267,1625,454,295,2680,1918,5,592,1697,127.15702555283522,139.59015694022358,1,0,260,75,4.37167,3,0,2380,485
21,1,1,1,3509,4682,4920,2556,158,3507,1917,393,403,792,78.9,17.384498586392297,55.29361045043738,0.43419434194341944,8779,0,108,2015,603,1989,267,3649,3143,50,280,1390,121.50560219493144,152.02328832761188,1,0,0,0,3.94918,3,0,3509,238
22,1,1,1,1040,1709,1746,1245,30,1041,92,108,209,631,87.7,9.0,56.64076381399829,0.2344582593250444,16832,82,91,847,270,342,218,10329,4206,8,473,1598,127.7221678886256,198.9301021982133,0,0,0,0,4.81637,3,0,1040,37
23,1,1,1,844,1856,1884,805,10,911,288,228,52,275,90.8,4.648664166927301,28.322169069231613,0.3598654708520179,7048,0,236,458,457,579,363,3750,968,3,547,1417,151.4581459918215,176.3244087665982,1,24,0,0,5.06293,1,0,844,28
24,1,1,1,514,903,915,225,19,514,415,58,3,35,39.0,2.065241808072601,28.487130303461903,0.29771784232365145,16251,11,216,157,280,270,397,6732,2837,10,318,5957,145.80672263391773,210.2329489140209,0,100,0,0,5.23125,1,0,514,12
25,1,1,1,1316,2745,2759,1142,107,1374,825,288,149,60,21.0,4.0,10.7778491645278,0.4341481211236775,1892,36,303,646,622,1040,186,301,1316,1,36,52,0.0,184.23640146766348,0,0,0,0,5.07287,1,0,1316,14
26,1,1,1,669,1385,1395,675,34,692,408,161,68,24,13.0,2.0,9.487857674875702,0.29433139534883723,4522,4,149,366,456,356,32,2028,1029,1,143,1289,152.58843066340228,201.19067154137483,0,0,0,0,5.27432,1,0,669,10
27,1,1,1,1398,2556,2597,1276,5,1413,866,228,157,148,26.0,8.476066960533203,9.5904656263167,0.309772112784859,1548,60,168,1006,522,750,81,105,1321,1,27,13,0.0,167.2821313939521,0,0,0,0,4.56701,1,0,1398,41
28,1,1,1,1700,2674,2688,1741,25,2024,489,291,313,596,44.0,20.0,5.680389150921898,0.3546337817638266,1063,52,101,1138,548,759,15,197,801,1,24,25,145.80672263391773,142.98101095496585,0,0,0,0,4.64345,1,0,1700,14
29,1,1,1,3040,4962,5082,3137,83,3455,1030,834,510,646,37.0,15.356775926664504,5.691369845915401,0.18421052631578946,1493,137,217,2741,1027,781,14,294,1132,1,35,17,145.80672263391773,145.80672263391773,0,0,0,0,5.16354,1,0,3040,120
30,1,1,1,4047,6103,6474,3508,169,4093,2275,775,504,490,46.0,14.0,19.4634664049268,0.2443651925820257,1611,141,379,3178,1775,1302,156,249,1089,2,23,92,0.0,142.98101095496585,1,0,0,0,4.27113,1,0,4047,371
31,1,1,1,2414,3697,3846,2398,81,2553,924,878,291,329,32.0,8.817122924783103,15.586393230076908,0.13584710743801653,2583,237,61,2342,714,401,44,462,2011,1,26,39,0.0,137.32958759706204,1,0,0,0,4.57973,1,0,2414,149
32,1,1,1,2826,4480,4529,3272,53,3168,746,821,711,564,58.0,21.0,22.0626965645054,0.2694278394534586,1976,36,187,2185,1070,1061,256,405,1170,2,46,97,0.0,133.37359124652937,1,0,0,0,4.76779,1,0,2826,49
33,1,1,1,2676,4339,4363,3292,144,2673,697,476,609,907,59.0,24.651153964110627,13.217579090441795,0.20687300864815658,1575,109,92,2223,1074,762,77,294,1068,1,23,112,0.0,135.6341605896909,1,0,0,0,4.31607,1,0,2676,24
34,1,1,1,2584,4695,4695,3609,203,2412,584,306,663,1021,60.0,29.065794710835497,9.3876540694305,0.16709621993127147,1310,51,330,2575,866,691,145,260,769,2,72,62,0.0,135.6341605896909,1,0,0,0,4.61205,1,0,2584,0
35,1,1,1,2444,4004,4004,2953,184,2545,684,484,335,944,58.0,30.0,3.5008640188729,0.26389918458117123,542,24,84,2041,999,769,29,145,280,5,43,40,0.0,139.59015694022358,1,0,0,0,4.5968,1,0,2444,0
36,1,1,1,2594,4497,4595,1937,147,2510,1685,519,161,222,47.0,14.0,15.919673661709597,0.4110335804622765,2725,47,252,1005,1462,1666,228,402,1931,6,99,59,163.89127737920984,164.45641971500024,1,0,0,0,4.83477,1,0,2594,98
37,1,1,1,1699,2733,2787,1741,108,1720,802,298,218,377,43.0,12.0,14.6952545352135,0.26425052779732583,3101,81,155,1220,689,616,149,909,1683,5,149,206,134.50387591811014,166.71698905816174,1,0,0,0,4.85157,1,0,1699,54
38,1,1,1,2207,4305,4319,2687,279,2277,420,343,343,1109,83.0,37.0,9.870038480107103,0.1951616655036055,1743,370,333,1746,1081,659,158,584,621,2,171,207,0.0,156.54442701393492,1,0,0,0,4.36496,1,0,2207,14
39,1,1,1,2114,3827,3828,2886,346,1988,367,381,634,730,67.0,31.0,7.374572278547903,0.28319043907508445,992,61,175,1610,952,943,56,294,526,2,52,62,0.0,141.2855839475947,2,0,0,0,4.38114,1,0,2114,1
40,1,1,1,2539,4299,4324,3094,213,2589,515,228,705,1112,128.0,43.12762265079532,31.611871188684475,0.2212073958565382,2347,117,325,2181,933,797,116,797,1005,27,341,61,0.0,146.3718649697081,2,1750,0,0,4.69638,1,0,2539,25
41,1,1,1,2175,3748,3842,2162,207,2051,818,455,377,526,183.0,20.0,104.26803263268742,0.22718906126742044,6098,78,367,1784,724,724,841,2055,2827,3,226,146,119.24503285176992,201.7558138771652,1,0,0,0,4.07675,2,0,2175,94
42,1,1,1,628,1693,2421,1074,205,456,268,110,68,186,628.0,143.23274346762,484.0,0.06710580485796624,713,86,268,1358,552,85,3,91,471,0,42,106,0.0,0.0,3,47,0,0,1.01785,2,0,628,728
43,2,2,1,2804,4952,4967,3475,465,2549,358,443,644,1373,199.0,57.28734187677374,6.795286529365527,0.10104327666151468,1893,197,498,3092,788,457,304,451,1013,3,68,54,0.0,0.0,2,0,0,0,3.67666,3,0,2804,15
44,2,2,1,3252,5317,5357,4111,380,2990,279,505,790,1719,136.0,56.0,19.55676768933849,0.1299132681306514,1345,244,240,3523,602,632,84,377,732,2,41,109,0.0,28.82225912530932,2,0,0,0,4.09835,2,0,3252,40
45,2,2,1,2239,4238,4253,2834,211,2248,189,243,477,1348,93.0,40.19746902163873,25.712589724251696,0.13817330210772832,3875,343,328,2177,812,487,273,1027,2038,10,209,318,0.0,174.62898175922703,1,0,0,0,5.10133,1,0,2239,15
46,2,2,1,3790,6158,6286,4493,242,3995,472,619,686,2011,102.0,42.1902196521179,11.078501739227,0.17822095599873378,1606,125,439,3557,1138,883,37,722,640,3,86,118,0.0,24.30112043898629,1,0,0,0,4.48436,1,0,3790,128
47,2,2,1,1756,2768,2789,1973,127,1677,243,363,345,802,56.0,24.434972641931072,13.9711565423562,0.18275739223370147,3480,59,233,1507,453,463,116,688,2288,4,94,290,0.0,115.28903650123728,2,0,0,0,5.56798,1,0,1756,21
48,2,2,1,2128,3471,3484,2438,309,1807,395,187,514,1012,88.0,40.0,6.724374664729,0.21653543307086615,1167,123,194,1760,900,720,129,312,548,2,91,85,0.0,0.0,2,613,0,0,3.27094,1,0,2128,13
49,2,2,1,2288,3341,3360,2170,711,1698,402,463,297,1116,135.0,76.0,6.398382591275801,0.315713875323183,1110,70,288,1101,1035,886,9,192,850,3,20,36,0.0,0.0,2,469,0,0,2.43057,1,0,2288,19
50,2,2,1,2206,4055,4099,2830,540,1693,339,347,260,1253,121.0,59.98337140696496,18.83091521420831,0.17499434772778658,2523,257,507,1952,938,659,367,501,1404,2,98,151,0.0,76.29421533170114,2,0,0,0,3.39752,1,0,2206,44
51,2,2,1,2038,3880,3880,2500,430,1753,218,251,342,1234,107.0,46.0,15.503199889181602,0.18003476533399554,672,483,266,1850,1020,301,21,116,366,1,56,112,0.0,0.0,2,0,0,0,2.25211,3,0,2038,0
52,2,2,1,1370,3950,3950,2114,412,894,93,195,282,803,1491.0,57.0,280.0,0.05357600615226865,5938,442,742,1823,607,163,280,1796,1975,3,342,1542,0.0,0.0,3,472,0,0,1.71975,1,0,1370,0
53,2,2,1,46,56,288,40,3,36,9,12,18,8,1097.0,5.0,13.154940315411976,0.0,1278,0,0,48,8,0,11,59,1192,0,8,8,0.0,0.0,3,0,0,0,7.99437,2,0,46,232
54,2,2,1,2849,6110,6211,3228,1353,1372,626,681,605,951,257.0,105.0,6.071877330326799,0.2971206225680934,1243,228,760,2112,1529,1606,193,223,637,2,92,96,0.0,0.0,3,0,0,0,2.30144,1,0,2849,101
55,2,2,1,1499,3058,3058,1626,646,841,278,426,348,462,97.0,58.0,1.0682231500437998,0.2784450063211125,397,78,264,1062,932,735,31,65,264,1,13,23,0.0,0.0,3,0,0,0,2.14902,1,0,1499,0
56,2,2,1,41,71,71,49,22,14,4,13,9,15,250.0,2.0,157.0,0.49137931034482757,3009,2,3,30,82,106,24,146,2820,0,8,11,0.0,0.0,3,0,0,0,1.63626,1,0,41,0
57,2,2,1,991,2422,2422,1270,707,194,74,146,139,627,137.0,80.16270309936182,3.3042327434289023,0.2800485633346823,462,115,447,528,666,619,10,142,260,1,24,25,0.0,0.0,3,0,0,0,1.47141,1,0,991,0
58,2,2,1,2759,5092,5152,3072,586,1960,903,626,626,610,104.0,54.438332725994286,13.629790089792296,0.29119594857810677,1075,92,602,1682,1420,1169,63,216,641,2,52,101,0.0,51.42795255692448,3,4,0,0,2.94951,1,0,2759,60
59,2,2,1,3214,7818,7840,4334,1196,1857,625,703,586,1299,200.0,110.11585235788677,24.484875788170008,0.26306236224555946,1338,243,1050,2436,2134,1614,32,389,738,4,48,127,0.0,16.954270073711363,3,2068,0,0,2.44767,1,0,3214,22
60,2,2,1,1591,3158,3164,1774,619,937,400,413,354,415,87.0,55.0,2.46194487886,0.3129186602870813,679,95,308,896,922,816,17,67,552,1,17,25,0.0,0.0,2,0,0,0,2.3279,1,0,1591,6
61,2,2,1,2059,4750,4750,2688,687,1213,522,449,375,709,90.0,54.0,6.3970276212754005,0.2193056731583404,1072,273,565,1819,1154,772,55,296,633,1,28,59,0.0,61.60051460115129,2,0,0,0,2.59544,1,0,2059,0
62,2,2,1,3192,7284,7298,4110,736,2439,591,718,721,1145,158.0,80.35279450467188,17.4451335006193,0.1721898197242842,1741,308,1046,2992,1853,1106,100,337,1111,2,70,121,100.03019343489704,86.46677737592796,2,0,0,0,2.87229,2,0,3192,14
63,2,2,1,2276,5220,5239,3186,805,1482,356,276,649,997,129.0,71.0,7.327210688064,0.23224794036877205,783,351,503,1678,1396,1009,39,200,430,1,32,81,0.0,33.90854014742273,2,0,0,0,2.52473,1,0,2276,19
64,2,2,1,2870,6447,6462,3733,751,1919,696,456,562,1167,146.0,80.0,8.687044904917101,0.22079347655637446,1004,641,604,2241,1564,1126,139,180,555,2,57,71,0.0,36.734251826374624,2,0,0,0,4.09685,2,0,2870,15
65,2,2,1,2272,4580,4656,2957,425,1902,392,419,304,1149,136.0,56.0,19.566059939411293,0.20745920745920746,1930,168,632,1710,1211,851,186,493,1030,7,74,140,0.0,73.46850365274925,2,15,0,0,3.6323,2,0,2272,76
66,2,2,1,1788,4312,4312,2677,426,1339,385,243,458,685,105.0,49.256747553733454,19.6081202318339,0.18887601390498263,1871,119,541,1765,1072,653,272,320,1041,32,71,135,0.0,72.90336131695886,2,0,0,0,3.98394,2,0,1788,0
67,2,2,1,1941,4731,4845,3225,423,1524,268,266,334,1069,96.0,53.0,8.9476997839639,0.12221514958625079,927,206,536,2307,1027,502,81,72,694,1,28,51,0.0,39.55996350532652,2,0,0,0,3.90026,2,0,1941,114
68,2,2,1,1432,2920,2957,1690,314,1172,452,378,261,355,72.0,35.68593460754673,4.305517039303799,0.2854251012145749,986,26,194,1276,653,726,57,227,600,1,22,79,0.0,32.21311314005159,3,0,0,0,3.23857,1,0,1432,37
69,2,2,1,2710,5465,8070,3879,531,1993,532,335,495,1338,208.0,97.0632354196952,67.58965192129622,0.12942659105229995,7798,282,1578,3968,1003,850,249,302,7151,1,43,52,0.0,12.998273723178713,2,522,7670,2894,3.49157,1,0,2710,2605
70,2,2,1,3152,5876,5882,3947,736,2257,437,605,679,1431,182.0,82.0,35.32716743458599,0.17495333446461903,2469,216,591,2617,1514,784,412,673,1036,3,56,289,0.0,40.69024817690727,1,0,0,0,5.04619,1,0,3152,6
71,2,2,1,2013,4088,4111,2000,639,1370,562,162,381,906,145.0,73.45148313629076,18.01995653725409,0.27049595141700405,2963,84,657,1204,925,973,172,770,1730,19,116,156,157.1095693497253,35.03882481900349,2,0,0,0,3.18377,1,0,2013,23
72,2,2,1,1086,2089,2117,1526,127,898,144,152,184,613,59.0,21.629951404171507,15.929281416270095,0.1754312158182583,1215,97,119,1354,352,378,50,221,835,38,27,44,0.0,59.90508759378015,1,299,0,0,4.56305,1,0,1086,28
73,2,2,1,2231,3711,3711,2629,248,2012,675,465,342,746,69.0,32.0258409623335,13.4553888444538,0.2683714001986097,1880,159,209,1917,669,953,225,343,1154,2,56,100,0.0,104.55133212122009,1,0,0,0,4.35988,1,0,2231,0
74,2,2,1,2255,3630,3687,1669,57,2164,962,350,429,533,84.0,17.0,28.895751475241887,0.42732485664422837,3528,105,136,1621,439,1587,231,553,2565,2,58,119,128.287310224416,113.59360949386613,1,0,0,0,4.60341,1,0,2255,57
75,2,2,1,1615,2489,2505,1490,4,1964,323,284,345,654,44.0,10.0,17.6225429012697,0.2942067398712609,4977,28,87,1338,402,707,378,721,3780,2,43,53,0.0,131.67816423915826,1,0,0,0,4.64907,1,0,1615,16
76,2,2,1,1800,2608,3013,1761,43,1977,525,304,522,448,41.0,7.7584600857799,18.658586605749697,0.3561549100968188,3015,31,71,1152,602,957,70,384,937,1,39,1584,136.1993029254813,129.41759489599673,2,1471,0,0,4.46759,1,0,1800,405
77,2,2,1,2144,4149,4410,2029,103,2076,838,411,308,575,69.0,15.0,31.701450966543696,0.3131042995268463,2163,130,626,1844,890,1225,176,136,1805,1,15,30,96.63933942015476,80.25021168223378,2,0,0,0,3.75081,1,0,2144,261
78,2,2,1,2760,5227,5273,1536,182,2502,1699,471,321,245,91.0,22.612752083876103,19.443976647959,0.3628808864265928,1270,81,594,1422,1443,1720,10,126,1084,1,27,22,0.0,57.079375914828255,2,0,0,0,4.03936,2,0,2760,46
79,2,2,1,2065,3183,3253,2663,68,2282,418,690,272,694,68.0,13.143688537578177,35.8489730924864,0.1548467017652524,10004,40,87,1852,697,430,247,706,5295,4,349,3403,0.0,127.7221678886256,1,387,412,5,4.33112,3,0,2065,70
80,2,2,1,2040,3773,3839,2406,100,1856,632,330,377,709,59.0,31.46239433557831,7.386934640500102,0.0980891719745223,692,172,219,2190,892,329,19,228,388,1,24,32,0.0,0.0,2,0,0,0,3.64141,1,0,2040,66
81,2,2,1,4080,7742,7984,5455,373,3745,1160,801,558,1559,110.0,41.69196125976202,33.48967857638581,0.10445750673524369,2760,294,670,4474,1852,613,85,898,1542,3,74,158,0.0,59.339945257989775,1,0,0,0,4.31032,1,0,4080,242
82,2,2,1,1532,2875,2907,1941,242,1431,322,236,190,791,76.0,29.0,23.344538568159,0.1557632398753894,2349,73,272,1310,740,393,310,339,1590,2,53,55,0.0,44.08110219164955,1,0,0,0,3.99784,1,0,1532,32
83,2,2,1,2166,3863,3886,2564,611,1588,358,289,328,1202,119.0,76.87455826930534,2.0,0.22556584362139917,571,50,336,1523,1185,666,15,259,211,3,39,44,0.0,0.0,3,0,0,0,2.43258,1,0,2166,23
84,2,2,1,2456,4797,4868,4106,337,2086,240,322,429,1446,117.0,42.07057262680418,7.739820920437596,0.09212695795548227,1070,116,227,3105,889,358,45,414,448,2,74,87,0.0,14.12855839475947,1,0,0,0,4.17404,1,0,2456,71
85,2,2,1,1786,3425,3460,2372,49,1796,329,221,418,834,77.0,26.65460004266358,13.054467043141404,0.11201344161299356,1349,175,139,2159,695,300,117,234,796,1,31,170,0.0,36.734251826374624,2,198,0,0,4.09811,1,0,1786,35
86,2,2,1,3129,6051,6163,4037,277,2798,711,603,607,1213,125.0,52.39164816749727,22.594977913193595,0.16231838775191376,1188,351,394,3425,1220,800,42,149,922,2,24,49,0.0,21.475408760034394,2,642,0,0,3.85624,1,0,3129,112
87,2,2,1,2314,4672,4832,3457,192,2063,462,425,432,983,93.0,43.02197068039729,15.1392219938527,0.14118325009604302,1775,115,311,2994,1111,524,34,227,1368,2,41,103,0.0,0.0,2,0,0,0,3.37926,1,0,2314,160
88,2,2,1,2583,4616,4715,3522,193,2326,426,364,534,1246,85.0,40.0,18.5023948061473,0.14342881213142375,1929,108,294,2759,867,582,507,267,825,14,56,260,0.0,57.64451825061864,2,442,0,0,4.74983,2,0,2583,99
89,2,2,1,3375,7113,7273,4562,703,2743,475,628,634,1625,150.0,89.12992587774411,6.863511526259101,0.14752758479771147,1895,512,822,3479,1390,898,103,631,910,3,85,163,0.0,14.693700730549848,2,0,0,0,2.71912,1,0,3375,160
90,3,3,1,2163,3957,4142,2785,532,1469,370,381,745,656,86.0,42.0,10.594253525920902,0.17088174982911825,17979,250,190,2488,807,520,41,295,17547,2,39,55,0.0,106.81190146438158,1,235,3184,0,30.64551,1,0,2163,185
91,3,3,1,2133,4357,4927,2751,834,1219,372,281,357,1113,320.0,91.21694557657848,100.0756783843686,0.16953125,13761,203,598,2528,844,782,20,158,13509,2,22,50,0.0,7.911992701065303,1,0,0,0,1.40693,1,0,2133,570
92,3,3,1,1039,2567,2586,1288,850,86,256,140,138,495,283.0,83.18694335223663,75.0,0.34907992309804997,231,101,475,861,947,1138,12,70,112,0,8,29,0.0,0.0,3,16,0,0,1.51134,1,0,1039,19
93,3,3,1,4263,7438,7446,5521,1159,3039,661,873,854,1871,227.0,109.14798482323428,1.4359440692291,0.1796399258670903,860,160,418,3378,2320,1029,29,254,356,2,86,133,0.0,0.0,3,0,0,0,2.30069,1,0,4263,8
94,3,3,1,1274,2746,2760,1829,404,841,66,162,260,784,68.0,36.0,8.492239908342498,0.16493366798135534,1168,135,266,1148,769,390,163,340,545,2,50,68,0.0,53.1233795642956,2,0,0,0,3.39247,1,0,1274,14
95,3,3,1,1447,2901,2911,1693,595,831,184,237,269,759,86.0,51.0,4.280361521173601,0.17689406924922865,929,228,286,1210,659,438,12,447,378,1,25,66,0.0,0.0,3,0,0,0,2.22532,1,0,1447,10
96,3,3,1,1120,2341,2360,1465,426,717,84,136,243,655,75.0,44.0,2.2418862733918,0.1726649528706084,502,104,259,889,689,308,12,180,214,11,45,40,0.0,9.60741970843644,3,0,0,0,2.19556,1,0,1120,19
97,3,3,1,1754,3460,3460,2371,476,1188,298,211,291,941,84.0,47.05634992791348,8.3014765075004,0.2014450867052023,1064,157,238,1489,857,605,89,274,532,2,108,59,0.0,55.9490912432475,3,0,0,0,2.79632,1,0,1754,0
98,3,3,1,2053,4128,4128,2821,621,1377,284,349,249,1172,106.0,60.12509481007001,7.9985206020765,0.17498776309348996,1179,220,401,1738,1006,588,210,294,572,2,38,63,0.0,22.04055109582477,3,0,0,0,2.62101,1,0,2053,0
99,3,3,1,1837,3380,3509,2159,329,1793,282,259,392,896,72.0,38.31521176387178,8.544589334732798,0.12690495982266556,889,140,371,1889,687,419,30,273,472,1,44,69,0.0,8.477135036855682,2,272,0,0,3.6861,1,0,1837,129
100,3,3,1,1646,3430,3525,2112,139,1567,573,396,265,405,80.0,27.0,31.22940715366069,0.1609717031500267,2227,187,296,1785,861,494,180,534,1292,2,93,126,0.0,163.32613504341947,1,0,0,0,5.73372,2,0,1646,95
101,3,3,1,2487,5498,5558,3457,299,2251,594,540,613,747,87.0,34.595892977316794,33.27357126546751,0.14575986565911,3817,108,750,2870,1403,660,244,805,1895,32,476,365,0.0,196.6695328550518,1,0,0,0,5.42467,2,0,2487,60
102,3,3,1,2687,5171,5310,3807,235,2441,399,308,647,1327,81.0,45.30840655417396,9.128026585309296,0.11210762331838565,1922,158,359,2634,1518,507,208,266,1084,2,207,155,0.0,0.0,2,0,0,0,3.91153,1,0,2687,139
103,3,3,1,2811,5176,5209,3461,493,2135,508,470,329,1503,137.0,67.0,10.463206683207698,0.22892684738210176,1597,134,322,1841,2014,907,109,364,878,2,84,160,0.0,15.823985402130608,2,993,0,0,2.62186,1,0,2811,33
104,3,3,1,2292,3390,3414,2524,223,1958,400,398,517,968,68.0,24.34564280313467,20.987660952369,0.13922199473530272,2703,99,99,1663,1059,395,321,768,981,2,233,398,0.0,69.51250730221659,2,0,0,0,4.5693,1,0,2292,24
105,3,3,1,3240,5769,5903,4348,231,3042,741,626,577,1294,80.0,34.507257273847614,25.82309298296271,0.1794697484704283,1951,111,338,3163,1201,885,173,263,1351,5,61,98,218.1449416150862,111.898182486495,1,0,0,0,4.26819,1,0,3240,134
106,3,3,1,3274,6158,6943,4489,253,3494,881,666,666,1058,110.0,26.553523278796007,46.0639871200918,0.16729678638941398,3961,172,660,3306,2061,968,382,929,2152,3,120,375,180.8455474529212,155.41414234235415,1,0,43,140,4.21579,2,0,3274,785
107,3,3,1,1323,2813,3615,2136,119,1363,309,325,166,527,223.0,13.004092665453978,114.43099079297914,0.08282416836388323,7144,34,404,1397,863,168,1053,1705,2596,5,1285,500,116.41932117281804,136.76444526127167,1,0,0,0,4.17095,2,0,1323,802
108,3,3,1,1280,2165,2419,1703,67,1111,292,214,385,374,113.7,12.601911379755196,113.83697188720328,0.14185022026431718,4713,61,228,1276,419,204,327,1582,1948,3,550,303,140.72044161180432,126.02674088125448,2,0,1431,201,3.00463,3,0,1280,254
109,3,3,1,3714,7013,7415,5245,81,3405,840,594,577,1713,142.8,22.50051881364476,176.980149434367,0.16696383087111563,7045,529,778,3652,1560,1109,179,1668,1622,3,1298,2275,0.0,142.98101095496585,2,0,0,0,3.47472,3,0,3714,402
110,3,3,1,3063,6528,7560,4649,60,2833,535,351,449,1720,263.9,11.423406421837925,66.99327161258897,0.04989299090422686,7219,882,450,4907,762,260,148,2522,4118,1,301,129,163.89127737920984,136.76444526127167,3,0,0,0,5.20029,3,0,3063,1032
111,3,3,1,2305,4143,4811,3551,69,2277,161,250,444,1446,327.0,17.509032473267414,220.9923331750881,0.03481581311769991,8153,117,289,3235,613,54,271,1854,2885,4,711,2428,0.0,80.81535401802417,3,0,0,0,1.82649,2,0,2305,668
112,3,3,1,983,1914,1923,1487,229,709,151,146,149,548,67.0,28.41220769722089,12.2263197909471,0.13520408163265307,981,58,110,1111,437,172,73,331,370,1,123,83,0.0,0.0,3,0,0,0,2.98552,1,0,983,9
113,3,3,1,2581,5450,5474,3043,826,1702,510,349,357,1365,186.0,84.50581912453116,28.205755114632392,0.16808241460328935,1416,434,723,2331,1103,772,40,453,637,3,125,158,0.0,0.0,3,0,0,0,2.21976,1,0,2581,24
114,3,3,1,1930,4064,4134,2673,522,1374,241,265,208,1194,146.0,50.94576169790787,24.5486588779426,0.14060963618485742,1784,334,430,1885,875,421,348,707,480,2,38,209,0.0,0.0,3,556,0,0,2.43305,1,0,1930,70
115,3,3,1,773,1618,1757,973,172,565,169,205,121,278,74.0,17.641881865500206,29.5734450928776,0.24060865430337613,765,81,205,888,459,407,23,237,412,1,44,48,0.0,118.67989051597957,1,0,0,0,2.67244,1,0,773,139
116,3,3,1,2054,4018,4212,2734,292,1672,654,193,317,897,143.0,36.0,62.49499788267153,0.16663168940188877,5388,196,422,2217,1074,708,622,1602,1557,5,332,1270,0.0,121.50560219493144,1,460,0,0,3.74682,2,0,2054,194
117,3,3,1,1460,3718,3749,2444,291,1177,219,190,424,636,70.0,35.23716314151702,9.0,0.1187758076269128,1341,213,732,1805,813,435,24,704,497,2,51,63,0.0,124.33131387388336,1,0,0,0,3.38373,3,0,1460,31
118,3,3,1,1515,4131,4157,2625,227,1172,421,362,418,315,62.0,27.435379734362783,8.0,0.12725671510347863,830,120,746,2297,735,511,88,186,460,2,50,44,0.0,74.59878832433,2,0,0,0,4.1646,3,0,1515,26
119,3,3,1,742,1794,1813,1051,244,496,137,177,44,380,39.0,20.0,6.171968523475201,0.14859862506610258,476,103,250,859,389,249,85,90,242,1,21,37,0.0,60.470229929570536,2,67,0,0,3.39511,3,0,742,19
120,3,3,1,1155,2613,2650,1847,391,707,266,197,148,552,78.0,30.13647095543068,12.423915620408,0.1468906361686919,735,42,320,1437,608,318,64,154,367,0,24,126,0.0,62.73079927273205,2,0,0,0,3.02192,2,0,1155,37
121,3,3,1,1350,3474,3539,1971,980,312,212,269,314,544,140.0,52.48360584197858,14.2299243777336,0.19777397260273974,828,315,368,1417,755,547,66,295,304,1,78,84,0.0,0.0,3,0,0,0,2.22709,1,0,1350,65
122,3,3,1,2532,5591,5621,3173,1454,936,648,360,279,1246,160.0,72.38389547738923,7.619777210956101,0.17599261311172668,1416,370,689,1135,2441,610,27,602,527,3,106,151,0.0,9.60741970843644,3,0,0,0,2.56503,1,0,2532,30
123,3,3,1,1700,3681,3706,2511,786,917,263,214,424,802,89.0,37.0,23.340138152338007,0.2,1943,205,349,1783,959,662,170,385,1216,2,53,117,0.0,77.42450000328189,1,0,0,0,4.90738,1,0,1700,25
124,3,3,1,1356,3355,3392,1936,709,522,217,261,182,695,94.0,39.05707724632982,4.352576447262505,0.12924025791982058,459,394,589,1242,857,391,68,90,232,1,22,46,0.0,36.16910949058424,3,0,0,0,3.17362,1,0,1356,37
125,3,3,1,1072,2814,2821,1735,803,189,210,132,210,526,82.0,38.07958626395338,6.0310691157465,0.2350913478110996,352,124,302,860,945,585,11,88,206,1,14,32,0.0,11.302846715807576,3,0,0,0,2.55444,1,0,1072,7
126,3,3,1,1373,3906,3906,2166,802,531,344,243,180,602,122.0,63.12975587399188,2.255402830430601,0.18242790073775988,272,235,750,1472,1198,665,2,51,175,0,14,30,0.0,0.0,3,0,0,0,2.3575,1,0,1373,0
127,3,3,1,1830,4155,4164,2701,937,816,182,273,279,1096,128.0,71.04739284104552,8.1357107387893,0.18726235741444866,731,247,427,1766,936,699,56,131,476,1,19,48,0.0,29.387401461099696,2,0,0,0,2.12438,1,0,1830,9
128,3,3,1,2645,5329,5356,3604,780,1796,414,454,635,1135,119.0,69.062089632564,7.7314626231579,0.15980048032514318,1052,268,586,2494,1177,737,32,387,479,3,54,97,0.0,31.647970804261213,3,0,0,0,2.46333,1,0,2645,27
129,3,3,1,2141,4488,4488,2699,853,1238,276,245,313,1308,148.0,76.26622541865278,1.152522506041301,0.19554182299713088,387,415,406,1855,1030,670,8,114,182,1,21,61,0.0,0.0,2,0,0,0,2.07587,1,0,2141,0
130,3,3,1,1846,4236,4236,2023,1223,520,455,382,276,740,307.0,103.0,44.61610888008481,0.2527075812274368,912,276,767,1314,1096,840,184,199,405,1,79,44,0.0,0.0,2,803,0,0,1.60044,1,0,1846,0
131,3,3,1,2760,6466,6466,2862,2428,43,366,584,449,1360,348.0,199.1245846091454,1.1208842086491997,0.28192549440441517,688,567,840,1546,1785,1580,14,193,238,2,113,128,0.0,0.0,3,0,0,0,1.54533,1,0,2760,0
132,3,3,1,1617,4458,4458,2373,1118,304,337,204,194,881,205.0,133.3438587982791,15.0,0.2713763145861911,723,194,657,1149,1290,946,184,100,348,1,34,56,0.0,11.867989051597954,3,1150,0,0,1.74895,1,0,1617,0
133,3,3,1,2425,6119,6134,3876,1727,506,474,348,352,1257,280.0,116.15251900354744,69.79186827566684,0.21752017124979417,2155,156,555,2275,1756,1144,76,193,1670,1,51,164,0.0,0.0,3,6,6408,20510,1.68823,1,0,2425,15
134,3,3,1,2285,6703,6751,3665,1792,452,468,410,552,859,254.0,118.48821625097328,21.02013168253336,0.19497637403630938,1352,574,1190,2849,1963,1237,63,305,774,3,67,140,0.0,8.477135036855682,3,0,0,0,2.4367,1,0,2285,48
135,3,3,1,1792,5196,5196,2975,1145,522,497,358,412,521,100.0,59.0,8.625438637573001,0.16693333333333332,601,109,760,2312,1476,806,55,71,420,0,17,38,0.0,22.04055109582477,3,0,0,0,2.83604,1,0,1792,0
136,3,3,1,1095,2924,2935,1431,921,97,316,201,165,410,87.0,50.10303648675689,9.0,0.3235374897006317,925,169,486,1012,898,987,4,96,767,1,11,46,0.0,0.0,3,0,0,0,2.35129,1,0,1095,11
137,3,3,1,1630,4838,4864,2933,1400,111,317,398,373,545,137.0,84.32199631775282,4.6336670782286,0.2126587005227782,469,501,566,1765,1442,921,37,64,276,1,12,79,0.0,0.0,3,0,0,0,2.05842,1,0,1630,26
138,3,3,1,2755,8277,8312,4546,2201,304,419,708,1007,636,292.0,120.47237382626126,30.4842348820407,0.22395890261230736,2821,236,1836,2787,2228,1777,125,324,1294,3,77,998,0.0,21.475408760034394,3,0,0,0,2.47922,1,0,2755,35
139,3,3,1,1290,4119,4160,2543,1100,27,226,339,304,435,161.0,65.0,21.2506394279109,0.2034064212999217,1146,99,781,1821,1461,775,90,281,562,16,68,129,0.0,6.7817080294845455,3,475,0,0,2.32573,1,0,1290,41
140,3,3,1,1216,3343,3343,1828,995,109,300,327,228,369,101.0,61.17125297679067,3.9167401568946,0.25839454354669467,329,166,520,1144,1049,820,19,48,195,1,35,31,0.0,0.0,3,0,0,0,2.06546,1,0,1216,0
141,3,3,1,991,2769,2832,1277,554,415,246,213,191,347,53.0,25.20067713610721,5.9854466396389,0.19053151321521927,358,205,435,1287,927,485,19,53,244,0,8,34,0.0,15.823985402130608,3,0,0,0,2.99659,1,0,991,63
142,3,3,1,240,389,1010,210,14,201,126,16,37,63,824.0,7.6913332465564,506.5533088336348,0.1845102505694761,9709,25,20,213,109,52,869,2363,1638,11,2169,2659,0.0,13.563416058969093,1,86,0,0,2.38522,3,0,240,621
143,3,3,1,231,591,623,670,117,100,70,31,37,89,53.0,16.243566289625708,11.627496285092702,0.3452566096423017,818,0,113,182,140,189,43,54,470,1,37,213,0.0,12.433131387388332,3,0,0,0,3.10028,2,0,231,32
144,3,3,1,1384,3379,3404,1310,622,664,864,249,132,131,122.0,38.38662960176033,9.365758566702096,0.15891270256142184,652,340,829,1268,832,445,2,182,437,0,8,23,0.0,0.0,3,196,0,0,3.1022,1,0,1384,25
145,3,3,1,1348,3509,3530,1038,160,1123,1015,266,33,31,243.0,56.56817700613442,75.0901003316284,0.11569620253164557,701,230,1408,1095,730,360,3,112,336,0,29,221,0.0,0.0,3,0,0,0,1.6173,1,0,1348,21
146,3,3,1,590,1264,1264,695,274,295,142,81,150,224,689.0,7.043842717596817,651.0,0.08494208494208494,49,113,190,533,320,98,0,8,28,0,12,1,0.0,0.0,3,0,0,0,0.93051,2,0,590,0
147,3,3,1,1164,3335,3534,1678,956,212,423,246,140,358,206.0,63.05676925512303,46.90400086534699,0.1753501400560224,1564,102,829,1024,1079,433,73,196,424,1,446,424,0.0,0.0,3,0,0,0,2.49887,2,0,1164,199
148,3,3,1,1159,3149,3175,1506,709,356,537,239,216,173,204.0,55.13630485149523,58.0068626191017,0.21153846153846154,2013,180,863,1173,621,616,29,249,489,2,566,678,0.0,0.0,3,0,0,0,2.45535,1,0,1159,26
149,3,3,1,1621,4068,4188,2294,792,725,379,272,352,618,517.0,84.03700424420363,140.0,0.17369033760186264,1402,216,580,1663,1197,510,9,806,419,1,28,139,0.0,0.0,3,0,0,0,1.62368,1,0,1621,120
150,3,3,1,1292,3653,3764,1816,406,785,484,270,290,250,158.0,35.11803305869881,70.0,0.22734415924567836,2509,150,580,1012,1293,677,230,638,723,1,165,752,0.0,0.0,3,0,0,0,2.41532,1,0,1292,111
151,3,3,1,625,1416,1435,689,371,224,275,119,131,102,59.0,27.25314010565382,1.6572826352381,0.2919525888958203,195,35,118,572,500,333,25,35,126,0,3,6,0.0,0.0,3,0,0,0,2.16165,1,0,625,19
152,3,3,1,1435,3890,3935,2149,1207,144,213,212,383,628,182.0,72.21895830727907,27.0,0.2239333501641,618,121,539,1273,1199,714,26,128,341,4,41,78,0.0,0.0,3,1047,0,0,1.86768,1,0,1435,45
153,3,3,1,1208,3761,3761,2223,1077,36,183,324,264,436,101.0,59.16605388092979,1.3300160742729,0.24408384043272482,268,92,581,1678,1178,779,4,25,189,0,32,18,0.0,0.0,3,0,0,0,2.38072,1,0,1208,0
154,3,3,1,1169,3350,3361,1548,936,146,449,223,273,219,92.0,48.0,15.1436818895609,0.22957937584803256,679,119,474,1021,1238,726,38,145,448,0,26,22,0.0,22.60569343161515,3,0,0,0,2.19315,1,0,1169,11
155,3,3,1,1040,2857,2871,1431,772,132,304,298,222,221,82.0,49.22726697078648,3.0,0.2579837194740138,361,108,636,911,728,727,5,24,291,0,4,37,0.0,0.0,3,0,0,0,2.21431,1,0,1040,14
156,3,3,1,679,2276,2276,1172,476,148,179,282,114,105,45.0,25.05302129540201,6.5653384433837,0.27208918249380676,302,77,443,697,695,450,11,41,211,1,18,20,0.0,0.0,3,0,0,0,2.88546,1,0,679,0
157,3,3,1,683,1851,1851,844,326,275,394,109,53,131,66.0,31.578305511627807,32.0,0.17120994739359158,203,90,364,654,662,274,8,7,165,0,7,16,0.0,0.0,3,0,0,0,2.31736,1,0,683,0
158,3,3,1,343,814,815,370,137,186,209,61,13,58,397.0,9.057234379150714,32.82763931923398,0.25158562367864695,324,58,196,298,135,223,0,11,300,0,1,12,0.0,0.0,3,176,0,0,1.99859,1,0,343,1
159,3,3,1,1562,3939,3968,2155,926,502,409,518,276,359,179.0,83.16073632668515,8.714072451995612,0.2398884239888424,621,147,463,1243,1555,778,29,65,245,1,232,49,0.0,0.0,3,0,0,0,2.00306,1,0,1562,29
160,3,3,1,1431,4170,4170,2253,1109,200,238,518,269,411,95.0,62.056791085309314,2.2907140936137,0.23043759430911834,398,346,710,1211,1450,765,4,78,265,1,10,40,0.0,0.0,3,0,0,0,2.48709,1,0,1431,0
161,3,3,1,1140,3575,3581,2328,985,150,158,256,284,436,82.0,50.114611268439184,5.392146022554099,0.22578125,406,184,394,1537,883,719,16,68,289,0,16,17,0.0,18.6496970810825,3,0,0,0,2.66017,1,0,1140,6
162,3,3,1,1336,4163,4181,2118,1016,230,334,317,413,284,92.0,56.00398338319057,7.9394750889155,0.22056186491332935,649,95,896,1471,1500,923,63,103,406,1,18,58,0.0,25.996547446357425,3,0,0,0,2.6898,1,0,1336,18
163,3,3,1,1373,4041,4046,2343,1061,161,254,509,244,355,94.0,62.13391611801028,4.851224398504498,0.23105644629914343,444,207,537,1434,1394,861,8,38,361,0,7,30,0.0,0.0,3,55,0,0,2.22501,1,0,1373,5
164,3,3,1,2102,6873,6906,4006,1569,334,391,362,673,675,183.0,87.2123951294487,23.8859951261574,0.22999080036798528,4445,422,949,2453,2206,1375,43,3901,447,1,21,32,0.0,0.0,3,0,0,0,2.42382,1,0,2102,33
165,3,3,1,2177,6241,6241,3180,1484,462,565,509,518,574,175.0,76.11144120061178,46.39737022452351,0.24586499776486365,1187,273,1176,1957,1758,1336,149,75,892,0,9,62,0.0,28.25711678951894,3,1640,0,0,2.5923,1,0,2177,0
166,3,3,1,2645,7813,7850,4539,1981,479,661,496,570,915,205.0,122.12080633097467,14.873180615701695,0.224212271973466,1156,294,1190,3138,2637,1520,35,111,865,1,33,111,0.0,7.911992701065303,3,555,0,0,2.50074,1,0,2645,37
167,3,3,1,1834,6008,6077,3710,1607,191,340,457,394,619,196.0,104.31500420611069,16.29733233609539,0.18908929627439386,655,343,1174,2374,1671,1012,24,121,398,1,19,92,0.0,0.0,3,0,0,0,1.99248,1,0,1834,69
168,4,4,1,3317,8220,8259,4810,2444,676,636,770,903,999,272.0,142.1034993719969,33.895710135602,0.25131011994875974,866,194,1028,3043,2280,1758,94,115,515,0,38,104,0.0,0.0,3,0,0,0,2.15102,1,0,3317,39
169,4,4,1,2302,6616,6636,3452,2187,59,360,359,315,1281,457.0,270.58680319439435,22.696892800211007,0.2629316960859555,1401,133,1425,1351,2097,1314,57,288,855,2,76,123,0.0,36.734251826374624,3,0,0,0,1.53746,1,0,2302,20
170,4,4,1,2043,5476,5523,2805,1553,418,204,426,428,1004,305.0,164.15404665525477,24.870908344040693,0.2808219178082192,2473,279,750,1999,1205,1302,112,645,1377,3,120,216,0.0,26.5616897821478,3,0,0,0,2.08415,1,0,2043,47
171,4,4,1,948,2355,2367,1265,799,67,63,73,200,611,132.0,74.0,5.193693697345202,0.29461636286562104,457,215,253,641,627,555,90,114,219,1,11,22,0.0,11.867989051597954,3,0,0,0,1.7567,1,0,948,12
172,4,4,1,2164,5299,5299,2401,1849,277,378,502,415,881,238.0,142.94189866584333,14.353709969308005,0.34852598913886734,895,130,668,1081,1532,1579,118,183,433,5,61,95,0.0,0.0,3,0,0,0,1.7716,1,0,2164,0
173,4,4,1,1333,3479,3479,2024,1123,164,188,148,275,709,147.0,91.0,1.2570847841968993,0.2984054669703872,415,75,511,1174,769,876,63,145,148,1,22,36,0.0,0.0,3,0,0,0,1.77053,1,0,1333,0
174,4,4,1,2601,5870,5885,3463,1474,1041,339,430,527,1317,182.0,113.65386407915248,3.0846779736397,0.2176948051948052,531,345,697,2193,1711,1047,9,150,261,1,26,84,0.0,0.0,3,0,0,0,1.86115,1,0,2601,15
175,4,4,1,2082,3999,4013,2248,366,1730,399,645,299,743,86.0,47.15989167770904,13.16227943558751,0.2515923566878981,1556,167,301,1570,1161,758,118,226,1064,1,63,84,0.0,98.3347664275259,2,0,0,0,3.53955,1,0,2082,14
176,4,4,1,1964,3709,3772,2224,379,1462,590,422,352,605,91.0,48.26890661957477,8.346683625056102,0.2413434001562093,715,145,478,1373,916,827,68,167,373,1,31,75,0.0,98.3347664275259,2,0,0,0,2.82512,1,0,1964,63
177,4,4,1,3308,7897,8033,4525,1442,1754,600,681,632,1398,220.0,133.53943580385143,18.5376825407538,0.2248107852412488,1613,218,947,3522,1999,1524,197,357,883,2,66,108,0.0,54.25366423587637,3,0,0,0,2.69403,1,0,3308,136
178,4,4,1,2572,6610,6629,3545,1593,795,672,483,478,932,206.0,121.0,7.4046451837913,0.3117298037425833,783,251,556,2054,1718,1786,24,219,439,2,34,65,0.0,0.0,3,0,0,0,2.03426,1,0,2572,19
179,4,4,1,2762,7553,7560,3866,1883,769,601,523,515,1142,230.0,134.0,11.269459915618604,0.25989604158336665,992,238,1062,2456,1921,1591,20,206,621,2,43,100,0.0,0.0,3,0,0,0,2.12071,1,0,2762,7
180,4,4,1,1719,3976,3981,2239,675,1039,377,523,408,400,93.0,55.0,4.929969014917402,0.19197707736389685,615,111,677,1465,1096,719,67,101,360,1,32,54,0.0,0.0,3,0,0,0,2.56569,1,0,1719,5
181,4,4,1,1944,4763,4763,2606,1373,416,530,350,414,668,205.0,90.21637835898494,3.6775559441876,0.300398406374502,920,183,512,1612,1309,1230,67,118,568,12,68,87,0.0,0.0,3,0,0,0,2.18239,1,0,1944,0
182,4,4,1,2538,7186,7206,3381,1968,295,469,398,827,834,234.0,118.0,3.1763013830755,0.23319327731092437,647,343,1137,2300,1653,1488,52,90,380,1,25,99,0.0,0.0,3,0,0,0,2.03658,2,0,2538,20
183,4,4,1,2596,6711,6736,3505,2194,364,637,320,606,1032,284.0,130.0,19.537951053394806,0.2317241379310345,1581,309,812,2057,1732,1401,114,127,1237,1,25,77,0.0,0.0,3,1600,0,0,1.98129,1,0,2596,25
184,4,4,1,3088,8954,8964,4713,2694,216,525,590,807,1174,287.0,178.0,8.541730464060006,0.2620980170553786,1156,618,1482,2508,2761,2095,130,241,634,2,36,113,0.0,8.477135036855682,3,0,0,0,2.11107,1,0,3088,10
185,4,4,1,2830,7668,7676,3997,1920,712,716,624,469,1018,309.0,145.0,44.45141779616614,0.3198214501146097,1999,254,1044,2446,2133,2163,84,378,1325,2,75,135,0.0,22.60569343161515,3,2236,0,0,2.20865,1,0,2830,8
186,4,4,1,2923,7453,7486,4140,2326,299,311,650,612,1348,376.0,172.08144937247965,19.038892879176004,0.26507696189755237,1688,307,1098,2155,2441,1680,74,322,1037,2,105,148,0.0,0.0,3,17,0,0,1.9832,1,0,2923,33
187,4,4,1,1415,3704,3704,1680,1294,10,254,163,320,670,214.0,116.0,10.0,0.27776298268974703,940,175,695,745,1119,915,198,386,257,1,18,80,0.0,0.0,3,0,0,0,1.9852,2,0,1415,0
188,4,4,1,698,1673,2402,1165,32,747,344,87,165,103,232.0,11.449966316950398,198.4323531946284,0.09306409130816505,6158,7,1423,1345,405,121,891,278,4875,2,33,79,0.0,131.1130219033679,2,2571,20140,6966,2.12652,1,0,698,729
189,4,4,1,3103,6380,6380,2483,958,2359,1387,633,528,551,201.0,73.881580815244,13.478078409549,0.26998035957093214,936,116,1058,2418,1347,1467,25,282,521,1,21,86,0.0,137.8947299328524,2,0,0,0,3.40056,1,0,3103,0
190,4,4,1,1162,1865,1912,1106,193,905,457,255,229,233,1381.0,15.04332442602339,28.0,0.16173469387755102,949,74,273,778,500,271,15,55,852,0,11,16,0.0,7.346850365274924,3,0,0,0,2.56895,1,0,1162,47
191,5,5,2,1369,3895,3917,1749,1288,107,219,295,293,564,489.0,125.0,26.0,0.27913558013892464,534,81,720,1175,1004,813,22,101,354,1,7,49,0.0,0.0,3,0,0,0,1.58506,1,0,1369,22
192,5,5,2,2427,6810,6822,3914,431,2352,721,943,678,84,143.0,66.0,37.0,0.08440416610307047,1553,412,1255,3525,1439,559,641,166,681,1,24,40,0.0,49.44995438165815,3,0,0,0,2.8541,1,0,2427,12
193,5,5,2,2118,6692,6799,4029,1235,840,350,381,694,696,498.0,234.67326821141103,45.7400689251883,0.17206303724928368,2426,429,872,2951,1463,1100,117,315,1393,1,129,471,0.0,0.0,4,0,0,0,1.71907,1,0,2118,107
194,5,5,2,2199,6538,6823,3356,1632,626,502,614,646,440,390.0,157.0,148.34325741093488,0.2940033674394508,2136,235,965,2572,1785,1967,100,104,1796,2,35,99,0.0,0.0,4,1278,0,0,1.82366,1,0,2199,285
195,5,5,2,1773,5635,5647,3379,1635,143,155,381,512,728,236.0,137.0,12.0,0.23332198774676652,290,238,868,1843,1690,1100,1,14,233,0,1,41,0.0,0.0,4,0,0,0,1.77764,1,0,1773,12
196,5,5,2,2107,7117,7127,3801,1984,29,266,662,579,596,581.0,152.0,81.0,0.24330420073301381,394,360,1134,2142,1852,1442,6,110,223,1,12,42,0.0,0.0,4,0,0,0,1.44126,1,0,2107,10
197,5,5,2,1767,5486,5512,3447,1569,107,321,344,359,740,165.0,90.0,12.0,0.26405396723417923,620,83,754,1970,1825,1416,134,69,234,1,163,19,0.0,0.0,3,0,0,0,1.95849,1,0,1767,26
198,5,5,2,1634,4635,4635,2647,460,1276,473,456,447,259,177.0,94.6822208021743,33.0,0.2099220992209922,1048,83,693,1831,1262,874,8,40,948,0,36,16,0.0,0.0,3,458,0,0,1.97995,1,0,1634,0
199,5,5,2,1152,2408,2409,1697,159,1092,101,337,481,232,326.0,46.0,138.0,0.1965845909451946,2203,166,108,1164,606,405,1026,143,983,1,23,27,0.0,0.0,3,0,0,0,2.16146,1,0,1152,1
200,5,5,2,896,2688,2722,1466,741,241,146,284,265,205,1639.0,176.8132596162906,177.95197550446085,0.25026548672566373,4035,141,531,765,769,556,2214,265,1335,6,119,96,0.0,0.0,4,0,0,0,1.64492,1,0,896,34
201,5,5,2,2709,7286,7336,3957,1041,1641,1020,643,558,486,244.0,73.11267207397182,61.12586753439388,0.20041247118767438,1298,509,1223,2962,1973,1358,256,183,551,3,187,118,0.0,0.0,3,89,0,0,2.44815,1,0,2709,50
202,5,5,2,2292,6636,6667,3853,1671,646,406,543,712,629,329.0,185.9326947668694,38.0,0.2899192498046366,643,271,841,2447,2172,1744,10,120,423,2,28,60,0.0,0.0,3,0,0,0,1.63562,1,0,2292,31
203,5,5,2,1445,4248,4248,2389,821,793,429,466,296,254,187.0,62.32778365753008,45.21021937484901,0.17433035714285713,2144,21,668,1891,1167,617,215,590,1052,1,55,231,0.0,49.44995438165815,3,1072,0,0,2.85229,1,0,1445,0
204,5,5,2,2071,5305,5394,3232,1719,616,637,451,560,419,206.0,92.5442159614362,30.0418414275584,0.24440589765828274,1162,202,478,2090,1685,1144,153,213,528,4,59,205,0.0,0.0,3,0,58,57,2.40091,1,0,2071,89
205,5,5,2,2298,7219,7240,4182,1896,451,496,314,816,668,231.0,150.2655369572795,10.4245957057148,0.2503184713375796,343,174,609,3008,2252,1594,7,67,206,1,16,46,0.0,0.0,3,0,0,0,1.87215,1,0,2298,21
206,5,5,2,1312,3678,3678,2143,1033,269,343,204,232,539,571.0,115.0,3.0,0.23158990372105126,147,89,593,1221,1146,686,3,48,79,0,4,13,0.0,0.0,3,0,0,0,1.56178,1,0,1312,0
207,5,5,2,1249,4604,4604,2514,1054,181,279,228,281,458,280.0,87.80284873598627,111.49700250779696,0.2190247801758593,927,84,813,1832,1331,809,70,128,313,2,367,47,0.0,0.0,3,0,0,0,1.57123,1,0,1249,0
208,5,5,2,2190,5259,5283,2637,1258,931,548,378,426,837,3702.0,379.3522493103213,1739.5475788874314,0.19697828139754486,7334,237,849,1552,1653,853,480,2298,1351,38,2451,716,0.0,0.0,4,0,0,0,1.39804,1,0,2190,24
209,5,5,2,2550,7737,7766,4199,2375,193,248,570,725,1002,866.0,378.1580743582719,51.0,0.2609259499416418,517,294,940,2489,2182,1616,31,91,287,1,27,80,0.0,0.0,4,0,0,0,1.26416,1,0,2550,29
210,5,5,2,1043,3285,3285,1748,643,397,372,297,226,148,121.0,72.07515989452142,20.1357032175318,0.20109164033323756,634,127,616,1224,826,609,93,88,168,1,156,128,0.0,0.0,3,0,0,0,2.05996,1,0,1043,0
211,5,5,2,3061,7886,8016,4309,1307,1797,820,999,498,744,232.0,132.8977530127969,30.76277669613981,0.17786608863198458,1803,430,1394,3008,2162,1097,188,439,770,2,211,193,0.0,49.44995438165815,2,0,0,0,2.45733,1,0,3061,130
212,5,5,2,1411,4165,4203,2634,1057,371,325,209,420,461,2734.0,192.8768844488272,1855.8425327756645,0.14063604240282684,41739,168,809,1365,1273,518,1269,12716,6552,297,17842,3063,0.0,0.0,3,1239,0,0,1.55601,2,0,1411,38
213,5,5,2,2716,7046,7086,3497,1750,764,705,640,664,707,661.0,281.0,45.75174740538438,0.2603896988690557,1218,222,1136,2379,1794,1622,123,114,830,1,50,100,0.0,0.0,4,130,0,0,1.49762,1,0,2716,40
214,5,5,2,2194,5935,6024,3282,2108,0,330,541,608,718,449.0,270.0,37.129124386831,0.22854771784232364,866,216,860,1761,1930,1106,84,144,356,1,39,242,0.0,0.0,4,0,0,0,1.37625,1,0,2194,89
215,5,5,2,2027,5621,5641,3033,912,1145,623,522,374,515,261.4,167.95947527867844,33.0,0.19106107130672126,452,97,1010,1849,1920,832,70,188,172,0,2,20,0.0,0.0,4,0,0,0,1.83415,1,0,2027,20
216,5,5,2,1124,2955,2964,1874,797,465,175,238,287,425,267.2,79.7987941806624,105.14452316655098,0.17054772056411938,2650,163,498,1018,855,435,125,91,2359,1,17,57,0.0,0.0,3,1053,0,0,1.78445,1,0,1124,9
217,5,5,2,1305,4080,4180,2267,1232,18,139,179,356,630,280.0,169.0,22.0,0.2817892824704814,442,224,720,1284,1060,993,57,74,274,1,6,30,0.0,0.0,4,0,387,0,2.05485,1,0,1305,100
218,5,5,2,1436,3911,3935,1979,931,517,441,340,269,387,217.0,120.0,12.0,0.3289990186457311,2136,265,429,1287,842,1141,273,271,1465,2,46,79,0.0,49.44995438165815,3,0,0,0,1.67272,1,0,1436,24
219,5,5,2,2149,6426,6441,3339,1921,97,384,482,546,735,239.0,154.0,12.0,0.32133131618759453,433,297,823,1834,1621,1858,95,55,219,1,18,45,0.0,0.0,3,0,0,0,1.74305,1,0,2149,15
220,5,5,2,1923,5635,5668,3127,1196,628,390,293,630,608,449.0,194.49457686475316,87.488967640885,0.18713961209156038,461,171,1022,1945,1545,914,17,76,276,1,17,74,0.0,0.0,4,0,0,0,1.34304,1,0,1923,33
221,5,5,2,1536,4936,4936,2749,1100,346,254,256,295,734,305.0,156.0,36.0,0.19806957570882766,369,250,792,1692,1329,775,80,34,176,0,52,27,0.0,0.0,4,0,0,0,1.35786,1,0,1536,0
222,5,5,2,1720,3947,3966,2378,1223,469,265,441,453,561,285.0,157.57481815777734,25.1532425817447,0.23773584905660378,856,187,471,1372,1094,754,146,111,458,1,74,66,0.0,0.0,4,0,0,0,1.45859,1,0,1720,19
223,5,5,2,1965,4251,4295,2694,1162,748,288,511,457,714,835.0,205.2778148802131,335.7274825473845,0.21325384086218757,1115,126,556,1572,1273,712,142,223,516,3,82,149,0.0,0.0,4,471,0,0,1.12347,1,0,1965,44
224,5,5,2,1208,3333,3333,1979,1101,31,134,253,175,641,1761.0,217.07678600169305,88.73717500506237,0.2802808660035108,428,228,337,1113,984,664,18,95,236,2,20,57,0.0,0.0,4,0,0,0,1.2291,1,0,1208,0
225,5,5,2,1361,3550,3550,1826,1295,75,205,232,322,605,1050.0,217.54007767250224,44.74820431804747,0.245,1288,166,703,848,1143,643,129,180,576,2,35,366,0.0,0.0,4,16,0,0,1.34937,1,0,1361,0
226,5,5,2,2369,6418,6440,3468,2051,242,229,590,646,906,1997.0,522.6769602088921,149.7527538920394,0.2594161958568738,1145,241,947,1757,1848,1423,224,224,474,6,42,175,0.0,0.0,4,108,0,0,1.14721,1,0,2369,22
227,5,5,2,2011,5268,5268,2105,1854,173,367,558,331,756,2831.0,533.0,193.0,0.3769317753486619,418,222,912,913,1473,1654,5,67,229,7,36,74,0.0,0.0,4,740,0,0,1.05613,1,0,2011,0
228,5,5,2,111,377,378,178,120,0,8,4,25,74,232.0,2.0,207.0,0.19760479041916168,18,24,59,220,101,86,0,2,14,0,1,1,0.0,0.0,4,0,0,0,0.91097,1,0,111,1
229,5,5,2,1796,5261,5297,3259,1380,438,170,211,419,997,546.0,325.1161805268958,179.0,0.21403932390479477,797,275,755,2081,1700,844,7,116,628,1,18,27,0.0,0.0,4,0,2413,14656,1.18003,1,0,1796,36
230,5,5,2,2852,8007,8024,4500,1591,1211,503,510,737,1102,361.0,211.0,57.0,0.265334411458935,1459,477,981,2691,2412,1864,414,58,879,0,99,9,0.0,0.0,4,0,0,0,1.7061,1,0,2852,17
231,5,5,2,1536,4860,4965,2574,1324,127,273,305,342,615,287.0,196.793005832584,17.0,0.306509097730257,346,221,666,1658,1272,1392,18,66,173,1,45,43,0.0,0.0,4,0,0,0,1.38358,1,0,1536,105
232,5,5,2,1867,4982,5171,2380,1750,64,407,406,357,701,459.0,295.22926741074895,27.0,0.2935026138909634,438,303,621,1727,1303,1258,9,116,263,1,23,26,0.0,0.0,4,18,0,0,1.24863,1,0,1867,189
233,5,5,2,3045,7439,7449,4043,1507,1520,545,892,684,926,708.0,290.87621824599904,159.0,0.24247247645576336,583,327,1212,2371,2019,1395,110,105,261,2,25,80,0.0,0.0,4,0,0,0,1.21954,1,0,3045,10
234,5,5,2,1711,3132,3132,2086,0,1684,460,439,359,455,549.0,37.88943848641,192.66164908577295,0.18712871287128713,7572,134,233,1538,564,468,1094,2781,1510,5,375,1807,0.0,0.0,3,0,0,0,2.43028,1,0,1711,0
235,5,5,2,1168,3358,3378,2006,1110,18,105,242,239,583,223.0,135.54446059416367,14.0,0.28296296296296297,876,158,371,1113,973,666,10,66,433,1,20,346,0.0,0.0,4,0,0,0,1.46815,1,0,1168,20
236,5,5,2,2220,5830,5891,2502,1514,660,428,572,425,791,486.0,197.0,58.5309761753372,0.22316189161201241,824,255,1063,1844,1420,1068,81,154,499,1,23,66,0.0,0.0,4,1061,0,0,1.4479,1,0,2220,61
237,5,5,2,2445,7508,7556,4521,1122,1324,641,519,813,465,273.0,113.38889723256304,52.59538568345441,0.1406883915717838,1711,277,1447,3097,1687,916,166,256,1151,4,55,79,0.0,0.0,3,0,0,0,2.42139,2,0,2445,48
238,5,5,2,927,3030,3030,1777,863,139,127,150,269,381,426.0,135.0,163.17508135181407,0.2118239660657476,1156,147,578,1256,1007,690,97,131,406,3,456,63,0.0,0.0,3,0,0,0,1.27975,3,0,927,0
239,5,5,2,0,0,0,0,0,0,0,0,0,0,1686.0,0.0,1681.0,0.0,13163,0,0,0,0,0,329,1149,1653,3,9922,107,0.0,0.0,3,0,0,0,1.02339,3,0,0,0
240,5,5,2,1906,4722,4786,2721,729,1167,440,346,556,557,500.0,159.41414140374138,184.0,0.19881539980256663,2984,198,662,1681,1589,798,340,512,1776,4,274,78,0.0,0.0,3,0,0,0,1.63953,2,0,1906,64
241,5,5,2,1345,3624,3659,1654,1066,212,321,169,229,629,401.0,198.46025972202585,28.0,0.2832678270634475,513,181,522,966,877,925,5,91,310,1,16,90,0.0,0.0,4,0,0,0,1.27404,1,0,1345,35
242,5,5,2,876,2596,2596,1342,851,0,144,108,184,443,331.0,150.73970869492712,25.0,0.26207962891379977,316,159,452,683,704,514,5,53,217,1,9,31,0.0,0.0,4,0,0,0,1.22801,1,0,876,0
243,5,5,2,909,2975,2990,1370,789,104,137,87,144,544,252.0,169.3893774191722,10.0,0.23594701038310062,184,127,489,748,861,500,1,26,130,0,9,18,0.0,0.0,4,0,0,0,1.18237,1,0,909,15
244,5,5,2,1860,5494,5529,2782,922,974,406,324,387,742,261.0,161.23241192326054,38.0,0.22035139092240116,1092,283,834,1628,1586,990,230,207,414,3,59,179,0.0,0.0,4,0,0,0,1.65705,1,0,1860,35
245,5,5,2,1240,3344,3378,1450,797,403,158,307,325,450,380.0,261.5518085596275,32.0,0.29450139794967384,420,319,309,1064,653,779,4,56,295,1,26,38,0.0,0.0,4,1115,0,0,1.13567,1,0,1240,34
246,5,5,2,2805,7914,8114,3563,1931,923,359,542,392,1514,1036.0,555.7089555863389,165.4276191481,0.24440068914595126,4473,588,1321,2327,1809,1846,168,662,3356,4,163,120,0.0,0.0,4,366,0,0,1.42508,1,0,2805,200
247,5,5,2,1385,3860,3874,1680,1201,156,211,133,277,764,230.0,154.13621532308474,20.0,0.2669480348193089,507,227,798,847,1146,664,7,129,224,2,20,125,0.0,0.0,4,0,0,0,1.34441,1,0,1385,14
248,5,5,2,1273,3145,3260,1553,662,727,306,209,241,516,687.0,129.8554649367008,370.0,0.1702059202059202,13150,165,581,1023,853,415,419,5722,2936,10,2861,1202,0.0,0.0,3,123,0,0,2.29211,3,0,1273,115
249,6,6,2,2789,6475,6497,3786,1393,1425,366,603,692,1130,699.0,210.98365855131223,283.0,0.16444719727469806,4996,156,1014,2444,1883,809,309,2265,1247,7,598,570,0.0,0.0,3,1583,0,0,1.59565,3,0,2789,22
250,6,6,2,1874,4860,4938,2208,1279,633,403,286,411,773,280.0,198.0,12.820393238988306,0.1979423868312757,738,244,1165,1282,1318,745,69,171,353,2,35,108,0.0,0.0,4,0,0,0,1.48279,2,0,1874,78
251,6,6,2,2515,5405,5411,3066,486,2237,468,635,511,906,277.0,152.41010661842876,47.05390420266463,0.15818250377073906,5022,356,588,2230,1297,706,866,1232,1760,9,142,1013,0.0,49.44995438165815,2,0,0,0,2.66736,3,0,2515,6
252,6,6,2,1857,6292,6305,2459,1817,14,202,111,187,1360,2124.0,1447.8124076121244,201.0,0.2038073908174692,1515,208,1712,1385,1693,1068,28,375,806,6,94,206,0.0,0.0,4,450,0,0,0.99144,1,0,1857,13
253,6,6,2,936,2618,2618,1084,673,204,96,131,213,494,282.0,218.0,4.0,0.2236024844720497,331,187,555,739,556,483,9,110,147,1,13,51,0.0,0.0,4,0,0,0,1.14392,1,0,936,0
254,6,6,2,1844,5288,5288,2318,1792,0,97,346,125,1272,1976.0,1451.5805938981996,20.0,0.27491138243402913,821,169,963,804,1824,1194,10,186,516,5,30,74,0.0,0.0,4,349,0,0,0.97594,1,0,1844,0
255,6,6,2,1249,3498,3502,1673,1073,155,175,140,269,666,342.0,224.6264896785587,37.1180918838927,0.24726735598227473,747,214,640,732,988,710,28,278,342,3,35,61,0.0,0.0,4,1658,0,0,1.24989,1,0,1249,4
256,6,6,2,2303,4356,4371,2278,508,1832,731,369,389,818,214.0,141.26187484146735,12.0,0.27182866556836904,1866,293,399,1683,722,1035,18,610,1077,3,33,125,0.0,0.0,2,0,0,0,1.75278,2,0,2303,15
257,6,6,2,1699,3514,3734,1993,617,1138,356,283,375,680,255.0,99.8344810990042,65.84958544408494,0.2646170738402416,7904,180,498,1237,766,861,552,2499,3560,10,334,949,0.0,0.0,3,0,0,0,3.32602,3,0,1699,220
258,6,6,2,2537,5317,5503,3201,601,1971,746,542,527,719,192.0,123.73881819190224,19.0,0.1951343132285859,1137,529,503,2665,1233,835,16,193,729,3,48,148,0.0,0.0,3,8,0,0,1.92127,3,0,2537,186
259,6,6,2,2522,5405,5430,3308,539,1828,751,579,645,550,205.0,112.0,47.4686694741937,0.21075039914848323,1679,256,1026,2244,1135,833,95,159,1159,2,152,112,0.0,0.0,3,1591,0,0,1.76877,3,0,2522,25
260,6,6,2,2501,7317,7396,4108,1035,1428,838,555,428,682,302.0,176.81330532664532,41.2926242985682,0.12958343726615115,1429,542,1648,3240,1514,839,153,376,523,2,201,174,0.0,0.0,3,54,0,0,1.9955,3,0,2501,79
261,6,6,2,1405,4549,4561,2424,922,433,390,193,367,454,678.0,171.03250406445423,117.0,0.1405274813770888,670,314,960,1852,1122,583,26,91,430,1,36,86,0.0,0.0,4,0,0,0,1.33411,3,0,1405,12
262,6,6,2,1417,3999,4136,2391,950,396,282,254,382,501,304.0,152.0,52.0,0.2345597897503285,716,274,605,1670,1138,770,67,166,370,1,46,66,0.0,0.0,4,0,0,0,1.37194,3,0,1417,137
263,6,6,2,801,2518,2699,1340,763,1,173,166,219,244,152.0,93.0,8.0,0.2670120898100173,540,107,278,1026,709,678,11,169,193,2,88,77,0.0,0.0,4,0,0,0,1.5109,3,0,801,181
264,6,6,2,1124,3310,3407,1585,982,59,186,202,209,525,283.0,134.5035835873961,54.0,0.2695703354914656,833,122,509,1067,900,713,110,235,417,2,19,50,0.0,0.0,4,0,0,0,1.53906,3,0,1124,97
265,6,6,2,1725,3171,3171,1871,646,931,400,260,408,658,403.0,105.95245935372309,110.0,0.23923599870508255,5423,220,143,1318,734,588,615,3231,756,4,327,490,0.0,0.0,4,16,0,0,2.23653,3,0,1725,0
266,6,6,2,3284,8058,8241,4010,1192,2068,699,438,514,1633,1052.0,253.2035799274664,320.0,0.19643772424397746,14629,626,1205,2759,1759,1253,643,8660,2089,8,1076,2153,0.0,0.0,3,0,0,0,2.94542,3,0,3284,183
267,6,6,2,1392,3545,3619,1733,841,484,149,195,294,753,271.0,153.0,31.0,0.21797004991680533,499,177,693,1029,973,638,10,111,291,2,31,54,0.0,0.0,4,0,0,0,1.39659,3,0,1392,74
268,6,6,2,1294,3330,3330,1710,910,315,116,181,270,730,227.0,134.0,27.0,0.24330827067669172,465,130,562,1101,784,656,6,28,412,0,9,10,0.0,0.0,4,0,0,0,1.60485,3,0,1294,0
269,6,6,2,1632,4049,4055,2156,658,931,176,219,460,776,325.0,174.0,39.0,0.16821946169772256,590,242,571,1548,838,579,80,170,293,1,24,22,0.0,0.0,4,0,0,0,1.36596,3,0,1632,6
270,6,6,2,1239,3224,3224,1631,421,778,163,216,215,648,158.0,112.0,8.0,0.1835670035865667,186,207,564,1037,687,495,6,61,78,1,17,23,0.0,0.0,4,0,0,0,1.39302,3,0,1239,0
271,6,6,2,1997,5255,5326,2722,1281,620,235,335,417,1009,289.0,144.0,13.0,0.20308582449373191,948,372,961,1839,1044,834,61,587,250,1,24,25,0.0,0.0,4,0,0,0,1.44733,3,0,1997,71
272,6,6,2,734,2088,2092,1091,671,30,52,133,121,428,252.0,144.0,5.0,0.3089887640449438,242,84,384,522,555,544,23,79,99,1,15,25,0.0,0.0,4,0,0,0,1.43168,3,0,734,4
273,6,6,2,1458,3918,3918,2013,800,588,170,234,357,690,269.0,142.0,9.0,0.19626904887020494,200,230,510,1420,921,621,4,66,102,1,10,17,0.0,0.0,4,0,0,0,1.35694,3,0,1458,0
274,6,6,2,2126,4736,4736,2892,726,1485,361,423,458,887,350.0,144.24054550689743,32.0,0.18288165334373171,1522,219,477,2425,1040,838,70,1031,250,2,106,63,0.0,0.0,3,0,0,0,1.92108,3,0,2126,0
275,6,6,2,1911,4521,4537,2579,838,1072,437,387,425,664,364.0,119.70353804076748,85.0,0.1456953642384106,1730,185,702,2026,972,514,234,407,501,4,254,330,0.0,0.0,3,0,0,0,2.00471,3,0,1911,16
276,6,6,2,1163,2824,2828,1585,446,646,226,218,390,328,119.0,79.0,12.0,0.22039596563317146,318,155,245,1159,517,535,23,20,186,0,66,23,0.0,0.0,4,0,0,0,1.53039,3,0,1163,4
277,6,6,2,1661,4712,4821,2656,1339,332,278,168,485,728,318.0,172.32256510770185,27.1034950273116,0.1608643457382953,806,361,753,1743,1411,612,30,141,516,1,65,53,0.0,0.0,4,0,0,0,1.53413,3,0,1661,109
278,6,6,2,2507,6329,6597,3785,932,1597,439,297,310,1464,460.0,190.53944120827637,141.0667578249852,0.09964522597562857,6681,459,963,3067,1284,525,614,2115,969,4,238,2741,0.0,0.0,2,0,0,0,2.02007,3,0,2507,268
279,6,6,2,2007,4700,4727,2807,964,981,287,589,340,792,328.0,153.02477439860309,78.0,0.17695560253699788,6363,195,825,1921,940,710,264,1862,1124,6,484,2623,0.0,0.0,3,0,0,0,2.06525,3,0,2007,27
280,6,6,2,1424,3428,3428,1733,872,485,156,283,315,674,281.0,139.33850917072132,53.070096191906615,0.2967198314775805,3218,147,475,900,899,811,240,1453,1038,27,186,274,0.0,0.0,3,0,0,0,2.10619,2,0,1424,0
281,6,6,2,1988,4491,4581,2546,584,1409,565,307,355,762,265.0,142.0565122260582,50.0,0.21561017680034497,2567,195,483,1868,1070,908,247,467,1193,3,135,522,0.0,49.44995438165815,3,875,0,0,2.04034,2,0,1988,90
282,6,6,2,930,2576,2576,1329,816,86,121,151,185,476,480.0,156.10436206245066,78.0,0.24376278118609407,4072,130,399,705,663,486,36,2711,598,3,105,619,0.0,0.0,3,29,0,0,1.76902,1,0,930,0
283,6,6,2,1174,3255,3328,1713,1102,80,121,183,145,725,321.0,203.0,40.0,0.24076766501890084,432,152,639,980,866,692,33,55,290,1,16,37,0.0,0.0,4,1585,0,0,1.2184,1,0,1174,73
284,6,6,2,1645,4399,4433,2478,611,1081,337,415,367,523,243.0,129.0,58.88350369754328,0.11987179487179488,3440,226,852,2093,926,464,1220,350,1723,2,36,109,0.0,49.44995438165815,3,0,0,0,3.46061,1,0,1645,34
285,6,6,2,1015,2739,2741,1382,1046,3,146,126,109,634,310.0,207.0,36.0,0.26145454545454544,745,262,231,796,877,510,22,41,545,1,16,120,0.0,0.0,4,0,0,0,1.15682,1,0,1015,2
286,6,6,2,2688,6938,7389,3604,1719,902,270,272,543,1605,573.0,395.8311684502029,77.0,0.17084844089920231,1689,392,1400,2095,1856,991,205,369,823,3,173,116,0.0,0.0,4,41,110,209,1.31514,1,0,2688,451
287,6,6,2,940,2692,2764,1190,625,321,232,79,129,499,328.0,197.0,50.60872060684801,0.23665223665223664,1124,150,584,723,704,536,53,294,546,3,35,193,0.0,0.0,4,365,0,0,1.41933,1,0,940,72
288,6,6,2,2954,7290,7414,3782,1038,1910,657,418,544,1334,1544.0,461.3614328261725,296.0,0.16235898900471227,1915,388,1184,2562,1853,829,89,193,928,2,42,661,0.0,0.0,4,2360,0,0,1.105,1,0,2954,124
289,6,6,2,1985,6362,6362,3049,1971,31,121,186,267,1409,678.0,405.5507613771872,21.0,0.18532754010695188,619,273,1486,1290,1925,856,76,226,235,2,40,40,0.0,0.0,4,0,0,0,1.17774,1,0,1985,0
290,6,6,2,1411,3459,3459,1827,1003,400,185,265,215,746,559.0,274.0,16.0,0.28280477160314227,269,173,601,765,1059,731,29,71,67,1,29,72,0.0,0.0,4,0,0,0,1.12964,1,0,1411,0
291,6,6,2,1200,3260,3271,1518,975,164,127,147,297,629,667.0,292.0,175.0,0.23959571938168847,2065,96,700,844,891,751,119,239,941,3,716,47,0.0,0.0,4,11,2352,12620,1.17017,1,0,1200,11
292,6,6,2,844,2432,2432,1141,739,82,68,102,136,538,362.0,290.2594037582147,64.0,0.24479166666666666,459,111,460,600,759,496,25,110,229,1,52,42,0.0,0.0,4,13,0,0,1.24793,1,0,844,0
293,6,6,2,1918,5556,5605,2870,2070,28,289,467,374,792,5328.0,619.2744411342107,743.2317832849237,0.33804075795495175,905,392,684,1527,1203,1638,42,249,312,13,131,158,0.0,0.0,4,1,0,0,1.0198,1,0,1918,49
294,6,6,2,2495,5934,5950,2969,2260,89,458,323,476,1236,5877.0,1023.4184678122516,266.0,0.28544390915347556,1561,139,811,1249,2204,1246,102,242,892,19,137,169,0.0,0.0,4,0,0,0,1.03036,1,0,2495,16
295,6,6,2,1321,3930,3948,1933,1079,160,177,239,353,551,21718.0,1538.525816427274,822.0,0.26649920073076044,1249,340,829,975,1277,837,294,164,442,81,122,146,0.0,0.0,4,911,0,0,0.97768,1,0,1321,18
296,6,6,2,3023,7469,7630,3781,2683,527,674,586,713,1050,27294.0,4589.248767485948,176.0,0.27853429066600643,4127,512,1304,2021,2146,1897,297,959,2259,188,146,278,0.0,0.0,4,33,0,0,0.98474,1,0,3023,161
297,7,7,2,1629,3905,4062,2278,1935,77,323,228,195,879,114928.0,13778.714212067647,2167.736806981949,0.30934256055363324,1450,245,522,1251,1227,980,36,203,512,492,89,118,0.0,0.0,5,81,0,0,0.90591,1,0,1629,157
298,7,7,2,2631,6351,6356,2636,2326,243,244,214,473,1696,9757.0,3748.60482942207,971.1547777791836,0.4466257668711656,2224,367,850,1048,1583,2523,108,605,1176,137,100,98,0.0,0.0,5,310,0,0,0.93674,1,0,2631,5
299,7,7,2,1089,3006,3006,1268,1136,30,145,84,187,675,11075.0,4035.840824303522,177.0,0.2375528799219004,1680,248,601,645,894,603,154,507,663,24,55,277,0.0,0.0,5,0,0,0,0.91866,1,0,1089,0
300,7,7,2,917,2536,2536,1214,915,13,41,139,98,639,2314.0,1553.9905601147314,111.0,0.2819366852886406,945,95,442,811,682,592,10,170,650,2,48,65,0.0,0.0,5,0,964,10007,0.94383,1,0,917,0
301,7,7,2,2162,5838,5901,2960,1811,201,196,396,487,1077,785.0,499.3446832108325,97.0,0.2360655737704918,1034,398,1314,1559,1631,1050,76,180,548,3,40,187,0.0,0.0,4,0,0,0,1.16015,1,0,2162,63
302,7,7,2,1665,4785,4820,2374,1608,2,148,87,217,1211,1345.0,535.9322771349704,468.0,0.22807404142794183,594,243,755,1138,1458,818,15,276,188,2,36,77,0.0,0.0,4,0,0,0,0.99383,1,0,1665,35
303,7,7,2,1641,4570,4611,2332,1469,114,218,160,316,942,492.0,342.2839712599548,32.0,0.24148114493412084,726,315,653,1159,1261,893,12,160,442,2,34,76,0.0,0.0,4,0,0,0,1.18735,1,0,1641,41
304,7,7,2,1823,4788,4929,2400,1603,177,177,152,320,1179,1556.0,610.7506707230046,88.0,0.28155140570490456,1352,241,778,1138,1358,1230,24,210,955,19,57,87,0.0,0.0,4,5,0,0,1.05136,1,0,1823,141
305,7,7,2,667,1835,1837,919,526,98,49,52,104,462,293.0,184.0,38.0,0.23365487674169347,193,117,330,423,575,365,3,60,104,1,7,18,0.0,0.0,4,0,0,0,1.0733,1,0,667,2
306,7,7,2,1310,3666,3679,1819,991,270,172,148,238,753,639.0,386.97060734673846,41.0,0.18676939426142403,228,148,887,986,1106,529,2,40,114,0,14,58,0.0,0.0,4,0,0,0,1.0557,1,0,1310,13
307,7,7,2,1659,4891,4894,2402,1470,139,205,234,199,1020,479.0,327.9263012413361,47.0610429004318,0.19911690496215306,453,222,1059,1062,1559,733,7,158,200,1,29,58,0.0,0.0,4,0,0,0,1.15703,1,0,1659,3
308,7,7,2,1539,4578,4590,2352,1258,297,132,189,249,972,290.0,210.7774690284533,14.0,0.1726553672316384,490,310,984,1186,1192,641,6,96,251,2,43,92,0.0,0.0,4,0,0,0,1.44532,1,0,1539,12
309,7,7,2,3584,8789,8856,4906,1413,2070,490,628,745,1725,499.0,296.6068549315508,65.81923839717304,0.17034554489772333,4830,526,1331,3283,2084,1199,378,1753,2172,8,121,398,0.0,0.0,4,0,0,0,2.13384,1,0,3584,67
310,7,7,2,623,1708,1743,981,588,34,110,106,80,325,873.0,102.0,542.7336127448958,0.14788732394366197,10941,89,289,650,457,172,1155,3706,1991,37,1960,2092,0.0,0.0,3,175,0,0,1.92965,3,0,623,35
311,7,7,2,1615,4126,4152,2086,1120,513,224,235,333,826,916.0,233.0,351.0,0.17742730409068508,14639,283,774,1062,1280,552,158,5466,1977,8,2605,4425,0.0,0.0,4,589,0,0,2.76589,3,0,1615,26
312,7,7,2,2963,7969,7972,3861,1858,1025,395,336,463,1768,1282.0,363.0,80.0,0.19461588969139856,688,374,1331,2225,2376,1105,14,151,183,1,142,197,0.0,0.0,4,0,0,0,1.43918,3,0,2963,3
313,7,7,2,1610,4218,4441,2446,827,803,260,434,373,539,7842.0,173.19701840613183,1254.0,0.14182044370723615,7111,268,898,1881,1041,618,313,2460,2167,13,775,1383,0.0,0.0,4,0,0,0,1.13538,3,0,1610,223
314,7,7,2,1947,5702,5822,3180,736,1140,533,740,400,275,357.0,84.94220720587836,183.99949640659068,0.1590909090909091,6315,220,1357,2196,1555,689,327,765,3298,3,1101,821,0.0,0.0,2,1029,0,0,2.14285,3,0,1947,120
315,7,7,2,2622,4793,5094,3530,109,2492,383,479,562,1197,425.0,66.04905076953449,218.0,0.07221259387637204,16141,102,241,3710,692,315,1100,3443,5458,35,446,5659,0.0,0.0,2,0,0,0,3.40761,3,0,2622,301
316,7,7,2,988,2682,2707,1665,495,434,155,286,232,311,115.0,56.0,15.160925528545,0.11361079865016872,376,94,364,1092,834,211,50,137,136,1,11,41,0.0,0.0,3,25,0,0,2.02201,3,0,988,25
317,7,7,2,2232,5073,5114,2964,1044,1072,242,484,545,958,344.0,250.41854811693003,48.0,0.1682533514668739,1663,146,977,1841,1308,739,99,309,1067,4,94,90,0.0,0.0,4,1854,1011,24,1.46473,3,0,2232,41
318,7,7,2,969,2833,2836,1471,810,140,119,108,122,618,184.0,126.0,10.2818083430852,0.1898376852505293,557,165,623,733,802,433,21,153,291,1,17,74,0.0,0.0,4,0,0,0,1.43477,2,0,969,3
319,7,7,2,1168,3074,3087,1507,1090,19,130,135,250,652,301.0,217.1643462832293,9.0,0.2406563354603464,384,110,650,691,1092,668,9,73,198,1,12,91,0.0,0.0,4,0,0,0,1.19411,2,0,1168,13
320,7,7,2,2116,5987,6046,3077,1510,479,383,505,548,683,321.0,219.4659404141522,18.0,0.1817893903404592,801,356,1252,2128,1386,1016,30,215,361,2,23,170,0.0,0.0,4,0,0,0,1.45602,3,0,2116,59
321,7,7,2,1029,2951,2979,1491,957,18,154,130,159,587,272.0,168.18663255490662,28.0,0.21705426356589147,741,199,456,693,838,577,131,75,412,1,47,75,0.0,0.0,4,0,0,0,1.29262,2,0,1029,28
322,7,7,2,1782,4577,4582,2395,1417,326,235,245,302,995,411.0,262.8699599625866,51.12229191707,0.23471074380165288,859,304,651,1564,1303,877,48,327,369,13,57,45,0.0,0.0,4,1660,0,0,1.28069,3,0,1782,5
323,7,7,2,1965,5514,5947,3061,1272,864,433,419,371,737,256.0,152.97763394780372,38.0,0.18553110653791358,1321,300,1119,2642,1256,838,434,269,473,3,54,88,0.0,0.0,3,0,0,0,1.65432,3,0,1965,433
324,7,7,2,1277,3845,3857,2184,360,969,253,425,292,309,124.0,89.0,7.987057409371301,0.1168631471040492,640,219,856,1637,740,349,138,109,337,1,23,32,0.0,0.0,3,0,0,0,2.08446,3,0,1277,12
325,7,7,2,2062,5133,5164,3215,1168,1008,374,613,452,622,261.0,167.0,17.1048568878244,0.12033115132845591,800,237,704,2320,1375,428,197,238,288,1,14,62,0.0,0.0,4,0,0,0,1.60694,3,0,2062,31
326,7,7,2,798,2218,2273,1297,187,613,266,321,135,76,144.0,47.29606760542852,36.78339441973191,0.09938704028021016,1295,96,384,1084,452,204,504,230,364,1,56,140,0.0,0.0,2,0,0,0,2.1354,3,0,798,55
327,7,7,2,1453,4620,4826,2416,732,666,428,444,288,295,177.0,84.13665871329582,38.45106187445261,0.09168110918544194,1215,455,1134,2517,1079,423,170,197,646,1,162,39,0.0,0.0,4,0,0,0,2.11089,3,0,1453,206
328,7,7,2,1034,2746,2746,1300,967,67,201,165,239,429,254.0,160.01560753486424,21.585093495517995,0.2436640115858074,692,134,429,837,805,493,53,312,199,2,55,71,0.0,0.0,4,2,0,0,1.48853,3,0,1034,0
329,7,7,2,1272,3737,3848,1875,963,308,360,367,291,251,281.0,125.0,91.89760996480403,0.22563736001906123,2738,131,757,1442,1090,657,212,723,829,1,301,672,0.0,0.0,3,0,0,0,1.93313,3,0,1272,111
330,7,7,2,1412,4644,4683,2339,1140,271,264,486,265,398,230.0,154.39597912983126,16.0,0.1323529411764706,621,374,1519,1728,966,619,41,174,263,2,30,111,0.0,0.0,3,0,0,0,1.65931,3,0,1412,39
331,7,7,2,2083,5940,5961,3704,1119,1018,354,291,524,916,3016.0,177.14210282101536,652.805116942118,0.1020069413007394,32769,369,681,3441,1450,505,127,2866,826,21,2130,26799,0.0,0.0,3,212,0,0,1.35383,3,0,2083,21
332,7,7,2,1104,4233,4270,2388,983,82,136,246,454,264,1336.0,163.95424793739852,268.0488692039081,0.15387805889672335,4555,205,882,1996,1095,528,20,1953,1618,35,530,399,0.0,0.0,4,138,0,0,1.45307,3,0,1104,37
333,7,7,2,3168,9959,10071,6024,2624,416,622,838,629,1080,800.0,437.5545746749203,106.28607936038406,0.15446650124069478,1422,696,1800,4469,3057,968,492,109,710,1,35,75,0.0,0.0,4,841,0,0,1.35839,3,0,3168,112
334,7,7,2,1805,5833,5869,3507,1546,263,444,556,448,355,317.0,169.0,24.89845446901549,0.1819977426636569,904,176,1216,2542,1960,1013,81,189,516,2,28,88,0.0,0.0,4,0,0,0,1.79546,3,0,1805,36
335,7,7,2,2692,6725,6739,3747,751,2319,810,822,427,632,236.0,163.1180768532114,21.0,0.13506640293868324,3008,745,1218,2792,1416,755,355,2413,204,8,21,7,0.0,0.0,3,0,0,0,2.16771,3,0,2692,14
336,7,7,2,1408,3803,3803,2017,1063,303,230,211,130,835,319.0,188.0675073184729,58.2388058165664,0.1382091960204356,790,303,737,1267,853,451,144,249,196,3,30,168,0.0,0.0,4,0,0,0,1.44262,3,0,1408,0
337,7,7,2,586,1506,1506,729,428,169,99,54,65,369,315.0,242.97934953534912,138.0,0.2638580931263858,1281,147,358,552,628,518,17,133,1059,2,30,40,0.0,0.0,4,14,0,0,1.13628,3,0,586,0
338,7,7,2,773,2319,2418,1198,728,30,55,73,99,546,206.0,135.08179910730928,13.0,0.19991772932949403,180,87,592,578,715,388,9,75,65,1,7,23,0.0,0.0,4,0,0,0,1.36423,3,0,773,99
339,7,7,2,925,2673,2673,1091,983,0,75,71,89,689,968.0,762.3624840224971,55.0,0.26130467012601927,946,86,578,473,919,568,29,111,705,1,20,80,0.0,0.0,4,2158,0,0,0.98111,3,0,925,0
340,7,7,2,1695,4016,4053,2202,834,1097,275,250,460,710,502.0,171.90533127661615,231.0,0.19470365699873896,4222,239,498,1760,750,626,67,1224,1050,14,257,1610,0.0,0.0,4,0,0,0,2.44987,3,0,1695,37
341,7,7,2,1905,4010,4024,2209,765,1197,409,324,251,926,323.0,179.6185711260431,52.427517383402346,0.2453092425295344,5693,171,669,1608,947,799,791,1687,2678,24,113,400,0.0,0.0,3,353,0,0,2.35183,3,0,1905,14
342,7,7,2,1278,3590,4282,1305,1452,16,147,195,171,768,2123.0,1765.132599561221,142.0,0.3105575326215896,1883,54,952,918,1014,1170,22,290,1420,7,81,63,0.0,0.0,4,1229,881,10,0.96373,2,0,1278,692
343,7,7,2,752,2161,2186,917,712,24,77,91,124,461,315.0,227.0,33.0,0.29359095193213947,613,69,490,334,700,475,11,147,428,1,11,15,0.0,0.0,4,0,0,0,1.08224,3,0,752,25
344,7,7,2,1019,3106,3106,1314,999,6,121,79,46,774,407.0,306.72850182837794,11.0,0.1821939586645469,449,137,970,737,828,403,15,119,224,2,44,45,0.0,0.0,4,0,0,0,1.10694,3,0,1019,0
345,7,7,2,1586,4514,4531,2076,1351,436,207,190,152,1036,397.0,303.6717525637578,16.8961708240914,0.21608265947888589,1003,308,972,1080,1267,708,35,422,433,2,35,76,0.0,0.0,4,0,0,0,1.2315,1,0,1586,17
346,7,7,2,1240,3010,3010,1431,829,581,164,138,168,769,1118.0,254.17690672113835,495.0,0.2900972053462941,5826,131,531,903,842,823,115,4255,814,9,446,187,0.0,0.0,4,0,0,0,1.36302,1,0,1240,0
347,8,8,3,2927,7319,7395,2995,2828,286,467,398,373,1694,33245.4,4167.476256619633,635.0,0.43582089552238806,2511,251,1251,1244,1975,2847,20,388,1661,87,225,130,0.0,0.0,4,45,5869,19906,1.74198,1,0,2927,76
348,8,8,3,0,0,0,0,0,0,0,0,0,0,748.1,45.0,289.0,0.0,8134,0,0,0,0,0,5,2860,266,1,558,4444,0.0,0.0,3,0,0,0,1.11,1,0,0,0
349,8,8,3,426,1371,1375,690,330,77,56,30,49,290,710.6,363.4213566484553,231.0,0.27985865724381626,13895,106,218,419,296,353,55,5105,4083,4,3454,1194,0.0,0.0,2,0,0,0,2.1454,2,0,426,4
350,8,8,3,1043,2672,3732,1375,943,240,32,78,86,847,530.7,383.03330698155935,103.0,0.24665551839464883,703,87,759,969,902,791,168,273,178,10,39,35,0.0,0.0,4,0,0,0,1.09205,1,0,1043,1060
351,8,8,3,1893,4686,4708,2583,1094,1032,276,359,352,899,371.9,258.47901349829215,85.4373973857578,0.19027027027027027,4835,390,624,1620,1212,707,199,1534,2330,5,182,585,0.0,0.0,4,2233,0,0,1.64777,3,0,1893,22
352,8,8,3,176,462,2484,525,20,147,62,100,8,6,42.0,18.0,24.0,0.0,99,0,764,1057,117,0,1,22,67,0,4,5,0.0,0.0,3,0,0,0,1.34264,2,0,176,2022
353,8,8,3,1765,3155,6338,815,212,1810,900,464,162,243,125.0,102.0,23.0,0.0046980793146331355,270,257,1996,4742,115,17,35,59,143,0,21,12,0.0,0.0,3,0,0,0,1.61531,3,0,1765,3183
354,8,8,3,410,569,4717,1067,14,503,280,73,57,2,515.0,144.0,360.0,0.005452212957023733,16776,0,1171,1842,46,0,43,746,15931,1,26,29,0.0,0.0,2,0,17984,3148,2.57889,3,0,410,4148
355,8,8,3,1900,3730,7225,1883,144,1992,437,424,368,668,878.0,391.9730514845563,431.36448084013705,0.13108893192313423,25040,187,1827,3225,526,811,1657,647,22361,8,157,210,0.0,0.0,2,6,0,0,3.36908,2,0,1900,3495
356,8,8,3,3599,7655,7678,4040,1355,2794,928,482,345,1837,487.0,253.1899326834061,81.0,0.27875170956110906,21901,371,988,2390,2192,1954,747,6107,5033,12,885,9117,111.33304015070462,0.0,2,0,0,0,4.32915,3,0,3599,23
357,8,8,3,1745,4915,4933,2403,1635,137,128,133,268,1220,515.0,442.38562605490034,36.0,0.20167890870933894,1150,129,1122,1102,1579,750,16,340,475,2,85,232,0.0,0.0,4,0,0,0,1.13909,3,0,1745,18
358,8,8,3,2023,5605,5605,2196,1958,0,297,181,350,1197,542.0,490.23392231258987,43.0,0.27718906860011155,1159,261,1000,1159,1675,1202,19,533,428,1,48,130,0.0,0.0,4,0,0,0,1.17499,3,0,2023,0
359,8,8,3,1398,3737,3750,1865,1390,46,120,87,106,1081,381.0,337.58071290284965,38.0,0.2513858093126386,702,188,666,917,1051,724,5,254,329,1,37,76,0.0,0.0,4,236,0,0,1.1004,3,0,1398,13
360,8,8,3,1879,4432,4432,2218,1728,373,199,338,477,873,406.0,345.2933063524402,54.0,0.23832092078537576,621,214,707,1219,1373,835,9,291,241,2,32,46,0.0,0.0,4,0,0,0,1.18248,3,0,1879,0
361,8,8,3,2377,7572,7578,3429,2046,420,198,275,484,1411,500.0,460.768324095021,10.0,0.16852367688022285,1079,465,1637,2122,1809,1032,97,276,491,2,82,131,0.0,0.0,4,0,0,0,1.21706,3,0,2377,6
362,8,8,3,1909,5466,5471,2370,1586,429,185,147,335,1245,535.0,369.9430177411695,160.0,0.2713577421815408,3107,131,1213,986,1641,1175,60,502,875,3,1589,78,0.0,0.0,3,193,1138,169,1.43008,3,0,1909,5
363,8,8,3,1229,3382,3382,1840,801,379,272,93,130,732,252.0,204.07176868031604,25.0,0.180857310628303,583,109,785,937,982,556,21,63,463,1,12,23,0.0,0.0,4,30,0,0,1.23248,3,0,1229,0
364,8,8,3,690,2069,2073,924,650,55,38,52,92,509,223.0,189.0,33.0,0.21002979145978154,546,82,478,499,516,400,181,28,310,0,19,8,0.0,0.0,4,0,0,0,1.13414,3,0,690,4
365,8,8,3,2431,4725,4725,3254,333,2127,497,389,630,915,159.0,122.93122601607806,40.0,0.15107458912768648,686,56,605,2401,1092,513,141,170,240,1,53,81,0.0,0.0,3,0,0,0,1.6965,3,0,2431,0
366,8,8,3,2285,4811,4830,3080,1198,1189,329,546,309,1105,350.0,190.9795778010452,144.0,0.1940928270042194,3680,206,578,1766,1348,762,111,926,1277,3,151,1212,0.0,0.0,4,0,0,0,1.78671,3,0,2285,19
367,8,8,3,2325,6670,6670,2756,1431,1034,539,237,388,1169,518.0,410.0417987985568,73.0,0.2431081490457437,3481,215,1745,1314,1957,1257,129,2252,859,2,103,136,0.0,0.0,4,1659,0,0,1.24196,3,0,2325,0
368,8,8,3,1496,4311,4315,1951,1519,0,61,193,272,979,2243.0,1955.708445025376,28.0,0.2907509157509158,755,137,868,725,1621,954,18,211,385,1,78,62,0.0,0.0,5,200,0,0,0.95379,1,0,1496,4
369,8,8,3,1766,4944,4955,1874,1492,361,229,240,240,1046,633.0,588.0,36.0,0.31069748414808757,1072,156,1066,853,1325,1397,14,266,648,2,42,100,0.0,0.0,4,0,0,0,1.18984,2,0,1766,11
370,8,8,3,1742,4796,4796,2103,1180,585,268,120,206,1142,563.0,434.4755633123694,114.0,0.2295117229511723,3875,414,789,1287,1130,937,285,1459,1359,7,316,449,0.0,0.0,4,0,0,0,1.39,2,0,1742,0
371,8,8,3,1306,3591,3598,1732,1131,278,80,160,200,869,421.0,380.53437913015006,49.0,0.19761160079613307,2479,138,718,906,1171,541,275,579,1248,3,80,294,0.0,0.0,4,2170,0,0,1.22538,3,0,1306,7
372,8,8,3,3249,6465,6482,4111,919,2520,382,483,609,1765,256.0,97.45248618426034,166.0,0.1555306905370844,3074,281,842,2957,1322,748,702,742,1179,2,227,222,0.0,49.44995438165815,3,0,0,0,1.79674,3,0,3249,17
373,8,8,3,1246,3640,3640,1733,1061,296,268,231,153,594,266.0,191.2678805927505,61.0,0.19512885868026056,2074,265,576,1023,974,631,216,745,425,0,29,659,0.0,0.0,4,64,0,0,1.22261,3,0,1246,0
374,8,8,3,1162,3135,3170,1985,646,593,142,161,192,659,386.0,166.8870050327779,227.0,0.0921262352566146,4088,248,318,1659,628,232,547,985,943,5,706,902,0.0,0.0,2,50,0,0,1.64182,3,0,1162,35
375,8,8,3,1674,3477,3477,2057,685,1128,510,198,160,808,150.0,131.0,6.0,0.2602624965093549,370,202,439,1353,724,801,5,85,251,0,6,23,0.0,0.0,4,0,0,0,1.37533,3,0,1674,0
376,8,8,3,1652,4158,4215,2347,1238,671,301,171,234,945,377.0,267.70690833559706,100.0,0.15158692562766463,2372,267,678,1627,1038,533,110,952,461,14,522,313,0.0,0.0,4,0,0,0,1.45368,3,0,1652,57
377,8,8,3,2702,5308,5334,3357,1276,1367,386,462,617,1243,400.0,267.2979999355209,129.0,0.17155286551919804,3327,248,531,2302,1471,638,41,359,299,2,263,2363,0.0,0.0,4,0,0,0,1.31459,3,0,2702,26
378,8,8,3,1727,3678,3717,2370,589,1149,191,310,368,856,248.0,154.46451427472186,82.0,0.09156820622986037,5737,267,482,1913,697,294,116,1630,1983,4,212,1792,0.0,0.0,3,0,0,0,2.15212,3,0,1727,39
379,8,8,3,2585,5482,5497,3409,802,1921,469,436,633,1042,240.0,196.32751385604303,33.0,0.08937155064981307,638,352,626,3180,954,400,12,77,471,8,27,43,0.0,0.0,3,150,0,0,1.47598,3,0,2585,15
380,8,8,3,2026,4034,4095,3157,53,2208,385,362,299,977,129.0,82.61495598144289,19.0,0.05127582017010936,316,269,456,2801,347,163,32,30,163,0,16,75,0.0,0.0,3,0,0,0,1.96662,3,0,2026,61
381,8,8,3,2492,6046,6046,3129,1433,1083,522,335,604,1027,421.0,398.33486281270143,18.0,0.1518987341772152,1333,271,1204,1820,1711,656,149,377,511,1,116,179,0.0,0.0,4,0,0,0,2.22957,3,0,2492,0
382,8,8,3,1107,3072,3078,1601,760,359,128,205,194,578,223.0,168.10551934717532,30.0,0.17824074074074073,353,221,577,1023,701,450,10,83,226,1,17,16,0.0,0.0,4,0,0,0,1.24531,3,0,1107,6
383,8,8,3,765,2581,2581,1304,722,40,47,35,114,567,330.0,234.0,59.0,0.19480519480519481,4347,137,736,464,759,408,86,324,3707,3,128,99,0.0,0.0,4,1775,0,0,1.54558,3,0,765,0
384,8,8,3,1657,4957,4963,2153,1653,2,92,109,232,1231,637.0,621.6844962309489,17.0,0.2538284036081393,850,116,1164,880,1516,1003,40,240,509,10,22,29,0.0,0.0,4,0,0,0,1.06165,2,0,1657,6
385,8,8,3,973,2874,2874,1201,961,7,117,125,57,676,631.0,506.1961830143157,5.0,0.254634487583071,530,100,652,526,942,586,9,220,230,2,31,38,0.0,0.0,5,8,0,0,1.02199,1,0,973,0
386,8,8,3,1025,2924,2924,1011,1050,7,241,88,114,579,476.0,360.2373885037538,15.0,0.3482109922537809,182,105,599,393,762,819,3,51,91,1,9,27,0.0,0.0,4,0,0,0,1.04594,1,0,1025,0
387,8,8,3,1371,4346,4362,2001,1365,15,114,70,184,1001,461.0,442.40487044786175,10.0,0.20434990439770553,751,136,1007,945,1343,697,189,163,226,2,83,88,0.0,0.0,4,0,0,0,1.11019,3,0,1371,16
388,8,8,3,1991,5986,5986,2609,1986,21,185,246,347,1216,879.0,764.2118037387339,100.0,0.22053103331642143,2112,212,1299,1300,2039,957,35,396,1384,3,111,183,0.0,0.0,4,2265,0,0,1.10597,3,0,1991,0
389,8,8,3,1868,5036,5047,2292,1522,284,381,178,307,1005,566.0,434.37420237212615,95.0,0.26764874689114215,1512,110,1199,1214,1563,1070,354,210,777,1,66,104,0.0,0.0,4,0,0,0,1.2132,3,0,1868,11
390,8,8,3,1390,3147,3147,1883,738,734,275,216,149,747,267.0,155.0,86.0,0.168733681462141,668,225,506,1134,753,404,37,109,407,1,69,45,0.0,0.0,3,0,0,0,1.24269,3,0,1390,0
391,9,9,3,3011,7286,7425,3846,971,2224,553,632,581,1238,374.0,290.72606770611685,37.0,0.13653710247349823,2572,520,1275,3102,1229,824,395,200,1817,2,34,124,0.0,0.0,4,0,0,0,1.38031,3,0,3011,139
392,9,9,3,2394,5513,5514,3662,179,2219,359,589,461,983,99.0,79.0,17.0,0.07684319833852545,337,770,698,3174,800,246,33,54,218,0,9,23,0.0,0.0,4,0,0,0,1.92071,3,0,2394,1
393,9,9,3,2014,4082,4083,2668,536,1432,302,358,479,868,241.0,185.2720741346032,54.0,0.1350958040261945,2354,184,491,2076,851,451,77,1375,482,1,345,74,0.0,0.0,4,2,0,0,1.41339,3,0,2014,1
394,9,9,3,1571,3980,4147,2363,1373,177,304,242,241,793,334.0,209.7253392612284,86.0,0.16453755748594787,1025,213,659,1391,1028,552,25,116,650,1,43,190,0.0,0.0,3,0,0,0,1.51171,3,0,1571,167
395,9,9,3,2245,4853,4853,3125,553,1688,154,285,433,1373,392.3,217.0,205.94040658025,0.10950149126544526,8112,503,306,2726,646,437,35,2295,827,3,926,4026,0.0,0.0,3,0,0,0,1.42548,3,0,2245,0
396,9,9,3,5,10,10,6,2,3,0,1,1,3,377.5,2.0,239.0,0.1,4180,1,1,5,2,1,7,944,367,2,845,2015,0.0,0.0,2,0,0,0,1.45785,3,0,5,0
397,9,9,3,1169,3296,3296,1992,909,269,56,56,170,891,307.4,94.58626859135802,239.0,0.05628930817610063,2262,177,552,1614,637,159,17,655,168,1,755,666,0.0,0.0,3,0,0,0,1.37026,3,0,1169,0
398,9,9,3,1441,3936,3936,2412,511,1027,136,417,178,710,215.7,100.10953430244768,102.0,0.059904354392146995,1699,326,833,2126,524,100,198,640,359,1,243,258,0.0,0.0,4,0,0,0,1.41299,3,0,1441,0
399,9,9,3,14,36,36,27,7,9,2,1,3,8,318.3,0.0,287.0,0.2,7356,0,5,15,7,7,137,4810,344,2,678,1385,0.0,0.0,3,0,0,0,1.57921,3,0,14,0
400,9,9,3,1867,4657,4657,2898,896,947,136,352,373,1006,247.4,255.30057920148624,14.186185344770802,0.1375,898,227,431,2345,910,572,2,520,222,0,13,141,0.0,0.0,4,92,0,0,1.25515,3,0,1867,0
401,9,9,3,543,1221,1303,698,505,31,223,118,69,133,6909.0,298.029353886088,991.6242780949468,0.2615511551155115,37861,24,141,470,256,291,317,3823,3360,15,4330,26016,0.0,0.0,3,82,0,0,1.48331,3,0,543,82
402,9,9,3,236,839,839,436,178,48,1,74,37,121,1592.0,32.0,1346.0,0.008073817762399077,6076,137,245,323,135,4,4,883,261,1,3945,982,0.0,0.0,4,0,0,0,0.91296,3,0,236,0
403,9,9,3,2,6,6,3,2,0,1,0,0,1,1090.6,0.0,1050.0,0.16666666666666666,31489,0,1,2,2,1,27,5510,981,5,5489,19477,0.0,0.0,3,0,0,0,1.35471,3,0,2,0
404,9,9,3,521,1428,1443,782,462,65,141,120,88,174,9805.7,243.23378989798312,231.1719868250472,0.16285153695225638,4946,43,239,441,580,202,13,909,784,6,2198,1036,0.0,0.0,3,71,0,0,2.68524,3,0,521,15
405,9,9,3,2,6,6,3,2,0,0,1,0,1,3422.8,11.0,451.598392713744,0.14285714285714285,3747,0,1,2,3,0,591,1186,723,1,1048,198,0.0,0.0,4,0,0,0,1.25846,3,0,2,0
406,9,9,3,683,1495,1505,1138,249,431,46,6,124,506,777.3,20.508356838141403,472.0,0.01998572448251249,11114,128,81,926,230,11,134,2646,985,31,6167,1151,0.0,0.0,3,0,0,0,2.06069,3,0,683,10
407,9,9,3,44,95,96,67,2,43,0,5,11,29,1014.2,0.0,918.0382416799862,0.020618556701030927,11152,11,5,67,12,0,408,2129,1949,4,4265,2397,0.0,0.0,2,0,0,0,1.67967,3,0,44,1
408,9,9,3,16,35,35,26,1,15,0,2,4,10,591.8,3.0,507.85113896857246,0.02857142857142857,28773,4,2,25,4,0,191,7362,10881,3,3122,7214,79.11992701065303,0.0,2,0,0,0,1.74071,3,0,16,0
409,9,9,3,0,0,0,0,0,0,0,0,0,0,568.6,9.35158405078,472.0,0.0,11777,0,0,0,0,0,45,4152,1619,3,5449,509,0.0,0.0,1,0,0,0,2.57752,3,0,0,0
410,9,9,3,4920,10082,10152,7099,518,4497,318,557,1246,2810,560.4,196.04867630806632,315.0,0.02550279908770475,6175,722,646,6828,1123,166,15,3088,399,1,2263,409,0.0,0.0,3,683,0,0,2.00551,3,0,4920,70
411,9,9,3,0,0,0,0,0,0,0,0,0,0,273.5,0.0,60.0,0.0,592,0,0,0,0,0,1,12,14,0,559,6,0.0,0.0,3,0,0,0,1.1464,3,0,0,0
412,9,9,3,8845,19859,19859,14225,1335,7386,761,1310,2466,4326,1016.6,356.5293571809671,694.0,0.06267863410720553,19322,1007,1781,13070,2881,844,181,4115,1508,11,13130,377,0.0,0.0,3,0,474,147,2.04997,3,0,8845,0
413,9,9,3,4072,9776,9790,5939,1231,2849,429,545,846,2250,339.0,93.37560170609508,237.0,0.07854326623780868,2352,579,1421,5215,1624,652,191,245,576,3,1271,66,0.0,0.0,4,0,0,0,1.72614,3,0,4072,14
414,9,9,3,1013,3368,3425,1835,777,198,129,271,188,424,724.0,165.0,501.0,0.23466729812929196,8863,163,698,1358,1174,747,270,1385,1479,6,3645,2078,0.0,0.0,3,57,0,0,1.69989,3,0,1013,57
415,9,9,3,764,2386,2399,1440,602,151,135,139,180,307,1169.4,115.0,925.5489082937914,0.12165036154827732,16078,147,248,1013,667,230,232,6434,4512,4,3278,1618,0.0,0.0,4,205,1846,9558,2.15318,3,0,764,13
416,9,9,3,2830,7490,7504,4645,1525,1206,474,455,494,1396,832.9,293.6109417662248,335.1122880802035,0.11960087479496993,5278,391,1070,3333,1749,651,57,3935,432,0,363,491,0.0,0.0,1,0,0,0,1.44609,3,0,2830,14
417,9,9,3,0,0,0,0,0,0,0,0,0,0,236.9,0.0,183.0,0.0,5218,0,0,0,0,0,17,1953,104,1,2838,305,0.0,0.0,2,0,0,0,2.02645,3,0,0,0
418,9,9,3,595,1489,1494,698,632,0,88,184,229,94,268.8,124.0,111.0,0.19759679572763686,3033,18,216,442,531,270,114,326,386,2,1800,405,0.0,0.0,3,0,0,0,1.78981,3,0,595,5
419,9,9,3,1108,2887,2902,1691,759,314,315,246,196,341,199.9,145.0,47.0,0.17852348993288591,304,104,378,1270,731,447,7,39,222,0,20,16,0.0,0.0,3,0,0,0,1.3008,3,0,1108,15
420,9,9,3,814,2480,2489,1397,765,0,132,192,171,319,197.0,153.0,25.0,0.2475908080059303,263,59,302,894,885,499,21,12,216,0,11,3,0.0,0.0,4,0,0,0,1.39953,3,0,814,9
421,9,9,3,3163,7296,7296,4231,2031,1143,661,687,603,1218,354.0,279.4038052501476,52.0,0.2185180186259954,536,296,778,3083,1860,1258,19,253,178,0,29,57,0.0,0.0,4,0,0,0,1.34397,3,0,3163,0
422,9,9,3,3595,7789,7866,5337,1406,1979,298,731,572,1987,341.0,171.04256567072946,134.0,0.1521603785331839,765,447,663,4282,1533,957,22,180,254,1,251,57,0.0,0.0,4,0,0,0,1.51624,3,0,3595,77
423,9,9,3,1618,4440,4440,2632,798,865,228,420,402,571,231.0,160.0,68.0,0.12643678160919541,421,219,776,1926,1004,432,62,50,229,1,55,24,0.0,0.0,4,0,0,0,1.34906,3,0,1618,0
424,9,9,3,2549,7022,7035,4363,1680,864,260,658,571,1068,378.0,263.0,106.0,0.13047739045219095,812,351,1170,3065,1682,756,58,113,481,1,102,57,0.0,0.0,4,34,0,0,1.42547,3,0,2549,13
425,9,9,3,1406,3437,3437,2459,451,884,217,344,373,473,166.0,122.0,44.0,0.14770514603616133,745,118,382,1891,831,315,60,74,254,1,18,338,0.0,0.0,4,0,0,0,1.38742,3,0,1406,0
426,9,9,3,1870,4401,4482,2971,902,988,204,333,446,887,324.3,87.0944343316411,155.0,0.08269834155087405,1333,350,387,2636,709,294,179,86,132,1,908,27,0.0,0.0,3,0,0,0,1.60099,3,0,1870,81
427,9,9,3,1965,4190,4192,3102,472,1538,140,168,470,1186,726.4,129.90694172122,756.0,0.045036319612590796,11363,271,189,3015,491,95,243,6419,1462,3,2383,853,0.0,0.0,2,680,65,46,1.74232,3,0,1965,2
428,9,9,3,956,2021,2021,1510,226,758,68,82,228,580,426.2,62.101684637831,347.0,0.04354354354354354,7550,131,88,1476,237,44,517,3762,1321,3,1404,543,0.0,0.0,3,0,0,0,2.05589,3,0,956,0
429,9,9,3,0,0,0,0,0,0,0,0,0,0,388.0,0.0,413.1982766817353,0.0,13286,0,0,0,0,0,36,2120,691,3,7223,3213,0.0,0.0,3,0,0,0,2.38042,3,0,0,0
430,9,9,3,1040,2112,2112,1064,44,1007,184,138,125,597,552.4,36.425689801458,517.0,0.027351247600767754,19110,164,190,1408,261,28,256,6957,924,2,9561,1410,0.0,0.0,2,56,0,0,1.80813,3,0,1040,0
431,9,9,3,21,38,38,20,1,21,3,3,2,12,312.8,16.0,288.25019861007104,0.025,3847,3,4,27,5,1,115,789,455,3,1505,980,0.0,0.0,3,0,1139,0,1.39048,3,0,21,0
432,9,9,3,320,649,649,333,14,307,57,42,39,186,826.2,119.2220461567799,708.0,0.027993779160186624,9398,50,56,435,80,9,428,2766,770,4,2943,2487,0.0,0.0,1,0,0,0,1.52595,3,0,320,0
433,9,9,3,2512,5514,5557,3809,1000,1528,490,629,450,950,229.5,205.4846536192597,19.0,0.1495128432240921,2486,293,607,2707,1203,741,85,419,639,2,384,957,0.0,0.0,4,0,0,0,1.8759,3,0,2512,43
434,9,9,3,23,46,48,76,22,0,0,0,0,23,1206.1,6.0,1037.5019523291385,0.0,5019,0,0,24,23,0,617,428,1318,2,1974,680,0.0,0.0,4,0,0,0,1.08972,3,0,23,2
435,9,9,3,2042,3931,4003,2512,565,1436,533,470,405,629,517.4,143.1360752839321,331.0,0.16877850988342624,14219,247,350,1970,797,510,238,6099,2854,7,3068,1953,98.3347664275259,0.0,3,0,4667,0,2.45408,3,0,2042,72
436,9,9,3,1719,4844,4849,2586,1031,690,316,275,387,752,337.0,276.1552075174337,60.0,0.14509068167604752,1521,220,984,1930,1052,535,303,142,984,1,27,64,0.0,0.0,4,149,0,0,1.26506,3,0,1719,5
437,9,9,3,2243,6129,6129,3940,766,1532,402,618,440,791,265.0,196.51489949898956,53.0,0.1575633826782372,577,299,760,2275,1761,688,155,88,244,1,48,41,0.0,0.0,4,0,0,0,1.44217,3,0,2243,0
438,9,9,3,1714,5011,5020,2861,1202,466,270,197,313,932,352.0,248.1482461845914,91.0,0.14741671653700378,647,341,782,2057,1136,615,37,70,477,1,26,36,0.0,0.0,4,0,0,0,1.22785,3,0,1714,9
439,9,9,3,1227,3106,3106,1943,711,484,281,211,193,538,267.0,160.163650347792,44.0,0.21361120156300878,1114,159,379,1081,940,463,241,102,688,13,34,36,0.0,0.0,4,0,0,0,1.44546,3,0,1227,0
440,9,9,3,3701,8426,8426,4816,861,2856,592,580,753,1785,337.0,278.1030545914136,80.0,0.11049655850540806,943,582,1110,4312,1414,567,49,114,686,1,22,71,0.0,0.0,3,1667,0,0,1.35894,3,0,3701,0
441,9,9,3,2936,6598,6610,4194,940,1925,546,539,527,1320,292.0,237.25054502279423,51.0,0.12047828061147269,1167,226,693,3651,1238,686,137,180,684,1,108,57,0.0,0.0,3,0,0,0,1.53712,3,0,2936,12
442,9,9,3,1178,3401,3413,2117,1114,12,102,238,99,743,246.0,185.85909556390493,57.0,0.16892476217930238,371,92,561,1219,1005,522,38,19,284,0,12,18,0.0,0.0,4,1614,0,0,1.20611,3,0,1178,12
443,9,9,3,2141,5375,5375,3373,762,1393,246,255,524,1107,230.0,176.0,53.0,0.10914612361557699,316,358,558,3122,960,525,20,43,181,1,9,62,0.0,0.0,4,0,0,0,1.33862,3,0,2141,0
444,9,9,3,2228,5771,5772,3265,1474,795,339,391,349,1154,378.0,261.42363529255886,107.0,0.19148187258007743,939,186,945,2071,1646,734,22,128,599,1,106,83,0.0,0.0,4,151,0,0,1.30138,3,0,2228,1
445,9,9,3,3486,9620,9636,5105,1676,1915,549,794,774,1375,349.0,286.5339825216068,60.0,0.12434004956362461,727,751,1266,4674,1496,903,68,89,489,1,32,48,0.0,0.0,4,0,0,0,1.49596,3,0,3486,16
446,9,9,3,3514,8870,8870,5714,1289,2159,254,639,820,1798,372.0,350.8087573795299,64.0,0.10872357818521546,415,448,783,4806,1570,800,96,81,172,0,51,15,0.0,0.0,4,0,0,0,1.3635,3,0,3514,0
447,9,9,3,2043,4947,4947,2729,919,1125,351,235,385,1071,286.0,206.0,39.0,0.18853316593429587,506,481,408,1828,1251,733,75,109,286,0,14,22,0.0,0.0,4,0,0,0,1.30259,3,0,2043,0
448,9,9,3,3572,7950,7973,4725,652,2913,761,617,770,1417,304.0,179.64452449568276,98.0,0.14567932704562833,1615,425,734,4410,1115,1026,374,308,875,1,19,38,0.0,0.0,4,0,0,0,1.77763,3,0,3572,23
449,9,9,3,2664,6277,6277,3198,821,1925,549,391,720,1010,360.0,280.1544475126775,76.0,0.16179401993355483,1561,586,715,3056,910,659,328,169,951,2,37,74,0.0,0.0,4,0,0,0,1.51367,3,0,2664,0
450,9,9,3,2737,6031,6042,3788,1071,1672,530,344,616,1244,333.0,164.5838288258338,169.0,0.1608495225551531,3570,413,523,3095,1058,882,512,911,1530,4,343,270,0.0,0.0,3,0,0,0,1.61108,3,0,2737,11
451,9,9,3,2321,6468,6482,3248,1582,668,381,285,384,1270,464.0,420.92928605684335,30.0,0.16634980988593157,1428,435,1144,2083,1655,885,265,143,925,5,42,48,0.0,0.0,4,0,0,0,1.27658,3,0,2321,14
452,9,9,3,1009,3165,3165,1526,969,46,102,108,119,687,321.0,240.1310168863729,81.0,0.2547229219143577,1527,236,659,805,757,664,156,114,1169,2,41,45,0.0,0.0,4,2066,0,0,1.21776,3,0,1009,0
453,9,9,3,2588,8155,8177,3767,1931,547,329,326,601,1345,615.0,542.0,43.0,0.12459214501510574,1345,564,1825,2976,1896,878,291,136,838,1,30,49,0.0,0.0,4,0,0,0,1.19859,3,0,2588,22
454,9,9,3,1572,4371,4371,2057,1267,211,155,144,218,1049,478.0,412.08622147954895,44.0,0.28110289172831204,1070,170,832,931,1378,1075,12,137,771,1,101,48,0.0,0.0,4,0,0,0,1.14111,3,0,1572,0
455,9,9,3,952,2688,2690,1192,913,5,178,103,147,527,304.0,274.0,26.0,0.31356252361163583,824,116,406,565,816,702,117,98,519,1,38,51,0.0,0.0,4,0,0,0,1.13615,3,0,952,2
456,9,9,3,3028,8515,8521,4051,1187,1873,461,661,673,1227,320.0,264.3367141080531,47.0,0.1632381413359148,553,370,1816,2873,2009,1043,14,140,306,1,52,40,0.0,0.0,4,0,0,0,1.53661,3,0,3028,6
457,9,9,3,1725,5583,5583,2411,1493,217,183,220,251,1068,382.0,314.0,53.0,0.1821977604858607,303,409,1230,1573,1146,819,2,70,205,0,14,12,0.0,0.0,4,0,0,0,1.23562,3,0,1725,0
458,9,9,3,1710,5329,5329,2494,1129,494,175,204,234,1098,248.0,218.1619117227139,19.0,0.14656734447352526,316,268,1143,1801,1128,558,12,80,172,1,26,25,0.0,0.0,4,0,0,0,1.25374,3,0,1710,0
459,9,9,3,3132,8658,8677,4536,1959,1239,332,428,591,1769,640.0,521.7526233581574,125.0,0.17072297780959197,1226,602,1234,3622,1658,1118,121,179,776,2,58,90,0.0,0.0,4,0,0,0,1.20588,3,0,3132,19
460,10,10,3,1370,3818,3843,1776,629,896,70,151,358,784,667.0,146.0,449.6435676269747,0.14161927971838614,43753,227,705,1496,819,379,178,398,5847,5,36950,375,0.0,0.0,3,8,0,0,1.19382,3,0,1370,25
461,10,10,3,1617,4704,4719,2519,1372,226,254,237,314,816,370.0,311.0,47.0,0.2289468016368727,347,368,730,1436,1223,794,25,47,218,1,13,43,0.0,0.0,4,0,0,0,1.26784,3,0,1617,15
462,10,10,3,1774,5487,5509,2698,1487,199,247,200,313,1010,378.0,259.6456488953924,109.0,0.1978021978021978,1113,130,1085,1637,1386,864,346,185,486,1,29,66,0.0,0.0,4,0,0,0,1.36232,3,0,1774,22
463,10,10,3,1814,4665,4665,2537,1013,810,131,384,411,888,280.0,229.3288849550907,48.0,0.2179429089261441,230,216,576,1742,1042,753,39,54,88,0,16,33,0.0,0.0,4,0,0,0,1.27802,3,0,1814,0
464,10,10,3,1807,5068,5087,2793,1344,496,189,284,434,906,325.0,299.0,8.0,0.18238613462313583,428,277,584,1851,1423,741,8,112,253,1,24,30,0.0,0.0,4,0,0,0,1.2256,3,0,1807,19
465,10,10,3,3508,7804,7841,4699,1608,1805,618,891,644,1358,535.0,427.032823025417,105.0,0.1730047535651739,2238,400,883,3547,1878,1159,692,241,1094,3,108,100,0.0,0.0,4,33,0,0,1.33845,3,0,3508,37
466,10,10,3,1545,3696,3705,2225,1342,303,218,353,262,707,415.0,289.0,115.49498572782136,0.1851150202976996,5172,146,635,1286,1071,506,3157,173,1672,2,90,78,0.0,0.0,4,0,0,0,1.8273,3,0,1545,9
467,10,10,3,2214,4597,4708,3093,789,1480,388,454,365,1009,328.0,189.3325679505893,96.0,0.09247583018074822,6644,260,564,1954,1636,257,547,2529,2304,4,160,1100,0.0,0.0,3,0,0,0,2.09609,3,0,2214,111
468,10,10,3,2208,5167,5206,2425,1126,1134,609,439,395,776,352.0,258.06043132381706,83.10504574201398,0.2237166129948854,1147,374,665,1766,1384,993,138,140,700,2,34,133,0.0,0.0,3,0,0,0,1.44707,3,0,2208,39
469,10,10,3,2376,6128,6128,3282,777,1659,537,753,504,572,211.0,178.14980896577822,33.0,0.13344832993570643,1088,587,1351,2236,1517,580,61,272,622,1,52,80,0.0,0.0,3,0,0,0,1.72005,3,0,2376,0
470,10,10,3,2758,6422,6439,3816,1556,1122,483,364,666,1244,506.0,470.394680002634,32.0,0.17712757590058203,959,424,840,2502,1666,813,58,155,547,2,90,107,0.0,0.0,4,0,0,0,1.23825,3,0,2758,17
471,10,10,3,2163,5018,5054,3121,851,1435,495,476,753,440,367.0,261.1745200893033,62.0,0.2276732078494193,1730,385,365,2076,1184,900,451,149,1007,4,49,70,0.0,0.0,4,804,0,0,1.48452,3,0,2163,36
472,10,10,3,2295,6090,6090,2867,776,1696,561,635,422,677,272.0,190.6430488019834,86.515466490437,0.12323707186030894,1594,719,962,2491,1065,610,26,427,807,3,131,200,0.0,0.0,4,280,0,0,1.49291,3,0,2295,0
473,10,10,3,2157,5536,5552,2659,863,1564,724,527,324,581,272.0,204.0,57.0,0.12771129394166045,729,288,1052,1744,1506,665,34,87,526,1,45,36,0.0,0.0,4,0,0,0,1.45985,3,0,2157,16
474,10,10,3,1574,4335,4348,2505,900,644,253,348,406,573,251.0,221.00395732371967,34.0,0.2247953216374269,322,138,658,1490,1229,665,14,62,191,0,6,49,0.0,0.0,4,0,0,0,1.25722,3,0,1574,13
475,10,10,3,1462,3572,3572,2045,902,689,218,419,285,542,388.0,246.0,122.22403710850352,0.21390086206896552,1778,69,749,1233,1046,559,723,151,722,1,57,124,0.0,0.0,4,0,214,132,1.41015,3,0,1462,0
476,10,10,3,2712,8201,8217,3765,1991,617,327,571,539,1283,616.0,449.0,146.72617151840672,0.21833273186575244,2214,511,1487,2409,2185,1567,347,264,1365,2,99,137,0.0,0.0,4,0,0,0,1.26572,3,0,2712,16
477,10,10,3,2074,6078,6078,3000,1847,281,296,300,399,1071,463.0,362.0,75.0,0.16331058020477815,1186,182,1079,1691,1932,866,64,105,867,4,41,105,0.0,0.0,3,1770,0,0,1.23239,3,0,2074,0
478,10,10,3,2409,7093,7101,3543,434,1932,548,506,546,812,266.0,173.41847650362135,28.0,0.0948340032752717,2217,190,1585,2941,1458,441,907,392,700,3,120,95,0.0,0.0,3,0,0,0,1.98209,3,0,2409,8
479,10,10,3,2886,8443,8504,4335,2063,808,403,360,479,1656,542.0,439.6361288669011,101.0,0.12298314808174973,1466,393,1720,3032,2275,809,14,326,831,2,205,88,0.0,0.0,4,1800,0,0,1.30027,3,0,2886,61
480,10,10,3,1068,3122,3122,1493,1048,9,83,123,168,701,319.0,246.0,62.0,0.23354708066149174,462,97,581,555,1099,581,27,58,320,1,30,26,0.0,0.0,4,1702,0,0,1.15847,3,0,1068,0
481,10,10,3,1807,5343,5343,2320,1692,5,201,168,406,1032,372.0,306.0,56.0,0.20925153861425452,647,245,1057,1223,1503,925,88,138,375,1,18,27,0.0,0.0,4,0,0,0,1.20811,3,0,1807,0
482,10,10,3,1395,4676,4676,2248,1426,0,102,116,139,1038,342.0,322.0,5.0,0.20382307179373194,207,80,942,1078,1610,713,13,46,105,1,18,24,0.0,0.0,4,0,0,0,1.16173,3,0,1395,0
483,10,10,3,2066,5884,5884,2517,1117,1049,506,312,360,881,354.0,169.0,115.0,0.13735597331716193,1109,423,1687,1822,1916,629,141,320,574,1,33,40,0.0,0.0,4,0,0,0,1.5579,3,0,2066,0
484,10,10,3,2972,8136,8136,3745,1960,957,436,505,454,1581,550.0,398.1651446331677,143.0,0.22948248823836906,3732,208,1424,1866,2586,1414,158,1247,1453,3,482,389,0.0,0.0,3,46,0,0,1.41756,3,0,2972,0
485,10,10,3,2439,7112,7127,3470,1757,596,314,199,391,1538,650.0,308.54854472297694,282.0,0.15466387183710137,2448,383,1401,1996,1988,786,301,656,1202,3,152,134,0.0,0.0,3,0,0,0,1.74049,3,0,2439,15
486,10,10,3,2125,6001,6001,2816,865,1243,382,240,386,1123,462.0,308.17347985777883,107.0,0.09404277885805197,1831,182,1353,2413,1180,431,540,419,685,2,128,57,0.0,0.0,3,0,0,0,1.35177,3,0,2125,0
487,10,10,3,1960,5060,5071,2832,903,1123,268,178,453,1052,524.0,294.0,73.0,0.14303030303030304,977,293,835,2089,1108,542,83,240,573,1,16,64,0.0,0.0,3,2224,0,0,1.29343,2,0,1960,11
488,10,10,3,2582,7182,7198,3321,2079,542,521,333,417,1301,1642.0,709.9302218683725,20.0,0.24563832733314872,904,208,1512,2047,1825,1512,21,239,500,2,68,74,0.0,0.0,4,0,0,0,1.14,1,0,2582,16
489,10,10,3,2219,6876,6876,3043,2103,74,306,198,261,1449,1944.0,797.764753782429,55.0,0.2682549504950495,600,298,1323,1535,1985,1213,13,81,399,1,13,93,0.0,0.0,4,1630,0,0,1.04466,1,0,2219,0
490,10,10,3,1353,3884,3884,1862,1225,109,138,221,195,800,651.0,392.0,210.0,0.24396574098105372,3551,125,621,1017,1176,847,279,716,1904,21,417,214,0.0,0.0,4,51,10398,18222,1.26926,2,0,1353,0
491,10,10,3,1035,3316,3316,1428,859,172,88,107,126,719,244.0,211.0,13.0,0.19390048154093098,667,135,696,742,1069,430,223,79,286,1,50,28,0.0,0.0,4,110,0,0,1.22451,2,0,1035,0
492,10,10,3,1900,6145,6145,2881,1582,262,180,206,309,1213,419.0,374.15861085823553,5.0,0.15227272727272728,843,228,1426,1418,1936,620,168,116,425,1,36,97,0.0,0.0,4,0,0,0,1.21843,2,0,1900,0
493,10,10,3,1924,5892,5906,2464,1843,0,278,174,256,1204,808.0,637.1805698106431,77.0,0.3135870501119339,924,148,1083,996,1971,1508,12,245,488,3,92,84,0.0,0.0,4,0,0,0,1.08947,3,0,1924,14
494,10,10,3,2141,6062,6062,2490,2042,58,230,385,390,1137,905.0,818.3326847953913,88.0,0.3184263618022865,1422,142,1042,1193,1966,1508,53,563,617,3,86,100,0.0,0.0,4,1161,0,0,1.06787,2,0,2141,0
495,10,10,3,2111,6429,6429,3041,1825,257,155,168,247,1535,3410.0,1380.1071337104854,26.0,0.2665476963011032,825,97,1156,1441,2004,1360,29,168,363,9,152,104,0.0,0.0,5,0,0,0,0.98583,1,0,2111,0
496,10,10,3,940,2532,2532,1222,838,127,154,78,125,583,2947.0,1302.248281815426,33.0,0.3440090429540317,1523,74,412,543,813,745,38,242,982,13,79,169,0.0,0.0,5,0,0,0,0.97981,1,0,940,0
497,10,10,3,2402,6735,6735,2772,2269,300,341,241,309,1505,2097.0,1848.208233102132,226.0,0.3209295022766525,2191,137,1217,975,2153,1766,31,200,1715,8,98,139,0.0,0.0,4,0,2518,8729,0.97487,1,0,2402,0
498,10,10,3,1579,4038,4038,2043,1451,97,184,232,267,889,570.0,413.0,83.0,0.33528811830698624,1242,116,641,763,1241,1093,132,274,682,2,50,102,0.0,0.0,4,1460,0,0,1.16579,3,0,1579,0
499,10,10,3,2441,7247,7260,3450,2139,337,292,395,539,1228,606.0,506.45712044559286,91.0,0.1986870897155361,1596,520,1327,1890,1986,1013,324,234,888,2,84,64,0.0,0.0,4,0,0,0,1.2595,3,0,2441,13
500,10,10,3,1430,4771,4771,2375,1256,113,152,144,311,827,394.0,310.0,43.0,0.20194805194805196,344,426,707,1383,1348,681,6,68,186,1,28,55,0.0,0.0,4,1682,0,0,1.10943,3,0,1430,0
501,10,10,3,1538,4567,4567,2236,1264,206,177,195,234,927,323.0,301.0,9.0,0.15157159487776484,344,241,856,1255,1354,502,37,52,180,1,14,60,0.0,0.0,4,0,0,0,1.16681,3,0,1538,0
502,10,10,3,1863,4940,4949,2406,1241,576,546,315,384,614,302.0,259.8709971486755,44.0,0.19654340836012862,774,466,925,1329,1340,844,261,87,348,1,33,44,0.0,0.0,4,0,0,0,1.2685,3,0,1863,9
503,10,10,3,2773,6447,6447,2896,885,1836,734,715,593,723,415.0,308.82077202471714,71.0,0.26681922196796337,2304,436,982,2485,917,1612,177,255,1725,5,59,83,0.0,0.0,3,6,0,0,1.60577,3,0,2773,0
504,10,10,3,2259,5268,5275,3090,1258,1117,277,659,490,823,723.0,234.37687208752328,337.0,0.11922621397552309,9138,463,697,2243,1150,422,643,1905,2712,9,1839,2030,0.0,0.0,2,21,0,0,1.80434,3,0,2259,7
505,10,10,3,1953,5616,5638,2745,1358,699,223,686,427,625,425.0,394.76026943975137,15.0,0.1862404447533009,512,314,1091,1777,1581,898,21,152,201,1,30,107,0.0,0.0,4,0,0,0,1.20007,3,0,1953,22
506,10,10,3,1451,3731,3753,1854,959,471,226,328,263,635,332.0,243.1151957677017,48.0,0.21506777893639206,1889,410,325,1470,865,699,58,247,1151,2,371,60,0.0,0.0,4,0,0,0,1.48493,3,0,1451,22
507,10,10,3,1823,4784,4784,2151,1556,274,133,253,349,1080,817.0,625.0,62.0,0.23905070118662353,985,148,942,1230,1327,921,67,140,510,1,27,240,0.0,0.0,4,0,0,0,1.05539,1,0,1823,0
508,10,10,3,1130,3203,3203,1637,743,472,182,155,192,601,448.0,270.0,87.50302551712741,0.1756538585728124,4601,139,775,903,798,424,13,2108,669,3,1240,568,0.0,0.0,4,0,0,0,1.40038,2,0,1130,0
509,10,10,3,1341,2851,2871,1607,655,731,224,302,235,589,434.0,213.1831751243508,61.0,0.20135183208822482,2414,152,473,862,877,385,263,696,872,6,174,403,0.0,0.0,4,0,0,0,1.47762,1,0,1341,20
510,10,10,3,889,2593,2593,1005,948,19,54,49,146,643,776.0,752.8088197229943,16.0,0.3037400831129581,362,118,514,443,833,682,12,77,208,1,31,33,0.0,0.0,4,0,0,0,0.96972,1,0,889,0
511,10,10,3,2878,6767,6780,3221,2255,939,580,321,448,1534,2966.0,1310.2666566489863,193.0,0.30286392639857546,5660,190,1118,1654,2102,1557,345,1044,3002,18,443,808,0.0,0.0,5,1986,0,0,1.21035,1,0,2878,13
512,10,10,3,1650,4272,4294,2403,1675,58,203,227,388,826,33268.0,1854.9230289180584,23.0,0.1848915831196083,498,142,859,1068,1519,620,8,118,256,1,37,78,0.0,0.0,5,0,0,0,0.95836,1,0,1650,22
513,10,10,3,1143,3330,3421,1358,1113,0,158,58,211,713,3381.0,729.8544595161372,13.0,0.2556390977443609,493,44,755,406,1390,661,4,65,372,2,22,28,0.0,0.0,4,0,0,0,0.98319,1,0,1143,91
514,10,10,3,2812,8378,8378,3482,2313,346,313,350,539,1611,2314.0,1401.8928811010885,46.0,0.2568627450980392,1322,204,1905,1919,2157,1819,171,192,801,1,30,127,0.0,0.0,4,37,0,0,1.03476,1,0,2812,0
515,10,10,3,2298,7338,7353,3552,1674,491,341,481,346,1130,562.0,443.2520461328414,93.0,0.13449546485260772,592,224,1750,2365,1867,758,14,56,402,1,52,67,0.0,0.0,4,1884,0,0,1.18796,3,0,2298,15
516,10,10,3,1552,4583,4583,2184,1352,157,118,270,275,885,380.0,352.36803446511635,28.0,0.2021932830705963,377,173,944,841,1637,708,4,80,253,1,16,23,0.0,0.0,4,0,0,0,1.09905,2,0,1552,0
517,10,10,3,2027,6103,6111,3238,1740,276,267,287,371,1098,503.0,400.587401158438,52.0,0.18642596771393855,1179,309,1299,2007,1229,816,142,95,771,2,49,120,0.0,0.0,4,0,0,0,1.34413,3,0,2027,8
518,10,10,3,2262,6305,6305,2963,1756,421,298,303,317,1342,725.0,521.3490263636893,128.0,0.20989433237271854,3538,401,1322,1556,1778,1100,540,555,2067,91,143,142,0.0,0.0,4,0,0,0,1.29312,2,0,2262,0
519,10,10,3,3275,8522,8555,4476,2195,1083,526,520,861,1367,756.0,440.1779193933025,134.0,0.18887980376124286,6506,497,1574,2277,2690,1365,72,491,4013,5,1750,175,0.0,0.0,4,0,0,0,1.43606,3,0,3275,33
520,10,10,3,1447,4421,4447,2106,1330,73,205,229,355,658,419.0,388.0347133458487,40.0,0.1702077431539188,1123,351,649,1182,1349,622,73,294,561,2,81,112,0.0,0.0,4,0,0,0,1.19499,3,0,1447,26
521,10,10,3,2148,5629,5653,2869,1340,808,515,418,396,813,428.0,287.6671387896134,116.4663098565078,0.16693024073097873,2766,480,1081,2162,1259,603,258,199,1634,2,231,442,0.0,0.0,4,0,0,0,1.35411,3,0,2148,24
522,11,11,3,2231,6003,6057,3504,1589,623,507,514,464,751,462.0,366.0,96.0,0.15337524818001325,1260,290,1078,2087,1821,668,83,224,606,2,36,309,0.0,0.0,4,0,0,0,1.21531,3,0,2231,54
523,11,11,3,3010,9114,9156,4399,2741,196,333,596,522,1545,644.0,564.324621952293,69.0,0.16876462069733764,1234,520,2164,2398,2458,1268,532,111,502,1,32,56,0.0,0.0,4,0,0,0,1.21833,3,0,3010,42
524,11,11,3,1924,5587,5601,2802,1883,9,253,137,311,1234,458.0,414.0,33.0,0.20082737871380218,372,456,871,1409,1589,894,15,133,132,3,30,59,0.0,0.0,4,0,0,0,1.12617,3,0,1924,14
525,11,11,3,1671,4477,4491,1820,1584,39,223,357,413,665,429.0,403.0,26.0,0.2927765237020316,792,286,843,946,1242,1028,29,156,477,2,71,57,0.0,0.0,4,547,0,0,1.10695,3,0,1671,14
526,11,11,3,2498,7067,7087,3488,2237,280,294,297,523,1393,618.0,503.7107259594122,93.0,0.18775933609958506,1063,337,1382,2369,1610,940,19,129,702,1,119,93,0.0,0.0,4,1543,0,0,1.20546,3,0,2498,20
527,11,11,3,2704,7087,7171,3614,2374,351,472,419,252,1566,688.0,564.4461314892073,82.0,0.24403592478248667,1632,556,1020,2034,2030,1365,126,279,989,3,69,166,0.0,0.0,4,0,0,0,1.23386,3,0,2704,84
528,11,11,3,2493,6474,6497,3712,1321,1154,267,675,618,928,467.0,424.58654168118113,24.0,0.19165870741801974,1535,240,960,2471,1499,1015,151,323,829,2,85,145,0.0,0.0,4,0,0,0,1.26787,3,0,2493,23
529,11,11,3,1431,3660,3660,1589,996,403,185,152,385,711,361.0,324.48200112077905,38.0,0.3148148148148148,1072,73,725,622,1055,862,188,223,459,4,80,118,0.0,0.0,4,0,0,0,1.17018,3,0,1431,0
530,11,11,3,3170,6873,6875,4176,1202,2083,559,914,551,1153,630.0,419.211956720629,123.0,0.17292147806004618,8111,283,1147,2551,1808,1045,1007,2866,2456,11,554,1217,0.0,0.0,3,0,0,0,1.71237,3,0,3170,2
531,11,11,3,1445,3057,3099,1879,799,603,375,361,293,422,273.0,241.0,32.0,0.2361904761904762,4848,156,237,1312,851,557,2880,751,1026,3,88,100,0.0,0.0,3,0,0,0,2.98894,2,0,1445,42
532,11,11,3,2988,6972,7060,4161,590,2419,824,891,709,560,236.0,199.9918553774061,47.0,0.16123263172375843,787,541,999,3428,1235,943,79,83,572,1,13,39,0.0,0.0,3,35,0,0,1.56786,3,0,2988,88
533,11,11,3,2675,6568,6607,3889,834,1766,758,876,508,521,447.0,244.7650717858261,203.0,0.14661879114302812,8936,158,1084,2685,1821,822,69,397,8292,3,67,108,0.0,0.0,3,1359,2101,11609,1.55282,3,0,2675,39
534,11,11,3,2084,4888,4926,2996,1483,618,590,302,393,804,475.0,354.8436739254855,71.0,0.2506994963626189,1318,367,669,1996,1029,1199,102,300,482,1,336,97,0.0,0.0,3,0,0,0,2.05152,3,0,2084,38
535,11,11,3,1957,4659,4659,2622,1233,781,454,614,436,464,331.0,190.16012406433117,77.0,0.16666666666666666,1734,350,1088,1772,1083,578,180,301,1075,3,89,86,0.0,0.0,4,0,0,0,1.52577,3,0,1957,0
536,11,11,3,1821,4671,4671,2922,835,978,394,582,388,453,230.0,140.62949184170634,25.0,0.09227683049147442,752,248,1040,2312,1004,305,131,77,443,1,34,66,0.0,0.0,4,0,0,0,1.70221,3,0,1821,0
537,11,11,3,3519,6638,6711,4789,607,2915,634,777,967,1149,410.0,104.04758488267782,259.0,0.10022238695329874,3195,192,737,3947,1251,495,329,605,1157,7,711,386,0.0,0.0,4,412,0,0,1.74611,3,0,3519,73
538,11,11,3,1402,2829,3404,1870,510,925,253,470,242,436,164.2,118.39120094861538,40.1956701545322,0.14806070826306914,1075,156,161,1367,888,336,40,690,294,1,13,37,40.69024817690727,20.345124088453638,3,0,0,0,1.65842,3,0,1402,575
539,11,11,3,490,1083,1333,811,119,378,129,89,66,211,508.1,77.21585200126441,361.7188528225109,0.15121951219512195,5372,97,97,559,350,107,619,627,2357,6,702,1061,25.431405110567045,0.0,3,0,0,0,1.75406,3,0,490,250
540,11,11,3,2275,5459,5472,3074,992,1439,457,502,526,796,329.0,230.15853850535973,87.0,0.13448155880306192,4090,158,1228,2415,1250,600,240,867,2470,44,247,222,0.0,0.0,3,0,0,0,1.65731,3,0,2275,13
541,11,11,3,2131,4879,4887,2871,1759,449,172,455,554,941,531.0,328.38690311451523,174.0,0.22545805207328834,1922,247,668,1366,1955,870,176,274,1281,3,64,124,0.0,0.0,4,1590,0,0,1.40551,3,0,2131,8
542,11,11,3,1042,2617,2636,1596,584,426,77,325,234,405,252.0,192.4198430865468,48.0,0.1740104555638536,1714,247,271,1235,583,313,5,372,874,2,43,418,0.0,0.0,4,1660,0,0,1.51355,3,0,1042,19
543,11,11,3,1558,3434,5916,2051,941,607,369,296,310,584,369.0,167.03236638429564,192.0,0.047446514837819184,3839,111,1304,3345,679,263,147,461,2807,4,120,300,0.0,0.0,4,0,8436,1693,1.61077,3,0,1558,2482
544,11,11,3,2625,5774,5829,3216,1100,1551,712,492,736,675,391.0,256.1170190305588,74.0,0.1602062588904694,1042,197,473,3127,1092,639,130,197,512,2,80,121,0.0,0.0,4,0,0,0,1.42715,3,0,2625,55
545,11,11,3,1396,3249,4342,1922,681,742,399,227,248,528,236.0,163.8960329839421,58.0,0.12113962592431492,1297,198,973,2181,652,508,33,273,934,1,28,28,0.0,0.0,4,0,0,0,1.51115,3,0,1396,1093
546,11,11,3,1870,4048,4063,2601,859,1251,396,540,341,597,470.0,172.34108308204654,208.26336862501532,0.08163265306122448,10829,322,336,3529,813,338,50,1628,959,7,405,7780,0.0,17.519412409501744,2,0,0,0,3.59905,3,0,1870,15
547,11,11,3,3003,7338,7418,4900,1371,1656,502,553,683,1280,475.0,275.5196763722207,196.0,0.11418225709112854,5371,489,1287,3851,1606,916,177,1714,896,2,534,2048,0.0,0.0,3,0,0,0,1.51143,3,0,3003,80
548,11,11,3,3220,7816,7875,4632,1735,1554,824,752,836,823,455.0,315.5389564047631,83.0,0.1584979273347964,1267,328,1084,3607,1990,1056,67,190,737,2,152,119,0.0,0.0,4,0,0,0,1.43602,3,0,3220,59
549,11,11,3,2532,4821,4911,2671,446,2274,1281,728,207,329,199.0,105.6637727202618,87.0,0.17167207792207792,2859,102,547,2345,1144,704,83,1202,1199,3,96,276,0.0,48.03709854218219,3,0,0,0,3.64005,3,0,2532,90
550,11,11,3,1483,3935,3983,2396,946,535,422,360,428,273,205.0,180.23394626388867,24.0,0.09848666826807591,566,61,670,2052,938,371,20,172,287,1,19,67,0.0,14.12855839475947,3,0,0,0,1.39248,3,0,1483,48
551,11,11,3,1670,4955,5205,2553,869,817,535,581,350,201,371.0,225.4097580074448,95.31379700960116,0.20677966101694914,1276,285,973,1944,1295,988,83,177,574,1,230,211,0.0,0.0,4,1298,0,0,1.52935,3,0,1670,250
552,11,11,3,1330,3982,3982,2141,904,359,412,412,277,234,151.0,125.0,14.0,0.15330456506927095,393,376,908,1526,945,582,16,57,191,1,32,96,0.0,0.0,3,0,0,0,1.5435,3,0,1330,0
553,11,11,3,1251,4183,4285,2129,1098,147,311,332,211,391,205.0,117.50127994632447,18.0,0.13586206896551725,275,200,673,2068,830,501,29,27,198,0,6,15,0.0,0.0,3,0,0,0,1.62563,3,0,1251,102
554,11,11,3,1199,2969,3556,2002,717,512,315,205,234,436,182.0,154.0,25.0,0.15666327568667346,609,85,611,1772,892,510,45,112,404,1,17,30,0.0,15.823985402130608,3,0,0,0,1.50517,3,0,1199,587
555,11,11,3,2645,6063,6209,4139,899,1958,892,798,431,528,302.0,169.4379274835486,72.0,0.11377338073890864,870,219,555,3880,1098,590,25,87,649,1,84,24,0.0,0.0,3,686,0,0,1.62568,3,0,2645,146
556,11,11,3,588,1767,5597,854,29,586,367,166,50,3,61.0,24.0,37.0,0.011344615956853264,125,42,2623,2279,332,23,25,18,67,0,7,8,0.0,25.996547446357425,1,0,0,0,4.0183,3,0,588,3830
557,11,11,3,2301,4055,4192,2477,48,2359,973,433,384,506,179.0,21.386742048115977,158.0,0.1265704979060028,10072,149,491,2568,511,506,138,555,5655,4,178,3542,128.287310224416,75.72907299591076,1,0,28221,11984,3.69908,3,0,2301,137
558,11,11,3,2500,4620,4793,3385,283,2740,629,362,528,976,408.0,56.84870895971288,236.5855503088343,0.10260653702937526,20482,58,250,3077,956,410,315,8638,3536,12,441,7540,110.76789781491424,38.99482116953613,1,0,0,0,3.94606,3,0,2500,173
559,11,11,3,1759,4712,4718,2689,1575,173,187,548,305,706,381.0,288.9155890130557,48.0,0.17822816548265774,816,371,722,1906,1044,652,27,150,474,19,37,109,0.0,0.0,4,0,0,0,1.27405,3,0,1759,6
560,11,11,3,1510,4436,4641,2576,810,816,509,344,305,356,254.0,174.22835447932087,18.0,0.07637035516321083,2866,198,1044,2141,1126,284,36,1366,1226,2,124,112,109.0724708075431,17.519412409501744,3,0,335,0,4.74781,3,0,1510,205
561,11,11,3,1531,4041,4052,1905,599,885,674,390,358,112,283.0,92.39510182979588,184.0,0.16138763197586728,1271,226,449,1709,1028,493,115,128,502,9,351,166,0.0,0.0,4,0,0,0,1.35074,3,0,1531,11
562,11,11,3,1314,3906,3940,2254,659,602,415,376,275,245,170.0,105.524579382084,32.0,0.14542279870291844,507,208,572,1959,699,491,51,56,251,4,22,123,0.0,0.0,4,0,0,0,1.71449,3,0,1314,34
563,11,11,3,4338,11154,11712,5321,1571,2783,2064,1062,804,409,1599.0,387.0,954.5035402559756,0.16680227827502034,14470,605,2593,4127,3069,1677,1513,1839,3104,43,4583,3388,0.0,0.0,4,1837,0,0,1.57495,3,0,4338,558
564,11,11,3,3249,9712,9744,4987,1408,1784,723,697,815,1007,580.0,306.7695365322268,175.0,0.11222582866135536,1774,637,2323,3629,2548,865,686,170,808,1,27,82,0.0,0.0,4,499,0,0,1.34749,2,0,3249,32
565,11,11,3,2374,6246,6246,3352,1491,795,831,378,544,613,307.0,185.0,23.0,0.2090368980612883,1246,254,937,2401,1542,1155,14,418,402,1,190,221,0.0,0.0,4,0,0,0,1.6761,1,0,2374,0
566,11,11,3,3683,9329,9347,5832,2572,1091,639,526,750,1755,1079.0,636.7947999934187,119.450763220501,0.1516623488773748,1576,653,1347,4147,1951,1003,94,161,778,9,156,378,0.0,0.0,4,60,0,0,1.26875,1,0,3683,18
567,11,11,3,2304,7442,7469,3966,1603,609,747,540,733,286,444.0,174.08546570815562,222.0,0.1670268208974196,1963,356,1518,2568,2111,1195,187,269,798,3,386,320,107.94218613596234,0.0,4,0,0,0,1.322,3,0,2304,27
568,11,11,3,2190,6552,6572,3134,1315,794,865,526,393,408,345.0,269.13294304465376,31.36319325969369,0.15452954637232466,898,188,1567,2711,1976,841,124,78,448,1,138,109,0.0,0.0,4,7,0,0,1.52515,3,0,2190,20
569,11,11,3,963,3291,3291,1713,813,137,343,280,122,213,148.0,113.0,10.0,0.14990460615971654,264,163,937,1327,797,392,44,34,161,0,7,18,0.0,0.0,3,0,0,0,1.64827,3,0,963,0
570,11,11,3,1037,3400,3415,1596,533,507,533,194,195,116,145.0,104.0,19.0,0.15116552860842947,529,94,1039,1410,1120,512,21,89,309,2,28,80,0.0,0.0,3,0,0,0,1.71996,3,0,1037,15
571,11,11,3,740,2651,2651,1575,714,9,147,161,123,314,284.0,5556.073783289446,8.0,0.1609547123623011,323,142,678,1167,785,430,7,45,189,4,17,61,0.0,0.0,4,0,0,0,1.44098,3,0,740,0
572,11,11,3,952,3525,3525,2054,916,42,197,256,224,278,377.0,196.0,54.0,0.16670764691418735,478,83,585,1516,1297,515,2,29,412,0,16,19,0.0,0.0,4,1564,0,0,1.28569,3,0,952,0
573,11,11,3,948,3452,3496,1636,888,0,178,184,233,345,340.0,215.0,5.0,0.2846778874056878,277,74,504,1033,963,810,2,23,214,0,27,11,0.0,0.0,4,8,0,0,1.29325,3,0,948,44
574,11,11,3,1298,4513,4586,2163,1170,119,503,438,231,124,284.0,164.49076971220614,22.0,0.17947154471544716,625,202,1214,1506,1275,636,26,96,414,1,24,64,0.0,0.0,4,0,0,0,1.44107,3,0,1298,73
575,11,11,3,1024,3483,3526,1903,960,0,252,195,267,308,410.0,155.0,29.0,0.24443918599148132,861,146,611,1391,1230,763,111,44,620,1,56,29,0.0,0.0,4,0,0,0,1.45847,3,0,1024,43
576,11,11,3,1191,4200,4246,1978,1151,10,255,361,305,278,267.0,227.0,29.0,0.1975919157170501,474,281,719,1484,1291,795,27,48,323,0,44,32,0.0,0.0,4,0,0,0,1.29524,3,0,1191,46
577,11,11,3,1134,4376,4410,2275,1086,48,173,226,451,285,232.0,199.0,21.0,0.18973791066814322,430,327,1194,1793,1186,824,10,22,384,0,8,6,0.0,0.0,3,0,0,0,1.3955,3,0,1134,34
578,11,11,3,2145,6673,6679,3737,852,1272,648,644,462,384,268.0,218.0,45.0,0.12663755458515283,777,323,1541,2920,1965,690,84,114,507,2,24,46,0.0,0.0,3,0,0,0,1.64165,3,0,2145,6
579,11,11,3,719,1813,1964,964,207,515,341,147,85,147,437.0,63.731377664142265,101.75898080389402,0.2654075546719682,2476,103,273,647,570,380,605,117,1064,2,259,429,0.0,0.0,4,0,0,0,1.6454,3,0,719,151
580,11,11,3,937,3407,3495,1635,357,555,374,367,151,40,201.0,72.0,82.0,0.09317113630080177,767,144,1128,1128,928,222,66,93,380,0,174,54,0.0,0.0,3,0,0,0,1.73423,3,0,937,88
581,12,12,3,1022,3606,3622,1801,557,493,468,150,142,262,214.0,141.0,6.0,0.17776757005052826,398,64,986,1411,1170,646,63,61,253,0,6,15,0.0,0.0,3,0,0,0,1.74844,3,0,1022,16
582,12,12,3,1774,5850,5884,3217,1222,503,564,439,371,402,353.0,273.19286302488024,45.807331488576935,0.25936643314042035,2031,225,1125,1732,1820,1564,333,119,1512,1,31,35,0.0,0.0,4,0,0,0,1.59554,3,0,1774,34
583,12,12,3,1495,5284,5297,2565,1181,228,438,405,271,382,617.0,333.0,240.3370490459293,0.23357167177391897,3107,286,983,1961,1320,1202,1173,204,1597,1,68,64,0.0,0.0,4,25,170,0,1.47799,3,0,1495,13
584,12,12,3,863,3281,3288,1748,842,0,225,203,164,268,424.0,184.0,182.0,0.18487185867131128,498,116,633,1308,1323,567,39,58,333,1,27,40,0.0,0.0,4,0,0,0,1.16195,3,0,863,7
585,12,12,3,894,3203,3206,1780,903,8,191,261,223,221,187.0,138.0,19.0,0.22161080540270134,496,250,586,1506,984,615,72,67,330,0,8,19,0.0,0.0,3,0,0,0,1.5567,3,0,894,3
586,12,12,3,1137,4636,4636,2890,1190,0,135,310,232,459,274.0,196.0,78.0,0.12576909156713717,711,79,1084,2413,1296,573,221,43,354,1,31,61,0.0,0.0,4,1909,0,0,1.43477,3,0,1137,0
587,12,12,3,394,1646,1651,975,380,8,39,49,175,132,93.0,84.0,9.0,0.17051342439943476,463,31,478,710,555,321,3,36,397,1,12,14,0.0,0.0,4,0,0,0,1.5129,3,0,394,5
588,12,12,3,1210,4742,4776,2557,862,359,152,550,294,212,248.0,209.0,18.0,0.1871873487171212,512,279,1712,1911,1198,994,32,77,353,1,16,33,0.0,0.0,4,0,0,0,1.45824,3,0,1210,34
589,12,12,3,1406,5500,5520,2876,1182,228,391,423,209,381,256.0,157.0,27.0,0.1351944792973651,621,186,1335,2224,1843,656,59,38,432,1,61,30,0.0,0.0,4,0,0,0,1.6229,3,0,1406,20
590,12,12,3,872,3297,3297,1851,608,234,228,249,241,151,180.0,70.0,60.0,0.13893208916537067,609,194,746,1369,1023,443,235,65,248,1,42,18,0.0,0.0,4,0,0,0,1.61887,3,0,872,0
591,12,12,3,2080,6319,6449,3241,1414,687,919,447,426,276,357.0,252.1526788046945,62.046987184726,0.17852595840995897,900,414,1480,2267,1701,1065,79,122,610,1,28,60,0.0,0.0,4,0,0,0,1.8466,3,0,2080,130
592,12,12,3,1277,4080,4097,2160,783,425,389,320,291,275,293.0,129.0,4.0,0.21205906480721903,519,330,1084,1602,921,845,47,47,282,13,67,63,0.0,0.0,4,0,0,0,1.69749,3,0,1277,17
593,12,12,3,933,3219,3225,1654,615,286,242,287,230,174,335.0,104.0,185.0,0.13535754824063564,3543,138,894,1210,811,394,109,190,313,2,1296,1633,0.0,0.0,4,0,0,0,1.43353,3,0,933,6
594,12,12,3,1358,4794,4857,2406,978,366,396,328,267,364,190.0,159.4703822986192,21.0,0.15691318327974277,532,145,653,1794,1375,620,16,61,331,1,23,100,0.0,0.0,3,0,0,0,1.58194,3,0,1358,63
595,12,12,3,2379,6192,6192,2725,349,2003,1170,688,398,131,275.0,148.0,65.0,0.24138937536485697,3277,326,1583,1927,1509,1396,86,162,2929,2,40,58,0.0,0.0,3,0,0,0,1.76916,3,0,2379,0
596,12,12,3,689,2162,2185,1175,526,148,187,187,162,156,298.0,111.0,92.0,0.22134387351778656,572,82,480,914,572,428,125,51,347,1,25,23,0.0,0.0,3,3242,0,0,1.32264,3,0,689,23
597,12,12,3,2189,5809,5876,2624,861,1391,956,385,239,595,222.0,133.91834992370508,108.0,0.2659501876492665,966,338,857,2103,1193,1275,4,97,548,1,215,101,0.0,0.0,3,0,0,0,1.57291,3,0,2189,67
598,12,12,3,1992,5748,5801,3147,1667,308,384,265,258,1099,517.0,285.35831643627887,155.0,0.22692307692307692,758,220,715,2493,1287,1155,86,186,394,2,34,56,0.0,0.0,4,0,0,0,1.2856,3,0,1992,53
599,12,12,3,1478,5256,5272,2840,1330,146,136,245,389,711,291.0,230.0,12.0,0.18323153803442532,193,300,780,1917,1508,801,5,19,130,0,27,12,0.0,0.0,4,0,0,0,1.28497,3,0,1478,16
600,12,12,3,1066,3448,3473,1879,1111,0,126,145,318,481,288.0,277.0,3.0,0.29651003022808464,316,132,359,1362,805,921,12,29,253,0,7,15,0.0,0.0,4,0,0,0,1.23734,3,0,1066,25
601,12,12,3,3320,9186,9305,5192,2219,1013,370,544,783,1619,544.0,285.3635916156568,121.0,0.1528813559322034,1069,233,1023,4080,2157,1192,51,460,466,1,43,48,0.0,0.0,4,0,0,0,1.41288,3,0,3320,119
602,12,12,3,705,2361,2492,1164,685,28,133,338,152,85,360.4,68.0,168.03776376166402,0.21279373368146215,3954,67,446,712,755,291,200,868,466,1,828,1591,0.0,0.0,4,0,0,0,1.97935,3,0,705,131
603,12,12,3,215,557,614,524,167,55,29,52,36,98,399.2,28.533201264779,305.0,0.16251830161054173,4234,25,91,283,181,92,496,961,786,1,1177,813,0.0,0.0,3,158,0,0,1.61007,3,0,215,57
604,12,12,3,1225,4404,4633,2033,1128,27,415,181,270,359,317.0,74.0,217.0,0.13837859424920126,6395,184,1330,1783,1077,549,62,556,2109,2,2504,1162,0.0,0.0,4,757,0,0,1.60542,3,0,1225,229
605,12,12,3,4007,10964,11005,5657,2022,1778,636,559,1213,1594,1133.0,322.83623473261434,480.0,0.16489073505508398,11416,741,1703,4768,2199,1479,785,1950,1597,6,5618,1460,0.0,0.0,3,0,0,0,2.2414,3,0,4007,41
606,12,12,3,4438,12025,12039,7514,1972,2433,322,669,685,2768,499.0,272.27096551806096,243.0,0.11345079501504082,1872,755,1517,6722,1478,939,83,522,930,6,293,38,0.0,0.0,4,0,0,0,1.4127,3,0,4438,14
607,12,12,3,2096,6144,6156,3205,1149,926,353,224,640,883,642.0,138.11612169264305,474.0,0.1290904406080907,5237,441,789,4121,1618,672,2305,289,1809,2,210,622,0.0,0.0,4,0,0,0,1.47109,3,0,2096,12
608,12,12,3,2098,5164,5206,3040,828,1337,166,376,575,986,810.9,83.91922873774527,712.0,0.07092054460475514,8906,381,520,3075,683,183,373,1573,1238,4,4049,1669,0.0,0.0,4,0,0,0,1.81835,3,0,2098,42
609,12,12,3,1796,5282,5282,2285,1515,200,407,320,341,727,461.0,318.8170887231838,113.0,0.27489963678073026,1881,208,962,1548,1142,1285,160,241,797,2,74,607,0.0,0.0,4,0,0,0,1.47136,3,0,1796,0
610,12,12,3,714,1974,1974,834,453,260,237,92,71,310,147.0,49.0,33.0,0.3134009610250934,470,85,327,494,422,515,114,47,208,0,74,27,0.0,0.0,4,0,0,0,1.44648,3,0,714,0
611,12,12,3,1684,5799,5829,2822,1327,311,336,308,316,720,434.0,302.0,72.0,0.16639127561136816,1220,311,1282,1986,1507,835,76,127,892,1,58,66,0.0,0.0,4,0,0,0,1.355,3,0,1684,30
612,12,12,3,2346,7550,7551,4257,1404,823,520,305,617,901,442.0,195.38742562048645,152.0,0.1398649579716136,1886,290,1419,2920,1629,858,60,383,751,1,635,56,0.0,0.0,4,7,15,547,1.5826,3,0,2346,1
613,12,12,3,921,3073,3073,1692,775,137,202,187,241,293,218.0,164.9131634365958,35.0,0.20290697674418604,623,27,703,986,1091,567,67,58,393,1,82,22,0.0,0.0,4,0,0,0,1.34037,2,0,921,0
614,12,12,3,1532,5330,5334,2585,1315,151,252,310,267,705,410.0,249.0,132.0,0.23404647731464404,695,199,1135,1451,1473,1034,31,67,550,5,19,23,0.0,0.0,4,2981,0,0,1.23847,3,0,1532,4
615,12,12,3,1478,4494,4513,2333,1179,251,314,297,281,584,4186.0,520.0922084200502,23.0,0.21823204419889503,474,149,724,1395,1492,847,8,62,323,3,24,54,0.0,0.0,4,0,0,0,1.08261,1,0,1478,19
616,12,12,3,1405,4668,4668,2661,986,325,273,260,447,434,242.0,127.0,73.0,0.1396103896103896,718,246,1001,1651,1417,516,22,41,602,1,39,13,0.0,0.0,4,105,0,0,1.42376,2,0,1405,0
617,12,12,3,1152,3670,3673,1928,728,393,228,339,297,289,258.0,147.0,59.0,0.22601872943558593,544,134,651,1262,1117,725,59,75,362,1,19,28,0.0,0.0,4,0,0,0,1.44685,3,0,1152,3
618,12,12,3,697,2345,2352,1199,699,3,77,120,162,339,2260.0,385.0,8.0,0.22921063739974673,150,128,387,764,615,427,3,35,69,0,27,16,0.0,0.0,4,926,0,0,1.0439,1,0,697,7
619,12,12,3,1500,4651,4667,2389,1402,66,196,166,308,830,298.0,221.0,30.0,0.23725690890481063,357,291,779,1458,1327,938,3,46,267,1,22,18,0.0,0.0,4,0,0,0,1.33638,2,0,1500,16
620,12,12,3,1189,3898,3905,1958,1113,39,158,144,316,574,282.0,105.5778004513545,94.0,0.13690319176998153,1074,200,835,1377,894,415,60,157,769,1,60,27,0.0,0.0,4,0,0,0,1.46721,3,0,1189,7
621,12,12,3,1230,3685,3710,2008,927,272,288,183,304,455,265.0,158.0,61.0,0.19166666666666668,693,206,642,1265,1191,590,156,30,462,1,15,29,0.0,0.0,4,0,0,0,1.36731,3,0,1230,25
622,12,12,3,1605,5507,5529,2997,1454,104,281,267,362,704,336.0,286.0,49.0,0.19088780839186026,379,306,593,2153,1581,805,8,24,311,0,11,25,0.0,0.0,4,0,0,0,1.23912,2,0,1605,22
623,12,12,3,1965,6595,6606,3585,1918,66,255,305,519,883,399.0,348.0,16.0,0.1968480957245002,266,176,1153,2314,2118,992,18,27,165,0,10,46,0.0,0.0,4,0,0,0,1.22919,2,0,1965,11
624,12,12,3,899,2939,2976,1388,846,0,117,128,238,415,234.0,154.0,6.0,0.30133779264214045,107,65,486,756,867,765,1,31,68,0,3,4,0.0,0.0,4,0,0,0,1.24245,3,0,899,37
625,12,12,3,1702,5451,5479,3016,1339,345,199,374,294,831,328.0,220.0,25.0,0.19330453563714903,975,382,711,2156,1285,908,97,86,722,1,32,37,0.0,0.0,4,0,0,0,1.43263,3,0,1702,28
626,12,12,3,1222,4023,4031,1967,1196,0,204,176,204,645,355.0,292.1042652211116,62.0,0.23745984680009885,426,204,644,1184,1149,800,10,73,283,1,20,39,0.0,0.0,4,1922,0,0,1.2316,2,0,1222,8
627,12,12,3,1892,5690,5744,2915,1506,297,227,362,549,751,421.0,300.15856151620915,42.0,0.19471658502449266,886,420,827,1840,1569,967,196,115,469,1,36,69,0.0,0.0,4,0,0,0,1.26469,3,0,1892,54
628,12,12,3,1492,4669,4684,2354,1308,98,294,171,235,793,4328.0,826.0150216611808,103.0,0.24376278118609407,679,200,751,1276,1671,902,6,64,447,39,21,102,0.0,0.0,4,0,0,0,1.002,1,0,1492,15
629,12,12,3,1742,5325,5389,3058,1592,190,224,315,319,881,739.0,569.6304127124629,52.0,0.20047130112775627,575,290,1041,1937,1607,970,9,49,410,1,23,83,0.0,0.0,4,0,0,0,1.1021,1,0,1742,64
630,12,12,3,2066,6704,6740,3381,1471,536,637,414,423,600,407.0,370.2578306625606,31.0,0.1983784490649928,1014,277,1883,2236,1876,1256,125,149,633,1,50,56,0.0,0.0,3,0,0,0,1.32064,3,0,2066,36
631,12,12,3,1257,4493,4498,2610,945,278,81,249,310,611,252.0,171.0,24.0,0.17761692650334077,211,297,965,1947,1283,796,28,39,110,1,12,21,0.0,0.0,4,0,0,0,1.48485,3,0,1257,5
632,12,12,3,1886,5872,5914,3417,1331,460,396,396,383,708,379.0,256.5297439690504,96.0,0.22372010913176055,1354,231,827,2398,1610,1054,575,67,653,0,29,30,0.0,0.0,4,5,0,0,1.38962,3,0,1886,42
633,12,12,3,2320,7827,7873,4563,2019,335,499,553,778,484,478.0,376.3096201811122,101.0,0.16652011431083755,1181,375,1769,3376,2182,1254,44,142,839,1,68,87,0.0,0.0,4,1898,0,0,1.34189,3,0,2320,46
634,12,12,3,1506,4582,4613,2508,1119,358,498,419,230,356,282.0,207.61805873937504,70.0,0.20090293453724606,1552,140,725,1854,1308,772,236,69,532,1,53,661,0.0,0.0,4,0,0,0,1.47302,3,0,1506,31
635,12,12,3,1004,3261,3270,1801,1072,0,230,232,262,286,246.0,189.0,54.0,0.25813630041724617,486,187,502,1198,909,756,6,68,297,1,55,59,0.0,0.0,4,0,0,0,1.34553,2,0,1004,9
636,12,12,3,1297,4486,4509,2533,1262,37,214,279,349,454,338.0,286.0,52.0,0.21164719185827366,944,238,834,1785,1430,918,255,88,493,1,25,82,0.0,0.0,4,682,0,0,1.30841,2,0,1297,23
637,12,12,3,1349,4096,4114,2212,1345,15,136,201,297,720,3895.0,1327.603703729209,22.0,0.2839677047289504,471,136,562,1147,1480,931,9,132,158,7,33,132,0.0,0.0,4,0,0,0,0.97235,1,0,1349,18
638,12,12,3,1234,4657,4680,2428,1173,18,241,309,323,357,246.0,206.0,30.0,0.1625689914701455,481,421,1090,2109,1486,772,21,92,284,1,20,63,0.0,0.0,4,0,0,0,1.46552,2,0,1234,23
639,12,12,3,1112,3879,3901,2319,996,235,108,328,402,272,245.0,182.0,63.0,0.12508735150244585,417,245,816,1637,1080,440,93,25,224,2,9,64,0.0,0.0,4,100,0,0,1.43778,3,0,1112,22
640,12,12,3,796,2886,2886,1499,770,16,177,193,187,238,202.0,154.0,39.0,0.20674157303370785,456,178,660,1162,893,613,5,20,387,0,14,30,0.0,0.0,4,0,0,0,1.33622,3,0,796,0
641,12,12,3,801,2890,2890,1697,774,0,115,205,210,270,263.0,165.0,87.0,0.14736842105263157,290,183,971,1411,834,517,11,38,193,1,18,29,0.0,0.0,4,1295,0,0,1.25931,2,0,801,0
642,12,12,3,1079,3012,3012,1460,1040,39,108,194,305,467,3730.0,866.9605164163376,9.0,0.2087434858135495,330,316,596,1103,788,585,3,59,165,1,28,74,0.0,0.0,4,0,0,0,0.98488,1,0,1079,0
643,12,12,3,1139,3932,3980,2249,1073,0,148,279,347,366,348.0,179.14766885392623,23.0,0.2403462050599201,357,123,618,1623,1287,781,5,26,278,0,14,34,0.0,0.0,4,30,0,0,1.30456,2,0,1139,48
644,12,12,3,1108,3857,3892,1988,1048,0,53,294,310,443,469.0,180.0,58.0,0.25879108250976784,838,217,438,1709,951,961,216,36,493,0,66,27,0.0,0.0,4,1,0,0,1.37792,3,0,1108,35
645,12,12,3,1017,3581,3621,1852,979,25,116,231,246,421,291.0,270.0,18.0,0.2362824888422158,659,144,703,1046,1205,626,10,108,479,1,23,38,0.0,0.0,4,0,0,0,1.26215,2,0,1017,40
646,12,12,3,932,3173,3184,1571,883,0,137,178,204,414,201.0,165.0,33.0,0.23162316231623162,271,39,641,1064,850,684,2,10,248,0,5,6,0.0,0.0,4,0,0,0,1.2999,2,0,932,11
647,12,12,3,1285,4389,4389,2220,1219,0,180,192,163,744,406.0,322.0,1.0,0.21802652281411553,226,150,888,1209,1222,907,2,45,131,0,11,37,0.0,0.0,4,0,0,0,1.16368,1,0,1285,0
648,12,12,3,1907,7090,7090,3335,1870,6,149,273,377,1102,1063.0,389.8027385808774,6.0,0.18069995606970274,335,215,1354,2066,2041,1037,9,53,247,0,13,13,0.0,0.0,4,2703,0,0,1.2644,1,0,1907,0
649,12,12,3,1136,4107,4139,1880,1095,0,255,171,226,485,269.0,194.0,57.0,0.1574363555158553,720,194,1025,1217,1325,639,182,34,399,1,30,74,0.0,0.0,4,0,0,0,1.39411,2,0,1136,32
650,12,12,3,2159,7241,7258,3797,1660,411,426,438,654,647,386.0,347.0,29.0,0.16709281513679367,1020,411,1441,2558,2171,1121,72,123,728,1,49,47,0.0,0.0,4,0,0,0,1.36239,3,0,2159,17
651,12,12,3,1902,6647,6712,3812,1767,51,363,342,514,690,410.0,307.0,62.0,0.186581646797893,793,237,967,2707,2048,1121,59,49,654,0,12,19,0.0,0.0,4,2139,0,0,1.39975,3,0,1902,65
652,12,12,3,1449,4349,4372,1872,1178,304,286,240,229,691,368.0,345.0,23.46803080746901,0.23682498373454783,753,194,943,1386,1029,972,55,87,497,1,32,81,0.0,0.0,4,0,0,0,1.19357,2,0,1449,23
653,12,12,3,3012,10081,10101,4784,2801,90,186,271,513,2042,4659.0,665.6721723961194,67.0,0.21698496546119464,1988,286,2161,1959,3596,1692,118,205,1513,3,73,76,0.0,0.0,4,0,5132,10080,1.28128,2,0,3012,20
654,12,12,3,4238,9458,9466,4045,3626,455,1046,920,789,1479,2260.0,879.5595534271398,2.0,0.5043719343143528,750,182,987,1557,2166,4332,11,153,485,1,49,51,0.0,0.0,4,0,0,0,1.10489,1,0,4238,8
655,12,12,3,3835,12389,12419,6257,3377,369,211,410,559,2642,3746.0,565.3185179659376,5.0,0.19846278317152102,1182,616,2081,3495,4103,1865,29,344,609,2,72,126,0.0,0.0,4,0,0,0,1.42244,1,0,3835,30
656,13,13,3,1833,6134,6165,3434,1693,49,100,293,412,1029,4899.0,284.1466976491353,606.5724423781282,0.14891846921797006,6956,277,1003,1873,1944,822,77,1317,1265,2,3597,698,0.0,0.0,4,0,1055,0,1.38106,1,0,1833,31
657,13,13,3,2466,8058,8118,4115,1896,441,603,580,583,699,684.0,289.11025068674064,108.0,0.12419102878821692,719,521,2056,3520,1966,735,71,97,447,1,53,50,0.0,0.0,4,0,0,0,1.27789,3,0,2466,60
658,13,13,3,1327,4385,4385,2063,1182,84,191,194,283,662,540.0,267.2321854933357,6.0,0.1886960391633289,192,349,962,1499,895,696,3,43,113,1,17,15,0.0,0.0,4,0,0,0,1.21581,3,0,1327,0
659,13,13,3,1002,2836,2851,1395,911,32,152,216,259,379,261.0,134.0,76.0,0.18218218218218218,673,201,534,868,855,490,43,201,389,0,31,9,0.0,0.0,4,0,0,0,1.25789,3,0,1002,15
660,13,13,3,1378,3853,3870,1906,1195,116,303,142,321,612,722.0,324.984471994134,287.0903110403759,0.18806606286627597,5318,232,745,1094,1044,567,317,1034,1437,3,1936,591,0.0,0.0,4,0,0,0,1.44677,3,0,1378,17
661,13,13,3,4760,12595,12646,7450,2208,2419,715,978,1385,1674,993.0,516.6033129506916,397.56441727827786,0.11328715866571133,8223,650,2068,5983,2718,944,570,887,5058,2,1626,80,0.0,0.0,2,0,0,0,1.53781,3,0,4760,51
662,13,13,3,1386,4217,4241,1921,1312,0,128,296,270,696,371.0,328.0,16.0,0.19321785801414978,227,200,944,1073,1184,641,3,43,135,1,13,32,0.0,0.0,4,0,0,0,1.15825,2,0,1386,24
663,13,13,3,909,2859,2859,1361,900,0,119,152,212,427,317.0,265.0,52.0,0.21152518978605936,175,238,587,731,793,495,5,27,102,0,10,31,0.0,0.0,4,2204,0,0,1.10661,3,0,909,0
664,13,13,3,2623,7148,7184,4108,1574,908,341,548,742,992,411.0,350.0,40.0,0.1574704656011119,395,369,1171,2959,1798,775,13,74,215,1,36,56,0.0,0.0,4,173,0,0,1.31038,3,0,2623,36
665,13,13,3,2722,8132,8188,4595,2343,238,341,348,795,1243,520.0,406.1464565660199,40.0,0.15155007491068342,683,502,1455,3249,2179,1155,46,123,405,1,33,75,0.0,0.0,4,64,0,0,1.27688,3,0,2722,56
666,13,13,3,1890,5858,5902,2898,1307,546,483,656,440,306,248.0,213.0,32.0,0.21301020408163265,355,390,1103,1982,1669,1033,3,86,207,1,20,38,0.0,0.0,4,0,0,0,1.39591,3,0,1890,44
667,13,13,3,1914,5117,5122,2720,1015,894,396,575,604,339,236.0,156.82675294249435,75.0,0.12121212121212122,471,396,1004,2051,1237,557,59,62,332,0,7,11,0.0,0.0,4,1757,0,0,1.47254,3,0,1914,5
668,13,13,3,2006,5769,5794,3284,1905,94,275,444,587,702,400.0,334.6399219652416,38.0,0.21002592912705273,444,468,712,1851,1687,963,6,37,238,0,133,30,0.0,0.0,4,0,0,0,1.2352,3,0,2006,25
669,13,13,3,2484,7647,7688,3829,1342,1072,855,765,407,456,406.0,297.0,68.0,0.20948616600790515,747,429,1510,2678,1960,1373,40,88,502,2,29,86,0.0,0.0,4,0,0,0,1.5112,3,0,2484,41
670,13,13,3,2066,7200,7227,4126,1794,201,478,367,553,677,577.0,500.0,28.335988402109,0.16239950525664812,816,268,1416,3028,2094,1132,17,69,614,1,31,84,0.0,0.0,4,1646,0,0,1.26263,1,0,2066,27
671,13,13,3,2743,7383,7429,4279,798,1895,424,988,873,470,250.0,221.0,4.0,0.13393842757267263,1035,424,1352,3965,1357,915,143,475,345,1,42,29,0.0,0.0,4,0,0,0,1.59487,3,0,2743,46
672,13,13,3,1490,4224,4267,2024,1095,341,294,415,335,450,255.0,241.0,7.0,0.19560645010516475,446,257,779,1563,864,739,15,112,238,1,49,31,0.0,0.0,4,0,0,0,1.30222,3,0,1490,43
673,13,13,3,1341,4033,4035,2315,1133,156,196,257,378,505,488.0,207.0,24.0,0.14085213032581453,678,248,609,1339,1312,427,44,158,405,1,24,46,0.0,0.0,4,0,0,0,1.3148,3,0,1341,2
674,13,13,3,1690,4986,5021,2609,1613,15,211,312,380,797,513.0,431.0,53.0,0.164708225453097,1190,453,734,1734,1294,727,163,174,722,1,47,83,0.0,0.0,4,0,0,0,1.2228,3,0,1690,35
675,13,13,3,1610,5035,5077,2448,1481,69,165,219,496,727,385.0,358.45320987901016,35.0,0.19772814786291876,760,274,654,1975,1325,868,131,235,314,1,26,53,0.0,0.0,4,61,0,0,1.29103,3,0,1610,42
676,13,13,3,3168,8394,8453,4602,1926,1088,518,968,791,876,605.0,403.0,114.0,0.19861928474422816,3250,447,1511,2772,2563,1383,288,304,1171,1,1284,202,0.0,0.0,4,0,0,0,1.40403,3,0,3168,59
677,13,13,3,1559,3834,3849,2005,811,775,379,469,359,360,438.0,161.78293892547447,174.1540384460394,0.25,3096,224,540,1265,926,864,1054,226,1583,2,64,167,0.0,0.0,3,0,0,0,1.88205,3,0,1559,15
678,13,13,3,903,2721,2751,1345,803,67,60,146,148,546,353.0,210.0,53.0,0.250897343862168,216,189,399,796,771,594,1,12,184,0,14,5,0.0,0.0,4,744,0,0,1.1383,3,0,903,30
679,13,13,3,1829,5136,5176,2571,1044,734,343,449,493,545,380.0,224.0,94.330130117554,0.19421331316187596,1095,170,1109,1581,1539,789,416,47,549,1,58,24,0.0,0.0,3,265,0,0,1.27923,3,0,1829,40
680,13,13,3,2168,6660,6683,3244,2017,76,255,300,554,1063,593.0,469.0,61.0,0.17007518796992482,1488,557,1201,2004,1751,1013,715,173,413,1,63,123,0.0,0.0,4,0,0,0,1.21638,3,0,2168,23
681,13,13,3,1314,3479,3517,1848,1021,277,179,318,292,528,328.0,274.0,54.0,0.2750344827586207,1037,311,405,1150,769,922,157,155,631,1,34,59,0.0,0.0,4,71,0,0,1.23354,3,0,1314,38
682,13,13,3,1801,5221,5240,2583,1731,41,236,221,351,993,484.0,423.0,51.0,0.1867913268350905,1089,284,797,1698,1523,639,69,146,758,2,34,80,0.0,0.0,4,0,0,0,1.15995,3,0,1801,19
683,13,13,3,1352,3562,3613,1902,1278,30,247,200,175,732,309.0,287.0,21.0,0.2150706436420722,370,211,612,1209,1067,667,129,55,147,1,13,25,0.0,0.0,4,0,0,0,1.18252,3,0,1352,51
684,13,13,3,2251,6765,6778,3430,1764,398,414,423,418,1006,518.0,434.0,61.56825623058101,0.1606462429507697,1043,388,1283,2269,1673,829,178,120,591,2,60,92,0.0,0.0,4,0,0,0,1.25118,3,0,2251,13
685,13,13,3,1670,5113,5120,2525,1139,479,262,498,320,593,389.0,290.0,73.0,0.15992830113523201,698,311,912,1781,1306,605,24,190,387,1,51,45,0.0,0.0,4,1820,0,0,1.20028,3,0,1670,7
686,13,13,3,2037,4891,4891,2453,1001,1050,568,504,368,586,333.0,238.0,69.0,0.17477140482128015,827,260,906,1669,1209,690,130,251,390,1,17,38,0.0,0.0,4,203,0,0,1.34829,3,0,2037,0
687,13,13,3,1460,3631,3633,2005,809,643,361,385,272,445,309.0,223.0,52.0,0.14372523117569352,2740,315,814,1243,899,455,1666,154,827,1,63,29,0.0,0.0,4,0,0,0,1.80228,3,0,1460,2
688,13,13,3,2894,8120,8163,3727,1680,1162,733,523,523,1109,705.0,466.0,156.0,0.17097736881372794,2424,614,1810,2301,2012,1165,119,130,2079,2,41,53,0.0,0.0,4,1417,0,0,1.21205,3,0,2894,43
689,13,13,3,1427,4386,4386,2373,1365,11,53,205,112,1062,466.0,424.4530548164996,16.0,0.21117134103228846,416,178,1012,970,1270,744,70,82,207,1,12,44,0.0,0.0,4,0,0,0,1.10048,1,0,1427,0
690,13,13,3,2180,6531,6553,3163,1992,95,222,226,414,1318,690.0,564.0,43.18927655571696,0.22138228941684665,1114,357,1522,1399,1847,1242,132,224,559,3,70,126,0.0,0.0,4,0,0,0,1.13016,2,0,2180,22
691,13,13,3,1123,3057,3057,1500,1058,20,130,91,134,768,547.0,438.3116221769943,28.0,0.29921517331589276,401,117,518,505,1183,682,67,37,265,1,10,21,0.0,0.0,4,0,0,0,1.04245,1,0,1123,0
692,13,13,3,1148,3445,3445,1539,1113,0,105,102,100,844,340.0,314.0,13.0,0.1956521739130435,1018,91,796,661,1087,565,213,198,512,2,40,53,0.0,0.0,4,0,0,0,1.2614,2,0,1148,0
693,13,13,3,1360,4398,4400,2056,1353,0,95,103,170,996,439.0,359.0,73.0,0.21136154553817849,527,97,1012,1045,1375,739,22,79,375,1,25,25,0.0,0.0,4,1471,0,0,1.1175,3,0,1360,2
694,13,13,3,1737,5481,5494,2449,1648,0,111,227,351,1050,595.0,543.4570945815549,29.0,0.23325766174801363,515,94,1218,1119,1818,952,7,118,201,1,110,78,0.0,0.0,4,0,0,0,1.0748,1,0,1737,13
695,13,13,3,2574,7681,7681,3482,2501,18,255,251,366,1701,5916.0,2077.7086848558647,29.0,0.2595090369571082,549,172,1567,1248,2687,1614,45,138,240,1,28,97,0.0,0.0,4,0,0,0,1.07757,1,0,2574,0
696,13,13,3,2215,5099,5132,2710,1537,620,447,398,443,927,9407.0,1773.8796167111127,85.0,0.2924547083416285,1293,178,678,1166,1803,1113,17,176,384,49,599,68,0.0,0.0,4,0,0,0,0.98739,1,0,2215,33
697,14,14,3,472,1515,1545,704,443,2,67,166,90,146,19547.0,309.7084766803923,112.0,0.16027475672581568,2061,70,367,635,376,259,38,1193,220,284,155,171,0.0,0.0,4,0,0,0,1.28762,1,0,472,30
698,14,14,3,2749,8384,8396,4048,2693,31,208,384,525,1630,3698.0,1566.3062802969423,90.0,0.17953216374269007,1819,503,1935,2270,2532,1166,420,175,938,68,102,116,0.0,0.0,4,1101,0,0,1.04033,1,0,2749,12
699,14,14,3,1700,5198,5198,2513,1582,128,91,246,471,887,2213.0,772.8883098175136,18.0,0.2328767123287671,802,243,1021,1260,1491,1008,100,158,180,189,54,121,0.0,0.0,4,0,0,0,1.04319,1,0,1700,0
700,14,14,3,4403,12738,12761,6095,3457,806,997,961,975,1477,2701.0,820.2596329018044,476.0424162201215,0.15512093162137952,10282,1217,3017,3681,3724,1549,1024,1426,2277,120,4099,1336,0.0,0.0,4,1511,0,0,1.48261,3,0,4403,23
701,14,14,3,2371,6337,6354,2773,1786,499,567,427,479,899,1319.0,854.490282873044,59.35439899408392,0.29514473885740544,1267,377,980,1631,1667,1756,163,188,581,2,84,249,0.0,0.0,4,155,0,0,1.08908,3,0,2371,17
702,14,14,3,3445,10368,10678,5115,2458,1073,665,830,701,1250,1564.0,950.744735376736,138.0,0.17251304191401332,3488,1133,2021,4071,2314,1400,221,539,1904,11,167,646,0.0,0.0,4,0,0,0,1.2054,1,0,3445,310
703,14,14,3,1319,4016,4035,2124,1305,10,150,140,217,811,4088.0,1338.5179455918114,15.0,0.19866732477788746,520,209,758,1090,1268,665,17,105,180,14,112,92,0.0,0.0,4,83,0,0,0.96898,1,0,1319,19
704,14,14,3,1683,5045,5045,2577,1644,7,65,265,328,1033,64673.0,1708.4177812611651,19.86256777596782,0.25612125923047024,1125,257,1093,1245,1422,1055,35,164,453,188,142,143,0.0,0.0,5,0,0,0,0.96318,1,0,1683,0
705,14,14,3,4668,14254,14310,7203,3715,824,854,1063,934,1809,6523.0,999.6816764480444,122.0,0.17536063884595568,1959,1292,3168,4575,3737,2476,51,177,1244,86,190,211,0.0,0.0,4,1922,2126,7078,1.18665,2,0,4668,56
706,14,14,3,847,2442,2495,1354,910,5,161,184,220,282,23979.0,862.815403300051,1060.5674132330582,0.23175416133162613,7340,117,589,801,966,582,2074,382,1578,764,1969,573,0.0,0.0,4,0,0,0,1.24473,3,0,847,53
707,14,14,3,2375,8194,8410,4295,1323,1023,680,841,526,318,1020.0,450.5671087667573,433.0,0.12497372293462267,4044,773,2085,3520,2025,944,622,456,1736,45,591,594,0.0,0.0,4,0,0,0,1.35976,3,0,2375,216
708,14,14,3,2622,7857,7859,3832,2038,557,726,561,619,720,600.0,525.0,59.33094607148401,0.18056234718826406,1184,399,2018,2622,1807,1215,53,186,680,2,33,230,0.0,0.0,4,0,0,0,1.21401,3,0,2622,2
709,14,14,3,1994,6472,6498,3075,1452,548,595,503,464,433,518.0,292.0910205235539,82.0,0.11619820341929875,1896,426,1697,2551,1416,682,310,234,972,9,143,228,0.0,0.0,4,0,0,0,1.55402,3,0,1994,26
710,14,14,3,2320,7660,7682,3752,1509,676,429,786,699,403,652.0,575.466130226057,33.79264396973049,0.1045164649225563,1219,449,1888,2549,1932,718,102,409,635,3,18,52,0.0,0.0,4,150,0,0,1.2065,3,0,2320,22
711,14,14,3,2970,9415,9417,4242,2806,68,239,438,1093,1207,3330.0,858.7639992043382,7.0,0.1638825199257561,686,254,2325,2318,2933,1177,15,135,338,9,28,161,0.0,0.0,4,1671,0,0,1.14095,1,0,2970,2
712,14,14,3,1315,3626,3785,1895,1379,17,118,264,293,647,10176.0,1276.4464119815943,33.13113444185933,0.2827568795758647,1391,127,676,879,1323,920,49,123,602,156,214,247,0.0,0.0,4,0,0,0,1.01577,2,0,1315,159
713,14,14,3,1655,5319,5360,2448,1588,12,207,455,414,566,12611.0,1828.6175381539076,115.0,0.2542134831460674,1128,336,875,1640,1604,1152,76,183,296,74,211,288,0.0,0.0,4,0,0,0,0.96407,2,0,1655,41
714,14,14,3,273,757,789,373,319,8,62,83,40,93,372520.0,1855.7942087128645,276.0,0.31785345717234265,259,19,143,236,318,236,134,21,38,12,28,26,0.0,0.0,4,834,0,0,0.91563,1,0,273,32
715,15,15,4,2574,7738,7738,3701,2324,220,348,416,490,1326,137540.0,5193.673711047348,3524.177102596823,0.17330779054916987,18106,668,1413,2409,2040,1105,970,7383,1387,30,5748,2588,0.0,0.0,4,0,0,0,1.0275,1,0,2574,0
716,15,15,4,1765,4505,4517,2130,1431,341,365,239,382,782,1182.0,970.0,128.89438165735498,0.2502778395198933,1985,236,683,1453,1140,873,24,360,470,1,491,639,0.0,0.0,4,0,0,0,1.07733,3,0,1765,12
717,15,15,4,2286,6465,6516,3446,1903,444,442,256,626,986,677.0,499.0586822223234,151.0,0.192467332820907,1475,362,1338,1773,1882,1012,45,83,1139,1,86,121,0.0,0.0,4,1827,0,0,1.18682,3,0,2286,51
718,15,15,4,2677,7709,7761,4160,2128,501,246,598,636,1214,1344.0,817.0,268.0,0.20048125633232017,3924,404,1693,2256,2179,1191,386,612,658,74,707,1487,0.0,0.0,4,0,0,0,1.24512,3,0,2677,52
719,15,15,4,2788,7471,7472,3251,2099,549,755,765,708,575,911.0,517.2310597668252,37.0,0.17464672794622033,592,510,1274,2422,2013,916,22,117,253,8,140,52,0.0,0.0,4,0,0,0,1.1727,3,0,2788,1
720,15,15,4,2200,5767,5771,3203,1943,118,226,246,649,1080,11418.0,1623.969184017843,208.74005406662195,0.19413382218148487,1566,319,810,2179,1298,708,94,395,351,5,596,125,0.0,0.0,4,15,2896,8274,0.9855,3,0,2200,4
721,15,15,4,2246,5323,5350,3167,1363,832,374,727,510,642,1129.0,509.6716166253706,145.28553781197803,0.18544514222386405,3049,195,804,1674,1842,767,1047,240,1336,1,72,353,0.0,0.0,4,0,0,0,1.28754,1,0,2246,27
722,15,15,4,2804,7813,7831,4489,2417,266,555,663,677,917,538.0,445.0839546311757,79.0,0.13110890597866534,627,632,1563,3066,1798,808,43,108,361,1,37,77,0.0,0.0,4,1,0,0,1.21349,3,0,2804,18
723,15,15,4,1849,4820,4848,2456,1484,417,243,328,280,990,981.0,667.4893615112173,75.0,0.2140358098374151,2153,226,1023,1086,1564,858,115,310,1312,26,168,222,0.0,0.0,4,165,0,0,1.19281,3,0,1849,28
724,15,15,4,2865,6564,6622,3603,1724,1068,700,506,700,948,738.0,518.0,146.0,0.21947653165667494,3011,227,1191,2000,1887,1384,432,275,2115,3,78,108,0.0,0.0,4,0,0,0,1.54034,3,0,2865,58
725,15,15,4,1290,3926,3939,1873,1215,9,50,124,229,901,1193.0,813.0,14.120185537735004,0.2460759493670886,491,82,807,793,1432,751,39,90,190,1,110,61,0.0,0.0,4,0,0,0,1.00217,2,0,1290,13
726,15,15,4,2968,8500,8505,4119,2554,270,547,484,623,1315,940.0,648.316071488942,58.0,0.21764911056853853,1171,466,1760,2312,2415,1476,218,183,361,2,195,212,0.0,0.0,4,13,0,0,1.16852,3,0,2968,5
727,15,15,4,1092,3223,3228,1668,1046,20,138,153,154,639,296.0,244.97844466123823,55.0,0.11487526947951955,297,149,789,1204,679,338,1,12,252,4,7,21,0.0,0.0,4,2156,0,0,1.13268,3,0,1092,5
728,15,15,4,2583,7094,7103,3668,2133,270,344,567,618,1051,3167.0,808.2428477046167,743.6070421789591,0.17119485831142273,8197,404,1277,2265,1910,847,1737,1298,1557,4,2393,1208,0.0,0.0,4,2,0,0,1.18453,3,0,2583,9
729,15,15,4,9423,30961,30961,15261,7409,1689,659,872,1436,6447,7251.0,2890.519565714151,101.0,0.08787784356497351,5338,1705,7240,10236,6971,2044,943,959,2253,8,649,526,0.0,0.0,4,1219,0,0,1.12283,1,0,9423,0
730,15,15,4,4823,13264,14316,7139,2642,2150,688,903,944,2280,2814.0,1727.0713496149876,1299.0,0.06061413441683874,6837,979,2335,7435,3241,675,1296,1947,2160,3,930,501,0.0,0.0,5,0,0,0,1.17059,2,0,4823,1052
731,15,15,4,2767,6120,6120,3654,831,1798,619,564,659,917,399.0,253.49593818334088,21.0,0.1308316430020284,236,406,829,2372,1472,690,8,77,110,1,21,19,0.0,0.0,4,0,0,0,1.31929,1,0,2767,0
732,15,15,4,1878,4989,5009,2644,1454,457,129,539,505,706,786.0,375.53494774679154,351.0,0.18325434439178515,5239,356,933,1887,1035,737,792,617,2004,4,849,973,0.0,0.0,4,2834,0,0,1.35092,3,0,1878,20
733,15,15,4,2702,7276,7288,3891,1976,731,383,449,485,1373,785.0,483.0534189759192,291.0,0.15265545769949293,4466,231,1507,2650,1870,1052,1044,398,2543,2,356,123,0.0,0.0,4,0,0,0,1.3118,2,0,2702,12
734,15,15,4,3247,9107,9112,4725,2901,240,264,582,634,1770,2976.0,782.1466995455246,79.0,0.2214214436190265,2299,541,1661,2403,2727,1488,111,469,665,10,271,773,0.0,0.0,4,109,0,0,1.18677,1,0,3247,5
735,15,15,4,1377,3650,3650,1745,1221,118,162,160,229,824,12420.0,1081.2048182486292,13.0,0.29151498179781576,725,132,565,817,1136,837,12,77,425,1,83,127,0.0,0.0,5,0,0,0,0.98667,1,0,1377,0
736,15,15,4,3315,9088,9132,4427,2373,703,308,729,769,1484,1531.0,746.5050642596859,291.50546357066605,0.2213040525243378,11866,401,1462,2667,2538,1526,1009,3458,1881,6,383,5129,0.0,0.0,3,2169,0,0,1.54037,2,0,3315,44
737,15,15,4,1491,4716,4728,2335,1460,0,134,228,247,884,953.0,538.0864317423016,272.0,0.16426574930122553,4936,437,927,1426,1069,707,381,856,1212,3,1906,578,0.0,0.0,4,0,0,0,1.3265,3,0,1491,12
738,15,15,4,2074,6222,6225,2801,1928,40,197,295,336,1252,514.0,437.0,14.0,0.22118541558665974,787,93,1345,1404,1788,1017,17,82,593,1,46,48,0.0,0.0,4,0,0,0,1.17263,3,0,2074,3
739,15,15,4,2369,5567,5725,3128,1119,1328,661,566,405,742,1205.0,191.24898123660807,279.11659619043587,0.14696485623003194,8163,346,737,1976,1699,742,474,2036,2892,5,1465,1291,0.0,0.0,4,3,0,0,1.96169,3,0,2369,158
740,15,15,4,1340,3885,3890,1783,1115,187,69,192,387,692,441.0,308.0,87.0,0.1741152157065358,884,46,1020,821,1348,555,37,85,626,1,42,93,0.0,0.0,4,2583,0,0,1.2516,3,0,1340,5
741,15,15,4,1711,4885,4892,2393,1325,371,201,250,515,736,528.0,306.0,81.50128221070901,0.2280665707828231,1086,160,1030,1162,1530,887,197,190,568,2,51,78,0.0,0.0,4,0,0,0,1.21513,3,0,1711,7
742,15,15,4,5210,13646,13681,6753,2534,2619,915,733,1157,2413,1686.0,757.7312960177369,734.0,0.18719248546294917,19332,660,2355,4992,3109,2001,1695,5966,7136,55,2143,2337,0.0,0.0,3,33,0,0,1.68486,3,0,5210,35
743,15,15,4,3440,10011,10018,4676,2857,407,536,445,709,1740,2250.0,685.2373695960748,402.0,0.1651414309484193,3680,359,2131,2553,3035,1307,154,971,841,122,665,927,0.0,0.0,4,0,0,0,1.24127,3,0,3440,7
744,15,15,4,1804,4626,4630,2304,1127,709,433,207,244,913,523.0,395.0854653430251,94.0,0.21841628047551884,1710,319,984,1229,1360,959,63,174,1138,1,41,293,0.0,0.0,4,155,0,0,1.23209,1,0,1804,4
745,15,15,4,2210,5426,5426,2492,1623,633,362,543,436,865,1980.0,437.0013897806679,13.0,0.24819185382565664,465,123,1136,1356,1404,1128,36,130,196,1,27,75,0.0,0.0,4,0,0,0,1.12711,1,0,2210,0
746,15,15,4,2712,8833,8852,3812,2508,88,223,342,393,1754,65629.0,2765.464578382798,117.0,0.20495313042471935,1697,176,2077,1783,3028,1397,125,328,841,31,204,168,0.0,0.0,4,0,0,0,0.98364,1,0,2712,19
747,16,16,4,1184,3623,3623,1579,1142,37,75,44,152,921,3271.0,523.0,15.0,0.28004701733764326,408,293,348,833,1136,713,16,70,242,0,50,30,0.0,0.0,5,0,0,0,1.03911,1,0,1184,0
748,16,16,4,1303,4207,4212,1953,1238,0,173,145,192,797,433.0,312.72276149568245,73.0,0.19615099925980756,322,162,805,1215,1162,619,19,83,162,1,25,32,0.0,0.0,4,0,0,0,1.11665,2,0,1303,5
749,16,16,4,2205,6656,6656,3058,1401,773,227,482,484,1024,438.0,272.63147611783614,138.0,0.18608588579344312,900,457,1243,2058,1649,933,53,150,267,1,397,32,0.0,0.0,4,0,0,0,1.26676,2,0,2205,0
750,16,16,4,770,2081,2092,1085,614,267,172,89,233,283,854.0,19.117716841360483,489.0,0.1595639246778989,13062,84,419,634,566,264,1093,851,668,78,9780,592,0.0,0.0,2,0,807,237,1.65332,3,0,770,11
751,16,16,4,11,32,32,24,10,2,1,2,4,4,11159.8,5.514032679993534,2275.426974473165,0.06060606060606061,27290,2,8,12,10,1,2580,2521,2593,6,15495,4095,0.0,0.0,4,22,0,0,1.47172,3,0,11,0
752,16,16,4,1443,3489,3566,2106,509,1081,154,196,312,775,1585.4,317.8023487846335,1426.0,0.07579826917338107,31337,328,320,1999,438,181,816,1615,3073,9,24607,1217,0.0,0.0,2,2,0,0,1.78774,3,0,1443,77
753,16,16,4,1615,4884,4894,2115,1535,21,180,188,181,1065,570.0,516.0,28.0,0.22556063575005442,278,64,939,1037,1588,853,6,51,148,3,52,18,0.0,0.0,4,0,0,0,1.09053,1,0,1615,10
754,16,16,4,1275,4139,4176,2052,1202,8,73,102,130,958,3692.0,713.0,231.452682235902,0.3027431421446384,1632,57,636,934,1274,1040,31,281,1132,18,113,57,0.0,0.0,4,37,3267,11958,1.00544,1,0,1275,37
755,16,16,4,3314,10325,10325,4778,2949,276,446,356,543,1979,1301.0,1025.1149598989075,66.0,0.22013329354421565,1445,493,1785,2712,3075,1758,34,314,528,2,128,439,0.0,0.0,4,60,0,0,1.11203,1,0,3314,0
756,16,16,4,2247,7384,7394,3703,2032,155,267,135,371,1468,981.0,805.0307167822775,48.0,0.14289709172259507,1776,402,1374,2075,2406,719,63,323,681,2,337,370,0.0,0.0,4,1794,0,0,1.25875,2,0,2247,10
757,16,16,4,869,2753,2761,1434,871,0,187,132,226,330,189.0,179.0,3.751802863212003,0.13097787294789437,139,136,631,760,909,309,5,17,95,0,6,16,0.0,0.0,4,0,0,0,1.20225,3,0,869,8
758,16,16,4,2022,6561,6563,3253,1907,22,492,418,350,766,390.0,335.7185292427673,38.0,0.20055495606597812,801,110,1418,1988,1874,961,29,79,541,1,36,115,0.0,0.0,4,204,0,0,1.23923,3,0,2022,2
759,16,16,4,2568,7655,7673,4142,1658,768,237,528,699,1099,550.0,395.0,126.0,0.13593729924193756,397,647,1374,2864,1926,783,45,70,195,1,33,53,0.0,0.0,4,0,7204,0,1.22899,3,0,2568,18
760,16,16,4,2053,5989,6002,2833,1713,244,400,522,519,620,400.0,355.3849972247863,35.387047891733,0.17600770836678978,463,466,877,2295,1617,847,36,73,267,1,24,62,0.0,0.0,4,0,0,0,1.22435,3,0,2053,13
761,16,16,4,3911,11200,11285,5428,1692,2252,956,735,798,1414,594.0,436.1069286008119,166.0,0.1454706142288997,2755,558,2731,3754,2790,1233,223,885,1441,1,115,90,0.0,0.0,4,2157,0,0,1.51381,3,0,3911,85
762,16,16,4,1384,3805,3810,2107,597,752,93,287,488,508,222.0,176.0,9.0,0.1113162753890794,219,246,491,1953,724,285,8,67,129,0,7,8,0.0,0.0,3,0,0,0,1.40745,3,0,1384,5
763,16,16,4,3307,8707,8726,4444,892,2398,629,835,1000,838,249.0,176.31906498871598,72.0,0.12791378704462927,3960,559,1308,4172,1404,916,25,674,2278,1,36,946,0.0,0.0,3,0,0,0,1.9268,3,0,3307,19
764,16,16,4,2197,6862,6874,3603,1559,550,306,633,595,659,490.0,409.4219314308136,77.0,0.19142419601837674,1921,266,1081,2620,2068,1020,558,231,985,1,62,84,0.0,0.0,4,262,0,0,1.32132,3,0,2197,12
765,16,16,4,971,2938,2949,1412,884,28,126,170,221,453,308.0,167.0,106.0,0.21275896086813548,803,185,390,1016,865,527,147,63,544,0,17,32,0.0,0.0,4,1273,0,0,1.32437,3,0,971,11
766,16,16,4,1093,3126,3130,1497,905,131,124,154,192,618,303.0,193.0,78.32428867036299,0.19752281616688397,822,94,742,910,836,418,56,103,542,1,57,63,0.0,0.0,4,0,0,0,1.18372,3,0,1093,4
767,16,16,4,3792,11160,11166,6376,2947,771,336,679,764,2005,2081.0,644.5047023275213,663.0,0.17557995395785372,9306,677,1281,4766,2793,1523,953,730,2164,2,5188,269,0.0,0.0,4,1367,0,0,1.35252,3,0,3792,6
768,16,16,4,3696,10953,10975,6517,3120,516,322,553,660,2171,6223.0,587.0713689377146,698.6254847771991,0.14247335900420882,5756,770,1358,4948,2455,1414,361,2325,550,28,2198,294,0.0,0.0,4,0,0,0,1.28475,3,0,3696,22
769,16,16,4,4321,14213,14243,6744,3470,678,239,531,705,2844,5833.8,753.1893057660355,244.0,0.09887792755478575,1985,770,3288,4824,3095,1010,13,920,404,0,490,158,0.0,0.0,4,0,0,0,1.39127,3,0,4321,30
770,16,16,4,2021,5946,5950,3547,1721,214,345,409,671,581,514.0,371.0,106.0,0.17883683360258482,1367,198,771,2102,2399,584,238,124,829,1,127,48,0.0,0.0,4,0,0,0,1.30198,3,0,2021,4
771,16,16,4,2591,6677,6689,3525,2364,259,661,277,543,1107,740.0,474.13768788527614,155.0,0.2470055506865323,1265,386,899,1975,2020,1407,334,127,715,1,31,57,0.0,0.0,4,85,0,0,1.2073,3,0,2591,12
772,16,16,4,1430,4442,4497,2473,1093,323,248,543,333,309,242.0,197.0,20.227259330127303,0.1233656684943062,219,309,830,1751,1352,392,10,24,73,0,19,93,0.0,0.0,4,0,0,0,1.39285,3,0,1430,55
773,16,16,4,1998,6201,6208,3319,1172,792,339,405,547,715,490.0,232.0,220.1622535508473,0.12310691258059679,1547,624,1179,2566,1486,661,189,111,478,1,332,436,0.0,0.0,4,0,0,0,1.35509,3,0,1998,7
774,16,16,4,3501,8649,9021,4267,1662,1783,923,701,657,1223,553.0,332.97531571053725,197.0,0.15802781289506954,2116,556,1243,3500,2262,940,168,301,1093,1,459,94,0.0,0.0,4,128,0,0,1.45012,3,0,3501,372
775,16,16,4,3025,8353,8370,4116,2073,870,650,675,428,1266,624.0,568.0,58.1240269417995,0.19791666666666666,761,486,1543,2938,2020,1490,61,153,384,2,61,100,0.0,0.0,4,0,0,0,1.19465,3,0,3025,17
776,16,16,4,2397,6712,6721,3451,1554,790,232,416,682,1082,514.0,353.0,146.63220643341543,0.15984287656745733,1461,275,1305,2511,1537,834,20,390,851,2,90,108,0.0,0.0,4,1957,0,0,1.32771,3,0,2397,9
777,16,16,4,2492,5956,5956,2929,170,2384,430,613,741,714,350.0,116.05372804305152,238.0,0.12293546739315511,5234,523,657,3165,839,565,850,1063,2964,3,192,162,0.0,49.44995438165815,2,0,0,0,2.42867,3,0,2492,0
778,16,16,4,6016,15028,15042,8628,2868,3313,1062,1020,1497,2447,1312.0,490.2292515333408,226.0,0.11763122476446837,6900,923,1876,7382,2975,1383,42,1150,5497,2,56,153,0.0,0.0,4,188,0,0,1.62805,3,0,6016,14
779,16,16,4,1703,5255,5255,2510,1562,73,191,227,227,1053,455.0,369.5043329312431,16.0,0.20952757461949,422,102,1034,1344,1563,910,25,114,184,1,53,45,0.0,0.0,4,0,0,0,1.23381,3,0,1703,0
780,16,16,4,1058,3065,3070,1462,965,66,162,42,151,704,1923.0,532.0,46.0,0.24629878869448182,859,98,557,612,1052,592,25,207,473,4,95,55,0.0,0.0,4,183,0,0,1.05542,1,0,1058,5
781,16,16,4,1788,4437,4439,2372,1556,219,404,280,350,752,3696.0,676.3066328419576,62.40693727080904,0.3097874224977856,297,112,732,1165,1209,1192,7,41,172,0,49,28,0.0,0.0,4,0,0,0,1.02425,1,0,1788,2
782,16,16,4,2578,7341,7363,3887,2039,491,279,350,914,1017,795.0,476.2838838177579,83.64002705091173,0.18549792253049188,558,584,1221,2578,1954,987,10,99,368,1,46,34,0.0,0.0,4,0,0,0,1.14835,3,0,2578,22
783,16,16,4,1121,2859,2859,1517,627,500,150,123,304,536,743.0,189.0,20.0,0.1943487250172295,103,59,514,1195,587,483,6,33,42,0,12,10,0.0,0.0,4,0,0,0,1.15141,3,0,1121,0
784,16,16,4,1938,5922,5923,2894,1512,354,262,293,363,1016,544.0,385.0,107.378000123609,0.17623590633130962,769,199,1018,1984,1560,884,175,56,407,1,107,23,0.0,0.0,4,2618,0,0,1.2005,3,0,1938,1
785,16,16,4,2384,7201,7243,3711,1691,680,388,468,726,801,408.0,349.0,35.0,0.18629609246009907,499,476,1557,2254,1812,1015,22,71,316,1,62,27,0.0,0.0,4,0,0,0,1.31277,3,0,2384,42
786,16,16,4,1553,4560,4567,2346,1466,22,254,272,297,730,309.0,264.4220143853131,7.0,0.20967398252716812,260,172,736,1504,1325,838,28,44,131,1,31,25,0.0,0.0,4,0,0,0,1.26284,3,0,1553,7
787,16,16,4,2510,8033,8041,3921,1966,429,267,467,496,1260,464.0,429.2543570922586,12.0,0.13700367880248637,1003,443,1643,2869,1809,924,151,149,607,1,50,45,0.0,0.0,4,0,0,0,1.26656,3,0,2510,8
788,16,16,4,1946,6526,6526,3128,1831,15,351,338,281,985,422.0,419.9884304122074,4.0,0.23493478619778768,449,421,922,1939,1575,1095,11,80,317,1,23,17,0.0,0.0,4,0,0,0,1.20828,3,0,1946,0
789,16,16,4,1457,5055,5058,2402,1409,0,190,247,270,755,292.0,270.0,4.0,0.16017752672987695,328,284,1232,1551,1067,697,5,62,219,0,27,15,0.0,0.0,4,0,0,0,1.20086,3,0,1457,3
790,16,16,4,1862,5545,5559,2838,1762,24,236,277,330,1026,630.0,514.0,4.0,0.27920658934274667,479,226,929,1740,1553,1363,10,42,353,0,33,41,0.0,0.0,4,0,0,0,1.1732,3,0,1862,14
791,16,16,4,1085,3538,3549,1965,970,55,134,460,154,337,142.0,127.89146416438602,11.0,0.21892039258451473,937,105,610,1157,1061,653,188,73,574,3,74,25,0.0,0.0,4,0,0,0,1.49256,3,0,1085,11
792,16,16,4,864,2911,2916,1532,832,0,93,159,186,435,195.0,188.0,3.0,0.23730780388743836,137,154,494,1291,709,735,1,10,110,0,4,12,0.0,0.0,4,0,0,0,1.22043,3,0,864,5
793,16,16,4,1484,4582,4590,2217,1140,284,348,360,273,510,239.0,213.5392524319225,22.0,0.2992529348986126,594,246,592,1397,1141,1211,52,97,354,1,49,41,0.0,0.0,4,0,0,0,1.43544,3,0,1484,8
794,16,16,4,897,2992,2992,1486,834,15,158,114,234,391,561.0,103.0,25.0,0.18971807628524046,156,178,474,860,1016,432,22,27,91,0,9,7,0.0,0.0,4,0,0,0,1.39236,3,0,897,0
795,16,16,4,974,3124,3137,1804,703,201,128,355,203,290,437.0,151.0,150.0256658968252,0.20013364517206816,1701,46,452,1015,965,455,19,123,477,5,903,174,0.0,0.0,4,0,0,0,1.32288,3,0,974,13
796,16,16,4,1986,6326,6363,3232,1671,211,331,515,414,726,858.0,373.0,390.3612281382077,0.244303048239124,6408,272,888,2098,1917,1419,1401,421,2048,29,2227,282,0.0,0.0,4,18,0,0,1.45396,3,0,1986,37
797,16,16,4,2210,6327,6341,3562,1783,296,640,463,281,820,1055.0,355.0,659.1556101988359,0.19035719535499043,6584,324,1014,2423,1946,953,290,1728,805,2,2901,858,0.0,0.0,4,181,0,0,1.27001,3,0,2210,14
798,16,16,4,1539,3701,3710,2037,1227,268,377,324,303,524,334.0,288.0,12.0,0.3114163476694438,2362,168,528,1429,1150,1060,10,76,533,1,1474,268,0.0,0.0,4,0,0,0,1.32707,3,0,1539,9
799,16,16,4,1785,5235,5239,2456,1579,143,168,311,420,886,382.0,309.7349336049017,20.0,0.2589234034343045,191,102,902,1379,1601,1088,3,20,128,0,18,22,0.0,0.0,4,0,0,0,1.22467,3,0,1785,4
800,16,16,4,1926,5269,5338,2577,1113,822,581,470,441,432,433.0,346.0,82.0,0.31497535271120175,1657,181,561,1784,1711,1533,79,46,1136,1,98,297,0.0,0.0,4,3096,0,0,1.3094,3,0,1926,69
801,16,16,4,3811,10358,10391,6203,1943,1789,492,728,1014,1571,769.0,501.518041330656,278.0,0.1579142698088699,1689,497,1667,4257,2879,1237,251,179,804,1,267,187,0.0,0.0,4,0,0,0,1.28029,3,0,3811,33
802,16,16,4,1531,5457,5471,2528,1259,222,269,544,432,291,281.0,220.2928693488892,57.15777043922871,0.2137809187279152,223,285,1143,1898,1215,991,5,14,167,0,17,20,0.0,0.0,3,192,0,0,1.37626,3,0,1531,14
803,16,16,4,1030,2393,2393,918,458,640,316,209,265,239,6800.0,380.0034634682369,150.0,0.34439834024896265,597,98,355,715,485,705,15,25,536,0,12,9,0.0,0.0,4,0,0,0,1.09341,1,0,1030,0
804,17,17,4,1175,3483,3499,2017,809,318,189,333,391,256,611.0,276.0,42.75241186357989,0.18933265925176945,693,385,411,1479,1011,596,60,87,459,2,35,50,0.0,0.0,4,151,0,0,1.19938,1,0,1175,16
805,17,17,4,2133,6965,6974,4137,1994,102,272,311,658,893,470.0,236.4599633352933,126.0,0.1968503937007874,534,261,854,2131,2658,1042,57,63,314,1,34,65,0.0,0.0,4,0,0,0,1.29873,3,0,2133,9
806,17,17,4,3173,9409,9485,4510,2916,206,915,757,664,837,1677.0,506.6044855664672,1099.0,0.28122762148337593,9139,217,1211,3042,2738,2306,553,700,1926,21,4793,1146,0.0,0.0,4,0,0,0,1.34137,3,0,3173,76
807,17,17,4,1250,4264,4268,1774,1155,20,364,400,356,141,240.0,179.0,21.0,0.18005415162454874,292,140,909,1552,1093,646,71,25,161,0,35,0,0.0,0.0,4,0,0,0,1.45162,3,0,1250,4
808,17,17,4,872,3250,3257,1781,854,0,76,152,355,290,208.0,158.0,46.0,0.19751835907824766,185,170,721,1255,1129,577,1,12,140,0,24,8,0.0,0.0,4,0,0,0,1.29799,3,0,872,7
809,17,17,4,750,2348,2354,1089,704,3,149,253,207,136,417.0,126.0,263.60112336460304,0.32653846153846156,2695,110,304,838,651,640,16,173,281,1,1535,689,0.0,0.0,4,2438,0,0,1.27876,3,0,750,6
810,17,17,4,3792,11818,11846,5656,3181,504,945,821,722,1287,11815.0,1723.0348271625887,2396.0,0.2082941427960667,22705,666,1731,3897,3160,1999,2652,4141,2817,25,9812,3258,0.0,0.0,4,342,1247,25,1.39313,3,0,3792,28
811,17,17,4,2859,7757,7799,3810,2003,740,632,985,545,700,640.0,295.01353405334584,343.0,0.18566012488849243,3373,597,1594,3083,2080,1412,309,214,1930,1,721,198,0.0,0.0,3,222,6810,11726,1.32398,3,0,2859,42
812,17,17,4,1166,3151,3168,1644,868,285,185,278,364,346,398.0,154.0,233.0,0.19775014801657786,2246,345,406,1128,870,539,475,727,978,1,23,42,0.0,0.0,3,0,0,0,1.41963,3,0,1166,17
813,17,17,4,1002,2564,2577,1295,669,341,419,234,259,94,260.0,123.0,98.0,0.2552742616033755,1244,196,252,1046,681,603,5,47,1136,1,32,23,0.0,0.0,4,0,0,0,1.45257,3,0,1002,13
814,17,17,4,1072,3354,3358,1736,994,0,199,317,298,256,201.0,150.0,6.0,0.19201065246338217,332,183,565,1367,1014,538,68,14,207,0,25,18,0.0,0.0,4,0,0,0,1.31982,3,0,1072,4
815,17,17,4,1138,3687,3692,1854,514,611,365,332,262,180,156.0,89.0,67.0,0.13783962889330684,265,167,1218,1586,1011,440,14,30,197,0,13,11,0.0,0.0,4,0,0,0,1.46962,3,0,1138,5
816,17,17,4,883,2910,2923,1564,568,291,198,250,278,156,202.0,118.0,28.0,0.2522922212363206,541,206,483,1115,847,643,130,47,309,1,16,38,0.0,0.0,3,0,0,0,1.51082,3,0,883,13
817,17,17,4,2069,7029,7068,3719,559,1616,589,839,459,194,215.0,143.0,72.40926558459,0.0883109846945686,466,326,1592,3127,1641,510,59,33,326,0,12,36,0.0,0.0,3,0,0,0,1.70003,3,0,2069,39
818,17,17,4,1367,4210,4210,2246,1215,127,232,415,325,393,312.0,195.0,102.0,0.1772887689433257,577,124,965,1630,1230,744,3,15,513,0,24,22,0.0,0.0,4,1511,0,0,1.21745,3,0,1367,0
819,17,17,4,728,2410,2414,1141,443,252,276,145,149,158,159.0,132.87042262740962,30.0,0.13998390989541432,482,285,429,899,551,251,25,56,349,0,16,36,0.0,0.0,4,0,0,0,1.32686,2,0,728,4
820,17,17,4,5224,14624,14648,7644,3337,1757,856,1189,1060,2093,14520.0,1895.2303958183936,223.4084237838374,0.17984580746401038,1092,731,2237,5519,3893,1979,66,107,713,2,171,33,0.0,0.0,4,792,0,0,1.04005,1,0,5224,24
821,17,17,4,1440,3924,4969,2029,1048,375,290,292,337,535,1070.0,455.6952509444058,371.0,0.21989015300117692,2098,129,978,1847,1145,883,40,85,1894,1,35,43,0.0,0.0,4,0,10675,4428,1.12305,1,0,1440,1045
822,17,17,4,1199,3121,3302,1541,1128,91,66,260,371,509,1079.0,819.0,9.0,0.2745433789954338,306,100,439,1087,1027,766,2,26,212,0,11,55,0.0,0.0,5,0,0,0,0.96236,1,0,1199,181
823,17,17,4,2592,7040,7067,3693,1988,626,740,551,666,646,769.0,536.6205684162627,99.0,0.19556643546851626,852,430,1011,2675,2072,1023,22,115,443,2,31,239,0.0,0.0,4,1580,0,0,1.18432,1,0,2592,27
824,17,17,4,1939,5373,5518,2839,885,994,590,553,441,338,437.0,289.1784597847666,162.0,0.12399708242159008,1237,382,952,2250,1426,350,444,212,403,1,59,118,0.0,0.0,4,209,0,0,1.25867,1,0,1939,145
825,17,17,4,1878,5649,5667,2747,1069,794,789,375,413,315,267.0,205.27552021158544,52.0,0.1500233681258763,212,347,1124,2529,1529,763,17,34,111,0,10,40,0.0,0.0,4,0,0,0,1.39528,3,0,1878,18
826,17,17,4,1725,5143,5164,2635,473,1233,494,540,543,146,222.0,108.33197995985466,95.0,0.12394916911045943,787,392,934,1848,1279,533,145,67,280,2,67,226,0.0,0.0,4,0,0,0,1.53541,3,0,1725,21
827,17,17,4,1288,3922,3922,2276,795,554,296,435,228,327,251.0,133.0,68.0,0.1601193436101442,1878,59,698,1432,1277,455,175,108,1121,0,32,442,0.0,0.0,3,0,0,0,2.08142,3,0,1288,0
828,17,17,4,3123,9051,9071,5118,1924,1079,353,1074,599,1105,441.0,260.06458333238214,198.0,0.10586443259710586,1821,686,1170,4054,2297,794,468,253,688,1,64,347,0.0,0.0,4,76,0,0,1.34954,3,0,3123,20
829,17,17,4,1230,3340,3347,1874,953,264,337,243,435,218,195.0,159.01799149618904,24.0,0.15339233038348082,792,182,634,1395,707,402,6,65,423,1,29,268,0.0,0.0,2,243,0,0,1.5525,3,0,1230,7
830,17,17,4,1868,6200,6200,3326,1252,544,569,386,548,368,290.0,188.0,98.360253495351,0.10387115839243499,647,291,1658,2379,1736,553,203,18,374,0,6,46,0.0,0.0,4,0,0,0,1.3961,3,0,1868,0
831,17,17,4,1257,3619,3656,2208,593,630,356,511,281,113,157.0,88.0,65.415291610664,0.25169215342191026,515,200,592,1404,871,827,35,19,395,0,53,13,0.0,0.0,4,107,0,0,1.53668,3,0,1257,37
832,17,17,4,1747,4963,4963,2734,1349,325,418,578,355,389,302.0,222.0,74.473582543492,0.2548340021889821,673,324,853,1731,1393,1073,39,67,527,0,19,21,0.0,0.0,4,0,0,0,1.35617,3,0,1747,0
833,17,17,4,1420,4594,4598,2477,1329,0,259,369,348,446,317.0,260.02508389516424,25.0,0.24745186862967158,180,386,482,1684,1515,1098,2,48,105,0,6,19,0.0,0.0,4,218,0,0,1.20786,3,0,1420,4
834,17,17,4,1581,4720,4727,2510,1479,39,251,482,460,395,589.0,323.9224562822609,210.0,0.21885656970912737,1143,154,811,1676,1451,761,25,123,303,2,589,101,0.0,0.0,4,2161,0,0,1.19899,3,0,1581,7
835,17,17,4,1659,5509,5520,2729,1546,101,376,450,378,456,329.0,241.44395009757852,90.0,0.17572052401746724,509,198,1141,1820,1670,770,47,74,326,0,29,33,0.0,0.0,4,0,0,0,1.30266,3,0,1659,11
836,17,17,4,1499,4671,4684,2225,1080,340,222,605,407,265,322.0,279.0,43.0,0.18395657418576597,682,270,814,1767,1280,727,347,55,147,1,69,63,0.0,0.0,4,0,0,0,1.21863,3,0,1499,13
837,17,17,4,3062,8715,8794,4400,2173,881,986,1030,667,369,468.0,394.0,56.167039181341785,0.17149710173895663,1029,534,2098,3411,2298,1418,32,48,512,0,14,423,0.0,0.0,4,0,0,0,1.39841,3,0,3062,79
838,17,17,4,1456,3796,3823,1906,637,744,550,420,289,182,252.0,200.0,53.39816476636592,0.20399221032132425,815,173,757,1337,981,766,161,131,464,1,12,46,0.0,0.0,4,0,0,0,1.35848,2,0,1456,27
839,17,17,4,1981,4766,4818,2671,1022,1332,528,525,496,432,330.0,153.5325599848408,178.56373077575563,0.1890380313199105,3334,406,698,2221,1145,769,268,483,1904,3,117,559,0.0,49.44995438165815,3,40,0,0,1.84663,2,0,1981,52
840,17,17,4,2436,5615,5621,2685,1201,1233,512,705,735,486,503.0,377.15799752069614,117.71052429157962,0.2533021233907373,1314,351,1032,1933,1295,1239,257,180,723,2,63,89,0.0,0.0,4,16,0,0,1.22047,1,0,2436,6
841,17,17,4,1741,4677,4677,2702,1055,649,439,504,574,210,313.0,299.14293439303407,12.0,0.23515670624878335,680,300,573,1800,1416,919,42,83,485,1,29,40,0.0,0.0,4,0,0,0,1.27254,1,0,1741,0
842,17,17,4,1327,3342,3347,1970,542,777,377,305,409,226,230.0,188.0,42.0,0.13977541371158392,532,273,500,1412,707,410,152,71,257,1,21,30,0.0,0.0,4,0,0,0,1.25906,2,0,1327,5
843,17,17,4,1434,4024,4032,1734,1308,53,263,330,422,413,558.0,442.0,6.0,0.2882205513784461,446,172,781,1073,1157,1107,18,94,241,0,72,21,0.0,0.0,4,0,0,0,1.10705,1,0,1434,8
844,17,17,4,3258,9192,9206,4318,3033,43,569,353,492,1840,26251.0,2053.5555279262826,85.0,0.29253567508232714,1329,296,1579,2297,2605,2127,122,229,774,18,78,108,0.0,0.0,5,0,0,0,1.00417,1,0,3258,14
845,17,17,4,2346,7206,7207,3116,2252,14,257,500,522,1064,1280.0,787.0,38.0,0.31001942825423257,908,302,1189,1847,1925,1775,24,105,659,1,36,83,0.0,0.0,4,0,0,0,1.06576,1,0,2346,1
846,17,17,4,2004,5471,5476,3050,1750,250,628,440,440,488,457.0,366.9397596422037,71.27471710656616,0.1922099915325995,962,343,1178,1731,1581,942,115,150,531,2,96,68,0.0,0.0,4,1,0,0,1.17196,2,0,2004,5
847,17,17,4,1251,3071,3071,1731,503,692,272,440,335,205,228.0,124.80767348841398,50.0638629522968,0.2121982210927573,1070,80,454,1088,858,596,49,233,586,0,45,157,0.0,0.0,3,0,0,0,1.53727,2,0,1251,0
848,17,17,4,1865,5269,5291,2614,895,896,506,481,480,388,273.0,150.73315248520748,122.0,0.14468008626887133,4070,401,978,2006,1465,599,589,345,2930,3,81,122,0.0,0.0,4,0,0,0,2.11929,2,0,1865,22
849,17,17,4,1377,4019,4025,1902,1181,133,388,227,267,503,328.0,282.0,33.0,0.24031945788964182,654,247,766,1149,1164,718,100,97,352,2,31,72,0.0,0.0,4,2886,0,0,1.18232,1,0,1377,6
850,17,17,4,1304,3894,3894,1821,1280,11,171,201,346,581,605.0,450.5407093639748,10.0,0.26911618669314796,275,210,766,1187,943,828,7,94,68,1,21,84,0.0,0.0,4,0,0,0,1.06791,1,0,1304,0
851,17,17,4,712,2135,2135,1036,679,0,60,100,187,360,618.0,198.0,11.0,0.2262739597942964,205,87,370,667,614,360,6,50,98,1,14,36,0.0,0.0,4,155,0,0,1.09451,1,0,712,0
852,17,17,4,2144,6155,6162,3322,2033,50,306,383,456,1000,568.0,463.0,44.99320454546,0.2325962325962326,693,202,1025,1607,2010,1121,48,135,344,2,76,88,0.0,0.0,4,0,0,0,1.15947,1,0,2144,7
853,17,17,4,2020,4991,4995,2859,1550,493,433,577,437,569,595.0,265.70430430892225,164.0,0.187265306122449,1596,266,972,1979,1895,872,17,99,1401,1,37,41,0.0,0.0,4,81,0,0,1.31617,1,0,2020,4
854,17,17,4,2320,6516,6526,3038,402,1830,816,929,537,51,203.0,141.0,55.76736703221799,0.08850645359557467,463,694,1332,2869,1115,355,72,17,342,0,19,13,0.0,0.0,4,0,0,0,1.6374,2,0,2320,10
855,17,17,4,1804,5319,5356,2381,861,954,943,358,229,265,283.0,221.0,44.2813452084664,0.17687443541102077,754,330,910,1966,1556,650,24,58,593,1,33,45,0.0,0.0,4,0,0,0,1.31977,2,0,1804,37
856,17,17,4,2560,6868,6893,3900,1726,739,806,646,638,454,383.0,230.0,145.3389395041209,0.22675575774808074,1528,345,967,2139,2144,1256,451,110,809,1,37,120,0.0,0.0,4,0,0,0,1.49525,3,0,2560,25
857,17,17,4,1036,3061,3071,1506,699,327,301,373,204,167,246.0,125.0,115.45184234750536,0.10484347312463083,1476,263,556,1280,946,255,126,55,781,1,427,86,0.0,0.0,4,1183,0,0,1.51276,2,0,1036,10
858,17,17,4,2149,5886,5887,2705,1277,846,631,698,422,408,385.0,313.0,71.31121843243399,0.22780298120544393,1184,181,870,1800,1922,1263,424,69,562,1,74,54,0.0,0.0,4,0,0,0,1.32979,3,0,2149,1
859,17,17,4,1505,3837,3842,2013,1438,72,607,385,278,239,304.0,274.0,7.0,0.29839326702371843,480,67,507,1080,1316,863,52,78,300,1,18,31,0.0,0.0,4,0,0,0,1.22156,3,0,1505,5
860,17,17,4,2227,5732,5739,3278,1713,373,341,582,536,765,2202.0,312.0,585.111787926727,0.23368456832087015,4927,318,675,2077,1537,1137,98,211,1227,1,2560,830,0.0,0.0,4,0,0,0,1.27262,3,0,2227,7
861,17,17,4,2090,6689,6705,3415,1926,54,400,802,622,253,612.0,485.8839233119015,162.0,0.2050932861228381,5584,387,1133,2503,1860,1307,35,280,4906,5,295,63,0.0,0.0,4,0,0,0,1.26736,3,0,2090,16
862,17,17,4,2764,7256,7269,3655,1738,955,848,916,688,336,773.0,313.3534006055723,459.48089489433903,0.23876861469152796,5981,324,1403,2501,2018,1563,1378,801,1244,3,1310,1245,0.0,0.0,4,0,0,0,1.32511,3,0,2764,13
863,17,17,4,1229,3511,3513,1820,1060,171,346,306,242,336,355.0,192.0,161.0,0.19774590163934427,1105,210,636,1129,1148,685,376,158,468,1,52,50,0.0,0.0,3,0,647,0,1.33732,3,0,1229,2
864,17,17,4,3276,7932,7935,4014,1382,1856,1354,1019,684,210,433.0,183.940188455572,249.1562094835445,0.20125105256826656,3825,431,1405,3125,1735,1412,309,344,2149,3,877,143,0.0,49.44995438165815,3,55,0,0,1.54367,3,0,3276,3
865,17,17,4,1383,3811,3820,1949,1304,84,352,470,310,251,313.0,304.0,7.0,0.2557768924302789,496,98,558,997,1306,724,3,28,400,0,23,42,0.0,0.0,4,2510,0,0,1.17469,3,0,1383,9
866,17,17,4,1483,3674,3679,1597,1419,74,410,217,396,463,818.0,522.0,39.0,0.3207449560269012,616,115,668,1024,962,1009,16,73,458,1,23,45,0.0,0.0,4,0,0,0,1.08748,1,0,1483,5
867,17,17,4,985,2535,2536,1306,848,169,248,204,177,348,202.0,193.0,9.3474526029965,0.26053639846743293,306,155,273,825,753,549,58,48,152,1,12,35,0.0,0.0,4,0,0,0,1.22023,3,0,985,1
868,17,17,4,1232,3423,3509,2004,987,231,191,186,296,547,259.0,230.27763343877444,28.0,0.1761730823264962,506,212,616,1240,950,440,24,79,332,1,23,47,0.0,0.0,4,0,0,0,1.21775,3,0,1232,86
869,17,17,4,1447,3306,3333,1539,873,627,447,491,231,283,251.0,219.0,30.450380855126795,0.24938406788940598,1235,302,433,1250,824,748,164,126,808,1,46,90,0.0,0.0,4,0,0,0,1.39136,3,0,1447,27
870,17,17,4,1719,4440,4462,2370,1505,160,385,359,386,595,247.0,194.0,47.3743468250192,0.20021668472372697,887,241,766,1275,1433,792,58,56,264,1,132,376,0.0,0.0,4,0,0,0,3.9173,3,0,1719,22
871,17,17,4,3105,6590,6633,3840,926,2198,1081,865,633,520,415.0,210.0879359897271,198.3534863536521,0.20554533880322534,4598,147,1111,2567,1936,1143,408,1008,2419,58,520,185,0.0,49.44995438165815,3,0,0,0,1.80175,3,0,3105,43
872,17,17,4,2835,8890,8893,5463,1721,1086,749,758,674,660,538.0,422.0,111.35606938672848,0.2005271695052717,2277,240,1610,3605,2460,1741,450,496,565,4,310,452,0.0,0.0,4,166,0,0,1.40334,3,0,2835,3
873,17,17,4,1808,5493,5500,2856,1292,459,537,513,496,258,2003.0,321.0,1685.5458227691124,0.19993239817475073,10500,196,1230,2052,1353,933,1709,1366,1451,3,4698,1273,0.0,0.0,4,0,0,0,1.24375,3,0,1808,7
874,18,18,4,0,0,0,0,0,0,0,0,0,0,2428.5,571.453752169,2350.0,0.0,3481,0,0,0,0,0,9,243,272,2,2927,28,0.0,0.0,5,0,0,0,0.93596,3,0,0,0
875,18,18,4,1053,3306,3634,1544,914,181,399,327,183,145,1609.9,157.51591378420696,898.4879172829621,0.14997671169073126,14909,282,994,1506,936,473,667,2305,3904,66,6367,1600,0.0,0.0,3,281,0,0,1.6296,3,0,1053,328
876,18,18,4,667,2123,2123,1096,563,94,205,247,132,84,120.0,108.0,12.0,0.12389006342494714,183,69,519,924,570,234,3,16,76,0,33,55,0.0,0.0,4,0,0,0,1.23376,3,0,667,0
877,18,18,4,1066,3423,3461,1700,837,174,282,504,221,56,156.0,107.44300151512114,42.0,0.09854689564068692,378,174,938,1332,940,323,33,35,270,1,29,10,0.0,0.0,4,866,0,0,1.37383,3,0,1066,38
878,18,18,4,1746,5245,5291,2534,1259,456,760,600,291,90,250.0,133.0,99.35367885708727,0.09720555460312018,847,538,1285,2202,1337,360,57,136,427,1,196,30,0.0,0.0,3,0,0,0,1.44708,3,0,1746,46
879,18,18,4,1411,3865,3873,2256,1120,344,474,338,338,257,157.0,94.0,63.0,0.17771159096550013,577,238,519,1407,1240,539,60,61,178,1,162,115,0.0,0.0,4,0,0,0,1.42857,3,0,1411,8
880,18,18,4,1188,3709,3715,2125,770,422,549,314,237,86,142.0,103.08237779088908,34.38048286979411,0.06695317801402398,377,309,1011,1648,1134,219,12,28,275,0,25,37,0.0,0.0,4,0,0,0,1.52567,3,0,1188,6
881,18,18,4,1076,2962,2972,1483,726,372,369,372,246,78,142.0,128.11850839789645,10.870671354639502,0.17616580310880828,233,267,595,1128,779,437,8,30,148,1,19,27,0.0,0.0,4,0,0,0,1.34138,2,0,1076,10
882,18,18,4,1202,3045,3047,1402,852,360,475,245,295,189,196.0,139.0,45.8833687967672,0.17391304347826086,568,205,562,1131,736,478,163,33,339,0,11,22,0.0,0.0,4,0,0,0,1.37387,1,0,1202,2
883,18,18,4,1286,3123,3125,1566,1184,62,174,239,272,600,1702.0,492.4970791612665,237.453225866528,0.3242092457420925,1261,352,272,884,788,912,4,31,1185,0,7,34,0.0,0.0,4,231,0,0,1.00708,1,0,1286,2
884,18,18,4,1436,3700,3708,1991,1284,174,132,271,256,782,1149.0,455.7271589234956,239.143419806938,0.2472746609944164,497,140,458,1279,1009,787,22,122,277,1,37,38,0.0,0.0,4,0,0,0,1.01832,1,0,1436,8
885,18,18,4,3058,7971,7971,4218,2191,693,348,490,680,1524,2115.0,1091.6894809501794,190.32009042192,0.18779342723004694,1041,542,981,2513,2193,1266,18,172,760,1,64,26,0.0,0.0,4,1250,1473,10476,1.02251,1,0,3058,0
886,18,18,4,1855,4261,4276,2527,1635,283,427,287,476,667,376.0,360.0,15.0603250895099,0.17575757575757575,466,326,477,1820,1199,678,11,96,285,1,15,58,0.0,0.0,4,2,0,0,1.20494,1,0,1855,15
887,18,18,4,1231,3068,3095,1409,991,253,293,324,230,391,437.0,226.0,108.2577499915844,0.19479015918958031,861,181,558,1248,859,529,18,316,498,0,16,13,0.0,0.0,4,2031,0,0,1.13365,1,0,1231,27
888,18,18,4,1770,5036,5058,1954,835,909,1140,340,190,92,198.0,189.0,9.237223701369402,0.10481688616272776,303,276,1499,2009,1225,401,10,29,227,1,14,22,0.0,0.0,4,892,0,0,1.42057,3,0,1770,22
889,18,18,4,1288,3363,3370,1940,733,548,492,364,247,192,130.0,120.09195972357624,11.1840177408144,0.1306226175349428,269,314,706,1711,748,362,0,5,256,0,8,0,0.0,0.0,4,0,0,0,1.39611,2,0,1288,7
890,18,18,4,1814,5022,5024,2331,1226,649,898,503,276,152,211.0,155.0,41.661138196316,0.13410866799927312,378,388,1121,1890,1457,524,23,41,256,1,11,46,0.0,0.0,4,0,0,0,1.49096,3,0,1814,2
891,18,18,4,1658,4611,4618,2080,1026,643,731,536,178,218,186.0,145.0,43.4894093450052,0.13229719484457922,247,249,1283,1863,1200,567,14,21,193,0,6,13,0.0,0.0,4,0,0,0,1.38118,3,0,1658,7
892,18,18,4,1310,4345,4387,2216,1037,198,419,445,306,131,313.0,115.45567375784287,168.27300479181844,0.11464968152866242,782,279,1156,1824,934,415,16,89,189,1,399,88,0.0,0.0,4,0,0,0,1.37824,3,0,1310,42
893,18,18,4,1023,3529,3586,1692,768,249,486,212,239,83,210.0,83.8563605486664,122.0,0.0591672753834916,686,162,1061,1792,839,162,34,126,193,8,101,224,0.0,0.0,4,0,0,0,1.50467,3,0,1023,57
894,18,18,4,1277,3695,3790,1665,754,478,744,320,172,51,201.0,79.0,117.06268567164292,0.12067781085413327,874,210,863,1740,1071,376,6,77,310,0,398,83,0.0,0.0,3,0,0,0,1.4999,3,0,1277,95
895,18,18,4,2497,6712,6797,3117,856,1552,1584,564,280,66,296.0,121.31715227958286,158.31196955638725,0.143210197710718,3038,707,1582,2990,1455,790,24,572,1707,1,583,151,0.0,0.0,4,690,0,0,1.38763,3,0,2497,85
896,18,18,4,693,2030,2490,1048,384,370,242,239,166,53,595.0,64.0,410.1727774941716,0.11025537089582489,3040,99,431,1068,583,225,376,397,366,14,1479,408,0.0,0.0,4,0,0,0,1.30678,3,0,693,460
897,18,18,4,1382,3829,3858,2013,653,731,651,420,213,102,128.0,70.93624206314293,59.340156607522005,0.16701220916839438,583,57,952,1477,1232,522,186,111,243,1,13,29,0.0,0.0,3,0,0,0,1.5867,3,0,1382,29
898,18,18,4,1169,3106,3121,1329,707,584,527,371,213,59,125.0,101.40570750562038,22.885776403858603,0.16943331425300515,525,351,825,1078,733,419,22,44,331,1,107,20,0.0,0.0,3,0,0,0,1.67962,2,0,1169,15
899,18,18,4,2824,6724,6729,3092,1652,1119,1585,713,204,339,281.0,225.05583963943755,50.77740651545581,0.16537573039815193,852,479,1462,2314,1995,950,52,79,645,1,29,46,0.0,0.0,4,434,0,0,1.55343,3,0,2824,5
900,18,18,4,2085,5204,5263,2822,1323,664,882,500,543,160,269.0,171.34352147743877,78.2953325768077,0.13303919904972,916,478,1073,2047,1550,609,161,86,613,1,23,32,0.0,0.0,3,0,0,0,1.6302,2,0,2085,59
901,18,18,4,1848,4288,4288,2260,1320,609,528,629,227,465,222.0,174.0,27.9254696220543,0.19990995047276003,297,293,748,1702,899,720,7,57,192,1,15,25,0.0,0.0,3,0,0,0,1.36087,1,0,1848,0
902,18,18,4,790,1987,2260,938,593,168,295,122,120,253,296.0,143.0,153.06679150010356,0.16866537717601549,676,153,584,915,465,405,36,47,550,1,20,22,0.0,0.0,4,0,688,0,1.07522,1,0,790,273
903,18,18,4,1779,4065,4068,2171,1619,164,323,501,392,577,228.0,212.0,16.53744295386155,0.19925076094591432,259,361,635,1258,1196,728,21,53,149,1,15,20,0.0,0.0,4,0,0,0,1.26855,1,0,1779,3
904,18,18,4,2145,6150,6168,2825,1239,801,793,630,340,380,260.0,221.0,31.755769663857205,0.12037719168999558,504,494,1398,2829,1202,715,8,42,376,1,29,48,127.15702555283522,0.0,4,1173,0,0,1.44052,1,0,2145,18
905,18,18,4,2562,7570,7581,3524,1789,767,1065,537,522,439,255.0,223.0,31.237499454196005,0.15735775016350556,409,516,1214,2781,2035,943,22,65,271,0,15,36,0.0,0.0,3,0,0,0,1.4982,1,0,2562,11
906,18,18,4,2231,5965,5981,3118,1519,701,976,508,479,275,212.0,171.0,20.84618229758441,0.18124006359300476,2412,491,1004,2556,1178,920,166,116,2049,1,34,46,0.0,6.7817080294845455,3,0,0,0,1.53438,2,0,2231,16
907,18,18,4,1302,3130,3145,1545,945,407,355,378,153,415,302.0,200.43019722346875,50.101042270776,0.20143650016323866,395,131,573,1074,767,461,20,69,172,1,80,53,0.0,0.0,4,0,0,0,1.15148,1,0,1302,15
908,18,18,4,1544,3769,3775,2064,979,495,339,202,446,553,217.0,186.0,27.399896681729103,0.21734667693097254,400,224,614,1196,1081,687,50,48,264,0,13,25,0.0,0.0,4,0,0,0,1.31291,1,0,1544,6
909,18,18,4,1571,3830,3843,1908,1255,317,291,380,367,534,235.0,207.0,26.2478892383952,0.22720440881763526,364,109,776,1269,950,808,12,77,212,1,19,43,0.0,0.0,4,0,0,0,1.22901,1,0,1571,13
910,18,18,4,2226,5363,5468,3163,1748,489,413,503,512,802,417.0,357.0,60.2407749079725,0.20647282796815508,968,499,636,2055,1506,971,17,146,675,1,54,75,0.0,0.0,4,11,0,0,1.2368,1,0,2226,105
911,18,18,4,991,2231,2330,1368,917,54,89,178,157,569,463.0,358.0,90.0,0.2680835197613721,842,139,363,757,783,585,134,89,563,1,18,37,0.0,0.0,4,0,0,0,2.23273,1,0,991,99
912,18,18,4,1917,4732,4733,2099,1757,107,164,200,384,1160,1215.0,638.6713843044561,27.136887399695013,0.30912596401028275,625,276,600,1166,1326,1206,29,142,327,2,48,77,0.0,0.0,4,0,0,0,1.06613,1,0,1917,1
913,18,18,4,2649,6456,6469,3798,2447,60,170,277,390,1805,764.0,698.3109510412595,50.9277605787827,0.2727272727272727,2045,522,758,1775,1848,1269,320,488,855,4,165,213,0.0,0.0,4,0,0,0,1.16091,1,0,2649,13
914,18,18,4,2481,5849,5849,3304,2002,399,319,384,351,1434,1007.0,717.0,11.227949284264795,0.23720682302771856,731,326,753,1756,1574,1089,20,191,288,2,165,65,0.0,0.0,4,0,0,0,1.03563,1,0,2481,0
915,18,18,4,1703,4030,4034,1962,1360,360,242,241,293,928,455.0,331.0,28.0,0.25661042558549485,646,180,680,961,1149,915,47,162,352,1,26,58,0.0,0.0,4,367,0,0,1.12657,1,0,1703,4
916,18,18,4,1730,3993,4089,2100,1332,361,154,286,323,956,668.0,239.18198642061705,59.0,0.26945812807881775,1460,231,693,1051,1131,870,293,146,908,2,44,67,0.0,0.0,4,121,0,0,1.36962,1,0,1730,96
917,18,18,4,2275,5847,5847,2753,1716,469,249,314,337,1385,334.0,284.0,15.107993535068,0.23706896551724138,833,403,1169,1290,1650,1153,46,191,360,2,46,188,0.0,0.0,4,0,0,0,1.34886,1,0,2275,0
918,18,18,4,2106,5986,5991,2677,2050,84,134,211,267,1480,729.0,649.0,32.0,0.23084850566815526,1092,509,1327,1218,1373,1247,27,198,722,4,51,90,0.0,0.0,4,794,0,0,1.15415,1,0,2106,5
919,18,18,4,743,1853,1853,875,690,33,50,105,149,438,262.0,258.0,1.0,0.27043010752688174,190,52,340,333,661,433,7,51,66,1,37,28,0.0,0.0,5,0,0,0,1.03379,1,0,743,0
920,18,18,4,878,2255,2255,1267,861,17,69,122,109,581,304.0,207.0,8.068849198682997,0.2727680574248542,472,168,284,428,785,505,16,49,358,1,25,23,0.0,0.0,4,398,0,0,1.14101,1,0,878,0
921,18,18,4,1200,2701,2701,1162,716,511,343,272,195,396,153.0,117.3000129033876,15.272773622425,0.31542649727767696,398,192,402,737,688,662,12,81,236,1,36,32,0.0,0.0,4,0,0,0,1.45808,1,0,1200,0
922,18,18,4,2114,4951,4951,2721,1469,601,611,389,499,625,259.0,207.23309545045475,19.1061074022498,0.2749897161661868,822,298,606,1669,1165,1002,47,221,408,2,70,74,0.0,0.0,4,0,0,0,1.34627,1,0,2114,0
923,18,18,4,2922,7124,7151,3826,1338,1528,1058,968,388,499,288.0,237.0,24.093601884775296,0.14511909679195925,849,298,1193,2628,2063,897,228,105,410,2,36,68,0.0,0.0,3,0,0,0,1.49924,1,0,2922,27
924,18,18,4,2060,5830,5857,3224,1101,954,843,447,403,369,183.0,137.0,42.1267965058982,0.17184915646708568,619,316,1009,2148,1577,876,126,57,397,0,14,25,0.0,0.0,3,601,0,0,1.66129,1,0,2060,27
925,18,18,4,1920,6068,6072,2882,887,1015,711,695,330,187,173.0,82.0,87.0139229229998,0.12286845310596833,1220,352,1460,2624,1360,625,110,262,607,1,27,213,0.0,18.6496970810825,3,351,0,0,2.2407,3,0,1920,4
926,18,18,4,2133,5242,5560,2726,659,1457,870,433,464,370,465.0,123.78261151728204,348.12634670231085,0.15513953891488994,3926,322,832,2574,1226,707,552,494,1919,2,656,303,0.0,0.0,4,785,135,70,1.57816,3,0,2133,318
927,18,18,4,1434,4463,4463,2233,449,973,659,318,299,143,97.0,51.0,43.2893691853109,0.1478029294274301,1281,248,1042,2120,1060,672,53,222,859,3,66,78,0.0,15.258843066340228,2,0,0,0,2.38366,2,0,1434,0
928,18,18,4,1488,4650,4660,2420,554,918,522,564,251,149,99.0,72.10225091432031,27.181168637693705,0.10399382596951573,406,230,1085,2216,1106,421,4,54,311,1,10,26,0.0,14.12855839475947,2,0,0,0,1.85909,2,0,1488,10
929,18,18,4,1462,4191,4209,1893,796,617,654,405,123,273,118.0,117.64832295486306,2.0,0.19391985260248734,459,386,792,1570,815,673,15,19,393,0,8,24,0.0,0.0,3,0,0,0,1.62283,1,0,1462,18
930,18,18,4,786,2339,2354,925,456,357,298,200,151,148,138.0,82.0,15.053654341407398,0.37763713080168776,633,108,444,479,490,800,10,26,570,0,7,20,0.0,0.0,3,0,0,0,1.54665,1,0,786,15
931,18,18,4,1491,3491,3497,2118,572,953,389,522,349,248,134.0,107.0,25.1720315011395,0.191240132416603,3339,188,748,1483,1008,419,10,62,3197,1,36,33,0.0,0.0,3,0,0,0,3.32421,1,0,1491,6
932,18,18,4,1414,4488,4488,2081,798,628,643,401,276,88,128.0,127.0,1.5550781490871004,0.12343277129269348,237,175,883,1926,1157,375,5,19,185,0,16,12,0.0,0.0,3,0,0,0,1.52088,1,0,1414,0
933,18,18,4,2192,6843,6952,3220,1140,1140,1038,622,269,256,229.0,111.0,95.61134211423212,0.12134180011043623,757,427,1456,2739,1805,671,40,33,586,0,62,36,0.0,10.172562044226815,3,0,0,0,1.66799,1,0,2192,109
934,18,18,4,3467,7529,7541,4441,573,3104,1566,863,612,398,169.0,132.0,32.5259343533786,0.15706087824351297,976,164,1091,3685,2020,902,83,123,686,0,41,43,0.0,16.954270073711363,2,0,0,0,2.0517,2,0,3467,12
935,18,18,4,1675,3586,3617,2094,666,972,540,502,386,246,104.0,99.0,1.896317251139,0.2089715536105033,311,65,305,1640,933,629,9,54,205,1,17,25,0.0,6.216565693694166,3,0,0,0,1.65381,1,0,1675,31
936,18,18,4,1526,3181,3181,2118,520,1065,524,455,277,280,105.0,98.0,5.3826687400464,0.14128102972724488,249,80,325,1620,845,305,8,29,190,0,5,17,0.0,0.0,3,0,0,0,1.49007,1,0,1526,0
937,18,18,4,1640,3706,3709,2060,1113,633,342,259,414,626,207.0,177.0,7.557779584058397,0.2523926715887339,1230,279,553,1035,926,781,229,228,557,3,76,137,0.0,0.0,4,0,0,0,1.39781,1,0,1640,3
938,18,18,4,1741,4717,4718,2438,1677,36,147,175,267,1154,301.0,286.10672068198335,6.1024918339654,0.26184092940125114,330,236,863,1194,1167,917,9,121,132,1,22,45,0.0,0.0,4,0,0,0,1.19832,1,0,1741,1
939,18,18,4,2051,4102,4107,2579,658,1420,319,384,511,852,168.0,118.0,49.8919372434564,0.16136687233032748,1554,282,443,1768,998,631,229,277,773,23,113,139,45.2113868632303,29.95254379689008,3,386,0,0,1.8588,1,0,2051,5
940,18,18,4,2429,3888,3895,2616,361,2138,459,782,507,690,124.0,97.0,21.801001582554,0.22031366691560866,600,177,218,1911,830,780,102,103,337,1,24,33,43.515959855859165,10.172562044226815,2,0,0,0,1.62514,1,0,2429,7
941,18,18,4,3077,5108,5120,3394,236,3037,679,1110,781,503,95.0,93.0,2.0,0.12827426810477657,669,379,234,2562,1310,592,29,100,477,1,26,36,0.0,0.0,2,0,0,0,1.94811,1,0,3077,12
942,18,18,4,2969,4665,4692,3059,32,3227,617,1097,747,505,91.0,35.310874270423994,39.565721883170696,0.21768848384424191,1536,208,234,2500,848,931,101,281,993,2,69,90,0.0,50.86281022113409,2,0,0,0,2.66546,1,0,2969,27
943,18,18,4,2516,5134,5142,3481,607,1990,547,556,622,799,236.0,205.0,6.746501586392503,0.18080029368575623,896,210,595,2360,1307,861,30,112,610,2,87,55,81.94563868960492,0.0,3,1579,0,0,1.43554,1,0,2516,8
944,18,18,4,2530,4351,4377,2923,162,2483,923,697,407,499,102.0,58.64149664568348,6.238092149516298,0.20630900299332258,810,76,256,2369,806,730,125,116,495,1,43,30,0.0,42.38567518427841,2,0,0,0,2.42091,2,0,2530,26
945,18,18,4,4057,5554,5664,3572,97,4235,1706,1002,747,600,307.0,46.9576298278196,55.0,0.26826262981869387,13850,90,102,2926,1130,1316,41,1773,1656,4,3323,7053,133.37359124652937,40.12510584111689,1,0,0,0,4.32062,3,0,4057,110
946,18,18,4,2635,4593,4731,3157,449,2230,768,433,819,615,210.0,75.48315076832598,133.0,0.16083916083916083,3735,49,318,2642,977,638,129,814,1629,1,426,736,72.90336131695886,42.38567518427841,2,108,2273,14101,3.12396,3,0,2635,138
947,18,18,4,2361,4969,5832,2779,371,1960,1146,433,269,504,436.0,19.719992859178312,397.0034397452448,0.23066564063101191,3682,285,541,1822,1386,1058,331,562,1779,27,469,514,0.0,6.216565693694166,3,324,0,0,1.46233,2,0,2361,863
948,18,18,4,1546,4126,4650,2159,810,828,423,332,395,394,391.0,209.7432844311357,182.0,0.142422112907004,1746,197,900,1405,1162,512,139,261,575,3,127,641,0.0,0.0,3,0,0,0,1.36288,3,0,1546,524
949,18,18,4,1378,3939,3939,1874,1311,129,113,243,237,786,284.0,232.82748971399565,46.5814518204045,0.25867195242814667,1387,374,671,1043,1069,782,241,122,763,18,175,68,0.0,0.0,4,0,0,0,1.2918,3,0,1378,0
950,18,18,4,1917,4760,4760,2458,1160,760,398,322,545,662,246.0,206.53173804658024,32.726969234835,0.2177607818143191,1592,221,1023,1094,1396,859,190,293,918,3,63,125,0.0,49.44995438165815,3,0,0,0,1.46938,3,0,1917,0
951,18,18,4,2717,6427,6427,2931,1837,884,749,571,583,808,268.0,222.0,21.823216611423,0.2934150557912934,847,263,950,1893,1535,1551,44,130,552,2,47,72,0.0,0.0,4,0,0,0,1.42336,3,0,2717,0
952,18,18,4,2287,6632,6650,3253,2181,93,197,283,803,991,977.0,237.0,230.4618566044169,0.19567845270474463,7778,216,1570,1874,1661,1143,36,1383,1146,2,3620,1591,0.0,0.0,4,0,0,0,1.65467,3,0,2287,18
953,18,18,4,2583,6971,6980,3090,2423,91,276,393,607,1310,587.0,506.0,18.0,0.29741632413388136,932,258,1316,1369,2025,1698,137,165,526,2,47,55,0.0,0.0,4,0,0,0,1.23787,3,0,2583,9
954,18,18,4,1888,4548,4548,2363,587,1298,482,510,340,549,198.0,99.0,82.96643662653149,0.18523848684210525,1596,267,782,1840,1107,765,668,107,738,1,41,41,0.0,49.44995438165815,3,386,0,0,1.82608,3,0,1888,0
955,18,18,4,1191,2715,2715,1321,284,966,376,373,329,114,134.0,99.48139808482377,38.337175815685406,0.1984478935698448,2453,329,316,927,653,410,95,129,1602,2,57,568,0.0,0.0,3,1868,0,0,2.03674,3,0,1191,0
956,18,18,4,2044,4359,4378,2113,827,1273,461,593,400,590,219.0,208.0,5.882933871606502,0.24532710280373832,615,309,634,1351,1321,990,102,76,366,1,25,45,0.0,0.0,3,39,0,0,1.52723,3,0,2044,19
957,18,18,4,1562,3443,3452,2032,363,1211,218,313,342,674,158.0,117.0,16.0,0.233162100456621,913,178,434,1156,1006,653,6,61,805,1,20,20,0.0,0.0,4,0,0,0,1.57568,3,0,1562,9
958,18,18,4,1521,3225,3231,1900,473,1161,244,388,369,513,195.0,87.0,19.0,0.28174235403151066,346,73,457,1049,924,651,35,71,182,1,22,35,0.0,0.0,4,0,0,0,1.60929,3,0,1521,6
959,18,18,4,1817,4600,4600,2415,1109,712,417,319,340,741,208.0,161.0,28.262300865170698,0.14759358288770053,869,377,598,1904,1160,532,202,96,469,1,36,65,0.0,0.0,4,0,0,0,1.53834,3,0,1817,0
960,18,18,4,2121,5436,5570,2564,1234,851,549,416,428,731,617.0,177.04679891103962,293.0,0.14402073306182894,3760,312,1178,2202,886,724,477,892,1277,2,461,651,0.0,0.0,3,0,0,0,1.3204,3,0,2121,134
961,18,18,4,1557,4399,4417,2072,1083,517,349,100,242,862,482.0,44.716227115670286,474.0,0.13240495137046862,2506,497,798,1803,779,547,236,998,774,1,446,51,0.0,0.0,2,211,834,9542,1.13327,3,0,1557,18
962,18,18,4,1946,4582,4582,2738,437,1524,516,714,450,262,145.0,92.0,54.4710219034241,0.17837049385288603,662,311,643,1876,1263,602,8,44,547,10,29,24,0.0,0.0,3,346,0,0,1.71529,3,0,1946,0
963,18,18,4,2220,4937,4937,2661,1137,1089,611,546,504,561,235.0,138.33061507856547,87.70598769628782,0.2154308617234469,1051,319,571,1991,1008,990,30,147,557,1,50,266,0.0,0.0,3,927,0,0,1.405,3,0,2220,0
964,18,18,4,247,655,658,389,41,213,127,75,7,40,1390.0,45.0,1315.0,0.1748046875,1274,123,277,221,289,97,80,199,287,1,557,150,0.0,0.0,4,0,0,0,0.9425,3,0,247,3
965,18,18,4,286,600,697,575,148,179,89,68,59,72,1017.0,408.7865219833136,874.0,0.25487256371814093,2658,8,11,250,230,157,23,88,109,1,2331,106,36.16910949058424,0.0,4,1,0,0,0.95179,3,0,286,97
966,18,18,4,37,53,94,37,5,47,0,11,21,5,280.0,8.0,268.0,0.46296296296296297,1096,0,0,18,11,25,18,87,478,1,464,48,0.0,0.0,4,0,0,0,1.24398,3,0,37,41
967,18,18,4,701,1131,1183,918,27,646,99,92,173,345,104.0,8.130661274008002,100.09647475169766,0.0947867298578199,4333,13,27,755,330,107,190,812,2095,69,611,556,61.03537226536091,71.77307664537811,1,0,0,0,3.53421,3,0,701,52
968,18,18,4,1461,2353,2387,1231,15,1667,764,248,284,169,83.0,10.2666613251102,73.98585027535525,0.3844528939585974,14368,11,83,1082,337,803,303,1919,3690,5,6639,1812,126.59188321704484,110.76789781491424,1,0,34,50,4.48534,3,0,1461,34
969,18,18,4,1541,2429,2490,1468,56,1661,545,236,365,388,85.0,16.8872652379125,54.2913005096282,0.1724137931034483,10130,48,78,1572,613,387,296,4105,3158,6,1313,1252,135.6341605896909,97.76962409173552,1,0,0,0,4.1942,3,0,1541,61
970,18,18,4,2809,4452,4819,2385,168,2769,1735,356,360,359,94.0,25.2927742169594,74.57668155440768,0.25512104283054005,6683,0,489,2061,1202,971,56,901,1987,2,74,3663,114.72389416544688,98.3347664275259,1,464,0,0,3.79797,3,0,2809,367
971,18,18,4,1139,1635,1653,970,38,1331,379,252,211,306,96.0,7.8143540680567,91.33299189398528,0.13893967093235832,18472,81,47,902,376,199,192,8757,5209,10,833,3471,111.33304015070462,110.20275547912388,1,148,723,37,4.50082,3,0,1139,18
972,18,18,4,4446,7526,7578,4606,518,4437,1458,622,1184,1183,206.0,107.73079951428991,99.0,0.18560654480378372,3315,219,509,4342,1275,1289,674,575,1642,3,176,245,111.898182486495,45.776529199020686,2,0,0,0,2.07851,1,0,4446,52
973,18,18,4,1455,2306,2309,1444,264,1282,441,435,296,294,91.0,50.0,32.0017373170361,0.1771058315334773,7911,103,119,1122,538,377,30,133,7535,1,133,79,0.0,45.776529199020686,3,0,0,0,3.7546,1,0,1455,3
974,18,18,4,3098,5145,5150,3263,771,2477,765,765,594,976,198.0,151.0,48.48122146773011,0.2679859441464768,2467,348,251,2295,1072,1324,303,325,1511,6,177,145,0.0,41.25539051269765,3,0,0,0,2.09958,1,0,3098,5
975,18,18,4,1460,2779,2843,1957,686,734,333,359,199,566,163.0,119.90400538968562,30.771129943020497,0.10796269727403156,825,178,145,1547,617,246,49,106,584,1,26,59,0.0,15.258843066340228,3,2082,0,0,1.41117,3,0,1460,64
976,18,18,4,2900,5562,5642,3419,559,2392,683,1068,417,722,218.0,58.06346014939865,67.437242758461,0.06906854130052724,1979,214,634,3350,1037,337,224,341,1069,3,116,226,0.0,40.12510584111689,3,0,597,0,2.23344,3,0,2900,80
977,18,18,4,2893,6281,6355,4140,1399,1695,788,564,715,832,268.0,183.6672453040196,71.0,0.12615255658005028,3085,553,810,3656,1282,695,39,262,2450,1,99,234,0.0,0.0,3,251,0,0,2.07102,3,0,2893,74
978,18,18,4,1707,4003,4289,2226,494,1344,667,503,294,240,187.0,103.0,85.33741657614019,0.1304240631163708,720,169,440,2218,731,405,47,71,422,1,91,88,0.0,0.0,3,2,0,0,1.44172,3,0,1707,286
979,18,18,4,2611,4347,4958,3097,191,2689,682,773,707,450,207.0,71.60948682159538,107.7750957303357,0.16719914802981894,5650,186,237,2685,764,713,476,470,4355,3,156,190,70.64279197379734,73.46850365274925,1,77,1785,633,3.50884,2,0,2611,611
980,18,18,4,527,1056,1061,660,171,380,187,48,163,124,91.0,63.11274062807399,19.594592094756106,0.15404255319148935,109,27,169,564,271,119,12,14,73,0,4,6,0.0,0.0,3,0,0,0,2.78565,3,0,527,5
981,18,18,4,356,621,631,343,17,336,226,52,43,36,72.0,30.0,8.0,0.330804248861912,259,14,59,254,140,184,8,13,228,0,4,6,0.0,9.04227737264606,1,0,1550,218,4.01602,3,0,356,10
982,18,18,4,729,1880,1884,742,203,574,421,175,80,54,91.0,57.0,13.1679362407303,0.12866700977869275,497,100,438,724,466,163,6,123,337,0,3,28,0.0,0.0,2,58,0,0,1.57936,3,0,729,4
983,18,18,4,1270,2479,2495,1196,460,834,767,208,141,154,80.0,60.51576034944959,9.101005334311102,0.19017254313578394,269,82,450,966,669,434,12,19,216,0,6,16,0.0,0.0,2,0,0,0,1.70359,3,0,1270,16
984,18,18,4,214,479,501,169,66,142,120,37,46,10,104.0,30.0,51.0,0.1375968992248062,638,18,131,208,91,52,3,71,259,0,268,37,0.0,0.0,2,0,0,0,1.3286,3,0,214,22
985,18,18,4,887,2164,2262,674,269,588,442,227,158,52,68.0,47.6478852784696,17.0,0.1405550581915846,338,89,545,848,454,255,29,16,263,0,27,3,0.0,0.0,2,0,0,0,1.58292,3,0,887,98
986,18,18,4,816,1977,2157,971,268,533,239,135,343,87,68.0,41.88643994229258,27.0004552821252,0.08220457730032694,257,69,319,1284,271,153,27,40,133,1,38,18,68.38222263063584,0.0,3,0,0,0,1.71189,3,0,816,180
987,18,18,4,756,1603,1610,848,280,529,295,216,116,125,75.0,49.05588591633605,27.109576072740097,0.12109375,201,106,262,892,344,157,8,20,141,0,24,8,0.0,0.0,3,0,0,0,1.46097,3,0,756,7
988,18,18,4,1587,3314,4166,2294,857,1013,297,260,471,571,1307.0,81.56343036750059,876.0,0.0939241917502787,3873,126,383,2057,708,233,972,648,367,4,1360,522,0.0,0.0,4,0,0,0,1.1153,3,0,1587,852
989,18,18,4,1038,2608,2791,1565,504,577,218,140,198,475,157.0,19.277862630809725,139.47420948183117,0.09903560830860535,1207,121,416,1319,615,169,32,125,290,2,445,313,0.0,0.0,3,273,0,0,1.42659,3,0,1038,183
990,18,18,4,1264,2650,2692,1432,571,728,570,250,246,198,115.0,57.058316620152375,54.922550301563504,0.14083484573502722,663,121,228,1283,783,275,31,110,223,1,199,99,0.0,0.0,3,0,0,0,1.52169,3,0,1264,42
991,19,19,4,7447,11874,11988,8006,863,6713,1943,1698,1580,2267,729.0,91.01607411833209,499.0,0.12145816072908036,17291,485,470,7191,2388,1268,1228,5780,5038,46,2436,2763,0.0,0.0,2,177,2006,44,2.95761,3,0,7447,114
992,19,19,4,1168,2849,2855,1621,491,782,341,267,165,395,102.0,72.28479061884696,30.2070138381192,0.0886030725259021,409,149,510,1173,690,209,6,52,185,1,59,106,163.89127737920984,0.0,4,0,0,0,1.51634,3,0,1168,6
993,19,19,4,2074,4609,4654,3019,921,1146,582,329,551,622,165.0,95.51633406787332,69.72578694796161,0.1761668731928955,1534,108,530,2192,1191,711,42,113,484,1,672,222,0.0,0.0,4,0,0,0,1.59778,3,0,2074,45
994,19,19,4,955,2157,2169,1141,523,463,281,217,274,181,75.0,59.602839957242985,16.1798632078432,0.18415227976980966,289,154,392,811,573,286,15,48,174,1,15,36,0.0,0.0,4,0,0,0,1.44953,3,0,955,12
995,19,19,4,1553,3843,3992,2091,505,1104,548,368,233,400,120.0,94.32450029328376,28.5860346321491,0.1314070351758794,791,136,647,1802,903,408,31,122,525,2,50,61,0.0,0.0,4,0,0,0,1.64959,2,0,1553,149
996,19,19,4,2047,4583,4597,3048,966,1197,517,466,422,651,202.0,136.28175563211485,60.7610025064282,0.1594017094017094,1209,204,552,2273,1108,452,49,419,401,2,247,91,0.0,9.60741970843644,3,127,0,0,1.60551,3,0,2047,14
997,19,19,4,769,1837,1844,1091,428,320,190,129,164,283,78.0,60.0,16.5291891215109,0.12261146496815287,278,104,240,730,568,202,8,47,41,0,36,146,0.0,0.0,3,0,0,0,1.46904,2,0,769,7
998,19,19,4,2605,5456,5530,3263,1252,1273,427,580,408,1183,266.0,195.3674024806653,39.4444995882727,0.2236527496781313,2612,252,708,1869,1484,986,313,410,1494,6,153,236,0.0,15.823985402130608,3,0,0,0,1.62381,2,0,2605,74
999,19,19,4,1033,2374,2396,1358,682,343,124,140,243,525,161.0,113.0,26.70629148875789,0.28316831683168314,1331,162,318,859,541,596,381,191,670,2,36,51,0.0,24.30112043898629,3,0,0,0,1.88874,1,0,1033,22
1000,19,19,4,1846,4342,4351,2376,1053,876,318,315,436,777,171.0,125.36970314058266,38.628347813698205,0.1854802002730997,922,380,616,1656,964,679,96,168,492,2,49,115,0.0,6.7817080294845455,3,0,0,0,1.57626,2,0,1846,9
1001,19,19,4,1705,3979,3980,2037,910,811,445,473,334,465,133.0,119.0,10.448420296337805,0.1879531511433352,555,179,450,1734,530,606,34,109,338,1,21,52,0.0,0.0,3,0,0,0,1.55303,2,0,1705,1
1002,19,19,4,953,2110,2140,1238,364,553,240,212,182,317,93.0,41.59668123933154,46.5428711556728,0.19804741980474197,1048,42,357,962,372,362,36,291,618,2,36,65,0.0,0.0,3,0,0,0,1.77366,2,0,953,30
1003,19,19,4,729,1479,1479,968,261,507,185,110,114,324,77.0,55.0,22.754146966772893,0.20038167938931298,3051,33,204,706,290,300,237,167,2518,2,51,76,134.50387591811014,7.346850365274924,3,0,0,0,3.21387,2,0,729,0
1004,19,19,4,1427,3295,3295,1417,1056,332,219,153,383,660,258.0,246.0,9.8155057608344,0.3470003014772385,963,221,370,903,836,920,75,246,412,2,56,172,0.0,0.0,4,0,0,0,1.39205,1,0,1427,0
1005,19,19,4,1315,3087,3087,1580,1369,0,147,75,296,798,1667.0,485.20800391497744,565.0,0.33431758530183725,458,87,485,543,975,880,17,128,213,2,37,61,0.0,0.0,4,0,0,0,0.95797,1,0,1315,0
1006,19,19,4,1174,2762,3713,1428,568,788,436,251,101,384,193.0,155.0,38.5358395069944,0.18278615794143743,1085,100,672,1537,563,424,48,124,776,1,96,40,0.0,0.0,4,113,0,0,1.42554,1,0,1174,951
1007,19,19,4,1026,2374,4554,981,219,896,585,136,179,115,90.0,68.0,22.0,0.033760186263096625,320,39,1327,3398,113,169,3,38,243,0,6,30,0.0,35.603967154793864,2,0,597,0,2.78181,1,0,1026,2180
1008,19,19,4,1644,3380,10221,1404,42,1911,1035,349,99,159,103.0,64.3703360342436,41.9545934954052,0.017766497461928935,2165,24,4095,5198,167,129,306,235,1516,2,52,54,130.5478795675775,127.7221678886256,1,0,4,60,3.9493,1,0,1644,6841
1009,19,19,4,2256,4852,4987,2393,415,2123,1190,492,322,249,99.0,80.3812552286123,19.253991240935,0.15333091962346126,683,208,606,3369,450,746,144,108,331,2,50,48,0.0,0.0,2,0,53,161,2.03965,2,0,2256,135
1010,19,19,4,1196,2573,2587,1445,540,689,198,311,225,466,128.0,94.20200571258292,34.3590437066497,0.2937037037037037,1586,107,225,1073,515,722,78,221,839,2,104,342,0.0,5.0862810221134085,2,0,0,0,1.65998,2,0,1196,14
1011,19,19,4,1609,3585,3718,2064,536,1083,526,320,340,435,153.0,80.88797024857338,70.501023159163,0.18710191082802546,1693,82,456,1896,608,650,437,280,792,3,58,123,0.0,9.04227737264606,3,54,87,90,1.82812,2,0,1609,133
1012,19,19,4,2002,4996,5005,2828,949,1311,488,456,276,799,182.0,151.15430980075706,31.8634795871588,0.15369873514756613,741,135,879,2550,857,654,17,105,496,1,50,72,0.0,0.0,3,0,0,0,1.50062,2,0,2002,9
1013,19,19,4,1497,3494,3494,1902,1052,609,482,316,211,486,176.0,90.68807193506068,68.0523248499762,0.18106541540160087,402,147,637,1146,1011,603,33,82,188,1,29,69,0.0,2.260569343161515,3,0,0,0,1.4995,3,0,1497,0
1014,19,19,4,1304,2343,3035,1611,406,976,348,289,352,313,1042.0,10.03176452645156,495.7580561033292,0.22986167615947925,14001,39,260,1134,485,492,1804,3086,3945,127,3508,1531,0.0,0.0,2,24,0,0,2.59526,3,0,1304,692
1015,19,19,4,1195,2790,2822,1126,438,823,578,276,141,200,114.0,50.3236859622288,65.0868527588332,0.16464414562151525,1173,115,418,1396,673,369,131,142,783,1,63,53,0.0,1.6954270073711364,3,0,0,0,1.86013,3,0,1195,32
1016,19,19,4,2094,4274,4392,1792,958,1164,1049,365,301,379,184.0,159.05295104516466,30.0,0.28884741017265514,946,252,499,1443,977,1001,86,159,571,1,60,69,0.0,1.6954270073711364,3,0,0,0,1.82935,2,0,2094,118
1017,19,19,4,1998,4114,4214,2452,877,1185,661,375,299,678,175.0,162.06264620969142,14.532273184166904,0.19668737060041408,1112,100,508,1882,1057,707,51,193,728,3,57,80,73.46850365274925,0.0,3,0,0,0,1.52117,2,0,1998,100
1018,19,19,4,2060,3728,4002,1914,104,2517,1126,562,231,138,134.0,57.69176341585491,78.0,0.07195902688860435,7572,33,523,2602,447,202,357,1839,3771,23,252,1330,129.9827372317871,155.97928467814452,1,3218,1391,9898,4.00509,2,0,2060,274
1019,19,19,4,194,288,1102,121,20,178,85,71,19,22,419.0,13.0,406.0,0.01947565543071161,589,6,422,796,74,8,33,159,304,1,24,68,127.15702555283522,0.0,1,0,42652,5904,3.5831,1,0,194,814
1020,19,19,4,2075,3474,5269,2245,328,1944,1082,423,303,264,116.0,91.0,27.4945518176058,0.09872611464968153,623,13,1069,2539,932,359,10,131,343,2,32,105,42.38567518427841,11.867989051597954,1,0,181,232,3.31909,1,0,2075,1795
1021,19,19,4,1744,3615,3647,2137,232,1727,607,365,236,528,115.0,49.300991329501706,67.3311606210345,0.1310175054704595,15872,97,277,2275,475,442,80,337,15154,2,68,231,103.9861897854297,40.12510584111689,2,76,0,0,3.43619,2,0,1744,32
1022,19,19,4,1675,3559,3576,1696,605,1222,506,485,296,392,136.0,80.00114050644194,24.879903574506,0.1966675771647091,3155,84,543,1491,844,619,139,2596,289,2,83,46,0.0,2.260569343161515,3,0,0,0,1.71672,2,0,1675,17
1023,19,19,4,1566,3376,3398,1780,811,802,405,453,231,474,167.0,105.265000902792,59.712771651354,0.14429331756357186,1122,207,513,1398,767,416,124,110,740,5,59,84,19.779981752663257,1.6954270073711364,3,0,0,0,1.47291,2,0,1566,22
1024,19,19,4,1334,2961,2961,1627,778,582,333,260,232,510,136.0,81.70589020982578,49.1609286440853,0.23663332183511557,503,186,355,842,878,579,49,117,246,2,32,57,0.0,0.0,3,0,0,0,1.45072,3,0,1334,0
1025,19,19,4,1727,4268,4279,2186,1283,440,389,256,299,782,210.0,157.0,45.7073410947005,0.2254878342568056,850,178,812,1222,1107,730,79,119,525,2,50,75,0.0,0.0,4,0,0,0,1.37774,2,0,1727,11
1026,19,19,4,829,1848,1848,971,624,209,106,135,247,341,133.0,104.0,29.0621440497852,0.29473684210526313,496,86,225,580,521,452,85,75,267,1,23,45,0.0,0.0,4,0,0,0,1.29364,1,0,829,0
1027,19,19,4,1798,3549,3568,1872,601,1307,542,386,331,544,144.0,113.0,26.7176534839276,0.277977341807129,1625,78,405,1498,660,889,286,291,863,3,76,106,0.0,14.693700730549848,2,0,0,0,3.76063,1,0,1798,19
1028,19,19,4,1628,4126,4166,1789,1380,268,276,165,246,950,349.0,313.0,27.0,0.27737409170633925,318,110,688,981,1119,1003,10,83,137,1,21,66,0.0,0.0,4,0,41,26,1.11072,1,0,1628,40
1029,19,19,4,1577,3989,4023,1907,1398,176,142,235,304,886,389.0,358.0,9.0,0.34610439701722806,1104,136,642,868,994,1161,17,754,132,2,35,164,0.0,0.0,4,0,0,0,1.10541,1,0,1577,34
1030,19,19,4,882,2156,2168,984,839,1,96,85,115,586,182.0,178.0,4.0,0.36367774237596723,333,89,316,419,663,659,11,73,185,1,27,36,0.0,0.0,4,0,0,0,1.12121,1,0,882,12
1031,19,19,4,1460,3657,3657,1734,1420,0,87,162,224,999,313.0,302.0,5.0,0.427536231884058,539,156,461,613,933,1343,22,162,233,2,41,79,0.0,0.0,4,0,0,0,1.16813,1,0,1460,0
1032,19,19,4,660,1729,1729,881,578,96,108,93,81,377,115.0,111.0,3.131406947247,0.3766532489936745,261,87,208,434,432,533,7,39,165,1,11,38,0.0,0.0,4,0,0,0,1.22058,1,0,660,0
1033,19,19,4,1948,4350,4350,2013,1602,248,446,341,352,828,247.0,216.0,33.23067762435831,0.34232558139534885,1433,407,598,669,1276,1251,165,295,722,4,118,129,0.0,0.0,4,0,0,0,1.43834,1,0,1948,0
1034,19,19,4,1348,3559,3568,1814,1199,105,189,191,277,690,196.0,181.0,13.426276754134689,0.22155172413793103,961,216,689,829,1024,644,166,220,422,3,57,93,0.0,0.0,4,627,0,0,1.39388,1,0,1348,9
1035,19,19,4,984,2488,2488,1164,849,71,81,229,180,491,128.0,95.0,19.520214220035804,0.2756384272395622,723,41,515,530,786,552,30,78,562,1,17,35,0.0,0.0,3,1126,0,0,1.46851,2,0,984,0
1036,19,19,4,1270,3178,3180,1791,611,653,196,244,333,502,110.0,59.0,50.4659935445263,0.15873522836154583,993,118,592,1099,811,442,45,204,557,3,58,126,0.0,0.0,3,138,0,0,1.71714,2,0,1270,2
1037,19,19,4,957,2460,2466,1226,633,332,167,229,205,358,94.0,56.0,39.521417150087,0.18387096774193548,640,97,598,729,615,388,54,107,361,2,74,42,0.0,0.0,4,0,0,0,1.65076,3,0,957,6
1038,19,19,4,1027,2206,3407,1171,84,997,326,304,234,163,216.0,71.0,114.219052917466,0.06362425049966688,903,220,487,1967,86,185,271,76,410,2,8,136,0.0,0.0,3,0,0,0,1.7869,2,0,1027,1201
1039,19,19,4,2119,4881,4892,2511,794,1295,374,571,574,593,339.0,94.71027885520256,16.260002698540596,0.18966617052944929,961,413,695,1476,1268,745,150,126,500,2,46,137,0.0,0.0,3,0,0,0,2.11478,1,0,2119,11
1040,20,20,5,686,1679,1692,928,144,538,211,222,186,69,60.0,31.229338534625,10.0,0.14926253687315635,270,117,179,808,403,167,47,23,181,0,5,14,0.0,0.0,4,0,0,0,2.03565,2,0,686,13
1041,20,20,5,1121,2376,2378,1295,462,676,410,311,178,230,161.0,63.4021647367198,58.0,0.2392055267702936,1456,106,290,905,534,447,472,248,649,1,54,32,0.0,0.0,3,0,0,0,1.82124,2,0,1121,2
1042,20,20,5,731,1764,1829,848,726,5,54,176,141,361,146.0,82.08846598938358,25.0,0.2872896111433546,430,83,252,455,510,403,13,73,290,1,20,33,0.0,0.0,4,1460,0,0,1.28874,1,0,731,65
1043,20,20,5,1148,2769,2785,1269,1102,13,130,204,237,572,349.0,174.17083876479623,39.0,0.2901932191031717,816,115,530,669,764,637,56,176,436,2,78,68,0.0,0.0,4,0,0,0,1.1749,1,0,1148,16
1044,20,20,5,957,2411,2411,1239,947,19,66,163,111,618,213.0,144.0244306918469,4.0,0.28353658536585363,458,170,271,624,667,531,23,140,223,1,26,45,0.0,0.0,4,0,0,0,1.27501,1,0,957,0
1045,20,20,5,1198,2761,2761,1190,1196,9,208,296,211,480,586.0,242.90304937930443,49.0,0.4162062615101289,312,113,295,587,754,921,5,82,118,4,33,70,0.0,0.0,4,0,0,0,1.10807,1,0,1198,0
1046,20,20,5,962,2413,2413,1119,1044,0,128,176,213,449,235.0,156.39175485147842,12.0,0.31175468483816016,271,87,338,613,677,601,5,46,175,1,15,29,0.0,0.0,4,0,0,0,1.17364,1,0,962,0
1047,20,20,5,1300,3204,3219,1705,780,475,317,294,336,353,199.0,95.5639541518768,39.0,0.1769352290679305,567,226,439,1360,583,509,104,88,304,1,19,51,0.0,0.0,3,273,0,0,1.64079,1,0,1300,15
1048,20,20,5,1130,2838,2854,1398,723,446,233,338,286,281,167.0,90.87711549759808,20.0,0.22786177105831534,590,152,411,866,825,480,52,143,298,1,41,55,0.0,0.0,4,0,0,0,1.46266,2,0,1130,16
1049,20,20,5,2201,5591,5639,3208,1521,690,554,375,673,599,326.0,169.74523698875458,25.0,0.2020446096654275,1170,498,577,1949,1550,739,243,303,493,1,35,95,0.0,0.0,4,0,0,0,1.6229,1,0,2201,48
1050,20,20,5,2991,7951,8296,3710,1816,1198,1435,859,498,198,485.0,221.11273114315935,107.16327608801348,0.16666666666666666,1130,296,1880,3336,1946,993,129,231,584,1,90,95,0.0,0.0,4,740,0,0,1.61679,2,0,2991,345
1051,20,20,5,1526,3707,3723,1858,593,951,584,424,250,262,250.0,81.25862866098957,89.0,0.19639494215765402,2268,143,326,1821,769,606,635,191,1173,1,27,241,0.0,0.0,4,0,0,0,1.77146,2,0,1526,16
1052,20,20,5,560,1538,1538,607,543,0,107,61,148,245,158.0,82.0,25.0,0.3160878809355067,170,31,275,262,488,336,5,44,92,0,13,16,0.0,0.0,4,374,0,0,1.10796,1,0,560,0
1053,20,20,5,1648,4138,4140,2203,1559,42,211,307,354,783,391.0,202.1109192435764,16.0,0.255250803063998,773,237,590,1348,1008,808,24,155,432,2,65,95,0.0,0.0,4,0,0,0,1.2929,1,0,1648,2
1054,20,20,5,1110,2958,3016,1475,1019,100,141,254,298,416,243.0,118.0,24.0,0.2701129750085587,394,163,463,932,763,563,69,63,219,1,16,26,0.0,0.0,4,0,0,0,1.34731,1,0,1110,58
1055,20,20,5,2128,5651,5725,3185,1944,237,454,792,482,401,324.0,189.0,24.0,0.2115185057073677,703,279,878,2012,1515,1029,81,138,395,1,28,60,0.0,0.0,4,0,0,0,1.5398,3,0,2128,74
1056,20,20,5,1914,5030,5033,2469,1393,497,694,367,566,286,242.0,124.0,41.0,0.16790606653620352,1067,272,805,2011,1259,698,45,70,526,0,11,415,0.0,0.0,4,0,0,0,1.9945,3,0,1914,3
1057,20,20,5,1462,4718,4730,2481,871,578,586,416,365,97,159.0,74.9568275036352,20.0,0.09297559157816285,200,163,1573,2143,976,432,31,25,121,0,12,11,0.0,0.0,4,0,0,0,4.35047,3,0,1462,12
1058,20,20,5,2276,6208,6592,2627,1557,800,823,709,445,296,476.0,185.5433561859759,105.0,0.20526700804681786,1449,302,1575,2310,1425,1156,199,199,775,4,136,136,0.0,0.0,3,0,0,0,1.70791,3,0,2276,384
1059,20,20,5,3344,6879,7262,3654,2057,1275,929,741,857,825,3333.0,180.2358864961106,763.4584896034253,0.25022928767960867,6913,285,541,2578,1895,1159,1276,681,1137,55,1679,2085,0.0,0.0,4,333,0,0,1.29608,3,0,3344,383
1060,20,20,5,2040,6429,6472,3069,1447,652,867,565,512,93,420.0,148.0,107.11719953933822,0.10969224875494828,1126,389,2328,2778,1699,534,38,64,580,0,372,72,0.0,0.0,4,0,0,0,1.59814,3,0,2040,43
1061,20,20,5,2641,7185,7227,2667,1563,1032,1498,683,339,118,318.0,141.99244919484778,79.0,0.15717916137229987,845,367,1801,2641,1961,1014,141,44,512,0,45,103,0.0,0.0,3,746,0,0,1.70934,3,0,2641,42
1062,20,20,5,2074,4264,4279,2189,1204,848,457,370,570,674,9761.0,345.0518730715185,2631.0,0.3251957623215108,5414,237,384,1313,1172,1180,119,925,792,26,2705,847,0.0,0.0,5,0,0,0,0.98918,1,0,2074,15
1063,20,20,5,1930,6241,6290,2781,1201,851,691,644,424,166,301.0,130.19818869776077,54.0,0.10387323943661972,2104,462,1524,2496,1688,552,13,77,1908,1,24,81,0.0,0.0,3,0,0,0,1.73691,3,0,1930,49
1064,20,20,5,1406,4764,4764,2380,1131,232,377,443,379,206,207.0,99.054607270807,24.13268161122529,0.149645685702376,330,145,1280,1730,1047,518,29,27,216,0,11,47,0.0,0.0,4,0,0,0,1.59746,3,0,1406,0
1065,20,20,5,2492,6879,6951,4087,2559,28,565,969,664,292,388.0,215.0,54.0,0.13837689133425035,800,544,1001,2944,1929,772,73,108,523,1,31,64,0.0,0.0,4,1693,0,0,1.48532,3,0,2492,72
1066,20,20,5,2634,7248,7308,3114,1193,1399,762,1265,477,129,401.0,126.07538660493132,92.51280369408347,0.18434080250130278,2546,276,1768,2881,1411,1223,506,126,1659,0,20,235,0.0,0.0,4,0,0,0,2.3201,2,0,2634,60
1067,20,20,5,2578,9122,9133,4040,1887,671,909,874,584,209,357.0,176.37735541911636,64.0,0.1135250917992656,669,681,2355,3815,1963,878,63,82,387,0,34,103,0.0,0.0,4,0,0,0,1.65323,3,0,2578,11
1068,20,20,5,1314,4569,5104,2342,1211,207,401,420,323,173,3921.0,123.22534623899242,618.4765958024425,0.09679311693390692,1404,306,1143,1889,1311,394,62,248,283,1,432,378,0.0,0.0,5,0,0,0,1.10253,3,0,1314,535
1069,20,20,5,4394,11088,11088,5590,2036,2333,1312,1206,1089,783,7997.0,439.0725963969351,947.7518850728331,0.14624053530551154,7051,517,1846,4764,2700,1401,723,915,1222,2,2755,1434,0.0,0.0,4,1287,0,0,1.32759,1,0,4394,0
1070,20,20,5,1289,3531,3531,1715,1073,162,359,535,294,93,245.0,152.11087740773272,21.0,0.17251908396946564,227,163,810,1282,1165,468,24,12,126,0,25,40,0.0,0.0,4,0,0,0,1.42759,1,0,1289,0
1071,20,20,5,1814,5989,5989,2712,1169,609,704,454,467,190,266.0,156.16761754522958,45.0,0.1626679462571977,437,366,1564,2254,1290,706,41,87,214,1,48,46,0.0,0.0,4,0,0,0,1.47931,3,0,1814,0
1072,20,20,5,1784,5074,5074,2459,1292,491,544,529,399,312,328.0,126.14231379613456,124.2442376008146,0.13919223435604092,1195,180,1104,2123,1692,613,99,49,1007,1,12,27,0.0,0.0,4,307,0,0,1.46982,2,0,1784,0
1073,20,20,5,1987,5210,5239,2669,1193,863,638,698,419,232,429.0,211.0,81.0,0.15960798039901994,328,220,1200,1954,1508,757,2,27,275,2,10,12,0.0,0.0,4,294,1805,7816,1.2738,1,0,1987,29
1074,20,20,5,2713,7262,7344,3286,2238,621,518,1163,545,483,1081.0,500.32804206348624,181.0,0.30907581627006087,2415,168,1083,2080,1963,1852,887,221,1098,2,53,154,0.0,0.0,4,11,0,0,1.30191,1,0,2713,82
1075,20,20,5,1059,3026,3067,1391,834,254,349,306,196,215,372.0,134.12968993807362,58.0,0.18879159369527146,652,251,427,1059,678,416,118,126,351,1,16,40,0.0,0.0,4,0,0,0,1.31011,1,0,1059,41
1076,20,20,5,1177,2709,2722,1683,1273,14,187,293,329,367,331.0,181.23798383338828,35.0,0.30330434782608695,315,107,493,672,865,702,5,50,224,0,16,20,0.0,0.0,4,5,0,0,1.203,1,0,1177,13
1077,20,20,5,1950,5421,5429,2990,1505,484,497,570,418,469,3869.0,398.3257968982012,76.0,0.21591948764867339,673,234,826,2075,1340,920,20,138,375,0,24,116,0.0,0.0,4,0,0,0,1.15238,1,0,1950,8
1078,20,20,5,1720,5091,5113,2440,1196,536,348,544,463,366,551.0,345.32719676800696,93.0,0.19428687196110211,616,143,845,1807,1404,676,43,110,361,1,36,65,0.0,0.0,4,1047,0,0,1.18372,1,0,1720,22
1079,20,20,5,3198,9225,9226,4196,3142,108,645,623,925,1007,2535.0,894.3714936024855,299.0,0.2815483603154836,1202,393,1516,2852,2337,2417,181,184,647,1,54,135,0.0,0.0,4,1245,0,0,1.06361,1,0,3198,1
1080,20,20,5,1902,5208,5221,2173,1562,263,643,388,516,351,476.0,285.0,48.0,0.19585833172053416,613,350,1120,1406,1435,797,101,33,432,0,12,35,0.0,0.0,4,15,0,0,1.28653,1,0,1902,13
1081,20,20,5,1477,4691,4716,2488,1498,10,325,418,445,295,486.0,149.0,18.0,0.24301617307288384,228,69,602,1627,1451,961,3,26,120,0,32,47,0.0,0.0,4,0,0,0,1.3614,1,0,1477,25
1082,20,20,5,1782,5385,5429,2642,1515,294,333,363,714,370,509.0,259.1184080649315,73.0,0.266199649737303,1084,185,665,2022,1478,1287,38,166,653,1,165,61,0.0,0.0,4,0,0,0,1.35496,1,0,1782,44
1083,20,20,5,6353,16774,16798,8756,4671,1775,1285,1666,1724,1685,13462.0,698.2830267578237,113.7474596972134,0.19214356696089321,4166,773,2896,5883,4668,2662,241,962,1720,20,826,397,0.0,0.0,4,7,0,0,1.50482,1,0,6353,24
1084,20,20,5,2225,6038,6070,2690,2133,103,348,525,593,762,2464.0,628.1828970033337,47.0,0.335368793186566,830,194,1007,1644,1623,1691,71,178,412,6,47,116,0.0,0.0,4,0,0,0,1.09146,1,0,2225,32
1085,20,20,5,1431,4214,4226,2011,1319,110,328,234,363,512,679.0,352.0,21.0,0.33710198431010613,555,105,636,1116,1169,1252,104,67,314,1,15,54,0.0,0.0,4,0,0,0,1.17519,1,0,1431,12
1086,20,20,5,2405,6917,6941,3287,2210,179,470,521,603,812,950.0,515.0,69.0,0.259482155353394,811,226,1058,2180,1997,1596,182,90,392,0,26,121,0.0,0.0,4,767,0,0,1.19832,1,0,2405,24
1087,20,20,5,2318,6140,6145,2821,2021,248,556,533,544,684,27663.0,1223.05844275906,637.168181600171,0.30700594844679446,312,228,936,1632,1692,1485,8,75,137,7,45,40,0.0,0.0,5,0,0,0,0.99103,1,0,2318,5
1088,20,20,5,1181,3749,3769,1637,1129,44,173,371,325,313,3913.0,351.0,130.1726723654699,0.22969409282700423,320,85,697,1198,1010,741,1,35,231,0,47,6,0.0,0.0,4,0,0,0,1.08635,1,0,1181,20
1089,20,20,5,2104,5010,5225,2526,1792,390,822,611,365,305,1767.0,225.44426182749385,642.1478132981248,0.20614954577218728,1106,423,931,2124,1356,810,52,84,453,1,454,62,0.0,0.0,4,0,0,0,1.0994,1,0,2104,215
1090,20,20,5,1530,3183,3183,1444,1235,385,454,409,362,306,3364.0,305.0,63.0,0.3284557907845579,835,145,374,854,838,972,23,121,199,0,375,117,0.0,0.0,4,377,0,0,1.21942,1,0,1530,0
1091,21,21,5,1453,3419,3419,1635,1014,439,381,468,282,324,3240.0,261.24283256544686,196.0,0.2200694042799306,4701,222,407,1077,1125,578,159,61,4366,1,62,52,0.0,0.0,4,1028,0,0,1.49758,1,0,1453,0
1092,21,21,5,596,1036,1170,418,255,342,299,188,51,59,723.0,22.0311535645964,47.0,0.2128935532233883,2428,88,91,583,339,216,77,269,577,340,64,1101,0.0,0.0,3,0,0,0,3.14184,2,0,596,134
1093,21,21,5,948,2174,2186,1200,647,343,297,263,234,156,395.0,66.0,26.0,0.15886984715145902,2953,184,286,855,533,276,6,85,317,0,10,2535,0.0,0.0,4,92,0,0,2.29808,1,0,948,12
1094,21,21,5,3316,8217,8233,4364,2551,695,562,998,909,837,768.0,431.9874288185442,112.0,0.1798994974874372,3195,545,1207,2701,2221,1183,40,174,385,1,106,2489,0.0,0.0,4,0,0,0,1.33188,1,0,3316,16
1095,21,21,5,1070,3307,3332,1577,999,73,156,465,276,172,4241.0,316.0,707.3121461683502,0.20207570207570208,3162,99,571,1218,810,527,126,606,218,1,860,1351,0.0,0.0,5,0,0,0,1.15127,1,0,1070,25
1096,21,21,5,3751,9516,9552,4816,2952,733,544,995,996,1215,2107.0,665.6645210417,625.9481515498466,0.20914542728635682,3574,564,1569,3256,2506,1312,527,547,757,2,608,1133,0.0,0.0,4,0,0,0,1.24215,1,0,3751,36
1097,21,21,5,1160,3411,3446,1650,1118,24,192,259,423,285,11096.0,292.117747061438,935.3351550406762,0.17618503712164477,9915,188,470,1359,947,485,607,1702,1295,3,2203,4105,0.0,0.0,4,0,0,0,1.36413,2,0,1160,35
1098,21,21,5,3683,11991,11991,6576,3041,719,612,572,1040,1454,7517.0,661.5581717184948,5418.591804520652,0.1443536227283549,942,1009,1909,4530,3550,1431,269,167,397,0,68,41,0.0,0.0,5,0,0,0,0.93271,1,0,3683,0
1099,21,21,5,3148,8540,8580,4239,2438,686,513,950,910,787,988.0,625.5088355767992,220.403447735189,0.25971563981042656,825,355,1370,2520,2458,1634,35,261,343,1,65,120,0.0,0.0,4,0,0,0,1.12642,2,0,3148,40
1100,21,21,5,3052,8228,8254,3556,2614,380,431,704,813,1105,2632.0,820.7232343459386,21.0,0.22129928093230847,1411,250,1948,1885,2575,1317,284,111,837,1,90,88,0.0,0.0,4,0,0,0,1.17701,1,0,3052,26
1101,21,21,5,1339,3998,3998,1783,1282,0,145,204,426,565,695.0,476.0,48.0,0.21238938053097345,554,94,844,1110,1109,631,44,169,221,1,35,84,0.0,0.0,4,0,0,0,1.06503,1,0,1339,0
1102,21,21,5,291,755,755,420,281,0,56,55,87,93,15377.0,430.6746796085935,36.56546434169013,0.24583333333333332,156,7,202,175,164,161,5,15,35,45,5,51,0.0,0.0,4,0,0,0,0.94196,1,0,291,0
1103,21,21,5,2718,7136,7151,3494,2552,193,530,600,644,944,2289.0,978.3864113118864,464.0,0.26263440860215054,1204,574,976,2121,2144,1551,191,215,571,1,49,177,0.0,0.0,4,0,0,0,1.01522,1,0,2718,15
1104,21,21,5,1262,3613,3613,1648,1241,0,195,154,278,635,345.0,196.0,47.0,0.23101357204735778,290,136,683,924,1025,646,6,91,132,1,29,31,0.0,0.0,4,0,0,0,1.23126,1,0,1262,0
1105,21,21,5,414,1324,1324,518,294,107,102,93,165,54,111.0,84.0,2.0,0.20184190330007676,66,96,354,423,184,227,2,20,35,0,4,5,0.0,0.0,4,0,0,0,1.10197,1,0,414,0
1106,21,21,5,3444,7616,7817,3986,1856,1627,975,762,1121,588,629.0,256.5014115253024,82.83851602828199,0.21278550800735102,1652,493,1102,2568,2087,1282,170,312,1012,11,51,96,0.0,0.0,4,2373,0,0,1.54151,2,0,3444,201
1107,21,21,5,1429,3852,3866,1859,1062,387,278,432,390,325,320.0,180.294598632328,53.280453695642,0.23190214677983026,497,208,538,1507,1041,669,27,88,315,1,21,45,0.0,0.0,4,0,0,0,1.31811,2,0,1429,14
1108,21,21,5,2164,5467,5515,2747,1883,216,394,629,396,745,601.0,387.0,82.0,0.22418879056047197,1030,306,972,1908,1356,1158,459,91,396,0,38,46,0.0,0.0,4,0,0,0,1.23081,3,0,2164,48
1109,21,21,5,2834,7908,7938,3976,2511,428,367,655,1057,761,778.0,331.3916299283156,308.0,0.20778083562672003,1812,343,1589,2406,2319,1225,7,58,1559,0,72,116,0.0,0.0,4,1137,0,0,1.21346,3,0,2834,30
1110,21,21,5,2915,7050,7103,3235,2202,697,936,760,645,577,712.0,515.8818591765732,66.0,0.19590067008277492,1696,606,1001,2685,1928,1298,326,378,736,14,107,135,0.0,0.0,4,29,0,0,1.26529,3,0,2915,53
1111,21,21,5,2109,5528,5555,2866,2005,37,407,605,698,398,541.0,248.0222298338062,159.0,0.23032904148783978,943,236,870,2005,1494,909,10,80,456,1,27,369,0.0,0.0,4,245,0,0,1.26903,2,0,2109,27
1112,21,21,5,2080,5845,5973,2996,1814,252,466,622,422,573,621.0,308.54857630792964,145.39359738141496,0.20220082530949107,1707,656,918,2202,1627,1065,32,395,1154,1,21,104,0.0,0.0,4,1415,0,0,1.41771,2,0,2080,128
1113,21,21,5,1617,2751,2788,1540,168,1459,874,403,308,35,263.0,39.466922651285216,134.0,0.2642984014209592,8999,147,126,1349,495,669,888,4146,3188,3,248,526,0.0,0.0,2,38,341,0,3.28858,3,0,1617,37
1114,21,21,5,2720,7535,7535,3854,385,2314,1048,1070,422,174,160.0,99.0,23.692026880373994,0.0632777336510458,393,652,1697,3600,1224,290,142,37,177,0,9,28,0.0,0.0,3,0,0,0,2.06893,3,0,2720,0
1115,21,21,5,1652,4540,4540,2322,307,1335,537,553,383,176,166.0,58.05077403732372,57.0,0.0945945945945946,562,342,981,1976,938,290,205,38,193,0,39,87,0.0,0.0,3,0,0,0,1.82933,3,0,1652,0
1116,21,21,5,1166,3226,3272,1691,1156,46,215,200,252,501,436.0,237.0,69.0,0.19290211791642817,1606,373,416,1354,777,530,14,838,531,0,40,183,0.0,0.0,5,0,109,122,1.19606,3,0,1166,46
1117,21,21,5,1198,3202,3226,1664,986,173,208,287,268,434,687.0,394.6128996928451,33.0,0.3009592326139089,346,180,460,903,885,867,10,96,172,1,22,45,0.0,0.0,4,0,0,0,1.09855,1,0,1198,24
1118,21,21,5,3171,7828,7850,3747,2013,1064,1087,873,473,731,792.0,484.248858681498,245.0,0.2694573254793834,3718,441,962,2660,2135,1682,904,627,1332,4,267,584,0.0,0.0,4,15,0,0,1.35223,3,0,3171,22
1119,21,21,5,3063,8286,8303,4129,2042,1027,671,1106,618,657,691.0,504.17906138252687,40.562269515433,0.21262823644357595,1152,451,1439,2647,2138,1394,201,169,535,2,81,164,0.0,0.0,4,0,0,0,1.27526,3,0,3063,17
1120,21,21,5,3154,8923,8969,4464,1692,1416,1030,1062,661,392,497.0,293.0,105.70613482499502,0.11098949211908932,933,724,2016,3365,2084,834,282,157,402,1,38,53,0.0,0.0,4,0,0,0,1.49423,3,0,3154,46
1121,21,21,5,5602,10860,10918,6428,1797,3847,1504,1585,1254,1266,866.0,400.8888996675532,231.0,0.19823420074349443,10026,502,1135,4852,2330,1779,1155,4240,3313,6,390,922,162.1958503718387,0.0,4,33,348,0,2.26365,3,0,5602,58
1122,21,21,5,2799,7449,7667,3416,2121,606,865,763,794,379,2022.0,471.2850608429612,1147.0,0.18953286039352163,15777,503,1135,3017,1531,1207,3383,3290,5485,6,1539,2074,113.02846715807576,0.0,4,65,0,0,1.47539,3,0,2799,218
1123,21,21,5,2338,5828,5878,3023,1302,1096,635,643,632,432,566.0,171.4460747147661,171.14222712209477,0.14585183869248533,2303,140,1068,2350,1272,733,741,396,920,1,83,162,0.0,0.0,4,0,0,0,1.5633,1,0,2338,50
1124,21,21,5,2616,6918,6918,3498,2271,313,398,608,773,837,1055.0,643.8315183942206,81.0,0.23968079251513483,3328,470,1339,2308,1699,1372,134,359,2527,1,39,268,0.0,0.0,4,38,0,0,1.46548,1,0,2616,0
1125,21,21,5,1858,4761,4761,2114,1698,183,265,323,406,860,1291.0,800.0,35.0,0.2949095498527556,569,321,713,1210,1373,1080,173,72,217,1,61,45,0.0,0.0,4,0,0,0,1.01137,1,0,1858,0
1126,21,21,5,2539,6093,6105,2678,2358,193,459,475,720,881,1338.0,705.0281890778097,64.0,0.3123527431841131,754,253,828,1294,1988,1501,36,182,421,1,46,68,0.0,0.0,4,0,0,0,1.08784,1,0,2539,12
1127,21,21,5,2344,6905,6929,3246,2043,230,474,434,496,941,1072.0,435.8153568301805,278.0,0.23823486292332502,3244,280,1159,1922,2070,1292,47,359,2603,2,74,159,0.0,0.0,4,1948,7644,17649,1.19198,1,0,2344,24
1128,21,21,5,1566,4389,4473,2217,1304,255,177,350,539,505,473.0,304.0,46.0,0.20187471422039324,1009,170,1150,1090,1124,782,67,165,550,1,68,158,0.0,0.0,4,0,0,0,1.28897,2,0,1566,84
1129,21,21,5,2109,5823,5946,2711,1669,543,409,368,567,767,712.0,476.7590820693306,84.0,0.2065930548887822,2038,373,1245,1767,1712,1076,109,218,1151,1,43,516,0.0,0.0,4,152,0,0,1.29149,2,0,2109,123
1130,21,21,5,1305,3367,3375,1443,1216,122,165,300,272,570,552.0,408.27724443051954,15.0,0.3645515558267236,384,193,473,797,748,1021,11,63,234,1,40,35,0.0,0.0,4,38,0,0,1.07092,1,0,1305,8
1131,21,21,5,2235,7054,7056,3120,2155,33,130,283,302,1518,6489.0,1547.1889646883542,56.0,0.25969049373618275,761,252,1493,1331,2095,1527,21,262,299,1,44,134,0.0,0.0,5,0,0,0,0.97552,1,0,2235,2
1132,22,22,5,1606,4947,4977,1917,1610,28,120,147,186,1150,2461.0,1605.249849177083,42.0,0.23803655781474636,1074,310,1249,883,1373,988,34,227,603,2,75,133,0.0,0.0,5,1542,0,0,0.96563,1,0,1606,30
1133,22,22,5,3178,7542,7613,3405,2911,192,705,511,646,1314,1611.0,1126.2297394868629,74.920101766577,0.2676247288503254,1690,441,1047,2059,2055,1679,152,494,587,3,187,267,0.0,0.0,4,75,0,0,1.05591,1,0,3178,71
1134,22,22,5,2214,5371,5417,2929,1526,869,503,434,471,807,656.0,327.0011909734621,102.0,0.20847691247415576,2240,372,975,2014,1412,943,494,358,931,6,162,289,0.0,0.0,4,14,0,0,1.4132,2,0,2214,46
1135,22,22,5,2973,6661,6673,3854,1487,1464,543,706,728,998,651.0,344.55640959191896,24.0,0.22029970647304187,1086,276,885,2446,1532,1242,20,293,614,2,64,93,0.0,0.0,4,0,0,0,1.29235,1,0,2973,12
1136,22,22,5,2738,5869,5881,3475,1235,1433,461,451,834,989,400.3,275.2788664836116,54.0,0.1509700176366843,2925,294,430,3030,1206,653,141,905,1224,1,201,453,0.0,0.0,4,0,0,0,1.47115,3,0,2738,12
1137,22,22,5,1611,3906,4026,1738,1277,299,164,277,288,884,914.0,437.6869216480214,347.2276107910674,0.34773969200198707,9096,185,591,1048,902,1246,1638,1575,5159,8,306,410,0.0,0.0,3,2934,0,0,1.3968,3,0,1611,120
1138,22,22,5,2315,6230,6232,2529,2011,242,506,383,609,818,1053.0,572.450287758746,38.0,0.22884770346494762,1060,459,1217,1585,1647,1202,49,199,676,1,37,98,0.0,0.0,4,0,0,0,1.16083,2,0,2315,2
1139,22,22,5,1204,3362,3365,1382,1150,13,131,121,207,744,1841.0,404.4813123651737,9.0,0.29524098211579264,308,249,527,828,892,762,9,66,145,9,48,31,0.0,0.0,4,0,0,0,1.06744,1,0,1204,3
1140,22,22,5,1101,3188,3277,1374,1058,33,106,150,243,603,483.0,300.9474629433678,75.0,0.3098220171390903,1779,106,527,605,992,763,311,218,1206,0,20,24,0.0,0.0,4,0,0,0,1.17089,3,0,1101,89
1141,22,22,5,2089,5557,5564,2471,1852,157,224,391,374,1100,1599.0,790.7422927500575,105.0,0.28463031586377274,5124,309,1041,1364,1497,1394,114,154,4666,14,113,63,0.0,0.0,4,1931,0,0,1.24492,1,0,2089,7
1142,22,22,5,1421,3850,3850,1752,1146,223,153,263,312,690,1459.0,627.0049463296866,9.0,0.2877432930036823,580,182,581,1167,827,1000,20,162,235,2,75,86,0.0,0.0,4,0,0,0,1.02616,1,0,1421,0
1143,22,22,5,1826,4380,4380,2081,1278,516,459,164,420,783,850.0,497.5843049390068,55.0,0.2909781152300134,1390,125,644,1414,1082,1159,12,185,1038,1,40,114,0.0,0.0,4,0,0,0,1.17082,1,0,1826,0
1144,22,22,5,2230,5644,5658,2801,1286,898,335,408,471,1021,637.0,501.8419148744324,36.0,0.25855183191526304,1314,87,1023,1596,1719,1255,58,386,615,6,109,140,0.0,0.0,4,0,0,0,1.30879,1,0,2230,14
1145,22,22,5,4739,8570,8642,5615,650,4093,1102,1289,1171,1176,544.6,212.98022115011943,216.38229040499743,0.1332116788321168,15474,303,660,4457,1735,972,1812,6585,4662,12,926,1477,89.29248905487985,0.0,2,115,0,0,3.30599,1,0,4739,72
1146,22,22,5,2031,3730,3745,2452,49,2131,452,762,425,392,291.7,114.125355197181,97.0,0.0755287009063444,12060,190,248,2264,689,213,2197,1461,7940,6,129,327,56.51423357903788,0.0,2,1577,0,0,3.32268,1,0,2031,15
1147,22,22,5,2349,5841,5841,2660,1684,657,521,208,405,1223,1333.0,988.0057939323044,58.0,0.34830157415078705,2385,245,1096,1217,1464,1924,221,422,1423,2,73,244,0.0,0.0,4,0,0,0,1.06389,1,0,2349,0
1148,22,22,5,5686,7980,7987,1055,1585,4260,2129,1788,1109,655,1918.0,1097.8145022648084,60.0,0.927236728127707,864,0,11,86,688,7207,16,325,433,1,38,51,0.0,0.0,4,61,0,0,1.06535,1,0,5686,7
1149,22,22,5,2124,4965,5140,2387,1478,592,256,458,519,891,954.0,599.384888300186,62.0,0.23776508972267538,992,167,1082,1238,1351,1010,74,256,452,2,76,132,0.0,0.0,4,0,0,0,1.12167,1,0,2124,175
1150,22,22,5,2277,5474,5475,2415,1377,820,452,395,486,937,898.0,546.5111456435279,81.0,0.28438735177865615,3758,162,1144,1128,1381,1190,602,783,1810,4,150,409,0.0,0.0,4,22,0,0,1.37623,1,0,2277,1
1151,22,22,5,1994,5916,5916,2717,1967,0,203,130,343,1322,2220.0,1146.6370655157475,124.0,0.2786114626649792,687,253,1272,931,1702,1304,20,151,414,1,49,52,0.0,0.0,5,0,0,0,0.99643,1,0,1994,0
1152,22,22,5,2375,5971,5971,2958,1519,989,390,371,444,1168,2253.0,652.4758243849745,144.0,0.2628315535652773,5086,278,1044,1754,1328,1335,631,1023,2859,6,182,385,0.0,0.0,4,1340,0,0,1.27298,1,0,2375,0
1153,22,22,5,1495,4253,4253,1844,1477,0,109,207,325,853,1236.0,951.4937587923196,26.0,0.2714219546086151,1313,222,978,825,1204,1033,38,433,664,4,72,102,0.0,0.0,5,0,0,0,1.03326,1,0,1495,0
1154,22,22,5,2873,7015,7020,2810,2592,227,479,154,325,1914,3642.0,2088.5545902134027,117.0,0.30519101778944296,2568,304,1195,1214,2184,1863,223,565,1401,10,158,211,0.0,0.0,5,62,0,0,1.00124,1,0,2873,5
1155,22,22,5,843,2421,2421,1040,824,0,93,127,131,488,3332.0,377.8768180035428,48.0,0.23134002618943691,401,103,567,398,716,478,19,145,165,1,28,43,0.0,0.0,5,0,0,0,1.00055,1,0,843,0
1156,22,22,5,1555,4842,4842,2324,1491,70,173,149,259,977,3359.0,930.0012069193504,25.0,0.20375391032325338,750,479,1103,1134,1212,805,85,223,333,1,35,73,0.0,0.0,5,0,0,0,1.02654,1,0,1555,0
1157,22,22,5,1058,2542,2542,1104,1006,67,202,114,212,528,3416.0,241.0,69.0,0.3440776699029126,877,251,391,667,481,753,48,190,521,1,23,94,0.0,0.0,4,1167,0,0,1.22256,1,0,1058,0
1158,22,22,5,2303,6356,6356,2976,1574,698,409,429,412,1054,1705.0,822.7338793119781,154.0,0.21050913838120106,1668,280,1093,1988,1664,1045,358,287,788,2,57,176,0.0,0.0,4,0,0,0,1.0792,1,0,2303,0
1159,22,22,5,873,2680,3855,983,848,41,88,145,158,484,2987.0,716.3618065636496,138.0,0.20536462699077954,981,117,1006,982,856,577,24,81,825,0,26,25,0.0,0.0,4,0,2419,689,1.07779,1,0,873,1175
1160,22,22,5,1666,4713,5401,2066,1599,71,119,129,293,1120,5838.0,979.7037002211642,358.0,0.229498639720171,918,280,1348,1074,1433,940,18,267,489,4,35,105,0.0,0.0,4,0,0,0,1.00203,1,0,1666,688
1161,23,23,5,4629,12517,12528,5913,3955,878,590,687,772,2579,9837.0,2668.6639287425446,372.0,0.2111192154955831,8555,542,2987,2953,3667,2034,941,2049,3865,12,454,1234,0.0,0.0,4,2036,171,0,1.12383,1,0,4629,11
1162,23,23,5,550,1485,1485,500,475,69,69,180,94,208,287.0,149.0,21.0,0.20491228070175438,230,13,228,431,454,288,9,51,82,0,17,71,0.0,0.0,4,0,0,0,1.23675,2,0,550,0
1163,23,23,5,1319,3489,3489,1469,1291,0,189,165,220,745,1970.0,615.1896335850979,22.0,0.3425784821700701,291,133,632,641,890,955,16,54,147,11,21,42,0.0,0.0,4,0,0,0,1.01701,1,0,1319,0
1164,23,23,5,1804,5327,5393,2346,1820,17,120,100,219,1364,5072.0,1545.4128903911508,26.0,0.2566630156991603,1078,182,890,1223,1945,1167,50,376,428,5,65,154,0.0,0.0,5,12,0,0,0.98441,1,0,1804,66
1165,23,23,5,2645,7070,7136,2621,2573,86,404,266,470,1506,4036.0,2250.392579807286,46.0,0.31485932419058393,1283,413,1257,1552,1867,1893,56,256,671,10,120,170,0.0,0.0,5,2042,0,0,0.96822,1,0,2645,66
1166,23,23,5,4093,12046,12070,5180,4031,40,201,479,782,2631,3931.0,2397.435156718421,67.0,0.24942577626541898,2614,598,2761,2157,3784,2318,85,345,1849,4,116,215,0.0,0.0,4,0,0,0,1.01938,1,0,4093,24
1167,23,23,5,4221,11835,11860,5057,4011,109,647,497,678,2407,2726.0,1483.1535525838372,57.0,0.27982250065257114,1721,551,2427,2300,3266,2822,41,608,696,6,100,270,0.0,0.0,4,0,0,0,1.0555,1,0,4221,25
1168,23,23,5,3543,8667,8667,4277,2333,1246,388,711,778,1669,1782.0,804.0635376811531,475.0,0.2342483976297013,16714,252,1810,2109,2448,1515,1027,7325,4033,32,1234,3063,0.0,0.0,3,0,0,0,1.62129,1,0,3543,0
1169,23,23,5,2147,6481,6517,3070,1856,243,95,287,616,1146,898.0,570.7611653683405,113.0,0.21308645849678332,3627,341,1490,1680,1766,1026,742,1015,994,3,178,695,0.0,0.0,4,0,0,0,1.26831,2,0,2147,36
1170,23,23,5,3092,8349,8349,4601,2092,1010,298,694,849,1251,1771.0,751.0304171542703,195.0,0.13562296314865882,4926,400,1644,2380,2632,833,682,911,2440,4,226,663,0.0,0.0,4,6,0,0,1.39792,1,0,3092,0
1171,23,23,5,3019,9309,9333,4256,2865,172,401,259,567,1786,4254.0,955.5035742970424,72.0,0.23341468826270245,1225,453,2062,2110,2571,1698,112,271,655,2,72,113,0.0,0.0,4,5,0,0,1.10666,1,0,3019,24
1172,23,23,5,2208,6579,6596,3162,1619,506,177,460,616,949,533.0,299.0,46.0,0.16410950661853188,695,240,1370,2016,2006,949,120,86,374,1,51,63,0.0,0.0,4,0,0,0,1.24791,2,0,2208,17
1173,23,23,5,1391,4407,4422,2032,1316,38,148,192,366,683,445.0,285.0,65.0,0.16022988505747127,453,264,918,1145,1344,607,5,59,346,0,11,32,0.0,0.0,4,2894,0,0,1.14598,3,0,1391,15
1174,23,23,5,1935,5225,5239,2519,1667,259,393,239,241,1062,773.0,420.0,67.0,0.23607888631090487,617,208,930,1360,1610,1013,11,83,349,1,129,44,0.0,0.0,4,0,0,0,1.11555,2,0,1935,14
1175,23,23,5,5454,16177,16177,7421,3637,1698,692,1015,1145,2604,2772.0,799.959457986177,1039.7118530860562,0.11078153211245809,4322,1024,3794,4670,4387,1442,165,1453,1207,761,473,263,0.0,0.0,4,0,0,0,1.55277,1,0,5454,0
1176,23,23,5,16178,50389,50570,22704,13768,2119,1812,2191,2686,9491,73888.0,6224.770277702972,485.0,0.16704054164287463,6274,2303,11120,12293,16288,6443,597,1340,3438,74,297,528,0.0,0.0,5,3490,0,0,1.05661,1,0,16178,181
1177,24,24,5,6508,17185,17185,7578,6798,116,1352,1324,1512,2321,45345.0,2296.7900807713604,1782.0,0.28595524569886427,2209,584,3645,3739,5466,4117,47,502,1113,39,191,317,0.0,0.0,4,2566,0,0,1.05347,3,0,6508,0
1178,24,24,5,15750,46589,46782,21121,14821,723,2676,3879,4218,4981,9506.0,3223.852142525564,236.0,0.19723752363726055,10421,2736,10833,13895,12917,7629,2015,1123,6137,26,393,727,0.0,0.0,4,2504,0,0,1.2936,2,0,15750,193
1179,24,24,5,8720,29225,29306,13731,8012,627,1640,1888,2480,2715,9686.0,3099.2778382316683,170.48793905062882,0.12091242091242091,8504,1687,7594,10242,7063,3060,900,1118,3774,218,557,1937,0.0,0.0,4,3177,0,0,1.13242,3,0,8720,81
1180,24,24,5,5736,18780,18800,8877,5510,111,1090,971,2070,1602,5840.0,2356.357330972693,134.0,0.1392672858617131,1627,1284,3835,6849,5169,2005,87,256,845,17,128,294,0.0,0.0,4,0,0,0,1.08644,3,0,5736,20
1181,24,24,5,1871,5319,5346,1897,2214,35,461,665,376,369,29348.0,785.9768890574265,76.0,0.22450906344410876,354,374,1074,1770,966,1055,8,63,162,6,31,84,0.0,0.0,5,286,0,0,1.28387,3,0,1871,27
1182,24,24,5,3718,10740,10810,5720,3201,427,1062,982,830,833,4321.0,812.9775801818049,597.0,0.19886313948404022,2045,682,1721,4310,2876,1700,264,250,969,29,210,323,0.0,0.0,4,0,0,0,1.08551,3,0,3718,70
1183,24,24,5,1544,4909,4928,2103,1510,66,422,577,357,186,2319.0,549.5448732183406,839.0,0.1899392888117953,1982,298,888,1476,1158,733,100,277,251,1,995,358,0.0,0.0,4,132,0,0,0.98073,2,0,1544,19
1184,24,24,5,1658,5090,5114,2247,1567,46,437,350,494,379,975.0,642.0443170679205,81.61400244433202,0.1535172949863972,520,135,1115,1761,1640,441,52,81,275,0,58,54,0.0,0.0,4,0,0,0,1.04002,1,0,1658,24
1185,24,24,5,5759,17602,17659,8787,5426,182,783,1470,1829,1671,2909.0,2222.170694016866,108.44812923235008,0.17329233472435757,3326,1040,3288,5589,5654,2386,972,356,1580,4,148,266,0.0,0.0,4,2460,0,0,1.13977,2,0,5759,57
1186,24,24,5,5500,16814,16842,8013,5206,404,1138,1601,1337,1420,1803.0,1120.0,99.64810739569842,0.1954343898833963,3515,1053,3601,5568,5392,2423,479,326,2442,3,76,189,0.0,0.0,4,0,200,974,1.26941,1,0,5500,28
1187,24,24,5,2963,8139,8139,3351,2777,120,882,843,721,518,905.0,502.1366258770767,130.97979168761748,0.22335413217878516,2019,392,1502,2557,1695,1600,292,194,1424,1,43,65,0.0,0.0,4,0,0,0,1.2488,1,0,2963,0
1188,24,24,5,3091,8188,8225,3490,2395,633,1179,962,619,336,878.0,369.2406197378157,260.0,0.21406870764197242,1567,545,1576,2804,2147,1362,114,161,751,1,158,382,0.0,0.0,4,161,0,0,1.26244,2,0,3091,37
1189,24,24,5,2384,7147,7230,3228,1488,944,1069,813,279,221,2307.0,195.0,789.0,0.180497646267653,5287,483,1403,2554,1705,1195,1264,655,2473,8,429,458,0.0,0.0,4,382,0,0,1.29104,3,0,2384,83
1190,24,24,5,1488,4138,4148,1967,410,1178,659,547,163,122,176.0,102.0,33.773565839815,0.08123515439429929,574,286,1018,1654,945,257,168,50,334,0,8,14,0.0,0.0,3,0,0,0,1.51971,3,0,1488,10
1191,24,24,5,1893,6092,6092,2648,1323,559,826,520,355,192,397.0,201.0,62.0,0.15564009262322195,1165,443,1171,2307,1306,741,38,156,465,0,15,491,0.0,0.0,4,1776,0,0,1.4355,2,0,1893,0
1192,24,24,5,1557,4411,4432,2059,1552,0,312,617,452,174,369.0,205.0,36.0,0.18983843537414966,308,165,893,1531,1367,685,3,25,258,0,7,15,0.0,0.0,4,0,0,0,1.2278,1,0,1557,21
1193,24,24,5,2894,6741,6775,3573,2174,702,994,1167,384,361,782.0,375.4353625498076,103.0732961267632,0.17546824390930854,949,611,1157,2299,2011,952,148,122,491,1,150,37,0.0,0.0,4,0,0,0,1.22876,1,0,2894,34
1194,24,24,5,1600,4287,4287,2002,1353,295,492,405,426,274,528.0,283.30090036170805,83.0,0.24723817940786566,393,288,649,1418,1254,851,16,84,268,0,4,21,0.0,0.0,4,0,0,0,1.19084,1,0,1600,0
1195,24,24,5,5401,16858,17031,8896,5245,11,939,1404,1560,1499,25291.0,2251.093846330562,49.0,0.19252170042288003,1521,879,3595,5792,5004,2508,126,255,897,2,82,159,0.0,0.0,4,2,0,0,1.10595,1,0,5401,173
1196,24,24,5,2979,9708,9739,4746,2338,620,452,623,925,979,3482.0,763.6458603931284,52.0,0.1804949053857351,452,550,1544,3597,2420,1379,3,55,309,0,33,52,0.0,0.0,4,0,0,0,1.16433,1,0,2979,31
1197,24,24,5,1198,3825,3837,1499,726,452,569,313,238,81,363.0,88.0,162.643248024066,0.18849061204584247,1346,160,944,1309,927,705,139,428,742,0,16,21,0.0,0.0,3,64,0,0,1.58915,2,0,1198,12
1198,24,24,5,1614,3963,4227,2117,863,744,462,594,336,227,500.0,167.0,227.0,0.18469991546914624,1672,218,875,1657,1301,633,304,42,1242,0,23,61,0.0,0.0,4,0,3318,8320,1.31907,2,0,1614,264
1199,24,24,5,3149,7979,8006,3838,1818,1338,1217,1071,655,201,885.0,317.9130552896146,334.0,0.2315861596437136,3234,483,1194,3679,1917,1377,485,292,1369,1,545,542,0.0,0.0,4,284,0,0,1.30202,2,0,3149,27
1200,24,24,5,2878,8475,8534,4026,2327,513,620,938,1004,317,5049.0,708.9613102141827,1205.0,0.22126404175649608,483,476,1708,2921,2135,1462,19,132,258,0,17,57,0.0,0.0,4,0,0,0,1.00175,1,0,2878,59
1201,24,24,5,1224,4325,4335,2080,1227,7,311,394,333,188,626.7,194.2020737597951,160.0,0.17249319656688297,304,262,926,1975,865,693,14,56,153,0,53,28,0.0,0.0,4,0,0,0,1.21145,2,0,1224,10
1202,24,24,5,1001,3153,3164,1407,789,185,451,287,207,57,193.8,117.0,37.0,0.14054540005993407,429,263,745,1286,576,423,108,30,182,0,84,25,0.0,0.0,4,0,0,0,1.39577,2,0,1001,11
1203,24,24,5,1613,5574,5605,2155,1458,138,654,512,250,195,398.0,133.0,110.0,0.13961922030825022,1126,238,1488,1824,1324,576,13,26,743,0,7,337,0.0,0.0,3,3403,0,0,1.68217,3,0,1613,31
1204,24,24,5,887,2526,2526,1143,694,258,420,208,191,69,358.0,98.67607715585696,189.0,0.13779781068898905,1158,140,663,1098,837,326,341,27,432,5,111,242,0.0,0.0,4,0,0,0,1.25715,3,0,887,0
1205,24,24,5,1403,3571,3572,1738,1060,301,363,487,282,269,4614.0,112.0622307825045,840.0887757003918,0.2883923985618901,1328,257,620,1344,702,924,16,116,387,2,602,205,0.0,0.0,4,0,0,0,1.07371,3,0,1403,1
1206,24,24,5,2127,5939,5949,2755,1829,230,754,650,459,267,493.0,112.30646997357924,213.0,0.16274723563307897,999,275,1607,2053,1510,880,115,76,203,1,263,341,0.0,0.0,4,0,0,0,1.4202,3,0,2127,10
1207,24,24,5,1689,5386,5386,2933,1772,0,325,692,451,222,1305.0,244.62420700970097,238.0,0.1650374714890844,580,391,1075,2220,1685,698,14,182,206,1,126,51,0.0,0.0,4,0,0,0,1.13501,2,0,1689,0
1208,24,24,5,2405,7301,7323,3310,1916,440,1073,811,402,116,560.0,350.63817296854165,94.0,0.13646616541353385,697,830,1628,2835,1668,908,88,127,385,1,33,63,0.0,0.0,4,32,0,0,1.31204,2,0,2405,22
1209,24,24,5,1707,5708,5736,2639,1243,465,556,679,324,149,1779.0,161.7472401021391,473.1215600446381,0.10001692333728211,486,499,1247,2375,1293,418,66,34,158,0,212,16,0.0,0.0,4,0,0,0,1.08816,2,0,1707,28
1210,24,24,5,1765,6895,6899,2839,1569,160,419,771,374,196,1976.0,309.2955796360537,252.0,0.11407348454702215,431,399,1902,2884,1656,610,30,34,235,0,42,90,0.0,0.0,4,0,0,0,1.14871,2,0,1765,4
1211,25,25,6,1753,4100,4106,1917,1415,373,490,527,402,334,19404.0,226.21984296801065,1665.0,0.19649621212121213,6394,370,636,1369,1029,712,430,99,646,95,3169,1955,0.0,0.0,4,0,0,0,1.13596,1,0,1753,6
1212,25,25,6,2264,4357,4357,1993,1658,649,862,444,601,355,1235.0,225.11861348296853,45.0,0.41147540983606556,1721,237,419,994,1025,1512,74,98,976,0,154,419,0.0,0.0,4,43,0,0,1.48794,2,0,2264,0
1213,25,25,6,1033,2448,2465,1121,804,242,194,229,217,394,387.0,183.4109739764248,16.0,0.28363047001620745,628,83,416,679,660,579,160,26,377,0,14,51,0.0,0.0,4,1335,0,0,1.35923,1,0,1033,17
1214,25,25,6,1457,3348,3364,1550,1127,317,419,356,352,329,686.0,268.0,8.0,0.30056262955285756,278,194,555,993,765,792,27,12,192,0,4,43,0.0,0.0,4,0,0,0,1.31385,1,0,1457,16
1215,25,25,6,1938,5181,5182,2115,1300,620,490,461,391,595,816.0,342.0,23.0,0.2526062550120289,699,166,1067,1388,1250,1020,197,21,422,0,13,46,0.0,0.0,4,0,0,0,1.23317,1,0,1938,1
1216,25,25,6,1230,3082,3082,1353,1021,174,203,318,353,356,618.0,236.0,13.0,0.32730263157894735,180,105,465,830,777,785,32,7,107,0,11,23,0.0,0.0,4,0,0,0,1.17564,1,0,1230,0
1217,25,25,6,1709,5505,5505,2586,1646,42,162,344,461,746,2448.0,590.2626644473114,81.0,0.22006651884700665,1185,447,973,1343,1597,916,28,24,809,21,55,248,0.0,0.0,4,0,0,0,1.21169,1,0,1709,0
1218,25,25,6,2102,5312,5323,2382,1216,877,672,619,383,432,602.0,301.1474054470622,5.0,0.23017640006850487,100,448,774,2157,1183,1133,5,6,54,0,8,27,0.0,0.0,4,0,0,0,1.2083,1,0,2102,11
1219,25,25,6,1362,3049,3085,1447,1175,163,219,513,253,380,480.0,249.0,19.0,0.30100755667506296,458,80,491,715,1068,744,30,7,218,0,6,197,0.0,0.0,4,322,0,0,1.25622,1,0,1362,36
1220,25,25,6,3098,8325,8325,4049,2534,464,699,699,784,912,1299.0,466.0,28.0,0.22750424448217318,683,479,921,2314,2702,1642,153,32,361,0,81,56,0.0,0.0,4,0,0,0,1.22648,1,0,3098,0
1221,25,25,6,1454,4590,4590,2053,1337,86,388,527,346,193,583.0,311.7621077398044,30.0,0.1692748512232753,230,168,933,1555,1199,575,9,15,163,0,5,38,0.0,0.0,4,0,0,0,1.22042,1,0,1454,0
1222,25,25,6,1409,3052,3332,1707,730,749,385,336,501,185,484.0,99.34678831780138,8.0,0.13764961915125137,603,123,706,1552,852,363,8,19,510,0,41,25,0.0,0.0,4,0,736,188,1.51962,1,0,1409,280
1223,25,25,6,1217,3273,3293,1260,1125,121,613,338,216,55,704.0,173.0,134.0,0.12099644128113879,1204,116,762,1199,904,330,35,34,224,0,473,438,0.0,0.0,4,0,0,0,1.30348,2,0,1217,20
1224,25,25,6,1677,2935,3047,1150,217,1516,1089,425,130,34,231.0,35.0,65.0,0.2982395581636175,1497,297,291,985,517,755,101,73,848,0,138,337,0.0,0.0,3,21,0,0,2.12679,1,0,1677,112
1225,25,25,6,1150,2385,2385,1292,458,769,557,342,162,90,182.0,109.16126833698868,26.0,0.20353200883002207,350,142,314,995,397,372,24,22,129,4,12,159,0.0,0.0,3,0,0,0,1.86422,1,0,1150,0
1226,25,25,6,1182,2398,2408,1159,1149,100,574,379,172,61,263.0,143.11461143852378,36.0,0.37005988023952097,455,65,262,779,693,655,80,14,119,0,222,20,0.0,0.0,3,0,0,0,1.31245,2,0,1182,10
1227,25,25,6,1300,3729,3734,1588,1176,55,328,550,328,96,284.0,195.0,15.0,0.1837166270155961,302,163,816,1390,768,562,33,14,192,0,29,34,0.0,0.0,4,0,0,0,1.16946,1,0,1300,5
1228,25,25,6,942,2416,2453,1299,893,41,206,306,294,134,319.0,207.0,27.0,0.15745526838966203,134,35,505,738,859,314,1,4,105,0,1,23,0.0,0.0,4,0,0,0,1.10068,1,0,942,37
1229,25,25,6,1478,4035,4045,1756,1003,498,536,515,315,108,328.0,189.140304335961,59.0,0.21755986316989737,663,372,808,1446,828,818,127,18,471,0,16,31,0.0,0.0,4,1,0,0,1.38752,1,0,1478,10
1230,25,25,6,2291,6536,6575,2695,1842,496,808,536,460,488,835.0,488.0,22.0,0.2767511177347243,542,140,1175,2014,1665,1586,45,9,433,0,34,21,0.0,0.0,4,61,0,0,1.19347,1,0,2291,39
1231,25,25,6,1202,3198,3225,1585,1226,36,282,519,278,124,264.0,159.0,41.0,0.20626256822752081,435,71,584,1214,1015,510,55,12,319,0,16,33,0.0,0.0,4,0,0,0,1.34099,3,0,1202,27
1232,25,25,6,1207,3151,3244,1536,1079,135,300,449,306,148,284.0,151.0,52.1134691164744,0.2171623296158612,830,112,538,1268,688,556,150,18,576,0,15,71,0.0,0.0,3,0,0,0,1.43438,3,0,1207,93
1233,25,25,6,1310,3333,3333,1609,1187,75,286,351,421,251,304.0,206.20002243735027,28.0,0.2261647639617402,328,264,334,938,1022,606,17,22,233,0,10,46,0.0,0.0,4,0,0,0,1.1712,1,0,1310,0
1234,25,25,6,1447,3383,3411,1528,850,582,749,387,163,150,348.0,151.0,105.0,0.19219653179190752,1537,184,605,1282,824,495,208,73,829,0,107,320,0.0,0.0,3,141,89,0,1.46903,2,0,1447,28
1235,25,25,6,1122,2790,2800,1100,625,500,629,284,168,37,266.0,82.0,78.0,0.14328808446455504,259,110,433,1065,673,310,25,5,222,0,2,5,0.0,0.0,3,0,0,0,1.35449,1,0,1122,10
1236,25,25,6,1522,3580,3610,1757,783,779,815,455,210,43,397.0,161.0,34.0,0.1976100262314194,218,380,391,1210,937,433,50,13,134,0,6,15,0.0,0.0,4,0,0,0,1.2784,1,0,1522,30
1237,25,25,6,976,2550,2550,1405,599,383,244,365,229,136,139.0,103.0,2.0,0.14000725426187885,125,59,613,1030,668,322,3,9,96,0,3,14,0.0,0.0,3,0,0,0,1.35711,1,0,976,0
1238,25,25,6,439,1128,1196,484,438,23,99,114,120,109,23401.0,27.0,3325.0,0.13535911602209943,1805,31,101,511,272,143,13,23,909,0,626,234,0.0,0.0,4,0,1044,164,0.93525,2,0,439,68
1239,25,25,6,977,3132,3158,1506,951,0,190,327,225,232,379.0,121.0,12.0,0.31145619689422793,102,93,700,1043,709,789,3,8,65,0,3,23,0.0,0.0,4,0,0,0,1.36272,3,0,977,26
1240,25,25,6,1438,4270,4393,1825,1419,29,306,588,410,133,849.0,274.0,57.0,0.22111332889776003,406,238,652,1510,1249,762,65,7,283,0,22,29,0.0,0.0,4,0,0,0,1.26986,3,0,1438,123
1241,25,25,6,1264,2912,3098,1231,562,780,779,293,127,67,575.0,123.0,178.0,0.2171900826446281,3179,73,480,873,967,553,478,44,2287,0,269,101,0.0,0.0,4,0,0,0,1.47992,3,0,1264,186
1242,25,25,6,2434,6231,6244,2793,1865,508,874,692,516,358,588.0,348.0,114.0,0.21635576282478347,4434,494,613,2188,1636,930,159,27,4203,0,12,33,0.0,0.0,4,1145,0,0,1.46979,1,0,2434,13
1243,25,25,6,1793,4844,4917,2068,1106,779,591,659,399,145,803.0,218.0,244.0,0.22998752005705117,2051,387,961,1849,1142,1129,32,27,1949,0,9,34,0.0,0.0,4,186,0,0,1.39685,1,0,1793,73
1244,25,25,6,1527,4571,4640,2433,1503,42,425,501,296,304,509.0,304.0,17.0,0.2218975258133645,518,180,908,1559,1414,946,8,12,472,0,5,21,0.0,0.0,4,628,0,0,1.29725,1,0,1527,69
1245,25,25,6,1676,5085,5100,2081,1622,0,434,658,297,287,661.0,371.05317824221146,24.0,0.2242231638418079,241,335,1137,1789,1246,1006,22,10,149,0,31,29,0.0,0.0,4,0,0,0,1.17135,1,0,1676,15
1246,25,25,6,3582,11496,11549,4565,3053,488,714,844,1076,950,5211.0,737.8925215964466,192.9404969448153,0.23755794629581037,3319,472,2058,3592,2806,2266,1607,46,1408,37,89,132,0.0,0.0,4,1420,0,0,1.29491,1,0,3582,53
1247,26,26,6,4203,13570,13625,6329,4098,0,729,1026,1088,1355,13328.0,851.9891585245149,498.2583920776402,0.1968454258675079,2694,863,2795,4553,3426,2309,360,47,856,0,912,519,0.0,0.0,4,2137,0,0,1.17731,2,0,4203,55
1248,26,26,6,3450,10467,10467,4872,3293,70,464,597,837,1552,23082.0,4237.255479686937,162.0,0.2023985058488155,2820,570,2448,2743,2606,1566,518,83,1345,26,210,638,0.0,0.0,4,0,253,0,0.97719,1,0,3450,0
1249,26,26,6,2190,6046,6062,2967,1669,547,455,732,507,499,11830.0,796.4777054512045,658.7861621651602,0.21101537421861802,3355,357,917,2089,1430,964,341,88,1806,19,644,457,0.0,0.0,5,0,3189,9593,1.14215,3,0,2190,16
1250,26,26,6,1713,4988,5036,1878,1200,458,630,686,309,90,3783.0,307.0,342.08492887386825,0.15378844711177794,4106,508,1161,1793,1182,576,842,60,872,1,1817,514,0.0,0.0,4,28,0,0,1.55598,3,0,1713,48
1251,26,26,6,2694,7252,7274,2596,1930,698,1239,753,338,366,71643.0,565.1182090755873,1743.4738699494596,0.2473662031184155,1469,277,1691,2006,1590,1392,365,23,672,0,76,333,0.0,0.0,4,0,0,0,0.99749,3,0,2694,22
1252,26,26,6,925,3320,4017,1344,954,103,195,511,182,31,4995.0,366.0,4581.0,0.005922165820642978,1267,465,874,2000,110,8,49,24,710,0,135,349,0.0,0.0,4,0,0,0,0.95647,3,0,925,697
1253,26,26,6,1282,4744,4744,2205,1210,10,280,293,407,299,1064.0,227.0,53.0,0.15639810426540285,134,126,1030,1503,1128,535,11,5,75,0,5,38,0.0,0.0,4,0,0,0,1.14339,3,0,1282,0
1254,26,26,6,1876,6098,6107,3001,1794,27,309,613,698,257,428.0,406.0,5.0,0.16119962511715089,256,303,1152,2478,1447,857,5,12,196,0,13,30,0.0,0.0,4,0,0,0,1.17295,3,0,1876,9
1255,26,26,6,1728,4875,4875,2180,1044,667,720,402,440,164,317.0,224.0,41.0,0.1729553334693045,407,416,852,1619,1206,685,20,7,353,0,10,17,0.0,0.0,4,0,0,0,1.36865,3,0,1728,0
1256,26,26,6,1587,4328,4328,2102,1402,238,486,485,470,145,945.0,714.0509398108792,46.328520121959,0.19955456570155902,502,172,793,1604,1141,679,70,32,210,0,76,114,0.0,0.0,4,0,0,0,1.08119,3,0,1587,0
1257,26,26,6,2199,6781,6781,2637,1652,503,607,899,579,110,477.0,310.0,32.0,0.2085925068711124,321,486,1244,2229,1673,1137,8,12,279,0,4,18,0.0,0.0,4,9,0,0,1.27358,3,0,2199,0
1258,26,26,6,1486,5145,5145,2320,875,625,402,572,331,181,220.0,144.0,8.0,0.12468879668049793,213,390,697,1831,1344,423,29,7,151,0,6,20,0.0,0.0,4,0,0,0,1.48835,3,0,1486,0
1259,26,26,6,1929,5619,5637,2161,965,881,1056,489,333,44,326.0,151.48288866061182,39.642035088888,0.14616724738675957,1260,550,1050,1945,1315,754,165,20,522,5,525,23,0.0,0.0,4,28,0,0,1.97691,3,0,1929,18
1260,26,26,6,1218,4033,4036,1273,662,511,630,374,164,49,198.0,114.0,39.0,0.0992835209825998,207,388,1059,1333,718,318,12,11,165,0,4,15,0.0,0.0,4,0,0,0,1.48612,3,0,1218,3
1261,26,26,6,1419,4308,4329,2129,1222,130,423,387,354,258,330.0,138.98343049229803,65.43225150202701,0.13892773892773894,542,335,793,1480,1145,457,117,22,291,0,8,104,0.0,0.0,4,0,0,0,1.46588,3,0,1419,21
1262,26,26,6,490,1375,1417,655,304,300,185,174,117,15,224.0,75.36685414171534,57.0,0.11913814955640051,4260,110,346,645,273,168,80,86,1055,0,81,2958,0.0,0.0,2,0,0,0,2.34604,3,0,490,42
1263,26,26,6,1034,2663,2685,1282,677,326,509,298,155,72,271.0,118.0,37.0,0.14241164241164242,1309,96,432,859,1077,347,27,22,634,0,12,614,0.0,0.0,3,1844,0,0,1.82544,3,0,1034,22
1264,26,26,6,1918,5438,5438,2499,931,948,850,604,319,142,379.0,193.5088964858955,65.0,0.1041350531107739,688,428,1111,2117,1113,385,126,12,497,0,26,27,0.0,0.0,4,0,0,0,1.51514,2,0,1918,0
1265,26,26,6,1149,3644,3666,1621,668,487,392,399,302,59,411.0,130.32904831663504,119.0,0.17057356608478802,3915,194,1155,1249,810,516,945,13,2891,0,11,55,0.0,0.0,3,0,0,0,2.18103,2,0,1149,22
1266,26,26,6,1453,4466,4470,1882,1158,259,507,527,310,104,348.0,173.0,44.0,0.15204936095196123,941,274,814,1599,1203,547,197,24,569,0,86,65,0.0,0.0,4,16,0,0,1.43352,3,0,1453,4
1267,26,26,6,1102,2727,2727,1179,1014,72,294,233,351,225,446.0,231.0,37.0,0.31917762049207954,743,150,580,774,643,752,176,15,451,0,5,96,0.0,0.0,4,0,0,0,1.29335,1,0,1102,0
1268,26,26,6,4108,10592,10612,4757,3233,898,775,950,1066,1315,8690.0,1438.946843884489,53.37001712327449,0.262198440050789,1891,497,1718,3427,2632,2478,121,49,1513,9,71,128,0.0,0.0,4,0,0,0,1.07521,1,0,4108,20
1269,26,26,6,3455,8612,8660,3541,2403,1205,1101,1050,722,584,2243.0,670.7294709591596,102.38545726461402,0.30179498269896193,2229,253,1518,3100,1859,2307,738,38,1299,0,19,135,0.0,0.0,4,2181,0,0,1.38343,2,0,3455,48
1270,26,26,6,6453,21390,21401,9853,6020,345,1004,1674,2020,1755,8545.0,1786.8041450742612,576.0836877807308,0.16980139418650533,2891,1446,4501,7934,5273,3107,78,87,1240,0,1124,362,0.0,0.0,4,1968,0,0,1.14115,3,0,6453,11
1271,26,26,6,5243,17005,17021,7410,5078,169,849,1223,1440,1736,4587.0,1179.1874840845437,325.0,0.14760964518638187,798,1264,3856,5499,3786,1977,83,62,490,0,39,124,0.0,0.0,4,0,0,0,1.17185,3,0,5243,16
1272,26,26,6,0,0,0,0,0,0,0,0,0,0,890.0,61.6444110459,463.0,0.22606889388956206,3096,0,15,2484,2203,925,5,13,1982,0,5,1091,0.0,0.0,2,0,0,0,1.03176,3,0,0,0
1273,26,26,6,1481,3793,3812,1730,1316,257,465,476,305,240,2115.0,327.34949426139417,57.816873242941696,0.23404255319148937,692,258,572,1259,900,769,114,18,451,0,49,60,0.0,0.0,4,420,0,0,1.23333,3,0,1481,19
1274,26,26,6,2042,5658,5658,2599,952,1149,554,848,437,202,625.0,342.0,124.60022001492456,0.18715373961218837,1541,481,970,2365,996,856,495,39,848,0,21,138,0.0,0.0,4,1868,0,0,1.32355,2,0,2042,0
1275,26,26,6,1381,3503,3503,1550,673,685,298,612,384,89,275.0,169.0,17.0,0.14934155225553375,343,222,687,1527,751,315,84,18,200,0,15,26,0.0,0.0,4,0,0,0,1.3976,2,0,1381,0
1276,26,26,6,1227,3650,3650,1661,793,390,276,477,378,95,267.0,160.48123105263312,17.0,0.1478472786352559,562,136,982,1199,887,424,107,31,357,0,14,53,0.0,0.0,4,0,0,0,1.38836,3,0,1227,0
1277,26,26,6,1784,5172,5182,2580,1678,109,216,471,579,519,430.0,276.0,14.0,0.1986989946777055,291,149,745,1645,1676,756,30,27,163,0,14,57,0.0,0.0,4,0,0,0,1.29155,3,0,1784,10
1278,26,26,6,1886,6245,6245,2941,1822,0,134,480,677,596,1390.0,617.2651591064265,182.081158991824,0.14833226427196922,357,383,1296,2542,1223,666,95,7,224,0,2,29,0.0,0.0,4,0,0,0,1.11683,3,0,1886,0
1279,26,26,6,3577,10249,10275,4689,2930,632,665,1158,965,792,13849.0,5278.418102125478,914.4846993376348,0.17745432022297924,7586,571,1728,3571,2085,1515,569,66,2690,68,2448,1745,0.0,0.0,5,0,418,0,1.04796,3,0,3577,26
1280,26,26,6,4570,10676,10676,4917,3583,1017,1535,993,1074,974,1678.0,760.4915863900629,303.74959376930485,0.36328960833565915,5579,316,1360,3201,2327,3312,2216,61,2959,5,146,192,0.0,0.0,4,0,336,0,1.32692,3,0,4570,0
1281,26,26,6,2689,6361,6361,3537,1261,1445,599,1189,691,205,612.0,226.0,137.4065176996699,0.15124083034181365,1606,235,874,2959,1501,676,534,45,740,0,181,106,0.0,0.0,4,0,0,0,1.48341,2,0,2689,0
1282,26,26,6,4669,14744,14823,6571,3513,1014,967,1096,1338,1266,2907.0,1441.6290459061372,244.62983011529292,0.1632582322357019,3366,700,3259,4333,3980,1804,643,60,1594,10,153,906,0.0,0.0,4,6,0,0,1.15454,1,0,4669,79
1283,26,26,6,1532,3950,3950,1676,1159,353,573,508,299,149,457.0,238.7674214737911,84.0,0.2099198396793587,868,282,991,1222,766,652,30,34,712,0,26,66,0.0,0.0,3,2518,0,0,1.36101,3,0,1532,0
1284,26,26,6,1955,5352,5375,2412,1856,277,478,625,451,401,1511.0,464.2819819989486,161.49495159439465,0.19969828399019424,4011,313,740,2179,1119,823,455,207,1980,0,230,1139,0.0,0.0,4,65,0,0,1.41116,1,0,1955,23
1285,26,26,6,1851,5081,5081,2321,1798,8,315,503,389,644,1246.0,504.51599990193847,61.0,0.27333073018352205,694,170,1197,1266,1211,1181,122,37,447,0,13,75,0.0,0.0,3,0,0,0,1.08739,2,0,1851,0
1286,26,26,6,1832,4913,4919,2284,1947,42,302,516,329,687,56212.0,10750.507186796089,96.0,0.3321582452017235,1024,306,740,1083,1525,1331,18,34,129,589,25,229,0.0,0.0,4,0,0,0,0.90667,1,0,1832,6
1287,26,26,6,527,1534,1535,515,505,4,110,184,67,163,109722.0,2680.439676903263,3460.0,0.22936972059779076,901,66,312,411,431,289,98,61,165,263,184,130,0.0,0.0,5,65,0,0,0.91727,3,0,527,1
1288,26,26,6,3983,12132,12136,5547,3110,880,953,1310,1193,528,2502.0,785.2520122825933,126.0,0.17229415249217228,1685,793,2514,4066,2610,1562,327,29,829,118,107,275,0.0,0.0,4,48,0,0,1.21056,3,0,3983,4
1289,26,26,6,3077,9278,9278,4227,2412,669,906,880,736,553,4140.0,490.8984967270383,505.14117663516186,0.1740900104663333,3634,632,1814,2780,2061,1124,597,70,1257,76,1192,442,0.0,0.0,4,1016,0,0,1.1868,3,0,3077,0
1290,26,26,6,5437,11368,11375,3813,4949,460,1849,1844,1197,547,149505.0,4536.0250449548985,3135.9192153675854,0.4630254938375823,1868,243,1603,2472,2500,4753,283,64,803,255,162,301,0.0,0.0,4,0,0,0,0.93696,2,0,5437,7
1291,27,27,7,3627,11693,11704,6388,2780,523,907,913,765,1053,18433.0,1192.2707723510052,73.7414699984547,0.16621140634053472,1925,568,2819,3716,3058,1524,593,134,961,65,132,40,0.0,0.0,4,1720,0,0,1.15254,2,0,3627,11
1292,27,27,7,2827,9392,9437,5095,2434,165,636,654,861,684,10156.0,726.2310002587441,2083.1649672649737,0.1937752938909231,9942,499,2131,3131,2733,1540,237,1007,2310,122,4777,1489,0.0,0.0,4,9,0,0,1.13556,3,0,2827,45
1293,27,27,7,2318,5493,5514,3246,1386,918,577,561,634,545,3647.0,433.8012469842311,23.872717844655995,0.2443639953924634,1173,244,1063,1927,1414,1250,68,106,392,367,141,99,0.0,0.0,4,0,0,0,1.21428,2,0,2318,21
1294,27,27,7,24,24,35,20,5,30,22,0,0,0,1242.0,486.0,231.94416698609103,0.2916666666666667,3006,0,0,81,71,63,18,110,2554,34,222,68,0.0,0.0,4,54,1464,4815,1.05023,2,0,24,11
1295,27,27,7,3257,8240,8311,5294,2108,943,808,938,965,575,1204.0,578.2810258394777,139.0,0.17649032546695,2632,386,1630,3377,2158,1110,739,212,1184,93,141,263,0.0,0.0,4,0,0,0,1.30862,2,0,3257,71
1296,27,27,7,1587,3269,3278,1743,1412,143,332,349,314,599,1610.0,744.9916235122608,17.0,0.3672619047619048,1195,10,464,808,921,1051,43,148,456,348,137,63,0.0,0.0,4,30,0,0,1.04314,1,0,1587,9
1297,27,27,7,3680,9435,9454,5609,1881,1551,1273,1064,594,763,637.0,391.3423117909584,22.0,0.18055702636873874,3019,623,1556,3534,2362,1065,246,310,1884,206,214,159,0.0,0.0,4,0,0,0,1.57216,3,0,3680,19
1298,27,27,7,725,1375,2018,1066,588,171,159,202,176,189,337.0,95.22612504653608,64.53114648795136,0.1995768688293371,4053,62,96,646,342,231,559,577,1800,48,869,200,0.0,0.0,4,365,0,0,2.4634,3,0,725,643
1299,27,27,7,1032,1805,1830,1167,500,580,336,352,226,111,250.0,104.92122074956995,36.028597260627386,0.21737044145873322,4875,148,122,1049,317,362,214,405,1844,51,390,1971,0.0,0.0,2,0,0,0,2.93758,3,0,1032,25
1300,27,27,7,812,1819,1853,914,555,233,322,205,150,129,212.0,124.0,7.0,0.17473789316025962,711,84,354,734,494,266,35,82,356,10,123,105,0.0,0.0,4,0,0,0,1.46236,3,0,812,34
1301,27,27,7,1393,3476,3489,1742,1050,305,386,488,208,310,328.0,160.15204336107666,29.0,0.21626928471248247,1560,124,621,1077,1132,522,70,247,603,60,274,306,0.0,0.0,4,62,0,0,2.0587,3,0,1393,13
1302,27,27,7,2514,7526,7540,4219,1921,473,466,846,538,677,1566.0,576.2983311064936,22.0,0.14338991769547324,1138,405,1603,2642,2059,837,436,96,424,18,93,71,0.0,0.0,4,0,0,0,1.26134,1,0,2514,14
1303,27,27,7,1163,2902,2902,1555,1053,0,140,239,336,442,562.0,418.39049140952073,5.0,0.3699363910277871,378,109,441,610,856,876,8,90,148,16,69,47,0.0,0.0,4,0,0,0,1.03643,1,0,1163,0
1304,27,27,7,2916,7050,7050,3989,1949,755,1077,590,618,636,698.0,552.9800248159755,12.0,0.22621744054360135,995,255,1312,2245,1700,1345,45,146,528,76,87,113,0.0,0.0,4,0,0,0,1.21482,3,0,2916,0
1305,27,27,7,1749,5181,5186,2871,1307,383,453,574,495,229,480.0,232.0,72.8644197630165,0.11799301598970778,3670,327,1307,1988,1179,482,496,381,2010,131,512,140,0.0,0.0,4,2018,0,0,1.61867,3,0,1749,5
1306,27,27,7,5131,12540,12557,6425,4287,581,1303,1345,1064,1400,1317.0,729.6448237544066,83.0,0.25998439937597506,4685,721,2001,3361,3404,2949,649,254,2946,312,336,188,0.0,0.0,4,1622,0,0,1.50078,3,0,5131,17
1307,27,27,7,2906,6976,7017,3495,2242,532,737,630,713,820,830.0,503.2117700186285,36.0,0.33846837505554733,1184,262,1014,1718,1619,1955,47,128,726,68,141,74,0.0,0.0,4,693,0,0,1.24842,3,0,2906,41
1308,27,27,7,1519,3775,3795,1819,1626,58,246,382,436,445,37851.0,1672.525037549929,141.0,0.3861566484517304,1908,149,455,914,973,1236,22,147,889,258,535,57,0.0,0.0,4,0,0,0,0.98823,1,0,1519,20
1309,28,28,7,177,351,351,115,169,0,76,42,37,23,14722.0,1194.6635099379437,261.0,0.48314606741573035,666,0,41,38,111,155,10,77,89,344,129,17,0.0,0.0,4,11,0,0,1.04736,3,0,177,0
1310,28,28,7,1539,2453,2720,1294,1346,334,597,429,234,287,1041.0,159.04963603994003,340.757341703872,0.5366646954464813,2636,41,102,640,833,1663,186,125,1763,28,443,91,0.0,0.0,4,0,0,0,1.36938,2,0,1539,267
1311,28,28,7,2544,5602,5673,2631,2837,445,476,391,627,1054,92029.0,4120.843592098638,280.137076017174,0.4494905888447591,3923,321,544,1105,1513,2122,40,367,929,756,1653,178,0.0,0.0,4,0,0,0,0.97529,1,0,2544,71
1312,28,28,7,538,1338,1366,705,727,9,143,151,155,89,187154.0,1607.7988229778875,392.0,0.2765205091937765,501,34,229,363,408,341,9,40,82,234,79,57,0.0,0.0,5,0,0,0,0.93156,1,0,538,28
1313,28,28,7,1514,3527,4215,2082,1436,239,304,347,424,422,43845.0,2094.906508605281,446.0,0.25554106910039115,4555,116,927,1478,1052,902,36,189,1596,620,1978,136,0.0,0.0,4,58,817,464,1.0391,1,0,1514,688
1314,28,28,7,2419,5691,5730,2718,2111,512,528,458,484,934,3031.0,880.948875390563,102.57422131434964,0.37100413689356904,6406,221,897,1206,1171,1685,436,644,2056,923,2004,343,0.0,0.0,4,435,0,0,1.34423,2,0,2419,39
1315,28,28,7,783,1742,1752,974,1065,1,190,173,165,249,32879.0,912.1960404973725,217.0,0.4132231404958678,3876,10,233,336,451,599,131,164,442,536,2077,526,0.0,0.0,4,0,0,0,1.21137,3,0,783,10
1316,28,28,7,279,720,749,377,375,3,54,62,99,65,44316.0,1301.7259266063738,140.0,0.26713124274099886,590,46,65,325,211,194,25,73,84,68,295,45,0.0,0.0,4,0,0,0,0.95659,1,0,279,29
1317,28,28,7,2194,5402,5425,2833,1622,508,797,583,459,347,1662.0,726.8096843000858,58.0,0.2967919340054995,3018,94,783,1468,1628,1313,136,208,1684,283,522,185,0.0,0.0,4,243,0,0,1.16254,2,0,2194,23
1318,29,29,8,2266,4912,4992,2307,2089,274,347,632,461,825,24850.0,6705.995206747829,1741.0,0.37130148907368016,1751,162,514,1035,2060,1342,128,219,598,150,546,110,0.0,0.0,4,0,0,0,0.92435,1,0,2266,80
1319,29,29,8,3138,8280,8337,4394,2878,413,837,976,607,706,3884.0,1334.3303454084476,118.75116152279088,0.22169705154175107,1480,755,1521,2819,2328,1368,150,210,708,23,113,276,0.0,0.0,4,0,0,0,1.07792,1,0,3138,57
1320,29,29,8,2685,5771,5839,2984,2243,616,560,933,516,677,7896.0,2990.855144565008,334.0,0.39065924801888385,3677,126,784,1291,1606,2057,394,859,1541,177,434,272,0.0,0.0,4,0,0,0,0.9953,2,0,2685,68
1321,29,29,8,2668,6941,6960,3390,2417,173,631,680,708,642,752.0,489.0,30.0,0.27738411573664007,981,301,806,2120,1961,1516,39,190,417,70,100,165,0.0,0.0,4,0,0,0,1.15184,3,0,2668,19
1322,29,29,8,36,76,76,24,42,0,1,8,9,18,15493.0,4382.174172150867,1197.0,0.47368421052631576,329,2,0,14,24,35,31,107,118,5,30,38,0.0,0.0,4,18,0,0,0.94136,2,0,36,0
1323,29,29,8,4284,8556,8560,3683,3641,821,1120,1310,817,1031,1786.0,1122.8911776250131,208.0,0.4135752842540485,4903,221,1100,1618,2552,3108,609,780,2538,189,378,409,0.0,0.0,4,1119,0,0,1.22283,3,0,4284,4
1324,29,29,8,1938,3576,3582,1463,2077,64,655,446,453,389,39085.0,3444.437769838408,1204.2591263918766,0.6097294342716589,3646,77,279,560,736,1970,125,305,482,386,1624,724,0.0,0.0,5,0,0,0,0.94279,3,0,1938,6
1325,29,29,8,3827,9545,9562,4970,2747,1039,631,1028,1146,1020,43455.0,3208.87879287226,1017.0,0.2449807341310079,8075,413,1409,3260,2642,2016,300,1525,1650,75,4001,524,0.0,0.0,4,38,0,0,1.0262,2,0,3827,17
1326,29,29,8,1977,4948,4982,2569,1798,46,300,509,396,765,5043.0,1365.0,453.0,0.3302545155993432,620,268,815,1260,1274,1213,42,151,293,20,27,87,0.0,0.0,4,0,0,0,0.95277,1,0,1977,34
1327,29,29,8,2035,4351,4351,2446,1697,290,573,446,519,508,3413.0,833.4931406838774,97.0,0.2806515518379925,1987,226,657,1088,1424,1083,53,113,1358,28,49,386,0.0,0.0,4,1270,0,0,1.12206,1,0,2035,0
1328,29,29,8,1726,4557,4881,2132,1622,112,386,395,341,607,29862.0,3395.7786033111806,933.0,0.25922904344279013,1509,303,845,1589,1075,1043,71,266,515,282,142,233,0.0,0.0,4,18,0,0,0.9492,1,0,1726,324
1329,29,29,8,1397,3416,3416,1742,1318,92,501,224,272,407,3862.0,2392.1961629560874,202.0,0.3023857430296062,2320,147,576,997,941,775,367,248,682,318,451,254,0.0,0.0,4,0,0,0,0.99547,2,0,1397,0
1330,29,29,8,1583,3763,3794,2008,1341,182,382,426,384,402,559.0,449.0,41.0,0.2725268669054836,650,106,512,993,1191,797,86,88,267,2,37,170,0.0,0.0,4,168,0,0,1.06517,1,0,1583,31
1331,29,29,8,2103,5097,5108,2698,1662,446,661,523,656,266,754.0,349.855106444884,231.0,0.2432865731462926,1984,307,694,1790,1047,1089,576,252,655,3,319,179,0.0,0.0,4,0,0,0,1.26152,2,0,2103,11
1332,29,29,8,2371,5346,5573,2919,1345,1012,459,697,578,638,893.0,334.6061352365677,575.7558794675829,0.20723930982745686,6172,249,892,1863,1288,976,1067,899,2736,36,868,566,0.0,0.0,4,107,195,117,1.39977,2,0,2371,227
1333,29,29,8,1522,4105,4153,2321,1112,322,235,643,428,219,301.0,288.3160285357413,19.0,0.2119951040391677,201,103,648,1507,1125,661,7,30,107,0,9,48,0.0,0.0,4,0,0,0,1.18288,3,0,1522,48
1334,29,29,8,1670,4730,4730,2379,1575,6,257,573,454,394,410.0,316.0,91.0,0.22998118335772527,481,153,787,1483,1495,804,20,58,248,1,101,53,0.0,0.0,4,1674,0,0,1.1153,3,0,1670,0
1335,29,29,8,3063,6437,6466,3136,1830,1044,1189,837,520,538,843.0,527.5053036305674,203.0,0.3562076749435666,1643,334,947,1578,1774,1942,497,143,844,4,52,103,0.0,0.0,4,0,0,0,1.20779,3,0,3063,29
1336,29,29,8,5360,13184,13190,6516,4586,459,986,1385,1364,1626,3624.0,1903.96485715144,443.0,0.2809295967190704,6589,454,2256,3362,4042,2899,492,897,2914,29,1545,712,0.0,0.0,4,0,0,0,1.15437,3,0,5360,6
1337,29,29,8,3264,7320,7354,3865,2231,961,1090,924,566,668,7050.0,3556.698935944011,900.0,0.24401726167124363,9103,373,1200,2972,1530,1481,996,1267,3978,91,1440,1331,0.0,0.0,4,0,0,0,1.01152,2,0,3264,34
1338,29,29,8,1460,3296,3307,2020,886,519,487,387,287,306,811.0,662.0,75.28805840208739,0.2147908073070124,910,181,413,1384,822,563,108,150,477,8,37,130,0.0,0.0,4,0,0,0,1.03187,1,0,1460,11
1339,29,29,8,2343,5583,5591,2936,1603,558,622,633,638,460,593.0,436.159065737828,59.0,0.2195500387897595,790,266,687,1866,1381,901,286,106,254,3,73,68,0.0,0.0,4,0,0,0,1.11898,3,0,2343,8
1340,29,29,8,2745,7330,7344,4371,1595,975,497,853,669,725,1042.0,575.9003862650657,281.0,0.15258030542390733,968,515,1322,3450,1443,778,23,138,369,2,253,183,0.0,0.0,4,441,0,0,1.09761,3,0,2745,14
1341,29,29,8,2438,6407,6517,3253,1965,333,536,714,617,569,8834.0,2145.122537802678,78.0,0.2830508474576271,480,467,988,2082,1397,1478,16,67,295,16,25,61,0.0,0.0,4,0,0,0,0.95775,2,0,2438,110
1342,29,29,8,1522,3624,6749,2140,974,504,443,498,338,245,542.0,182.0,279.0,0.10043440486533449,1506,132,1695,2554,897,414,20,58,1358,2,29,39,0.0,0.0,4,1803,5321,1374,1.17152,3,0,1522,3125
1343,29,29,8,1437,3633,3690,1945,853,540,460,630,253,98,306.0,176.74155078574734,45.0,0.17587131367292225,545,237,683,1454,845,468,30,51,392,1,9,62,0.0,0.0,4,343,0,0,1.3422,3,0,1437,57
1344,29,29,8,2402,6647,6661,3390,851,1442,814,774,629,181,431.0,178.03219685161994,137.0,0.12840756740652465,1686,425,1529,2856,1117,703,385,178,763,2,45,313,0.0,0.0,3,0,0,0,1.58762,3,0,2402,14
1345,29,29,8,1724,4003,4003,2329,920,743,467,687,454,116,275.0,172.0,19.0,0.16863147104049206,136,245,577,1251,1252,525,6,29,66,0,8,27,0.0,0.0,3,0,0,0,1.35803,3,0,1724,0
1346,29,29,8,2001,5246,5253,3087,1176,728,454,673,456,419,735.0,316.0,171.4273571108547,0.23051881993896237,2100,135,859,1827,958,1081,121,423,977,4,277,298,0.0,0.0,4,149,0,0,1.26668,3,0,2001,7
1347,29,29,8,1854,4951,4996,2724,1581,126,370,455,530,496,1032.0,286.0,40.0,0.2040692989524577,803,288,889,1589,1285,860,85,212,323,3,53,127,0.0,0.0,4,0,0,0,1.3377,3,0,1854,45
1348,30,30,8,3942,10878,10936,5662,2472,1296,1629,1494,514,311,2113.0,476.4489308660159,600.0,0.13162133142448104,5325,594,2642,4325,2379,1123,2029,616,1589,48,590,453,0.0,0.0,4,3,0,0,1.3434,3,0,3942,58
1349,30,30,8,2651,7301,7451,4080,2024,587,608,1085,628,335,2993.0,1373.776254734354,88.0,0.10271604938271604,1538,578,1697,3214,1785,736,350,179,815,4,73,117,0.0,0.0,4,334,0,0,1.04619,2,0,2651,150
1350,30,30,8,3088,7172,7226,3812,2130,840,750,943,537,854,5640.0,2306.1164088025585,57.0,0.2715146299483649,1527,243,921,1991,2155,1582,261,311,652,14,76,213,0.0,0.0,4,61,0,0,1.0031,1,0,3088,54
1351,30,30,8,1339,3977,4159,2014,1253,71,188,290,447,412,386.0,354.0,27.0,0.2685409597673291,616,128,711,1163,1148,924,17,91,399,3,17,89,0.0,0.0,4,0,0,0,1.10521,3,0,1339,182
1352,30,30,8,1108,2864,2893,1217,1007,6,221,107,280,501,3558.0,1421.1580294358807,24.0,0.38332752005580745,289,103,414,567,866,889,12,56,110,2,42,67,0.0,0.0,4,0,0,0,0.95326,1,0,1108,29
1353,30,30,8,3373,5735,5735,1742,3219,267,1009,904,777,677,21662.0,6935.490686683099,330.0,0.7729944674965422,889,79,82,601,1028,3934,74,127,342,28,276,42,0.0,0.0,4,0,0,0,0.93329,1,0,3373,0
1354,30,30,8,2943,7520,7570,3538,2850,84,457,859,580,1050,30337.0,9100.644117922036,574.0,0.2626072961373391,1538,211,1524,1789,2162,1698,204,327,515,74,141,277,0.0,0.0,4,36,0,0,0.91774,1,0,2943,50
1355,30,30,8,1596,3915,3942,1876,1375,170,477,480,351,289,451.0,398.3681253316214,65.0,0.2561412487205732,476,142,863,1278,701,892,14,55,315,2,15,75,0.0,0.0,4,1584,0,0,1.07906,2,0,1596,27
1356,30,30,8,2855,6502,6591,3133,2164,582,679,860,650,681,688.0,618.3669739284078,73.0,0.33501374885426216,1461,280,968,1677,1792,1768,345,177,730,5,90,114,0.0,0.0,4,0,0,0,1.15799,2,0,2855,89
1357,30,30,8,1454,3985,4036,2232,1068,411,300,325,451,379,494.0,452.0,36.0,0.1780891719745223,560,187,786,1354,965,575,76,97,315,3,31,38,0.0,0.0,4,0,0,0,1.12692,2,0,1454,51
1358,30,30,8,3487,7263,7336,3521,1951,1404,942,973,931,636,1405.0,827.0,133.0,0.31079289313179526,2100,477,921,2385,1564,2105,215,126,1624,3,42,90,0.0,0.0,4,1253,0,0,1.11505,2,0,3487,73
1359,30,30,8,2063,4728,4764,2770,1867,125,349,476,575,664,615.0,480.0,114.0,0.214092704219497,4599,232,873,1511,1267,871,466,243,3698,8,63,121,0.0,0.0,4,0,0,0,1.43615,3,0,2063,36
1360,30,30,8,1197,2408,2468,1394,868,365,447,337,204,211,229.0,151.0,62.0,0.20967117988394585,698,89,394,971,652,458,46,173,394,7,24,54,0.0,0.0,4,0,0,0,1.37261,3,0,1197,60
1361,30,30,8,1136,2328,2365,1423,284,797,393,453,164,116,305.0,80.32664334378953,226.0,0.10610405571487096,5903,118,267,1359,431,235,802,1486,2028,33,303,1251,0.0,0.0,2,14,0,0,2.525,3,0,1136,37
1362,30,30,8,1763,3154,3166,1660,883,837,715,416,347,288,328.0,260.48310615310777,69.0,0.3331214240305149,2187,75,306,891,909,934,231,591,998,14,117,236,0.0,0.0,3,0,0,0,1.34392,3,0,1763,12
1363,30,30,8,922,2047,2054,1300,534,353,243,277,261,143,510.0,146.0,357.0,0.12788693553946914,9430,79,424,1455,672,246,257,349,6745,11,37,2031,0.0,0.0,3,1805,5491,18718,1.48854,3,0,922,7
1364,30,30,8,1768,4029,4061,2485,1259,514,473,648,443,219,291.0,244.0,31.0,0.2190093034950968,986,211,751,1414,900,652,191,102,614,3,27,49,0.0,0.0,3,32,0,0,1.2528,3,0,1768,32
1365,30,30,8,1807,3965,4029,1733,1650,155,361,300,334,812,862.0,676.5260852983312,134.0,0.40093757710338024,2634,242,387,811,1238,1322,64,233,896,5,61,1375,0.0,0.0,4,0,0,0,1.07962,1,0,1807,64
1366,30,30,8,3837,7846,8224,3548,2660,1096,758,720,772,1576,5217.0,4081.867582222836,556.0,0.39602564102564103,6631,172,921,1407,2643,2581,302,933,2718,38,2313,327,0.0,0.0,4,550,0,0,1.00796,1,0,3837,378
1367,30,30,8,1820,4559,4643,1943,1637,305,628,514,353,324,3352.0,921.0,79.0,0.2972437041443585,1425,490,1133,1202,852,1311,79,287,645,11,101,302,0.0,0.0,5,0,188,0,1.03825,1,0,1820,84
1368,30,30,8,1790,4575,4633,2204,1225,649,425,493,465,406,5122.0,582.9665236356133,2193.6545742636936,0.1862866584056175,10692,273,866,1920,1048,678,324,1563,3561,143,3933,1168,0.0,0.0,5,210,0,0,1.13344,3,0,1790,58
1369,30,30,8,1851,4284,4350,2369,1746,44,596,468,471,310,1288.0,426.3957076349749,286.0,0.2533716559805439,4013,214,702,1435,1153,964,562,363,1635,18,873,562,0.0,0.0,4,32,0,0,1.5678,3,0,1851,66
1370,30,30,8,3920,10290,10350,5555,3359,360,970,884,975,1084,6797.0,6703.854896989336,34.0,0.2233686558839933,1391,662,1572,3939,2632,1839,142,177,447,169,245,211,0.0,0.0,5,85,0,0,0.93398,3,0,3920,60
1371,30,30,8,1922,5219,5250,3048,1547,315,341,532,619,428,550.0,501.0,45.0,0.1864885208882198,753,259,990,1696,1493,815,56,97,481,10,24,85,0.0,0.0,4,1434,0,0,1.10163,3,0,1922,31
1372,30,30,8,1729,5013,5082,2354,1146,445,652,476,484,119,418.0,347.96966564392017,20.0,0.21634708502808445,422,243,936,1529,1592,814,32,70,239,3,24,54,0.0,0.0,4,0,0,0,1.18644,3,0,1729,69
1373,30,30,8,2802,7151,7231,4007,937,1781,1043,1055,537,168,499.0,296.0,196.0,0.11955661124307206,3028,449,1672,2742,1896,735,283,782,1297,36,277,353,0.0,0.0,4,366,0,0,1.56454,3,0,2802,80
1374,30,30,8,2820,7041,7067,4282,1401,1290,996,785,587,448,617.0,356.0,252.2611563889048,0.1837860195781056,4353,273,1572,2715,1565,1041,882,829,1581,25,449,587,0.0,0.0,4,0,0,0,1.51002,3,0,2820,26
1375,30,30,8,2870,6827,6936,3740,2290,446,916,665,894,380,843.0,625.350355728269,204.0,0.30323846908734053,1926,552,961,1862,1851,1805,142,357,900,6,407,114,0.0,0.0,4,0,0,0,1.20748,3,0,2870,109
1376,30,30,8,2103,6274,6545,3248,1511,485,583,784,442,282,541.0,380.0,133.0,0.1437125748502994,2868,254,1298,2721,1680,814,271,707,1335,9,193,353,0.0,0.0,4,0,0,0,1.41568,3,0,2103,271
1377,30,30,8,2041,5562,5594,2871,1254,742,688,735,453,154,403.0,352.37819706545616,53.0,0.10989010989010989,1330,231,1260,2252,1179,581,376,165,574,20,55,140,0.0,0.0,4,0,0,0,1.2506,3,0,2041,32
1378,30,30,8,2911,8942,9051,4564,1562,1207,1198,961,565,185,796.0,688.6464758371235,114.0,0.10951410490185562,1755,648,2234,3445,2099,795,251,123,925,2,270,184,0.0,0.0,4,775,0,0,1.17969,3,0,2911,109
1379,30,30,8,1448,4590,4644,2467,1151,250,387,606,322,130,305.0,296.22675411070963,16.0,0.1143561539920349,281,306,1492,1786,1129,505,33,15,170,0,1,62,0.0,0.0,4,0,0,0,1.24233,3,0,1448,54
1380,30,30,8,2458,7441,7617,3764,1709,556,775,623,728,338,3167.0,1380.2311376622358,824.4260578504708,0.14942230299883164,6333,485,1561,2497,2055,1007,1434,666,1287,58,1412,1476,0.0,0.0,4,1057,0,0,1.13624,3,0,2458,176
1381,30,30,8,3824,10927,11496,5739,2857,673,1023,1235,783,781,7886.0,3012.029212003476,519.0,0.17591499409681227,4957,334,2304,4261,3221,1589,331,939,1415,90,959,1223,0.0,0.0,4,0,0,0,1.03761,3,0,3824,569
1382,30,30,8,2425,5848,5883,2936,2059,205,614,815,614,380,6085.0,1801.8520218990236,90.47517124583236,0.2791009728279101,1697,218,1068,1707,1410,1484,36,149,904,200,230,178,0.0,0.0,4,124,0,0,1.01107,3,0,2425,35
1383,30,30,8,2731,6346,6365,2920,2715,29,711,477,508,1040,10243.0,4882.761141883027,197.0,0.40346165323783945,1793,222,777,1284,2070,2274,111,230,430,281,527,214,0.0,0.0,5,13,0,0,0.93096,1,0,2731,19
1384,30,30,8,2542,5856,5876,3042,1870,539,690,908,632,305,2712.0,1380.0,332.4282289208086,0.2824791418355185,4130,230,1028,1719,1401,1425,673,593,1684,43,596,541,0.0,0.0,4,1548,0,0,1.08053,1,0,2542,20
1385,30,30,8,1864,4554,4554,1816,1480,322,598,365,335,557,2130.0,1398.0,83.0,0.38298819861946115,833,177,677,1009,1069,1510,45,140,437,38,56,117,0.0,0.0,5,0,0,0,0.97071,1,0,1864,0
1386,30,30,8,1600,3603,3664,1636,1335,248,490,457,335,325,2077.0,1286.0,205.40929093354708,0.3771197846567968,2444,87,451,808,1169,1154,285,402,971,112,148,526,0.0,0.0,5,0,0,0,1.01034,1,0,1600,61
1387,30,30,8,1884,4908,4908,2130,1845,17,548,447,465,428,11005.0,4036.403058285864,96.0,0.3003293536434747,835,122,949,1077,1367,1293,35,161,210,126,56,247,0.0,0.0,5,0,0,0,0.9241,1,0,1884,0
1388,30,30,8,333,862,862,391,317,4,42,62,87,144,17124.0,5000.144115293143,39.0,0.4129181084198385,541,22,104,193,220,317,39,149,216,13,38,86,0.0,0.0,5,107,0,0,0.91872,1,0,333,0
1389,31,31,8,1577,3526,3548,1719,2444,31,170,457,323,626,36280.0,5856.563829613092,554.0,0.38625162127107654,1213,138,346,725,1433,1171,69,139,776,58,65,106,0.0,0.0,5,0,0,0,0.92449,1,0,1577,22
1390,31,31,8,1615,3024,3091,1364,2235,81,618,467,292,234,18508.0,2514.829769590283,744.763478746594,0.4767244308528712,527,58,165,688,838,1168,31,73,264,67,42,50,0.0,0.0,5,0,0,0,0.92887,1,0,1615,67
1391,31,31,8,1821,3417,3600,1815,2075,273,668,481,398,277,14817.0,1854.4843292438136,450.0,0.33774834437086093,1186,9,349,1082,1036,954,175,126,725,18,53,89,0.0,0.0,5,97,0,0,0.96634,1,0,1821,183
1392,31,31,8,1955,4992,4992,2177,2083,86,627,444,490,401,10141.0,3610.165811686647,408.3531169956409,0.2818574514038877,1075,535,624,1250,1045,1114,60,161,280,109,367,98,0.0,0.0,5,0,0,0,0.93355,1,0,1955,0
1393,31,31,8,1488,3497,3497,1747,1392,37,376,340,437,328,11502.0,2410.154483169784,302.0,0.30806193272824345,942,324,541,1032,881,927,56,92,334,16,384,60,0.0,0.0,5,57,0,0,0.94559,1,0,1488,0
1394,31,31,8,2886,8485,8589,4426,2590,306,470,644,907,861,7847.0,2882.134850570407,821.0,0.1566629339305711,1770,502,2167,2420,2581,1157,33,296,682,213,401,145,0.0,0.0,4,1817,0,0,0.9674,2,0,2886,104
1395,31,31,8,3134,8450,8526,4139,2365,587,953,777,822,588,1718.0,961.1553868548688,417.0190331138558,0.2306885704299196,3601,287,1712,2735,2213,1530,560,622,1079,92,616,632,0.0,0.0,4,0,0,0,1.16811,3,0,3134,76
1396,31,31,8,3805,10017,10149,5198,3466,167,795,837,868,1291,15393.0,3225.047359295032,172.0,0.26414354348465535,1897,347,1787,2819,3035,2112,239,202,1016,106,116,218,0.0,0.0,4,0,0,0,0.99236,3,0,3805,132
1397,31,31,8,2384,5777,5777,2885,2119,226,568,669,655,485,16208.0,3469.0124133790373,1244.0,0.31280027453671927,1603,335,854,1505,1510,1557,237,249,273,94,483,267,0.0,0.0,4,109,0,0,0.93229,1,0,2384,0
1398,31,31,8,1553,3260,3260,1631,1373,149,483,372,308,387,807.0,691.0526746563819,77.0,0.3095092024539877,815,71,545,675,1094,833,19,71,316,330,22,57,0.0,0.0,4,0,0,0,1.06121,1,0,1553,0
1399,31,31,8,1645,4059,4102,2235,1030,720,426,554,329,336,791.0,288.0645204988009,499.0,0.19675701839303,5058,236,558,1750,859,673,685,470,2291,49,1002,561,0.0,0.0,4,527,0,0,1.35177,2,0,1645,43
1400,31,31,8,915,1957,2009,898,1150,13,239,200,211,274,55176.0,3897.037184719019,1309.0,0.3854775828460039,1256,51,230,501,582,670,63,135,303,185,491,79,0.0,0.0,4,0,0,0,0.9186,1,0,915,52
1401,31,31,8,1411,3083,3128,1571,1588,9,333,305,306,465,142961.0,5022.432136867375,2348.0,0.39857761286332716,3785,82,263,656,1208,989,65,249,732,1420,1153,166,0.0,0.0,4,64,0,0,0.92607,1,0,1411,45
1402,31,31,8,3955,10224,10255,5527,3041,693,940,1052,1256,730,53379.0,3498.870123368949,1688.0,0.26132335565183146,2514,244,1725,3116,2575,2377,260,216,886,119,687,346,0.0,0.0,4,413,0,0,0.95515,1,0,3955,31
1403,31,31,8,1765,3239,3306,1263,3568,30,556,527,320,358,280405.0,14796.73604326035,1278.0,0.5703855140186916,907,66,207,446,944,1709,68,146,466,73,71,83,0.0,0.0,5,0,0,0,0.90647,1,0,1765,67
1404,32,32,9,1068,2465,2503,1226,989,20,174,173,174,546,7265.0,1053.78504913744,858.0,0.38799835593916976,461,32,388,433,669,828,11,192,127,1,49,81,0.0,0.0,5,0,0,0,0.93046,1,0,1068,38
1405,32,32,9,1015,2609,2633,1278,983,15,230,262,229,287,2603.0,525.8256068997485,189.0,0.2727920227920228,2756,109,406,746,935,517,887,247,1186,1,86,349,0.0,0.0,4,0,0,0,1.20683,1,0,1015,24
1406,32,32,9,703,1626,1626,849,653,45,80,110,218,293,2559.0,205.0,97.0,0.46111111111111114,2237,8,174,318,431,624,42,260,397,1,141,1396,0.0,0.0,3,0,0,0,1.30051,3,0,703,0
1407,32,32,9,2591,6403,6487,2889,1798,761,775,528,615,674,2370.0,839.4354911878439,506.0,0.2982832618025751,6394,256,1458,1547,1619,1869,212,2180,1299,21,2077,605,0.0,0.0,5,0,0,0,1.14226,2,0,2591,84
1408,32,32,9,2129,5417,5417,2557,1405,680,264,988,370,521,4314.0,824.0,54.0,0.3148831488314883,1253,324,816,1528,1374,1452,253,253,635,1,39,72,0.0,0.0,4,0,0,0,1.07028,1,0,2129,0
1409,32,32,9,2861,7375,7388,3842,2185,499,438,584,702,1144,1468.0,658.4919581415309,268.0,0.23665411092349656,1876,328,1231,1913,2455,1495,255,367,866,83,155,150,0.0,0.0,4,1287,0,0,1.1404,1,0,2861,13
1410,32,32,9,2026,5485,5507,2957,932,990,583,732,327,377,529.0,159.0,69.0,0.17226277372262774,1341,199,1212,1925,1256,719,320,204,451,0,20,346,0.0,0.0,3,48,0,0,1.60592,2,0,2026,22
1411,32,32,9,2384,5754,5805,2256,1578,897,732,541,485,629,1157.0,874.7183538159954,62.0,0.38549618320610685,1411,186,805,1209,1905,1984,40,215,992,2,32,130,0.0,0.0,4,122,0,0,1.1377,1,0,2384,51
1412,32,32,9,4209,10685,10780,4986,2802,1134,1158,1399,702,951,1349.0,725.1017071940875,150.0,0.2501136053803508,4425,584,1906,2627,3282,2194,554,876,1948,3,210,834,0.0,0.0,4,0,0,0,1.38819,1,0,4209,95
1413,32,32,9,1007,2286,2295,937,897,63,219,244,272,275,2388.0,326.84369793201915,102.0,0.39552572706935124,1495,92,278,467,567,745,70,427,794,1,158,45,0.0,0.0,4,1250,0,0,1.39292,1,0,1007,9
1414,32,32,9,2576,7039,7072,3097,2474,0,393,397,575,1216,10312.0,1400.0,59.0,0.3144379183171698,1012,181,1180,1791,1974,1951,68,240,532,2,25,145,0.0,0.0,4,0,0,0,1.01175,1,0,2576,33
1415,33,33,9,1445,3104,3123,1642,1903,114,422,282,260,469,126275.0,3843.183620942914,2001.0,0.39945487583282857,2283,20,354,851,890,1073,173,350,975,250,278,257,0.0,0.0,5,127,0,0,0.92953,1,0,1445,19
1416,33,33,9,716,1214,1216,590,910,36,235,175,131,177,74340.0,1673.0,78.0,0.49378624689312345,406,22,55,184,337,560,17,71,216,18,29,55,0.0,0.0,4,0,0,0,0.93269,1,0,716,2
1417,33,33,9,151,385,389,171,140,23,34,23,22,73,17892.0,274.0,15.0,0.24516129032258063,162,25,88,126,117,89,3,10,126,0,17,6,0.0,0.0,5,0,0,0,0.95844,1,0,151,4
1418,33,33,9,1650,3728,3744,2299,1548,108,296,281,429,641,6296.0,1444.187020938783,72.0,0.36745138178096215,665,73,407,843,1235,1213,39,120,385,18,22,81,0.0,0.0,5,0,0,0,0.9597,1,0,1650,16
1419,33,33,9,1239,2903,2906,1456,791,428,296,271,240,447,1120.0,266.21801720672363,43.0,0.33032928942807627,536,190,310,703,814,765,80,96,298,1,9,52,0.0,0.0,4,0,0,0,1.16284,1,0,1239,3
1420,33,33,9,2995,8175,8196,3445,2634,171,351,505,613,1523,2561.0,1120.0,48.0,0.2921725652286231,1191,278,1491,1669,2273,1758,120,213,648,3,32,175,0.0,0.0,4,418,0,0,1.05526,1,0,2995,21
1421,33,33,9,3103,6952,7081,3174,1388,1618,1045,701,595,775,1238.0,672.0,220.0,0.3037796284433056,5494,487,1169,1726,2132,2039,453,596,4149,2,72,222,0.0,0.0,4,1248,0,0,1.25148,1,0,3103,129
1422,33,33,9,2188,5648,5680,2597,1907,210,247,529,405,1012,1649.0,648.0,87.0,0.33200760850769495,2062,115,1025,1048,1954,1406,95,412,1202,2,122,229,0.0,0.0,4,162,0,0,1.18023,1,0,2188,32
1423,33,33,9,2437,6198,6239,2803,2257,90,427,303,453,1248,4392.0,624.0,69.0,0.298318679623631,868,31,1312,1122,2103,1702,75,183,509,6,15,80,0.0,0.0,4,3,0,0,1.1317,1,0,2437,41
1424,33,33,9,1701,4070,4082,2385,576,1148,478,329,567,333,2662.0,201.5818701983553,202.0,0.23757497857754928,3847,65,579,1875,1022,975,169,1204,1680,6,314,474,0.0,0.0,3,61,0,0,1.85112,1,0,1701,12
1425,33,33,9,2405,5221,5255,2721,1734,546,577,491,514,835,2772.0,505.0427756624425,281.0,0.30833191922620057,4035,259,578,1619,1700,1562,79,590,1187,1,35,2143,0.0,0.0,4,0,0,0,1.3003,1,0,2405,34
1426,33,33,9,2057,5054,5054,2133,2029,0,278,281,420,1081,2250.0,904.1677945860512,344.0,0.41338661338661337,698,131,761,752,1416,1744,87,130,258,1,136,86,0.0,0.0,4,0,0,0,0.99333,1,0,2057,0
1427,33,33,9,2750,6325,6742,3165,1740,984,890,630,419,809,1717.0,671.3602592951214,116.0,0.26954871933866376,3201,305,1523,1863,1808,1623,505,794,1658,3,57,184,0.0,0.0,4,1428,2090,323,1.33157,1,0,2750,417
1428,33,33,9,2424,8477,8526,4539,796,1470,790,797,450,389,1037.0,120.0,300.8628732776141,0.0911248622531152,7589,976,2875,4368,2326,840,1426,1695,1712,3,960,1793,0.0,0.0,3,17,0,0,2.48447,2,0,2424,49
1429,33,33,9,1896,4308,4334,2384,1117,676,551,496,339,504,715.0,336.0,147.0,0.18512622242438026,2519,270,789,1356,1123,696,495,460,671,2,324,567,0.0,0.0,4,0,0,0,1.47788,1,0,1896,26
1430,33,33,9,2631,4955,5088,3189,964,1562,733,923,369,608,569.0,247.34334211720372,117.0,0.23118176594522122,6302,159,744,1574,1665,929,576,1328,3278,4,135,981,0.0,0.0,3,459,0,0,2.14794,1,0,2631,133
1431,33,33,9,3731,8714,8750,4493,2166,1338,903,595,957,1281,1179.0,590.7916991162912,74.0,0.27821057601510857,1437,420,1138,2445,2275,1884,119,339,733,2,88,156,0.0,0.0,4,0,0,0,1.21132,1,0,3731,36
1432,33,33,9,2053,5036,5065,2393,1409,659,440,351,362,906,672.0,388.2043460057942,72.0,0.2496022275258552,2535,279,974,1317,1280,1005,252,544,1286,7,112,334,0.0,0.0,4,0,0,0,1.30958,1,0,2053,29
1433,33,33,9,1303,3181,3191,1704,1035,195,225,273,191,610,343.0,235.1891580821541,18.0,0.29270603094411113,514,157,502,591,1093,719,23,126,299,1,22,43,0.0,0.0,4,1141,0,0,1.17789,1,0,1303,10
1434,33,33,9,2129,5228,5238,2672,1734,299,543,270,474,837,1928.0,560.1723562861532,52.0,0.22955040602099425,1659,203,827,1092,1775,978,377,364,688,3,40,187,0.0,0.0,4,0,0,0,1.14117,1,0,2129,10
1435,33,33,9,823,2448,2487,1091,812,21,63,56,146,555,982.0,610.0,34.0,0.20713731574864236,820,153,646,531,690,472,61,172,516,5,13,53,0.0,0.0,5,370,0,0,1.0028,1,0,823,39
1436,34,34,9,1796,4778,4792,1917,1619,268,302,225,202,1061,1557.0,829.0,105.0,0.24604166666666666,2420,347,897,896,1426,1077,296,323,1599,2,44,156,0.0,0.0,4,791,1340,5605,1.1246,1,0,1796,14
1437,34,34,9,3391,7278,7278,3572,1583,1581,633,847,564,1347,752.0,446.0,81.0,0.3439438899379552,4257,137,1237,1435,2108,2254,233,489,3307,4,111,113,0.0,0.0,4,0,0,0,1.50165,1,0,3391,0
1438,34,34,9,2098,5044,5054,2466,1409,651,169,565,215,1137,1637.0,409.7608930501076,396.54829329776913,0.2286973555337904,4716,276,854,1523,2239,1020,1023,1292,1747,2,298,354,0.0,0.0,4,4,0,0,1.37436,1,0,2098,10
1439,34,34,9,0,0,0,0,0,0,0,0,0,0,26.0,0.0,13.0,0.0,1572,0,0,0,0,0,0,0,17,0,0,1555,0.0,0.0,4,0,0,0,0.89742,3,0,0,0
1440,34,34,9,2722,6589,6600,3333,1742,996,632,360,355,1370,1260.0,560.7857211347238,120.0,0.2709917740183144,2100,427,981,1540,1829,1459,105,348,1336,2,108,201,0.0,0.0,4,1892,0,0,1.2152,1,0,2722,11
1441,34,34,9,2497,5826,5830,2631,1911,521,324,438,422,1321,886.0,447.8345521485194,114.0,0.2333898305084746,3927,413,1090,1187,1863,1174,926,577,1803,2,295,324,0.0,0.0,4,0,0,0,1.45914,1,0,2497,4
1442,34,34,9,2354,6459,6467,3004,2119,261,321,297,253,1469,1299.0,542.1667903815624,62.0,0.20077783179387457,2193,170,1460,1326,1982,1036,412,500,1035,9,78,159,0.0,0.0,4,0,0,0,1.25235,1,0,2354,8
1443,34,34,9,1886,4306,4388,2002,1056,868,474,255,393,774,832.0,283.15648409991155,132.0,0.3084808946877912,2010,111,577,1083,1198,1170,333,353,1158,2,47,117,0.0,0.0,4,1470,0,0,1.38876,1,0,1886,82
1444,34,34,9,1926,4569,4637,2276,1037,882,371,451,269,841,557.0,320.0,100.0,0.23663810689514483,1800,386,868,1282,1158,1033,425,392,714,4,84,181,0.0,0.0,4,0,0,0,1.27845,1,0,1926,68
1445,34,34,9,2326,6206,6206,2961,1596,976,302,189,372,1453,1403.0,724.0,57.0,0.25143435707053663,1153,261,1172,1111,1994,1212,71,306,602,13,41,120,0.0,0.0,4,0,0,0,1.08207,1,0,2326,0
1446,34,34,9,2172,5350,5350,1982,1528,845,211,320,455,1179,2515.0,875.0,197.0,0.36048806746815,1714,115,911,896,1707,1739,78,494,864,2,59,217,0.0,0.0,4,0,0,0,1.09579,1,0,2172,0
1447,34,34,9,879,2377,2377,948,875,86,122,108,85,564,298.0,207.0,6.0,0.29141886151231944,550,99,495,435,674,571,107,144,187,1,12,99,0.0,0.0,4,0,0,0,1.18703,1,0,879,0
1448,34,34,9,4295,8049,8165,4417,2860,1614,733,652,1124,1797,1865.0,656.0,341.0,0.374984239061909,5915,296,379,2238,2281,2500,747,1741,2274,8,534,611,0.0,0.0,4,41,0,0,1.35654,1,0,4295,116
1449,34,34,9,1331,3315,3329,1500,479,801,657,249,212,200,328.0,183.0,29.0,0.17588102166181702,422,266,306,1234,773,416,79,52,260,0,8,23,0.0,0.0,4,0,0,0,1.22411,1,0,1331,14
1450,34,34,9,2722,7063,7077,3281,2287,288,350,423,280,1662,1320.0,630.0,69.0,0.2323604420515727,1158,466,1292,1510,2199,1344,251,250,554,2,19,82,0.0,0.0,4,5,0,0,1.12026,1,0,2722,14
1451,34,34,9,1905,5014,5014,2263,1835,101,244,244,253,1171,664.0,379.9318348546928,43.0,0.22110552763819097,1264,105,1376,1107,1536,881,90,490,533,2,52,97,0.0,0.0,4,0,0,0,1.23754,1,0,1905,0
1452,34,34,9,1827,4421,4430,2015,1640,293,242,305,329,940,1068.0,603.151722262619,35.0,0.29586704570303957,2716,83,737,1050,1475,1085,255,939,1081,3,72,366,0.0,0.0,4,0,0,0,1.16637,1,0,1827,9
1453,34,34,9,295,750,758,334,258,40,65,43,43,140,14195.0,429.0,4.0,0.2437641723356009,750,45,169,245,217,166,5,28,680,7,2,28,0.0,0.0,5,0,0,0,0.98297,1,0,295,8
1454,34,34,9,790,1630,1649,694,1505,111,259,151,90,292,10469.0,1202.7485059664714,27.0,0.5079365079365079,586,20,94,311,420,744,60,120,303,44,16,43,0.0,0.0,5,0,0,0,0.95746,1,0,790,19
