TAZ,TOTHH,TOTPOP,hh_own,hh_rent,hh_size_1,hh_size_2,hh_size_3,hh_size_4_plus,hh_wrks_0,hh_wrks_1,hh_wrks_2,hh_wrks_3_plus,hh_kids_no,hh_kids_yes,HHINCQ1,HHINCQ2,HHINCQ3,HHINCQ4,AGE0004,AGE0519,AGE2044,AGE4564,AGE65P,gq_tot_pop,gq_type_univ,gq_type_mil,gq_type_othnon
1,58,118,5,53,27,22,4,5,24,30,7,2,55,8,34,7,13,5,0,0,8,77,21,11,2,0,9
2,176,355,17,161,84,68,9,15,77,93,23,5,172,25,106,16,39,16,0,0,27,225,64,37,6,0,31
3,256,472,0,253,132,73,51,0,89,114,28,7,210,29,125,55,22,53,32,103,241,66,25,41,7,0,34
4,127,225,39,88,79,33,10,5,55,68,17,4,130,18,47,13,20,50,11,9,89,81,17,26,3,0,23
5,508,745,140,372,410,62,25,11,186,227,60,14,422,60,271,52,46,148,24,20,294,290,133,84,12,0,72
6,2027,3211,194,1817,1450,444,117,16,351,1309,301,68,2012,26,695,453,346,542,14,241,1672,830,342,446,446,0,0
7,3157,5517,36,3126,2305,651,80,121,1286,1328,419,106,2992,156,2084,634,316,118,150,259,1857,1270,950,1098,48,0,1050
8,4919,11162,91,4832,3384,744,371,420,2800,1389,427,298,4461,465,3523,894,375,107,212,573,3165,3100,2635,3192,0,0,3192
9,6416,10943,192,6221,4602,1022,501,291,1974,3263,888,293,6012,398,3182,1533,831,884,123,791,4582,3310,1354,1418,204,0,1214
10,4305,8249,622,3707,2483,1331,275,216,775,2204,929,73,3562,431,1139,962,859,1338,239,665,4322,1276,853,1258,390,0,868
11,2209,4724,312,1881,1397,398,123,291,700,1000,619,196,2229,281,1155,350,331,373,95,292,2307,1579,481,786,0,0,786
12,648,1021,219,432,402,174,53,19,207,418,200,2,772,55,94,132,73,352,70,22,395,403,90,22,0,0,22
13,85,110,71,13,64,19,2,0,15,30,19,0,58,4,27,4,5,49,1,0,25,54,19,2,0,0,2
14,624,814,519,109,465,145,12,2,114,237,115,4,446,33,198,32,43,349,11,2,192,397,150,14,0,0,14
15,252,456,70,182,162,42,26,22,35,130,73,14,222,33,64,57,43,83,22,34,222,129,11,28,0,0,28
16,5360,8870,1497,3877,2874,1955,345,186,531,2595,1874,295,4933,346,650,672,1128,2893,137,315,5903,1606,617,172,0,0,172
17,4559,7791,1432,3105,2481,1583,296,199,755,2628,1147,76,4167,459,970,686,825,2077,461,373,4403,1436,1015,315,109,0,206
18,742,1572,182,566,376,263,15,88,156,295,229,7,618,72,41,134,169,400,105,113,821,281,114,209,0,0,209
19,937,1919,142,794,439,395,54,49,226,422,329,15,896,105,311,62,70,499,15,125,1169,437,214,296,0,0,296
20,2380,4583,831,1560,1324,696,185,175,606,1297,530,84,2318,195,721,319,459,894,105,329,2267,1625,454,485,14,0,471
21,3509,4920,758,2743,2466,980,24,39,1432,1467,429,66,3324,75,1917,393,403,792,0,108,2015,603,1989,238,12,0,226
22,1040,1746,90,952,575,349,65,51,330,530,200,90,987,168,92,108,209,631,82,91,847,270,342,37,0,0,37
23,844,1884,332,516,394,216,44,190,207,342,130,58,628,108,288,228,52,275,0,236,458,457,579,28,0,0,28
24,514,915,58,455,273,93,148,0,220,103,59,1,285,103,415,58,3,35,11,216,157,280,270,12,0,0,12
25,1316,2759,174,1152,498,475,188,155,774,323,252,90,1158,292,825,288,149,60,36,303,646,622,1040,14,0,0,14
26,669,1395,9,656,298,145,157,69,211,292,144,27,591,75,408,161,68,24,4,149,366,456,356,10,0,0,10
27,1398,2597,103,1303,823,280,128,167,480,652,200,64,1284,116,866,228,157,148,60,168,1006,522,750,41,0,0,41
28,1700,2688,358,1340,1024,542,39,95,456,810,376,51,1642,67,489,291,313,596,52,101,1138,548,759,14,0,0,14
29,3040,5082,299,2734,1876,745,223,196,708,1559,698,52,2781,240,1030,834,510,646,137,217,2741,1027,781,120,99,0,21
30,4047,6474,275,3781,2671,1007,189,180,1413,1838,730,60,3658,382,2275,775,504,490,141,379,3178,1775,1302,371,0,0,371
31,2414,3846,221,2184,1616,505,182,111,730,1025,606,46,2275,129,924,878,291,329,237,61,2342,714,401,149,16,0,133
32,2826,4529,285,2546,1643,840,269,74,659,1331,650,183,2697,127,746,821,711,564,36,187,2185,1070,1061,49,0,0,49
33,2676,4363,674,2024,1364,1040,226,46,678,903,974,126,2543,129,697,476,609,907,109,92,2223,1074,762,24,0,0,24
34,2584,4695,340,2223,1279,813,310,182,450,1058,789,278,2332,230,584,306,663,1021,51,330,2575,866,691,0,0,0,0
35,2444,4004,528,1917,1107,1173,130,34,516,957,970,16,2390,65,684,484,335,944,24,84,2041,999,769,0,0,0,0
36,2594,4595,252,2335,1458,687,265,184,1218,990,281,110,2432,167,1685,519,161,222,47,252,1005,1462,1666,98,0,0,98
37,1699,2787,163,1526,1116,334,132,117,470,817,315,84,1575,108,802,298,218,377,81,155,1220,689,616,54,0,0,54
38,2207,4319,635,1584,1052,685,196,274,430,1033,652,100,1848,367,420,343,343,1109,370,333,1746,1081,659,14,0,0,14
39,2114,3828,448,1669,908,894,199,113,425,767,734,186,1977,145,367,381,634,730,61,175,1610,952,943,1,0,0,1
40,2539,4324,729,1833,1219,989,268,63,520,1053,903,67,2311,239,515,228,705,1112,117,325,2181,933,797,25,0,0,25
41,2175,3842,372,1804,1092,785,187,111,715,867,518,74,1905,268,818,455,377,526,78,367,1784,724,724,94,0,0,94
42,628,2421,0,628,206,100,136,186,113,243,88,187,494,141,268,110,68,186,86,268,1358,552,85,728,0,101,627
43,2804,4967,748,2053,1537,807,216,244,451,1456,768,138,2472,346,358,443,644,1373,197,498,3092,788,457,15,0,0,15
44,3252,5357,719,2537,1810,1092,192,158,583,1509,993,176,2989,287,279,505,790,1719,244,240,3523,602,632,40,40,0,0
45,2239,4253,621,1621,1120,581,340,198,359,1153,604,135,1824,418,189,243,477,1348,343,328,2177,812,487,15,0,0,15
46,3790,6286,942,2856,2303,934,363,190,794,1944,760,294,3500,289,472,619,686,2011,125,439,3557,1138,883,128,96,0,32
47,1756,2789,521,1229,1128,444,68,116,331,949,440,41,1600,158,243,363,345,802,59,233,1507,453,463,21,0,0,21
48,2128,3484,518,1608,1220,665,132,111,399,1092,594,45,1921,196,395,187,514,1012,123,194,1760,900,720,13,0,0,13
49,2288,3360,912,1365,1529,581,111,67,593,1261,367,50,2068,197,402,463,297,1116,70,288,1101,1035,886,19,9,0,10
50,2206,4099,747,1469,1103,656,274,173,457,940,635,177,1974,247,339,347,260,1253,257,507,1952,938,659,44,0,0,44
51,2038,3880,725,1305,810,918,134,176,264,1131,611,42,1682,367,218,251,342,1234,483,266,1850,1020,301,0,0,0,0
52,1370,3950,9,1364,336,279,297,458,218,513,445,203,804,569,93,195,282,803,442,742,1823,607,163,0,0,0,0
53,46,288,0,46,36,10,0,0,16,20,10,0,47,0,9,12,18,8,0,0,48,8,0,232,0,0,232
54,2849,6211,1625,1220,1129,894,412,414,1051,701,887,215,2306,525,626,681,605,951,228,760,2112,1529,1606,101,0,0,101
55,1499,3058,767,738,589,596,120,194,417,657,346,79,1314,181,278,426,348,462,78,264,1062,932,735,0,0,0,0
56,41,71,24,18,22,13,3,3,12,22,10,2,41,5,4,13,9,15,2,3,30,82,106,0,0,0,0
57,991,2422,751,228,278,358,145,210,271,299,319,95,680,298,74,146,139,627,115,447,528,666,619,0,0,0,0
58,2759,5152,605,2161,1426,792,275,266,784,1118,704,156,2311,456,903,626,626,610,92,602,1682,1420,1169,60,0,0,60
59,3214,7840,1614,1601,1073,882,562,697,857,984,1015,377,2456,763,625,703,586,1299,243,1050,2436,2134,1614,22,0,0,22
60,1591,3164,619,961,679,504,265,143,509,523,466,91,1325,259,400,413,354,415,95,308,896,922,816,6,0,0,6
61,2059,4750,954,1100,705,668,309,377,491,746,614,204,1601,452,522,449,375,709,273,565,1819,1154,772,0,0,0,0
62,3192,7298,986,2188,1033,1155,466,538,529,1422,1050,168,2459,719,591,718,721,1145,308,1046,2992,1853,1106,14,0,0,14
63,2276,5239,1047,1231,619,937,392,328,487,571,1087,126,1728,557,356,276,649,997,351,503,1678,1396,1009,19,0,0,19
64,2870,6462,1114,1756,925,981,577,387,551,1154,1013,158,2105,763,696,456,562,1167,641,604,2241,1564,1126,15,0,0,15
65,2272,4656,731,1524,932,809,278,253,388,965,777,125,1804,457,392,419,304,1149,168,632,1710,1211,851,76,0,0,76
66,1788,4312,726,1055,673,452,231,432,370,607,480,317,1418,365,385,243,458,685,119,541,1765,1072,653,0,0,0,0
67,1941,4845,489,1464,533,694,327,387,288,447,990,228,1498,450,268,266,334,1069,206,536,2307,1027,502,114,103,0,11
68,1432,2957,395,1056,632,432,183,185,508,462,306,176,1320,132,452,378,261,355,26,194,1276,653,726,37,0,0,37
69,2710,8070,1036,1662,1051,993,417,249,444,1024,969,262,2320,395,532,335,495,1338,282,1578,3968,1003,850,2605,2465,0,140
70,3152,5882,905,2263,1559,951,359,283,616,1329,1041,153,2618,547,437,605,679,1431,216,591,2617,1514,784,6,0,0,6
71,2013,4111,824,1177,911,557,297,248,646,857,398,99,1577,416,562,162,381,906,84,657,1204,925,973,23,0,0,23
72,1086,2117,441,642,526,272,198,90,214,410,341,124,955,140,144,152,184,613,97,119,1354,352,378,28,0,0,28
73,2231,3711,690,1551,1325,513,288,105,738,660,631,202,1990,239,675,465,342,746,159,209,1917,669,953,0,0,0,0
74,2255,3687,200,2061,1473,477,138,167,1169,694,295,110,2143,112,962,350,429,533,105,136,1621,439,1587,57,0,0,57
75,1615,2505,561,1035,930,518,154,13,568,612,388,29,1483,115,323,284,345,654,28,87,1338,402,707,16,0,0,16
76,1800,3013,454,1347,1262,370,109,59,506,957,288,65,1711,86,525,304,522,448,31,71,1152,602,957,405,0,0,405
77,2144,4410,432,1690,1083,537,281,243,776,873,338,137,1850,280,838,411,308,575,130,626,1844,890,1225,261,0,0,261
78,2760,5273,255,2481,1473,691,258,338,1600,814,282,45,2359,389,1699,471,321,245,81,594,1422,1443,1720,46,0,0,46
79,2065,3253,353,1713,1236,599,196,34,233,1117,638,77,1988,85,418,690,272,694,40,87,1852,697,430,70,1,0,69
80,2040,3839,353,1693,1097,554,157,232,575,692,654,116,1856,188,632,330,377,709,172,219,2190,892,329,66,0,0,66
81,4080,7984,684,3406,2058,1075,546,401,768,1745,1146,405,3639,436,1160,801,558,1559,294,670,4474,1852,613,242,0,0,242
82,1532,2907,524,1021,700,563,129,140,358,576,483,114,1342,192,322,236,190,791,73,272,1310,740,393,32,0,0,32
83,2166,3886,1089,1077,1018,824,194,130,549,858,683,97,1928,259,358,289,328,1202,50,336,1523,1185,666,23,0,0,23
84,2456,4868,788,1662,967,939,375,175,176,859,1095,302,2209,239,240,322,429,1446,116,227,3105,889,358,71,0,0,71
85,1786,3460,286,1507,824,605,172,185,272,825,595,102,1575,219,329,221,418,834,175,139,2159,695,300,35,0,0,35
86,3129,6163,780,2347,1471,928,421,309,613,1302,1005,207,2685,442,711,603,607,1213,351,394,3425,1220,800,112,0,0,112
87,2314,4832,748,1560,827,1003,260,224,384,772,898,254,2072,237,462,425,432,983,115,311,2994,1111,524,160,29,0,131
88,2583,4715,538,2035,1098,1106,281,98,427,1020,962,165,2356,222,426,364,534,1246,108,294,2759,867,582,99,22,0,77
89,3375,7273,1128,2227,1295,1108,575,397,567,1348,1248,205,2733,638,475,628,634,1625,512,822,3479,1390,898,160,0,0,160
90,2163,4142,540,1623,994,748,303,118,280,1081,726,72,1917,244,370,381,745,656,250,190,2488,807,520,185,125,0,60
91,2133,4927,1007,1124,720,928,296,189,508,678,821,123,1686,434,372,281,357,1113,203,598,2528,844,782,570,555,0,15
92,1039,2586,762,293,289,342,194,214,307,264,414,56,747,296,256,140,138,495,101,475,861,947,1138,19,0,0,19
93,4263,7446,1685,2579,2105,1519,420,219,762,1902,1323,278,3869,384,661,873,854,1871,160,418,3378,2320,1029,8,0,0,8
94,1274,2760,601,686,368,609,141,156,135,512,576,47,1047,220,66,162,260,784,135,266,1148,769,390,14,0,0,14
95,1447,2911,747,703,606,516,158,167,327,609,491,29,1185,261,184,237,269,759,228,286,1210,659,438,10,0,0,10
96,1120,2360,564,565,368,508,114,130,150,543,396,37,887,233,84,136,243,655,104,259,889,689,308,19,0,0,19
97,1754,3460,730,1024,643,746,232,133,318,597,754,76,1487,269,298,211,291,941,157,238,1489,857,605,0,0,0,0
98,2053,4128,1009,1050,876,666,287,224,332,817,792,120,1618,429,284,349,249,1172,220,401,1738,1006,588,0,0,0,0
99,1837,3509,750,1082,921,553,210,153,413,842,487,98,1541,298,282,259,392,896,140,371,1889,687,419,129,0,0,129
100,1646,3525,229,1419,638,562,255,191,315,708,518,105,1274,372,573,396,265,405,187,296,1785,861,494,95,33,0,62
101,2487,5558,476,2006,943,785,349,410,475,967,767,273,2096,400,594,540,613,747,108,750,2870,1403,660,60,0,0,60
102,2687,5310,726,1968,1231,830,393,233,358,1169,948,212,2379,310,399,308,647,1327,158,359,2634,1518,507,139,0,0,139
103,2811,5209,1249,1563,1291,1033,280,207,709,1065,804,225,2514,298,508,470,329,1503,134,322,1841,2014,907,33,0,0,33
104,2292,3414,878,1403,1458,605,209,20,413,1319,499,59,2126,152,400,398,517,968,99,99,1663,1059,395,24,0,0,24
105,3240,5903,712,2531,1635,997,425,183,778,1143,948,374,2979,272,741,626,577,1294,111,338,3163,1201,885,134,0,0,134
106,3274,6943,719,2546,1608,994,356,316,597,1351,993,329,2880,398,881,666,666,1058,172,660,3306,2061,968,785,0,0,785
107,1323,3615,295,1021,436,581,134,172,101,578,485,168,999,325,309,325,166,527,34,404,1397,863,168,802,0,0,802
108,1280,2419,295,982,690,355,200,35,138,682,400,63,1113,165,292,214,385,374,61,228,1276,419,204,254,198,0,56
109,3714,7415,1428,2300,1780,1148,451,335,308,1579,1315,296,2854,656,840,594,577,1713,529,778,3652,1560,1109,402,164,0,238
110,3063,7560,1024,2023,943,1438,298,384,365,1223,1620,53,2680,594,535,351,449,1720,882,450,4907,762,260,1032,1007,0,25
111,2305,4811,520,1787,1019,997,137,152,80,1007,1151,69,2060,242,161,250,444,1446,117,289,3235,613,54,668,641,0,27
112,983,1923,406,584,366,377,197,43,144,372,370,107,847,141,151,146,149,548,58,110,1111,437,172,9,0,0,9
113,2581,5474,1383,1182,985,872,406,318,733,831,896,120,1922,644,510,349,357,1365,434,723,2331,1103,772,24,0,0,24
114,1930,4134,997,913,711,741,225,253,313,669,827,100,1497,431,241,265,208,1194,334,430,1885,875,421,70,0,0,70
115,773,1757,394,379,326,261,63,123,142,359,228,45,600,174,169,205,121,278,81,205,888,459,407,139,0,0,139
116,2054,4212,866,1197,987,547,302,218,379,929,584,182,1726,345,654,193,317,897,196,422,2217,1074,708,194,0,0,194
117,1460,3749,569,904,453,386,256,365,162,537,537,238,1098,375,219,190,424,636,213,732,1805,813,435,31,0,0,31
118,1515,4157,353,1160,345,389,396,385,247,386,547,327,960,557,421,362,418,315,120,746,2297,735,511,26,0,0,26
119,742,1813,322,422,231,267,72,172,137,253,273,72,530,207,137,177,44,380,103,250,859,389,249,19,0,0,19
120,1155,2650,495,671,373,391,226,165,133,440,434,154,952,202,266,197,148,552,42,320,1437,608,318,37,0,0,37
121,1350,3539,810,534,284,512,262,292,228,475,517,132,870,468,212,269,314,544,315,368,1417,755,547,65,0,0,65
122,2532,5621,1843,690,905,798,480,349,691,693,1042,113,1884,652,648,360,279,1246,370,689,1135,2441,610,30,0,0,30
123,1700,3706,884,815,597,591,300,212,285,592,655,174,1396,310,263,214,424,802,205,349,1783,959,662,25,0,0,25
124,1356,3392,780,580,349,506,217,284,179,518,604,60,856,503,217,261,182,695,394,589,1242,857,391,37,0,0,37
125,1072,2821,784,292,222,390,210,250,203,234,500,143,820,250,210,132,210,526,124,302,860,945,585,7,0,0,7
126,1373,3906,783,583,254,368,367,384,243,417,512,207,858,512,344,243,180,602,235,750,1472,1198,665,0,0,0,0
127,1830,4164,1085,748,459,818,321,232,291,619,768,156,1432,399,182,273,279,1096,247,427,1766,936,699,9,0,0,9
128,2645,5356,940,1705,1142,847,352,304,354,1176,941,156,2163,462,414,454,635,1135,268,586,2494,1177,737,27,0,0,27
129,2141,4488,1287,857,835,740,291,275,399,925,740,84,1652,502,276,245,313,1308,415,406,1855,1030,670,0,0,0,0
130,1846,4236,1260,573,622,635,255,334,523,720,522,74,1322,517,455,382,276,740,276,767,1314,1096,840,0,0,0,0
131,2760,6466,2457,318,838,920,549,453,1031,684,984,60,1969,809,366,584,449,1360,567,840,1546,1785,1580,0,0,0,0
132,1617,4458,1226,396,340,466,375,436,395,392,621,211,1093,510,337,204,194,881,194,657,1149,1290,946,0,0,0,0
133,2425,6134,1468,960,626,793,491,515,537,538,906,436,2021,395,474,348,352,1257,156,555,2275,1756,1144,15,0,0,15
134,2285,6751,1614,672,393,665,475,752,447,794,576,491,1544,755,468,410,552,859,574,1190,2849,1963,1237,48,0,0,48
135,1792,5196,925,866,487,280,403,622,354,536,493,415,1392,415,497,358,412,521,109,760,2312,1476,806,0,0,0,0
136,1095,2935,819,279,286,328,169,312,298,312,367,110,825,270,316,201,165,410,169,486,1012,898,987,11,0,0,11
137,1630,4864,1123,507,235,389,539,467,247,404,603,378,1203,428,317,398,373,545,501,566,1765,1442,921,26,0,0,26
138,2755,8312,1739,1010,579,559,616,1001,461,864,936,517,1739,1023,419,708,1007,636,236,1836,2787,2228,1777,35,0,0,35
139,1290,4160,890,416,237,246,246,561,238,359,203,508,895,397,226,339,304,435,99,781,1821,1461,775,41,0,0,41
140,1216,3343,1011,224,379,186,281,370,382,254,318,268,849,368,300,327,228,369,166,520,1144,1049,820,0,0,0,0
141,991,2832,478,518,243,286,133,329,172,250,216,170,508,297,246,213,191,347,205,435,1287,927,485,63,0,0,63
142,240,1010,23,220,136,68,31,5,112,72,55,8,200,46,126,16,37,63,25,20,213,109,52,621,0,0,621
143,231,623,114,113,26,97,81,27,90,131,110,91,268,158,70,31,37,89,0,113,182,140,189,32,0,0,32
144,1384,3404,438,939,485,352,229,318,470,611,260,51,864,524,864,249,132,131,340,829,1268,832,445,25,0,0,25
145,1348,3530,48,1302,365,416,213,354,622,472,185,56,676,658,1015,266,33,31,230,1408,1095,730,360,21,0,0,21
146,590,1264,395,198,218,179,130,63,127,256,181,22,397,194,142,81,150,224,113,190,533,320,98,0,0,0,0
147,1164,3534,718,446,283,270,218,393,268,296,479,121,681,491,423,246,140,358,102,829,1024,1079,433,199,0,0,199
148,1159,3175,522,635,263,393,161,342,251,540,215,153,671,489,537,239,216,173,180,863,1173,621,616,26,0,0,26
149,1621,4188,1127,493,448,483,352,338,337,553,571,171,1096,525,379,272,352,618,216,580,1663,1197,510,120,0,0,120
150,1292,3764,737,555,316,353,182,441,363,351,400,190,870,426,484,270,290,250,150,580,1012,1293,677,111,0,0,111
151,625,1435,313,310,274,158,50,143,286,90,191,62,534,89,275,119,131,102,35,118,572,500,333,19,0,0,19
152,1435,3935,1197,225,319,492,210,414,238,474,526,178,1054,370,213,212,383,628,121,539,1273,1199,714,45,0,0,45
153,1208,3761,896,311,152,279,360,417,175,257,507,272,878,339,183,324,264,436,92,581,1678,1178,779,0,0,0,0
154,1169,3361,730,448,324,207,234,404,356,276,426,120,891,278,449,223,273,219,119,474,1021,1238,726,11,0,0,11
155,1040,2871,673,366,224,278,270,268,254,322,348,118,717,317,304,298,222,221,108,636,911,728,727,14,0,0,14
156,679,2276,381,303,63,148,171,297,90,280,145,172,389,293,179,282,114,105,77,443,697,695,450,0,0,0,0
157,683,1851,222,459,189,198,77,219,205,231,100,118,439,212,394,109,53,131,90,364,654,662,274,0,0,0,0
158,343,815,83,254,130,104,23,86,176,79,65,46,294,77,209,61,13,58,58,196,298,135,223,1,0,0,1
159,1562,3968,1000,565,509,390,280,383,483,336,507,230,1251,306,409,518,276,359,147,463,1243,1555,778,29,0,0,29
160,1431,4170,952,476,328,336,264,503,208,508,491,218,916,513,238,518,269,411,346,710,1211,1450,765,0,0,0,0
161,1140,3581,771,362,158,258,302,422,123,237,424,355,816,325,158,256,284,436,184,394,1537,883,719,6,0,0,6
162,1336,4181,743,603,156,383,305,492,305,296,510,229,782,562,334,317,413,284,95,896,1471,1500,923,18,0,0,18
163,1373,4046,1045,331,355,242,270,506,330,343,305,397,915,448,254,509,244,355,207,537,1434,1394,861,5,0,0,5
164,2102,6906,1453,653,239,504,462,897,252,533,744,567,1367,726,391,362,673,675,422,949,2453,2206,1375,33,0,0,33
165,2177,6241,1420,753,413,625,467,672,486,599,783,290,1375,783,565,509,518,574,273,1176,1957,1758,1336,0,0,0,0
166,2645,7850,1399,1243,586,608,491,960,354,938,745,603,1949,700,661,496,570,915,294,1190,3138,2637,1520,37,0,0,37
167,1834,6077,1393,435,298,321,391,824,183,500,560,597,1072,764,340,457,394,619,343,1174,2374,1671,1012,69,0,0,69
168,3317,8259,2307,999,1058,812,754,693,627,1220,1039,432,2619,690,636,770,903,999,194,1028,3043,2280,1758,39,0,0,39
169,2302,6636,2151,158,402,621,622,657,248,918,959,176,1387,915,360,359,315,1281,133,1425,1351,2097,1314,20,13,0,7
170,2043,5523,1557,498,511,612,352,568,514,609,741,204,1504,552,204,426,428,1004,279,750,1999,1205,1302,47,0,0,47
171,948,2367,839,114,249,316,195,188,170,360,379,42,699,246,63,73,200,611,215,253,641,627,555,12,0,0,12
172,2164,5299,1770,391,524,901,301,438,861,519,570,212,1662,514,378,502,415,881,130,668,1081,1532,1579,0,0,0,0
173,1333,3479,935,395,331,409,274,319,300,350,480,204,991,337,188,148,275,709,75,511,1174,769,876,0,0,0,0
174,2601,5885,1489,1109,855,864,511,371,443,1078,935,147,1919,682,339,430,527,1317,345,697,2193,1711,1047,15,0,0,15
175,2082,4013,485,1592,925,694,291,172,586,908,486,105,1797,282,399,645,299,743,167,301,1570,1161,758,14,0,0,14
176,1964,3772,538,1423,908,616,296,144,452,896,538,72,1563,392,590,422,352,605,145,478,1373,916,827,63,50,0,13
177,3308,8033,1573,1755,1030,929,792,557,723,1142,1126,323,2612,698,600,681,632,1398,218,947,3522,1999,1524,136,0,0,136
178,2572,6629,1532,1023,573,905,547,547,601,1011,553,408,2073,490,672,483,478,932,251,556,2054,1718,1786,19,0,0,19
179,2762,7560,1622,1141,707,689,573,793,634,934,827,365,2055,724,601,523,515,1142,238,1062,2456,1921,1591,7,0,0,7
180,1719,3981,579,1138,597,521,292,309,363,624,594,122,1255,452,377,523,408,400,111,677,1465,1096,719,5,0,0,5
181,1944,4763,1336,618,474,719,405,346,516,650,556,241,1521,434,530,350,414,668,183,512,1612,1309,1230,0,0,0,0
182,2538,7206,1911,611,554,672,529,783,564,993,674,297,1678,850,469,398,827,834,343,1137,2300,1653,1488,20,0,0,20
183,2596,6736,1874,724,703,759,504,630,727,647,946,276,1935,652,637,320,606,1032,309,812,2057,1732,1401,25,0,0,25
184,3088,8964,2417,677,531,965,598,994,741,831,975,552,2189,925,525,590,807,1174,618,1482,2508,2761,2095,10,0,0,10
185,2830,7676,1809,1005,633,895,527,775,848,720,744,511,2140,683,716,624,469,1018,254,1044,2446,2133,2163,8,0,0,8
186,2923,7486,2179,748,848,839,530,706,645,985,916,378,2170,763,311,650,612,1348,307,1098,2155,2441,1680,33,0,0,33
187,1415,3704,1254,161,304,481,313,317,446,386,486,92,900,516,254,163,320,670,175,695,745,1119,915,0,0,0,0
188,698,2402,18,679,201,202,189,106,89,319,150,156,651,54,344,87,165,103,7,1423,1345,405,121,729,669,0,60
189,3103,6380,185,2926,1388,922,348,445,1366,1202,357,162,2492,588,1387,633,528,551,116,1058,2418,1347,1467,0,0,0,0
190,1162,1912,353,811,784,179,126,73,325,627,185,31,976,182,457,255,229,233,74,273,778,500,271,47,0,0,47
191,1369,3917,1111,258,226,503,204,436,414,343,498,118,1030,337,219,295,293,564,81,720,1175,1004,813,22,0,0,22
192,2427,6822,319,2107,525,730,404,768,228,1024,806,368,1570,854,721,943,678,84,412,1255,3525,1439,559,12,0,0,12
193,2118,6799,1034,1088,203,572,571,772,271,593,669,604,1280,858,350,381,694,696,429,872,2951,1463,1100,107,0,0,107
194,2199,6823,1259,942,378,595,468,758,524,696,531,460,1615,598,502,614,646,440,235,965,2572,1785,1967,285,0,0,285
195,1773,5647,1427,345,170,445,512,646,192,445,628,483,1270,477,155,381,512,728,238,868,1843,1690,1100,12,0,0,12
196,2107,7127,1731,375,170,564,376,997,390,355,884,483,1434,681,266,662,579,596,360,1134,2142,1852,1442,10,0,0,10
197,1767,5512,1418,346,385,320,314,748,369,275,405,680,1350,384,321,344,359,740,83,754,1970,1825,1416,26,0,0,26
198,1634,4635,455,1181,369,455,267,543,260,537,593,266,1239,416,473,456,447,259,83,693,1831,1262,874,0,0,0,0
199,1152,2409,752,399,375,491,173,113,166,426,472,94,971,184,101,337,481,232,166,108,1164,606,405,1,0,0,1
200,896,2722,617,280,151,227,208,310,133,284,334,148,602,300,146,284,265,205,141,531,765,769,556,34,34,0,0
201,2709,7336,944,1765,808,657,404,840,608,887,788,430,1853,854,1020,643,558,486,509,1223,2962,1973,1358,50,0,0,50
202,2292,6667,1603,688,425,693,410,764,465,642,614,571,1700,591,406,543,712,629,271,841,2447,2172,1744,31,0,0,31
203,1445,4248,556,886,284,356,314,491,206,541,384,311,1037,410,429,466,296,254,21,668,1891,1167,617,0,0,0,0
204,2071,5394,1319,750,451,717,486,417,373,598,801,297,1674,397,637,451,560,419,202,478,2090,1685,1144,89,0,0,89
205,2298,7240,1603,693,381,494,496,927,405,629,611,671,1807,511,496,314,816,668,174,609,3008,2252,1594,21,0,0,21
206,1312,3678,906,408,296,377,222,417,354,239,370,335,1008,291,343,204,232,539,89,593,1221,1146,686,0,0,0,0
207,1249,4604,961,287,97,233,166,753,97,371,375,401,849,401,279,228,281,458,84,813,1832,1331,809,0,0,0,0
208,2190,5283,1157,1030,672,745,317,456,643,603,831,107,1699,486,548,378,426,837,237,849,1552,1653,853,24,0,0,24
209,2550,7766,1962,583,239,862,612,837,365,828,904,450,1842,706,248,570,725,1002,294,940,2489,2182,1616,29,0,0,29
210,1043,3285,361,686,180,260,148,455,207,284,310,243,732,314,372,297,226,148,127,616,1224,826,609,0,0,0,0
211,3061,8016,572,2487,835,1000,421,805,532,1305,835,384,2153,909,820,999,498,744,430,1394,3008,2162,1097,130,0,0,130
212,1411,4203,804,609,282,408,191,530,180,409,435,390,895,515,325,209,420,461,168,809,1365,1273,518,38,0,0,38
213,2716,7086,1475,1244,696,902,419,699,792,810,805,310,2104,611,705,640,664,707,222,1136,2379,1794,1622,40,0,0,40
214,2194,6024,1922,273,408,774,459,553,437,585,930,241,1622,570,330,541,608,718,216,860,1761,1930,1106,89,0,0,89
215,2027,5641,926,1101,495,558,336,638,225,790,677,256,1354,590,623,522,374,515,97,1010,1849,1920,832,20,0,0,20
216,1124,2964,657,469,254,357,250,263,108,523,443,134,864,343,175,238,287,425,163,498,1018,855,435,9,0,0,9
217,1305,4180,1143,162,138,359,339,469,203,304,561,242,801,504,139,179,356,630,224,720,1284,1060,993,100,0,0,100
218,1436,3935,810,625,361,459,156,460,350,412,365,241,1058,310,441,340,269,387,265,429,1287,842,1141,24,0,0,24
219,2149,6441,1793,352,338,602,472,737,495,659,586,434,1681,495,384,482,546,735,297,823,1834,1621,1858,15,0,0,15
220,1923,5668,1152,775,346,528,412,637,267,684,671,317,1213,727,390,293,630,608,171,1022,1945,1545,914,33,0,0,33
221,1536,4936,1016,523,186,372,349,629,263,279,674,323,955,584,254,256,295,734,250,792,1692,1329,775,0,0,0,0
222,1720,3966,980,741,519,635,296,270,300,675,591,150,1342,375,265,441,453,561,187,471,1372,1094,754,19,0,0,19
223,1965,4295,828,1140,736,646,305,278,388,758,624,198,1642,324,288,511,457,714,126,556,1572,1273,712,44,0,0,44
224,1208,3333,1037,167,140,519,251,298,151,428,435,196,899,309,134,253,175,641,228,337,1113,984,664,0,0,0,0
225,1361,3550,1028,330,273,539,225,324,296,462,498,106,950,410,205,232,322,605,166,703,848,1143,643,0,0,0,0
226,2369,6440,1889,486,419,942,368,640,553,652,833,331,1784,588,229,590,646,906,241,947,1757,1848,1423,22,0,0,22
227,2011,5268,1624,391,436,682,430,463,860,400,632,127,1406,609,367,558,331,756,222,912,913,1473,1654,0,0,0,0
228,111,378,96,15,5,28,30,48,13,22,45,19,69,30,8,4,25,74,24,59,220,101,86,1,0,0,1
229,1796,5297,1295,501,248,581,410,557,218,426,812,348,1256,551,170,211,419,997,275,755,2081,1700,844,36,0,0,36
230,2852,8024,1828,1023,503,820,780,749,744,629,944,571,2093,799,503,510,737,1102,477,981,2691,2412,1864,17,0,0,17
231,1536,4965,1275,263,160,468,298,610,271,475,447,347,1101,437,273,305,342,615,221,666,1658,1272,1392,105,0,0,105
232,1867,5171,1437,431,502,481,376,508,528,585,559,195,1358,510,407,406,357,701,303,621,1727,1303,1258,189,0,0,189
233,3045,7449,2097,952,851,1020,572,602,701,1075,1001,278,2274,782,545,892,684,926,327,1212,2371,2019,1395,10,0,0,10
234,1711,3132,505,1205,804,621,152,134,319,810,513,72,1481,234,460,439,359,455,134,233,1538,564,468,0,0,0,0
235,1168,3378,974,192,121,504,191,352,208,262,464,235,841,328,105,242,239,583,158,371,1113,973,666,20,0,0,20
236,2220,5891,1390,838,385,901,441,493,723,606,802,84,1649,568,428,572,425,791,255,1063,1844,1420,1068,61,0,0,61
237,2445,7556,939,1501,589,482,299,1075,366,621,776,676,1661,781,641,519,813,465,277,1447,3097,1687,916,48,0,0,48
238,927,3030,759,170,102,234,188,403,145,204,290,286,671,255,127,150,269,381,147,578,1256,1007,690,0,0,0,0
239,0,0,0,0,0,0,0,0,0,0,0,0,0,0,0,0,0,0,0,0,0,0,0,0,0,0,0
240,1906,4786,826,1074,602,518,360,426,313,739,668,186,1461,444,440,346,556,557,198,662,1681,1589,798,64,0,0,64
241,1345,3659,1091,255,335,403,219,388,429,390,380,145,963,383,321,169,229,629,181,522,966,877,925,35,0,0,35
242,876,2596,814,62,147,219,228,282,238,147,351,142,598,281,144,108,184,443,159,452,683,704,514,0,0,0,0
243,909,2990,740,172,77,258,187,387,171,240,405,92,576,332,137,87,144,544,127,489,748,861,500,15,0,0,15
244,1860,5529,586,1274,340,545,307,668,450,441,710,265,1311,551,406,324,387,742,283,834,1628,1586,990,35,0,0,35
245,1240,3378,899,342,317,340,232,351,365,401,408,67,878,361,158,307,325,450,319,309,1064,653,779,34,0,0,34
246,2805,8114,1703,1100,588,817,525,875,690,882,1080,150,1736,1063,359,542,392,1514,588,1321,2327,1809,1846,200,0,0,200
247,1385,3874,1134,251,269,448,263,405,349,518,435,84,894,490,211,133,277,764,227,798,847,1146,664,14,0,0,14
248,1273,3260,589,683,398,367,221,287,298,500,410,67,848,424,306,209,241,516,165,581,1023,853,415,115,0,0,115
249,2789,6497,1242,1549,926,855,530,478,357,1311,918,184,2075,693,366,603,692,1130,156,1014,2444,1883,809,22,0,0,22
250,1874,4938,897,974,481,595,332,466,457,776,530,107,1134,738,403,286,411,773,244,1165,1282,1318,745,78,0,0,78
251,2515,5411,720,1798,1041,749,320,405,519,1117,759,124,1959,560,468,635,511,906,356,588,2230,1297,706,6,0,0,6
252,1857,6305,1692,166,179,467,304,907,347,757,632,126,1008,854,202,111,187,1360,208,1712,1385,1693,1068,13,0,0,13
253,936,2618,675,263,155,342,168,271,251,349,293,43,630,306,96,131,213,494,187,555,739,556,483,0,0,0,0
254,1844,5288,1754,90,287,594,421,542,466,635,635,119,1311,546,97,346,125,1272,169,963,804,1824,1194,0,0,0,0
255,1249,3502,1024,228,179,479,246,345,303,382,418,131,801,432,175,140,269,666,214,640,732,988,710,4,0,0,4
256,2303,4371,768,1537,991,784,403,125,770,856,666,26,1856,467,731,369,389,818,293,399,1683,722,1035,15,0,0,15
257,1699,3734,939,757,618,666,228,187,521,498,619,74,1388,320,356,283,375,680,180,498,1237,766,861,220,0,0,220
258,2537,5503,767,1767,918,854,533,232,514,1008,881,124,2034,490,746,542,527,719,529,503,2665,1233,835,186,0,0,186
259,2522,5430,1000,1522,954,857,357,354,505,1211,524,302,1972,568,751,579,645,550,256,1026,2244,1135,833,25,0,0,25
260,2501,7396,779,1726,466,717,460,858,334,737,1050,366,1570,916,838,555,428,682,542,1648,3240,1514,839,79,0,0,79
261,1405,4561,764,641,163,344,309,589,206,376,541,278,776,629,390,193,367,454,314,960,1852,1122,583,12,0,0,12
262,1417,4136,850,570,247,471,281,418,103,676,359,287,1099,325,282,254,382,501,274,605,1670,1138,770,137,0,0,137
263,801,2699,636,165,102,213,174,312,176,183,266,180,544,261,173,166,219,244,107,278,1026,709,678,181,0,0,181
264,1124,3407,975,150,153,319,322,330,279,259,470,111,765,357,186,202,209,525,122,509,1067,900,713,97,0,0,97
265,1725,3171,927,795,794,581,253,97,374,866,454,28,1456,271,400,260,408,658,220,143,1318,734,588,0,0,0,0
266,3284,8241,1120,2166,793,1136,811,544,642,1386,996,182,2243,958,699,438,514,1633,626,1205,2759,1759,1253,183,0,0,183
267,1392,3619,749,642,268,531,337,256,350,441,540,61,862,531,149,195,294,753,177,693,1029,973,638,74,0,0,74
268,1294,3330,888,404,294,421,311,268,231,543,427,90,831,463,116,181,270,730,130,562,1101,784,656,0,0,0,0
269,1632,4055,684,948,453,485,375,319,257,615,597,100,1068,506,176,219,460,776,242,571,1548,838,579,6,0,0,6
270,1239,3224,627,611,311,377,254,297,259,523,427,73,828,457,163,216,215,648,207,564,1037,687,495,0,0,0,0
271,1997,5326,1138,862,431,640,477,449,404,811,749,119,1287,797,235,335,417,1009,372,961,1839,1044,834,71,0,0,71
272,734,2092,615,121,99,271,156,208,174,189,314,79,485,272,52,133,121,428,84,384,522,555,544,4,0,0,4
273,1458,3918,796,659,267,493,363,335,223,564,575,86,971,476,170,234,357,690,230,510,1420,921,621,0,0,0,0
274,2126,4736,608,1520,747,613,493,273,442,785,701,203,1733,398,361,423,458,887,219,477,2425,1040,838,0,0,0,0
275,1911,4537,659,1259,554,714,285,358,404,676,672,161,1468,445,437,387,425,664,185,702,2026,972,514,16,0,0,16
276,1163,2828,597,567,268,521,144,230,291,303,438,117,900,251,226,218,390,328,155,245,1159,517,535,4,0,0,4
277,1661,4821,1078,582,314,496,351,500,242,586,568,269,1054,608,278,168,485,728,361,753,1743,1411,612,109,0,0,109
278,2507,6597,753,1755,591,927,451,538,275,951,1087,190,1677,832,439,297,310,1464,459,963,3067,1284,525,268,0,0,268
279,2007,4727,751,1253,746,586,231,444,298,880,710,146,1494,539,287,589,340,792,195,825,1921,940,710,27,0,0,27
280,1424,3428,873,552,422,467,261,274,318,576,389,109,966,421,156,283,315,674,147,475,900,899,811,0,0,0,0
281,1988,4581,784,1203,557,831,323,277,504,628,714,141,1634,357,565,307,355,762,195,483,1868,1070,908,90,0,0,90
282,930,2576,695,236,222,263,156,289,232,259,316,126,609,323,121,151,185,476,130,399,705,663,486,0,0,0,0
283,1174,3328,1009,165,197,405,260,312,224,386,424,138,806,364,121,183,145,725,152,639,980,866,692,73,0,0,73
284,1645,4433,510,1131,403,548,214,480,205,724,493,221,1069,576,337,415,367,523,226,852,2093,926,464,34,0,0,34
285,1015,2741,832,186,124,394,300,197,217,322,398,76,732,283,146,126,109,634,262,231,796,877,510,2,0,0,2
286,2688,7389,1860,833,610,1002,433,643,391,1098,1102,87,1750,924,270,272,543,1605,392,1400,2095,1856,991,451,376,0,75
287,940,2764,577,361,201,231,212,296,266,236,425,30,578,381,232,79,129,499,150,584,723,704,536,72,20,0,52
288,2954,7414,938,2009,817,947,598,592,635,956,1260,88,1961,981,657,418,544,1334,388,1184,2562,1853,829,124,0,0,124
289,1985,6362,1781,204,207,540,440,798,398,372,1057,162,1027,959,121,186,267,1409,273,1486,1290,1925,856,0,0,0,0
290,1411,3459,979,427,415,500,170,326,304,558,428,119,1024,380,185,265,215,746,173,601,765,1059,731,0,0,0,0
291,1200,3271,809,391,213,446,229,312,292,404,420,79,813,382,127,147,297,629,96,700,844,891,751,11,0,0,11
292,844,2432,718,125,105,282,227,230,197,275,289,83,560,284,68,102,136,538,111,460,600,759,496,0,0,0,0
293,1918,5605,1691,229,368,591,297,662,391,611,633,286,1386,533,289,467,374,792,392,684,1527,1203,1638,49,0,0,49
294,2495,5950,2238,256,591,1075,415,414,558,1192,543,199,2043,451,458,323,476,1236,139,811,1249,2204,1246,16,0,0,16
295,1321,3948,946,375,231,391,218,481,276,391,502,155,848,472,177,239,353,551,340,829,975,1277,837,18,0,0,18
296,3023,7630,2019,1007,925,882,552,664,741,1245,714,319,2162,857,674,586,713,1050,512,1304,2021,2146,1897,161,0,0,161
297,1629,4062,1154,473,423,615,310,281,329,565,561,170,1199,424,323,228,195,879,245,522,1251,1227,980,157,0,0,157
298,2631,6356,2169,459,633,1069,464,465,959,931,580,157,2066,562,244,214,473,1696,367,850,1048,1583,2523,5,0,0,5
299,1089,3006,887,202,176,385,249,279,273,452,323,49,689,401,145,84,187,675,248,601,645,894,603,0,0,0,0
300,917,2536,830,86,122,358,210,227,183,341,339,56,692,226,41,139,98,639,95,442,811,682,592,0,0,0,0
301,2162,5901,1873,285,430,700,497,535,509,605,846,191,1361,789,196,396,487,1077,398,1314,1559,1631,1050,63,0,0,63
302,1665,4820,1525,139,164,632,429,440,343,441,760,119,1130,535,148,87,217,1211,243,755,1138,1458,818,35,0,0,35
303,1641,4611,1369,271,297,560,314,470,353,526,627,159,1154,517,218,160,316,942,315,653,1159,1261,893,41,0,0,41
304,1823,4929,1544,276,351,683,376,413,400,661,590,161,1250,562,177,152,320,1179,241,778,1138,1358,1230,141,0,0,141
305,667,1837,570,96,105,244,149,169,142,187,293,42,436,225,49,52,104,462,117,330,423,575,365,2,0,0,2
306,1310,3679,999,308,196,416,379,319,252,496,479,105,776,549,172,148,238,753,148,887,986,1106,529,13,0,0,13
307,1659,4894,1405,251,201,577,357,524,251,601,680,127,975,683,205,234,199,1020,222,1059,1062,1559,733,3,0,0,3
308,1539,4590,1159,382,232,446,350,511,193,405,725,143,755,713,132,189,249,972,310,984,1186,1192,641,12,0,0,12
309,3584,8856,1517,2067,995,1109,814,666,568,1586,1250,236,2487,1160,490,628,745,1725,526,1331,3283,2084,1199,67,0,0,67
310,623,1743,465,157,109,202,160,152,94,189,276,69,442,183,110,106,80,325,89,289,650,457,172,35,0,0,35
311,1615,4152,1080,537,452,487,282,394,279,673,583,71,1043,569,224,235,333,826,283,774,1062,1280,552,26,0,0,26
312,2963,7972,1937,1023,579,1037,599,748,558,1163,1118,133,1984,989,395,336,463,1768,374,1331,2225,2376,1105,3,0,0,3
313,1610,4441,787,826,462,466,226,456,102,789,568,150,1053,553,260,434,373,539,268,898,1881,1041,618,223,0,0,223
314,1947,5822,484,1467,369,545,362,671,278,680,696,319,1297,677,533,740,400,275,220,1357,2196,1555,689,120,0,0,120
315,2622,5094,104,2519,1086,1220,129,187,196,1332,974,72,2368,206,383,479,562,1197,102,241,3710,692,315,301,0,0,301
316,988,2707,419,567,205,307,221,255,138,328,380,166,751,264,155,286,232,311,94,364,1092,834,211,25,0,0,25
317,2232,5114,819,1411,777,652,461,342,266,1045,732,131,1588,584,242,484,545,958,146,977,1841,1308,739,41,0,0,41
318,969,2836,739,230,107,337,245,280,150,308,446,78,561,420,119,108,122,618,165,623,733,802,433,3,0,0,3
319,1168,3087,980,188,178,516,215,259,306,328,428,93,861,287,130,135,250,652,110,650,691,1092,668,13,0,0,13
320,2116,6046,995,1119,427,571,494,624,259,863,817,167,1336,775,383,505,548,683,356,1252,2128,1386,1016,59,0,0,59
321,1029,2979,897,131,106,422,209,292,250,220,455,104,707,322,154,130,159,587,199,456,693,838,577,28,0,0,28
322,1782,4582,1192,591,363,659,399,361,385,553,728,111,1322,457,235,245,302,995,304,651,1564,1303,877,5,0,0,5
323,1965,5947,876,1084,471,452,448,594,347,708,572,348,1398,575,433,419,371,737,300,1119,2642,1256,838,433,0,0,433
324,1277,3857,225,1052,234,347,210,486,125,400,569,186,691,589,253,425,292,309,219,856,1637,740,349,12,0,0,12
325,2062,5164,722,1338,485,770,404,403,235,897,756,232,1601,517,374,613,452,622,237,704,2320,1375,428,31,0,0,31
326,798,2273,86,714,204,194,150,250,85,334,195,165,585,194,266,321,135,76,96,384,1084,452,204,55,0,0,55
327,1453,4826,352,1102,182,386,292,593,152,590,413,288,832,607,428,444,288,295,455,1134,2517,1079,423,206,0,0,206
328,1034,2746,774,259,267,308,174,285,310,338,264,125,706,330,201,165,239,429,134,429,837,805,493,0,0,0,0
329,1272,3848,674,594,354,275,113,530,218,575,266,221,870,413,360,367,291,251,131,757,1442,1090,657,111,0,0,111
330,1412,4683,763,651,217,300,225,670,195,416,564,229,775,635,264,486,265,398,374,1519,1728,966,619,39,0,0,39
331,2083,5961,831,1254,383,629,434,637,211,714,708,453,1435,649,354,291,524,916,369,681,3441,1450,505,21,0,0,21
332,1104,4270,745,356,64,121,233,686,69,312,286,433,686,414,136,246,454,264,205,882,1996,1095,528,37,0,0,37
333,3168,10071,2005,1161,259,935,855,1119,319,841,1221,789,2190,975,622,838,629,1080,696,1800,4469,3057,968,112,0,0,112
334,1805,5869,1046,761,281,386,337,801,269,485,427,624,1166,642,444,556,448,355,176,1216,2542,1960,1013,36,0,0,36
335,2692,6739,637,2056,952,533,570,637,390,1429,480,391,1861,829,810,822,427,632,745,1218,2792,1416,755,14,0,0,14
336,1408,3803,923,484,414,265,335,394,196,659,502,102,919,544,230,211,130,835,303,737,1267,853,451,0,0,0,0
337,586,1506,353,233,152,170,134,130,74,238,181,37,334,199,99,54,65,369,147,358,552,628,518,0,0,0,0
338,773,2418,650,123,131,209,157,276,98,288,297,91,439,334,55,73,99,546,87,592,578,715,388,99,0,0,99
339,925,2673,856,71,109,332,221,263,277,299,278,68,641,279,75,71,89,689,86,578,473,919,568,0,0,0,0
340,1695,4053,551,1144,557,545,247,346,412,649,450,188,1336,360,275,250,460,710,239,498,1760,750,626,37,0,0,37
341,1905,4024,477,1429,692,764,189,260,512,714,605,82,1459,448,409,324,251,926,171,669,1608,947,799,14,0,0,14
342,1278,4282,1077,203,186,493,235,364,407,543,261,69,905,375,147,195,171,768,54,952,918,1014,1170,692,605,0,87
343,752,2186,601,153,105,257,172,218,170,309,231,42,452,299,77,91,124,461,69,490,334,700,475,25,0,0,25
344,1019,3106,824,198,171,221,268,359,199,389,386,44,581,440,121,79,46,774,137,970,737,828,403,0,0,0,0
345,1586,4531,1261,325,287,499,314,486,358,496,646,83,922,662,207,190,152,1036,308,972,1080,1267,708,17,0,0,17
346,1240,3010,941,297,297,489,235,219,398,404,350,94,892,352,164,138,168,769,131,531,903,842,823,0,0,0,0
347,2927,7395,2614,318,706,1168,405,648,1068,878,865,112,2302,625,467,398,373,1694,251,1251,1244,1975,2847,76,0,0,76
348,0,0,0,0,0,0,0,0,0,0,0,0,0,0,0,0,0,0,0,0,0,0,0,0,0,0,0
349,426,1375,354,75,46,115,91,174,106,67,168,83,256,171,56,30,49,290,106,218,419,296,353,4,0,0,4
350,1043,3732,991,51,154,515,162,212,223,369,368,78,810,232,32,78,86,847,87,759,969,902,791,1060,1058,0,2
351,1893,4708,747,1143,501,636,382,374,323,723,745,107,1358,533,276,359,352,899,390,624,1620,1212,707,22,0,0,22
352,176,2484,7,170,24,101,3,48,129,249,133,3,447,65,62,100,8,6,0,764,1057,117,0,2022,2019,0,3
353,1765,6338,67,1704,896,560,186,123,206,382,201,9,693,102,900,464,162,243,257,1996,4742,115,17,3183,3179,0,4
354,410,4717,0,409,306,73,17,14,269,493,273,8,911,134,280,73,57,2,0,1171,1842,46,0,4148,4142,0,6
355,1900,7225,157,1737,757,773,186,184,613,731,512,37,1550,342,437,424,368,668,187,1827,3225,526,811,3495,3479,0,16
356,3599,7678,1360,2226,1526,1056,457,560,1051,1392,887,253,2796,799,928,482,345,1837,371,988,2390,2192,1954,23,0,0,23
357,1745,4933,1253,488,279,587,401,478,372,600,585,183,1098,645,128,133,268,1220,129,1122,1102,1579,750,18,0,0,18
358,2023,5605,1660,358,400,634,427,562,686,569,689,72,1334,686,297,181,350,1197,261,1000,1159,1675,1202,0,0,0,0
359,1398,3750,936,463,284,479,293,342,244,517,567,62,836,562,120,87,106,1081,188,666,917,1051,724,13,0,0,13
360,1879,4432,1213,667,445,791,367,276,504,664,632,84,1387,495,199,338,477,873,214,707,1219,1373,835,0,0,0,0
361,2377,7578,1320,1052,290,685,413,989,424,748,988,204,1182,1184,198,275,484,1411,465,1637,2122,1809,1032,6,0,0,6
362,1909,5471,1388,523,273,660,428,548,553,487,793,86,1105,809,185,147,335,1245,131,1213,986,1641,1175,5,0,0,5
363,1229,3382,579,645,269,409,179,372,297,315,405,207,734,487,272,93,130,732,109,785,937,982,556,0,0,0,0
364,690,2073,464,225,93,232,123,242,149,229,275,42,380,312,38,52,92,509,82,478,499,516,400,4,0,0,4
365,2431,4725,428,2006,1069,884,215,263,267,1375,604,194,2046,386,497,389,630,915,56,605,2401,1092,513,0,0,0,0
366,2285,4830,972,1313,848,784,400,253,358,964,816,140,1815,468,329,546,309,1105,206,578,1766,1348,762,19,0,0,19
367,2325,6670,1388,941,364,861,356,744,593,899,697,134,1492,825,539,237,388,1169,215,1745,1314,1957,1257,0,0,0,0
368,1496,4315,1374,129,150,650,248,448,300,602,514,93,1088,419,61,193,272,979,137,868,725,1621,954,4,0,0,4
369,1766,4955,1348,410,341,624,249,552,670,395,627,65,1123,635,229,240,240,1046,156,1066,853,1325,1397,11,0,0,11
370,1742,4796,1315,416,268,707,296,471,469,610,558,109,1081,654,268,120,206,1142,414,789,1287,1130,937,0,0,0,0
371,1306,3598,976,329,198,468,329,311,230,513,504,61,784,522,80,160,200,869,138,718,906,1171,541,7,0,0,7
372,3249,6482,1078,2161,1347,1092,518,292,491,1532,1096,112,2522,714,382,483,609,1765,281,842,2957,1322,748,17,0,0,17
373,1246,3640,697,547,219,362,258,407,208,457,498,81,759,484,268,231,153,594,265,576,1023,974,631,0,0,0,0
374,1162,3170,492,659,213,411,256,282,93,387,495,176,846,309,142,161,192,659,248,318,1659,628,232,35,0,0,35
375,1674,3477,595,1073,664,576,226,208,443,566,571,101,1300,372,510,198,160,808,202,439,1353,724,801,0,0,0,0
376,1652,4215,925,725,445,596,212,399,281,596,613,152,1151,502,301,171,234,945,267,678,1627,1038,533,57,0,0,57
377,2702,5334,1102,1611,1119,907,475,201,538,1131,947,96,2131,589,386,462,617,1243,248,531,2302,1471,638,26,0,0,26
378,1727,3717,357,1367,563,675,316,173,221,799,606,104,1332,396,191,310,368,856,267,482,1913,697,294,39,0,0,39
379,2585,5497,451,2131,1130,860,104,491,261,1492,637,186,2145,436,469,436,633,1042,352,626,3180,954,400,15,0,0,15
380,2026,4095,305,1716,821,752,250,203,52,1031,778,165,1737,279,385,362,299,977,269,456,2801,347,163,61,0,0,61
381,2492,6046,1293,1193,951,599,321,621,388,1239,698,143,1700,764,522,335,604,1027,271,1204,1820,1711,656,0,0,0,0
382,1107,3078,626,478,187,336,317,267,166,373,507,62,689,413,128,205,194,578,221,577,1023,701,450,6,0,0,6
383,765,2581,638,127,84,174,143,364,121,187,308,145,365,399,47,35,114,567,137,736,464,759,408,0,0,0,0
384,1657,4963,1503,148,172,664,245,576,384,529,686,73,1053,619,92,109,232,1231,116,1164,880,1516,1003,6,0,0,6
385,973,2874,842,131,131,338,182,322,262,340,294,79,618,355,117,125,57,676,100,652,526,942,586,0,0,0,0
386,1025,2924,899,127,160,386,157,322,399,276,302,38,663,354,241,88,114,579,105,599,393,762,819,0,0,0,0
387,1371,4362,1173,204,101,485,252,533,323,331,562,158,769,606,114,70,184,1001,136,1007,945,1343,697,16,0,0,16
388,1991,5986,1811,179,266,481,649,595,478,612,765,135,1227,768,185,246,347,1216,212,1299,1300,2039,957,0,0,0,0
389,1868,5047,1307,559,404,626,336,502,569,592,532,184,1176,695,381,178,307,1005,110,1199,1214,1563,1070,11,0,0,11
390,1390,3147,592,799,477,473,206,234,204,621,486,84,1004,386,275,216,149,747,225,506,1134,753,404,0,0,0,0
391,3011,7425,669,2343,919,1023,423,646,462,1568,885,147,2133,929,553,632,581,1238,520,1275,3102,1229,824,139,0,0,139
392,2394,5514,188,2208,790,791,406,407,187,1024,887,250,1718,628,359,589,461,983,770,698,3174,800,246,1,0,0,1
393,2014,4083,480,1521,846,679,251,238,229,1074,557,139,1692,315,302,358,479,868,184,491,2076,851,451,1,0,0,1
394,1571,4147,935,643,372,539,341,319,299,479,610,192,1111,467,304,242,241,793,213,659,1391,1028,552,167,0,0,167
395,2245,4853,574,1675,557,1073,438,177,187,1120,840,94,1704,550,154,285,433,1373,503,306,2726,646,437,0,0,0,0
396,5,10,2,3,1,3,1,0,0,2,2,0,3,1,0,1,1,3,1,1,5,2,1,0,0,0,0
397,1169,3296,528,640,151,421,300,297,56,469,511,145,756,429,56,56,170,891,177,552,1614,637,159,0,0,0,0
398,1441,3936,558,879,330,441,256,414,64,559,636,168,912,521,136,417,178,710,326,833,2126,524,100,0,0,0,0
399,14,36,8,6,3,5,3,3,2,7,3,4,12,4,2,1,3,8,0,5,15,7,7,0,0,0,0
400,1867,4657,880,987,464,646,392,365,173,768,716,202,1374,484,136,352,373,1006,227,431,2345,910,572,0,0,0,0
401,543,1303,362,184,198,169,85,91,111,253,129,54,428,119,223,118,69,133,24,141,470,256,291,82,0,0,82
402,236,839,4,230,2,63,56,115,1,61,148,23,68,168,1,74,37,121,137,245,323,135,4,0,0,0,0
403,2,6,1,1,1,0,0,1,0,1,1,0,2,0,1,0,0,1,0,1,2,2,1,0,0,0,0
404,521,1443,382,140,151,102,112,156,88,178,183,69,408,118,141,120,88,174,43,239,441,580,202,15,0,0,15
405,2,6,1,1,1,0,0,1,0,1,1,0,2,1,0,1,0,1,0,1,2,3,0,0,0,0,0
406,683,1505,212,466,306,187,48,142,38,402,304,37,604,172,46,6,124,506,128,81,926,230,11,10,0,0,10
407,44,96,4,40,11,20,10,3,2,22,19,2,35,10,0,5,11,29,11,5,67,12,0,1,0,0,1
408,16,35,3,14,4,7,4,1,1,7,8,1,12,4,0,2,4,10,4,2,25,4,0,0,0,0,0
409,0,0,0,0,0,0,0,0,0,0,0,0,0,0,0,0,0,0,0,0,0,0,0,0,0,0,0
410,4920,10152,634,4296,1742,1982,739,457,244,2443,1870,265,3758,1056,318,557,1246,2810,722,646,6828,1123,166,70,0,0,70
411,0,0,0,0,0,0,0,0,0,0,0,0,0,0,0,0,0,0,0,0,0,0,0,0,0,0,0
412,8845,19859,1211,7640,2359,3919,1430,1137,530,3644,3818,852,7129,1719,761,1310,2466,4326,1007,1781,13070,2881,844,0,0,0,0
413,4072,9790,1138,2930,925,1637,903,607,417,1658,1795,200,2761,1326,429,545,846,2250,579,1421,5215,1624,652,14,0,0,14
414,1013,3425,624,388,129,253,144,487,142,251,391,232,668,346,129,271,188,424,163,698,1358,1174,747,57,27,0,30
415,764,2399,453,304,118,138,237,271,85,237,280,186,453,335,135,139,180,307,147,248,1013,667,230,13,0,0,13
416,2830,7504,1068,1761,680,915,496,739,212,1083,1102,393,1972,823,474,455,494,1396,391,1070,3333,1749,651,14,0,0,14
417,0,0,0,0,0,0,0,0,0,0,0,0,0,0,0,0,0,0,0,0,0,0,0,0,0,0,0
418,595,1494,588,9,164,178,131,122,94,202,146,59,390,106,88,184,229,94,18,216,442,531,270,5,0,0,5
419,1108,2902,639,465,318,291,215,284,222,479,357,144,949,255,315,246,196,341,104,378,1270,731,447,15,0,0,15
420,814,2489,540,271,76,250,233,255,159,188,278,189,594,216,132,192,171,319,59,302,894,885,499,9,0,0,9
421,3163,7296,1838,1332,948,1199,493,523,495,1503,899,269,2618,539,661,687,603,1218,296,778,3083,1860,1258,0,0,0,0
422,3595,7866,1302,2282,1129,1566,420,480,359,1604,1310,322,2972,632,298,731,572,1987,447,663,4282,1533,957,77,0,0,77
423,1618,4440,749,874,410,470,230,508,211,603,522,285,1137,489,228,420,402,571,219,776,1926,1004,432,0,0,0,0
424,2549,7035,1411,1140,477,811,600,661,296,736,1131,395,1725,835,260,658,571,1068,351,1170,3065,1682,756,13,0,0,13
425,1406,3437,402,1007,414,521,142,329,104,548,475,278,1180,219,217,344,373,473,118,382,1891,831,315,0,0,0,0
426,1870,4482,727,1141,521,593,509,247,148,813,659,243,1369,485,204,333,446,887,350,387,2636,709,294,81,0,0,81
427,1965,4192,591,1381,538,893,381,153,107,823,915,130,1651,328,140,168,470,1186,271,189,3015,491,95,2,0,0,2
428,956,2021,283,680,263,443,179,71,50,398,440,67,805,157,68,82,228,580,131,88,1476,237,44,0,0,0,0
429,0,0,0,0,0,0,0,0,0,0,0,0,0,0,0,0,0,0,0,0,0,0,0,0,0,0,0
430,1040,2112,34,1010,408,415,88,129,96,371,305,24,641,154,184,138,125,597,164,190,1408,261,28,0,0,0,0
431,21,38,1,19,10,8,1,2,2,7,5,1,12,3,3,3,2,12,3,4,27,5,1,0,0,0,0
432,320,649,10,312,122,134,25,39,30,118,90,10,200,47,57,42,39,186,50,56,435,80,9,0,0,0,0
433,2512,5557,936,1584,753,987,499,273,337,1318,1069,102,2298,546,490,629,450,950,293,607,2707,1203,741,43,41,0,2
434,23,48,23,0,0,23,0,0,13,25,17,5,49,9,0,0,0,23,0,0,24,23,0,2,0,0,2
435,2042,4003,741,1311,924,683,240,195,454,830,566,159,1682,325,533,470,405,629,247,350,1970,797,510,72,0,0,72
436,1719,4849,789,933,330,543,330,516,246,672,594,210,1064,657,316,275,387,752,220,984,1930,1052,535,5,0,0,5
437,2243,6129,898,1357,523,682,384,654,251,806,689,508,1683,565,402,618,440,791,299,760,2275,1761,688,0,0,0,0
438,1714,5020,1102,610,295,407,510,502,213,546,682,275,1040,680,270,197,313,932,341,782,2057,1136,615,9,0,0,9
439,1227,3106,712,518,307,365,321,234,242,385,352,247,941,288,281,211,193,538,159,379,1081,940,463,0,0,0,0
440,3701,8426,839,2854,1075,1390,736,500,336,2141,1056,163,2580,1112,592,580,753,1785,582,1110,4312,1414,567,0,0,0,0
441,2936,6610,665,2273,940,1017,581,398,545,1076,982,334,2542,388,546,539,527,1320,226,693,3651,1238,686,12,0,0,12
442,1178,3413,1008,174,138,409,311,320,208,215,505,258,841,338,102,238,99,743,92,561,1219,1005,522,12,0,0,12
443,2141,5375,479,1660,542,806,305,488,190,862,853,233,1614,529,246,255,524,1107,358,558,3122,960,525,0,0,0,0
444,2228,5772,1261,966,471,854,391,512,388,869,657,313,1525,704,339,391,349,1154,186,945,2071,1646,734,1,0,0,1
445,3486,9636,1374,2113,621,1119,863,883,570,1258,1355,329,2279,1221,549,794,774,1375,751,1266,4674,1496,903,16,0,0,16
446,3514,8870,1264,2245,709,1420,709,676,297,1356,1415,442,2709,792,254,639,820,1798,448,783,4806,1570,800,0,0,0,0
447,2043,4947,954,1081,595,589,513,346,264,973,688,110,1421,609,351,235,385,1071,481,408,1828,1251,733,0,0,0,0
448,3572,7973,539,3017,1488,865,596,623,561,1794,876,341,2782,777,761,617,770,1417,425,734,4410,1115,1026,23,0,0,23
449,2664,6277,737,1933,1008,589,551,516,441,1415,691,116,1826,843,549,391,720,1010,586,715,3056,910,659,0,0,0,0
450,2737,6042,602,2125,842,869,810,216,598,797,1131,211,2094,639,530,344,616,1244,413,523,3095,1058,882,11,0,0,11
451,2321,6482,1306,1025,516,659,453,693,438,806,877,199,1471,846,381,285,384,1270,435,1144,2083,1655,885,14,0,0,14
452,1009,3165,855,155,135,263,222,389,160,342,400,111,499,510,102,108,119,687,236,659,805,757,664,0,0,0,0
453,2588,8177,1633,962,362,745,403,1078,411,996,907,277,1418,1170,329,326,601,1345,564,1825,2976,1896,878,22,0,0,22
454,1572,4371,1251,314,267,486,428,391,394,444,625,105,964,603,155,144,218,1049,170,832,931,1378,1075,0,0,0,0
455,952,2690,856,93,96,447,136,273,315,224,313,99,674,285,178,103,147,527,116,406,565,816,702,2,0,0,2
456,3028,8521,1072,1946,490,1062,622,854,579,1276,890,288,1854,1171,461,661,673,1227,370,1816,2873,2009,1043,6,0,0,6
457,1725,5583,1084,637,230,414,338,743,293,556,751,102,868,836,183,220,251,1068,409,1230,1573,1146,819,0,0,0,0
458,1710,5329,956,757,209,520,322,659,322,627,579,205,846,889,175,204,234,1098,268,1143,1801,1128,558,0,0,0,0
459,3132,8677,1585,1532,500,1116,717,799,469,1168,1214,272,2144,982,332,428,591,1769,602,1234,3622,1658,1118,19,0,0,19
460,1370,3843,527,842,283,345,383,359,167,713,402,75,807,556,70,151,358,784,227,705,1496,819,379,25,0,0,25
461,1617,4719,1117,503,227,464,479,447,195,517,792,121,1043,578,254,237,314,816,368,730,1436,1223,794,15,0,0,15
462,1774,5509,1180,598,242,538,306,688,330,546,651,246,1082,691,247,200,313,1010,130,1085,1637,1386,864,22,0,0,22
463,1814,4665,980,840,384,596,494,340,335,690,597,189,1243,576,131,384,411,888,216,576,1742,1042,753,0,0,0,0
464,1807,5087,1179,633,355,538,395,519,270,544,817,178,1286,524,189,284,434,906,277,584,1851,1423,741,19,0,0,19
465,3508,7841,1472,2036,1167,1192,682,467,584,1556,1077,286,2708,803,618,891,644,1358,400,883,3547,1878,1159,37,0,0,37
466,1545,3705,1086,454,390,554,372,229,265,547,597,140,1075,470,218,353,262,707,146,635,1286,1071,506,9,0,0,9
467,2214,4708,636,1587,807,804,387,216,231,1086,746,149,1772,444,388,454,365,1009,260,564,1954,1636,257,111,0,0,111
468,2208,5206,980,1230,740,719,319,430,774,624,695,119,1664,545,609,439,395,776,374,665,1766,1384,993,39,0,0,39
469,2376,6128,837,1529,684,677,409,606,335,1201,572,271,1450,924,537,753,504,572,587,1351,2236,1517,580,0,0,0,0
470,2758,6439,1182,1581,808,990,523,437,481,1086,957,236,2197,561,483,364,666,1244,424,840,2502,1666,813,17,0,0,17
471,2163,5054,683,1483,595,876,347,345,417,684,852,212,1756,410,495,476,753,440,385,365,2076,1184,900,36,0,0,36
472,2295,6090,490,1805,710,619,245,721,305,1258,625,104,1415,886,561,635,422,677,719,962,2491,1065,610,0,0,0,0
473,2157,5552,576,1583,645,556,428,528,460,933,616,143,1477,686,724,527,324,581,288,1052,1744,1506,665,16,0,0,16
474,1574,4348,816,757,296,535,314,429,194,554,621,205,1206,367,253,348,406,573,138,658,1490,1229,665,13,0,0,13
475,1462,3572,692,765,393,477,332,260,250,636,409,171,1051,410,218,419,285,542,69,749,1233,1046,559,0,0,0,0
476,2712,8217,1772,938,421,739,598,954,562,852,1071,223,1574,1138,327,571,539,1283,511,1487,2409,2185,1567,16,0,0,16
477,2074,6078,1436,627,317,733,315,709,416,735,628,292,1167,901,296,300,399,1071,182,1079,1691,1932,866,0,0,0,0
478,2409,7101,643,1765,377,708,554,770,318,1054,733,296,1272,1129,548,506,546,812,190,1585,2941,1458,441,8,0,0,8
479,2886,8504,1542,1360,413,890,713,870,414,1102,1072,315,1751,1143,403,360,479,1656,393,1720,3032,2275,809,61,0,0,61
480,1068,3122,926,147,109,382,277,300,164,444,381,83,654,419,83,123,168,701,97,581,555,1099,581,0,0,0,0
481,1807,5343,1477,336,380,363,458,606,480,516,698,118,993,821,201,168,406,1032,245,1057,1223,1503,925,0,0,0,0
482,1395,4676,1054,339,64,314,476,541,201,348,710,139,807,584,102,116,139,1038,80,942,1078,1610,713,0,0,0,0
483,2066,5884,1097,968,449,463,547,607,415,894,673,80,1275,788,506,312,360,881,423,1687,1822,1916,629,0,0,0,0
484,2972,8136,1903,1078,713,860,526,873,637,1230,922,194,1971,1009,436,505,454,1581,208,1424,1866,2586,1414,0,0,0,0
485,2439,7127,1480,971,313,711,759,656,380,919,961,182,1270,1167,314,199,391,1538,383,1401,1996,1988,786,15,0,0,15
486,2125,6001,616,1526,557,380,539,649,238,1179,556,152,1134,996,382,240,386,1123,182,1353,2413,1180,431,0,0,0,0
487,1960,5071,641,1314,469,603,470,418,253,839,670,189,1327,632,268,178,453,1052,293,835,2089,1108,542,11,0,0,11
488,2582,7198,1628,940,534,702,647,699,633,803,986,158,1601,974,521,333,417,1301,208,1512,2047,1825,1512,16,0,0,16
489,2219,6876,1874,338,282,647,461,829,441,794,767,207,1360,861,306,198,261,1449,298,1323,1535,1985,1213,0,0,0,0
490,1353,3884,1117,236,140,528,318,367,287,449,494,123,896,454,138,221,195,800,125,621,1017,1176,847,0,0,0,0
491,1035,3316,746,284,77,363,173,422,119,469,405,43,608,428,88,107,126,719,135,696,742,1069,430,0,0,0,0
492,1900,6145,1341,565,140,534,496,730,235,739,748,187,918,991,180,206,309,1213,228,1426,1418,1936,620,0,0,0,0
493,1924,5906,1759,153,216,604,434,670,559,604,510,243,1226,690,278,174,256,1204,148,1083,996,1971,1508,14,0,0,14
494,2141,6062,1948,198,218,869,507,547,681,695,600,172,1500,644,230,385,390,1137,142,1042,1193,1966,1508,0,0,0,0
495,2111,6429,1789,321,194,693,542,682,420,674,772,238,1279,823,155,168,247,1535,97,1156,1441,2004,1360,0,0,0,0
496,940,2532,797,140,135,392,196,217,269,266,312,96,705,232,154,78,125,583,74,412,543,813,745,0,0,0,0
497,2402,6735,2070,326,326,1020,360,696,806,642,799,154,1598,801,341,241,309,1505,137,1217,975,2153,1766,0,0,0,0
498,1579,4038,1209,374,298,662,295,324,341,549,614,77,1107,470,184,232,267,889,116,641,763,1241,1093,0,0,0,0
499,2441,7260,1958,483,405,734,451,851,503,781,904,249,1348,1094,292,395,539,1228,520,1327,1890,1986,1013,13,0,0,13
500,1430,4771,1116,317,81,452,262,635,220,418,548,249,771,663,152,144,311,827,426,707,1383,1348,681,0,0,0,0
501,1538,4567,1012,524,220,504,294,520,239,519,653,119,874,655,177,195,234,927,241,856,1255,1354,502,0,0,0,0
502,1863,4949,1130,737,538,474,329,522,502,570,607,180,1185,669,546,315,384,614,466,925,1329,1340,844,9,0,0,9
503,2773,6447,751,2016,897,961,403,512,1015,823,755,163,2006,749,734,715,593,723,436,982,2485,917,1612,0,0,0,0
504,2259,5275,1014,1232,715,817,299,428,321,1075,655,204,1651,603,277,659,490,823,463,697,2243,1150,422,7,0,0,7
505,1953,5638,1059,899,374,528,452,599,314,795,716,150,1203,763,223,686,427,625,314,1091,1777,1581,898,22,0,0,22
506,1451,3753,711,738,298,504,372,277,333,562,425,128,1045,406,226,328,263,635,410,325,1470,865,699,22,0,0,22
507,1823,4784,1566,256,425,599,356,443,421,822,452,123,1191,623,133,253,349,1080,148,942,1230,1327,921,0,0,0,0
508,1130,3203,599,527,131,427,281,291,158,403,501,67,609,523,182,155,192,601,139,775,903,798,424,0,0,0,0
509,1341,2871,510,834,532,460,145,204,196,765,326,55,1097,245,224,302,235,589,152,473,862,877,385,20,0,0,20
510,889,2593,866,26,80,350,206,253,253,338,273,35,601,297,54,49,146,643,118,514,443,833,682,0,0,0,0
511,2878,6780,1979,897,882,993,487,516,760,1250,704,163,2151,726,580,321,448,1534,190,1118,1654,2102,1557,13,0,0,13
512,1650,4294,1334,314,335,598,375,342,205,733,541,170,1184,467,203,227,388,826,142,859,1068,1519,620,22,0,0,22
513,1143,3421,1047,98,109,545,104,385,275,479,315,72,754,393,158,58,211,713,44,755,406,1390,661,91,0,0,91
514,2812,8378,2084,715,552,641,641,978,908,675,982,244,1745,1065,313,350,539,1611,204,1905,1919,2157,1819,0,0,0,0
515,2298,7353,1278,1019,297,554,524,923,236,1079,616,359,1141,1153,341,481,346,1130,224,1750,2365,1867,758,15,0,0,15
516,1552,4583,1246,303,193,482,416,461,309,433,725,87,909,641,118,270,275,885,173,944,841,1637,708,0,0,0,0
517,2027,6111,1467,549,349,524,433,721,292,524,977,220,1114,912,267,287,371,1098,309,1299,2007,1229,816,8,0,0,8
518,2262,6305,1571,691,369,854,395,644,497,667,1029,69,1345,914,298,303,317,1342,401,1322,1556,1778,1100,0,0,0,0
519,3275,8555,1998,1267,860,1025,554,836,509,1391,1138,234,2171,1097,526,520,861,1367,497,1574,2277,2690,1365,33,0,0,33
520,1447,4447,1091,359,216,408,290,533,204,544,579,117,891,559,205,229,355,658,351,649,1182,1349,622,26,0,0,26
521,2148,5653,1072,1076,572,577,474,525,402,810,798,134,1313,832,515,418,396,813,480,1081,2162,1259,603,24,0,0,24
522,2231,6057,1327,904,528,524,663,516,339,675,948,270,1450,786,507,514,464,751,290,1078,2087,1821,668,54,0,0,54
523,3010,9156,2543,452,391,828,809,982,531,938,1276,263,1569,1433,333,596,522,1545,520,2164,2398,2458,1268,42,0,0,42
524,1924,5601,1728,216,280,591,493,560,407,604,686,239,1190,741,253,137,311,1234,456,871,1409,1589,894,14,0,0,14
525,1671,4491,1381,278,309,582,395,385,504,625,440,91,980,673,223,357,413,665,286,843,946,1242,1028,14,0,0,14
526,2498,7087,2020,486,436,844,471,747,452,787,1138,123,1583,925,294,297,523,1393,337,1382,2369,1610,940,20,0,0,20
527,2704,7171,1915,789,626,849,605,624,560,1003,915,226,1887,829,472,419,252,1566,556,1020,2034,2030,1365,84,0,0,84
528,2493,6497,1162,1324,603,746,595,549,272,1079,907,237,1734,761,267,675,618,928,240,960,2471,1499,1015,23,0,0,23
529,1431,3660,932,499,398,467,201,365,444,517,377,92,1037,392,185,152,385,711,73,725,622,1055,862,0,0,0,0
530,3170,6875,1452,1724,1208,1025,471,466,548,1462,873,280,2533,649,559,914,551,1153,283,1147,2551,1808,1045,2,0,0,2
531,1445,3099,696,748,529,527,211,178,221,738,372,115,1180,267,375,361,293,422,156,237,1312,851,557,42,0,0,42
532,2988,7060,618,2360,1065,730,690,503,504,1231,957,294,2230,757,824,891,709,560,541,999,3428,1235,943,88,0,0,88
533,2675,6607,726,1962,907,706,446,616,287,1286,828,274,1995,675,758,876,508,521,158,1084,2685,1821,822,39,0,0,39
534,2084,4926,1301,791,564,776,431,313,436,607,849,200,1619,472,590,302,393,804,367,669,1996,1029,1199,38,26,0,12
535,1957,4659,908,1052,738,573,161,485,332,806,706,117,1400,565,454,614,436,464,350,1088,1772,1083,578,0,0,0,0
536,1821,4671,504,1315,566,431,377,447,213,712,623,279,1257,567,394,582,388,453,248,1040,2312,1004,305,0,0,0,0
537,3519,6711,835,2695,1584,1289,334,312,311,1942,1085,196,3068,448,634,777,967,1149,192,737,3947,1251,495,73,0,0,73
538,1402,3404,430,970,493,607,177,125,114,698,403,106,1131,188,253,470,242,436,156,161,1367,888,336,575,0,0,575
539,490,1333,144,349,172,164,84,70,54,296,173,49,488,83,129,89,66,211,97,97,559,350,107,250,0,0,250
540,2275,5472,651,1635,705,796,287,487,376,1043,644,215,1736,553,457,502,526,796,158,1228,2415,1250,600,13,0,0,13
541,2131,4887,1582,551,630,808,372,321,343,954,649,179,1706,417,172,455,554,941,247,668,1366,1955,870,8,0,0,8
542,1042,2636,442,604,193,428,244,177,105,396,467,77,719,329,77,325,234,405,247,271,1235,583,313,19,0,0,19
543,1558,5916,814,743,555,506,279,218,272,600,620,61,1358,203,369,296,310,584,111,1304,3345,679,263,2482,2455,0,27
544,2625,5829,839,1785,988,822,411,404,410,1414,661,139,2243,373,712,492,736,675,197,473,3127,1092,639,55,55,0,0
545,1396,4342,393,1009,377,618,150,251,264,491,546,98,1192,219,399,227,248,528,198,973,2181,652,508,1093,1033,0,60
546,1870,4063,530,1336,584,742,342,202,260,735,788,84,1521,350,396,540,341,597,322,336,3529,813,338,15,0,0,15
547,3003,7418,918,2104,756,1258,352,637,326,1137,1104,450,2284,730,502,553,683,1280,489,1287,3851,1606,916,80,0,0,80
548,3220,7875,1162,2068,1027,1020,460,713,674,1086,1075,404,2599,635,824,752,836,823,328,1084,3607,1990,1056,59,0,0,59
549,2532,4911,230,2307,1375,551,301,305,772,1139,424,198,2225,316,1281,728,207,329,102,547,2345,1144,704,90,0,0,90
550,1483,3983,588,891,352,540,168,423,181,522,538,231,1141,338,422,360,428,273,61,670,2052,938,371,48,0,0,48
551,1670,5205,585,1088,283,450,380,557,332,547,512,284,1104,567,535,581,350,201,285,973,1944,1295,988,250,0,0,250
552,1330,3982,552,780,252,375,198,505,153,565,394,228,807,526,412,412,277,234,376,908,1526,945,582,0,0,0,0
553,1251,4285,691,554,72,340,309,530,192,407,365,287,757,491,311,332,211,391,200,673,2068,830,501,102,0,0,102
554,1199,3556,612,582,312,425,218,244,156,370,465,203,990,206,315,205,234,436,85,611,1772,892,510,587,287,0,300
555,2645,6209,534,2116,828,977,399,441,277,1209,739,420,2241,405,892,798,431,528,219,555,3880,1098,590,146,0,0,146
556,588,5597,0,591,148,129,63,248,89,247,179,72,465,116,367,166,50,3,42,2623,2279,332,23,3830,3818,0,12
557,2301,4192,426,1855,1302,530,303,166,487,1330,335,138,2173,108,973,433,384,506,149,491,2568,511,506,137,0,0,137
558,2500,4793,455,2043,1038,1106,181,175,404,1121,752,220,2316,180,629,362,528,976,58,250,3077,956,410,173,0,0,173
559,1759,4718,946,807,463,489,314,493,163,795,605,198,1180,575,187,548,305,706,371,722,1906,1044,652,6,0,0,6
560,1510,4641,361,1146,295,330,406,479,169,593,404,340,886,629,509,344,305,356,198,1044,2141,1126,284,205,0,0,205
561,1531,4052,461,1076,525,377,122,507,410,604,353,172,1184,354,674,390,358,112,226,449,1709,1028,493,11,0,0,11
562,1314,3940,486,827,264,326,250,474,267,271,485,293,926,384,415,376,275,245,208,572,1959,699,491,34,0,0,34
563,4338,11712,1389,2953,1477,995,655,1211,1130,1722,1041,439,2894,1434,2064,1062,804,409,605,2593,4127,3069,1677,558,0,0,558
564,3249,9744,1127,2119,607,884,562,1196,370,1383,1076,420,1987,1249,723,697,815,1007,637,2323,3629,2548,865,32,0,0,32
565,2374,6246,1365,998,407,983,450,534,529,832,686,332,1784,592,831,378,544,613,254,937,2401,1542,1155,0,0,0,0
566,3683,9347,2664,1020,929,1261,682,811,333,1520,1366,457,2664,1002,639,526,750,1755,653,1347,4147,1951,1003,18,0,0,18
567,2304,7469,1351,952,416,460,372,1056,356,674,756,515,1509,801,747,540,733,286,356,1518,2568,2111,1195,27,0,0,27
568,2190,6572,1375,819,494,507,333,856,574,697,508,411,1380,813,865,526,393,408,188,1567,2711,1976,841,20,0,0,20
569,963,3291,614,345,167,180,85,531,184,287,198,298,553,410,343,280,122,213,163,937,1327,797,392,0,0,0,0
570,1037,3415,327,709,162,182,232,461,264,328,188,258,546,494,533,194,195,116,94,1039,1410,1120,512,15,0,0,15
571,740,2651,562,184,64,185,60,431,97,175,145,321,432,306,147,161,123,314,142,678,1167,785,430,0,0,0,0
572,952,3525,656,302,77,121,207,547,91,220,267,376,586,371,197,256,224,278,83,585,1516,1297,515,0,0,0,0
573,948,3496,776,163,48,159,241,500,186,218,308,232,651,285,178,184,233,345,74,504,1033,963,810,44,0,0,44
574,1298,4586,672,615,242,141,194,721,201,450,352,292,751,539,503,438,231,124,202,1214,1506,1275,636,73,0,0,73
575,1024,3526,780,240,91,268,166,499,151,328,207,336,713,307,252,195,267,308,146,611,1391,1230,763,43,0,0,43
576,1191,4246,973,218,43,281,291,576,199,335,431,226,721,471,255,361,305,278,281,719,1484,1291,795,46,0,0,46
577,1134,4410,688,443,51,164,200,719,89,263,467,312,633,497,173,226,451,285,327,1194,1793,1186,824,34,0,0,34
578,2145,6679,775,1373,311,601,386,847,267,743,631,501,1402,743,648,644,462,384,323,1541,2920,1965,690,6,0,0,6
579,719,1964,227,497,191,257,100,171,211,187,238,87,522,195,341,147,85,147,103,273,647,570,380,151,0,0,151
580,937,3495,275,659,44,154,253,486,129,284,304,215,415,520,374,367,151,40,144,1128,1128,928,222,88,0,0,88
581,1022,3622,448,580,97,234,130,561,171,359,199,302,621,410,468,150,142,262,64,986,1411,1170,646,16,0,0,16
582,1774,5884,1015,756,143,504,363,764,199,544,607,422,1164,608,564,439,371,402,225,1125,1732,1820,1564,34,0,0,34
583,1495,5297,941,549,121,324,259,791,320,382,395,403,1051,448,438,405,271,382,286,983,1961,1320,1202,13,0,0,13
584,863,3288,711,153,70,113,132,548,147,145,264,311,520,342,225,203,164,268,116,633,1308,1323,567,7,0,0,7
585,894,3206,650,249,109,127,156,502,161,187,195,348,570,320,191,261,223,221,250,586,1506,984,615,3,0,0,3
586,1137,4636,719,421,67,114,102,854,67,199,229,646,625,517,135,310,232,459,79,1084,2413,1296,573,0,0,0,0
587,394,1651,289,100,30,23,24,317,12,62,130,189,195,195,39,49,175,132,31,478,710,555,321,5,0,0,5
588,1210,4776,673,537,38,187,188,797,173,218,347,476,554,657,152,550,294,212,279,1712,1911,1198,994,34,0,0,34
589,1406,5520,860,541,75,234,131,966,145,348,443,475,748,664,391,423,209,381,186,1335,2224,1843,656,20,0,0,20
590,872,3297,407,465,90,114,103,565,102,147,299,320,448,419,228,249,241,151,194,746,1369,1023,443,0,0,0,0
591,2080,6449,709,1361,412,413,492,763,435,673,520,442,1243,831,919,447,426,276,414,1480,2267,1701,1065,130,0,0,130
592,1277,4097,667,616,208,299,211,559,220,433,314,318,772,512,389,320,291,275,330,1084,1602,921,845,17,0,0,17
593,933,3225,353,577,76,204,203,450,110,272,349,198,473,462,242,287,230,174,138,894,1210,811,394,6,0,0,6
594,1358,4857,668,691,160,275,161,762,212,279,597,270,897,456,396,328,267,364,145,653,1794,1375,620,63,0,0,63
595,2379,6192,570,1811,697,624,436,622,724,877,599,188,1675,711,1170,688,398,131,326,1583,1927,1509,1396,0,0,0,0
596,689,2185,403,288,109,182,111,287,116,209,205,161,494,202,187,187,162,156,82,480,914,572,428,23,0,0,23
597,2189,5876,699,1488,549,643,427,570,602,723,736,124,1566,612,956,385,239,595,338,857,2103,1193,1275,67,0,0,67
598,1992,5801,1559,443,405,569,351,667,373,590,696,337,1443,555,384,265,258,1099,220,715,2493,1287,1155,53,0,0,53
599,1478,5272,1125,359,66,305,377,730,209,325,518,428,803,675,136,245,389,711,300,780,1917,1508,801,16,0,0,16
600,1066,3473,805,260,74,318,259,415,193,264,341,270,816,249,126,145,318,481,132,359,1362,805,921,25,0,0,25
601,3320,9305,1706,1596,576,1180,661,903,467,1059,1429,369,2600,707,370,544,783,1619,233,1023,4080,2157,1192,119,0,0,119
602,705,2492,576,127,85,165,118,337,81,253,172,164,386,282,133,338,152,85,67,446,712,755,291,131,0,0,131
603,215,614,163,55,43,76,53,43,35,123,78,71,176,129,29,52,36,98,25,91,283,181,92,57,0,0,57
604,1225,4633,908,322,104,245,191,685,135,446,301,285,673,498,415,181,270,359,184,1330,1783,1077,549,229,0,0,229
605,4007,11005,1809,2191,633,1461,945,968,609,1819,1072,490,2554,1443,636,559,1213,1594,741,1703,4768,2199,1479,41,0,0,41
606,4438,12039,1839,2607,820,1612,868,1138,363,1650,1786,663,3190,1270,322,669,685,2768,755,1517,6722,1478,939,14,0,0,14
607,2096,6156,1123,967,311,686,424,675,339,778,681,308,1382,722,353,224,640,883,441,789,4121,1618,672,12,0,0,12
608,2098,5206,877,1225,308,988,527,275,144,991,893,76,1405,710,166,376,575,986,381,520,3075,683,183,42,0,0,42
609,1796,5282,1208,598,433,398,294,671,615,461,454,265,1178,624,407,320,341,727,208,962,1548,1142,1285,0,0,0,0
610,714,1974,425,287,159,190,168,197,256,166,251,48,453,255,237,92,71,310,85,327,494,422,515,0,0,0,0
611,1684,5829,1131,551,101,388,420,775,282,493,556,352,955,720,336,308,316,720,311,1282,1986,1507,835,30,0,0,30
612,2346,7551,1351,998,315,492,592,947,342,570,898,547,1361,993,520,305,617,901,290,1419,2920,1629,858,1,0,0,1
613,921,3073,582,341,74,211,248,388,95,268,351,209,489,430,202,187,241,293,27,703,986,1091,567,0,0,0,0
614,1532,5334,1230,304,129,355,267,781,222,424,607,274,836,691,252,310,267,705,199,1135,1451,1473,1034,4,0,0,4
615,1478,4513,904,582,194,458,301,525,260,459,498,254,1042,433,314,297,281,584,149,724,1395,1492,847,19,0,0,19
616,1405,4668,816,593,90,293,485,537,132,447,459,375,775,637,273,260,447,434,246,1001,1651,1417,516,0,0,0,0
617,1152,3673,657,494,124,335,231,462,199,310,408,232,741,408,228,339,297,289,134,651,1262,1117,725,3,0,0,3
618,697,2352,517,179,61,192,115,329,114,213,220,158,435,265,77,120,162,339,128,387,764,615,427,7,0,0,7
619,1500,4667,1267,236,229,292,457,522,235,405,662,191,897,603,196,166,308,830,291,779,1458,1327,938,16,0,0,16
620,1189,3905,828,357,129,258,311,491,128,368,546,144,565,618,158,144,316,574,200,835,1377,894,415,7,0,0,7
621,1230,3710,821,407,209,322,273,426,221,398,342,268,827,399,288,183,304,455,206,642,1265,1191,590,25,0,0,25
622,1605,5529,1184,426,183,310,319,793,249,431,436,490,1035,568,281,267,362,704,306,593,2153,1581,805,22,0,0,22
623,1965,6606,1588,370,167,451,486,861,303,361,817,460,1248,706,255,305,519,883,176,1153,2314,2118,992,11,0,0,11
624,899,2976,693,202,101,260,130,408,177,280,276,161,586,313,117,128,238,415,65,486,756,867,765,37,0,0,37
625,1702,5479,1204,506,234,400,365,703,213,507,617,369,1090,614,199,374,294,831,382,711,2156,1285,908,28,0,0,28
626,1222,4031,987,239,88,343,283,508,312,224,481,226,765,479,204,176,204,645,204,644,1184,1149,800,8,0,0,8
627,1892,5744,1440,455,201,529,614,548,268,719,664,251,1227,673,227,362,549,751,420,827,1840,1569,967,54,0,0,54
628,1492,4684,1210,275,200,408,304,580,394,317,450,329,1000,488,294,171,235,793,200,751,1276,1671,902,15,0,0,15
629,1742,5389,1387,345,237,481,413,611,275,368,733,354,1039,697,224,315,319,881,290,1041,1937,1607,970,64,0,0,64
630,2066,6740,1128,949,334,394,429,909,331,679,663,398,1164,909,637,414,423,600,277,1883,2236,1876,1256,36,0,0,36
631,1257,4498,859,392,60,309,221,667,143,269,377,459,756,497,81,249,310,611,297,965,1947,1283,796,5,0,0,5
632,1886,5914,1107,786,298,461,390,737,307,447,638,490,1412,470,396,396,383,708,231,827,2398,1610,1054,42,0,0,42
633,2320,7873,1286,1032,322,440,427,1131,319,634,537,826,1423,888,499,553,778,484,375,1769,3376,2182,1254,46,0,0,46
634,1506,4613,798,714,269,335,359,543,283,479,375,370,1039,469,498,419,230,356,140,725,1854,1308,772,31,0,0,31
635,1004,3270,767,236,144,181,263,416,169,258,317,263,684,325,230,232,262,286,187,502,1198,909,756,9,0,0,9
636,1297,4509,998,302,191,241,159,706,188,344,320,448,778,522,214,279,349,454,238,834,1785,1430,918,23,0,0,23
637,1349,4114,1193,158,123,509,251,466,303,251,524,264,972,373,136,201,297,720,136,562,1147,1480,931,18,0,0,18
638,1234,4680,847,378,78,248,120,788,173,313,316,429,730,499,241,309,323,357,421,1090,2109,1486,772,23,0,0,23
639,1112,3901,677,437,60,251,271,530,95,296,334,392,577,541,108,328,402,272,245,816,1637,1080,440,22,0,0,22
640,796,2886,607,186,57,145,155,439,131,213,185,265,463,332,177,193,187,238,178,660,1162,893,613,0,0,0,0
641,801,2890,615,186,66,178,95,462,123,178,153,351,420,388,115,205,210,270,183,971,1411,834,517,0,0,0,0
642,1079,3012,841,231,296,271,142,370,157,543,265,112,727,351,108,194,305,467,316,596,1103,788,585,0,0,0,0
643,1139,3980,832,312,61,226,352,500,118,309,360,353,746,395,148,279,347,366,123,618,1623,1287,781,48,0,0,48
644,1108,3892,1020,75,134,205,186,583,174,310,312,305,757,341,53,294,310,443,217,438,1709,951,961,35,0,0,35
645,1017,3621,898,125,137,136,199,545,148,271,334,264,556,462,116,231,246,421,144,703,1046,1205,626,40,0,0,40
646,932,3184,772,161,103,192,188,449,144,297,293,199,621,308,137,178,204,414,39,641,1064,850,684,11,0,0,11
647,1285,4389,1180,107,99,312,269,605,212,303,499,266,717,572,180,192,163,744,150,888,1209,1222,907,0,0,0,0
648,1907,7090,1554,350,66,302,494,1045,348,427,685,445,1040,868,149,273,377,1102,215,1354,2066,2041,1037,0,0,0,0
649,1136,4139,862,292,53,204,294,585,215,356,311,261,587,557,255,171,226,485,194,1025,1217,1325,639,32,12,0,20
650,2159,7258,1285,882,123,467,713,856,341,588,730,506,1320,844,426,438,654,647,411,1441,2558,2171,1121,17,0,0,17
651,1902,6712,1589,321,122,407,450,923,205,455,650,595,1266,642,363,342,514,690,237,967,2707,2048,1121,65,0,0,65
652,1449,4372,1119,328,300,254,399,496,398,497,347,197,856,584,286,240,229,691,194,943,1386,1029,972,23,0,0,23
653,3012,10101,2644,358,135,812,832,1233,326,1049,1304,326,1715,1301,186,271,513,2042,286,2161,1959,3596,1692,20,0,0,20
654,4238,9466,3725,507,1407,1613,539,679,2089,923,766,460,3607,640,1046,920,789,1479,182,987,1557,2166,4332,8,0,0,8
655,3835,12419,3475,369,215,1241,898,1481,455,1254,1577,535,2354,1480,211,410,559,2642,616,2081,3495,4103,1865,30,0,0,30
656,1833,6165,1678,160,146,484,385,818,135,515,808,377,1113,725,100,293,412,1029,277,1003,1873,1944,822,31,0,0,31
657,2466,8118,1632,828,256,650,504,1056,401,806,704,550,1429,1022,603,580,583,699,521,2056,3520,1966,735,60,0,0,60
658,1327,4385,1006,314,192,276,242,617,278,293,574,180,783,547,191,194,283,662,349,962,1499,895,696,0,0,0,0
659,1002,2851,788,217,222,264,204,312,204,327,387,85,614,387,152,216,259,379,201,534,868,855,490,15,0,0,15
660,1378,3870,1011,367,210,468,348,352,332,445,433,172,864,520,303,142,321,612,232,745,1094,1044,567,17,0,0,17
661,4760,12646,2081,2674,979,1678,972,1131,492,2039,1570,657,3237,1522,715,978,1385,1674,650,2068,5983,2718,944,51,0,0,51
662,1386,4241,1253,137,222,356,310,498,318,404,546,123,773,608,128,296,270,696,200,944,1073,1184,641,24,0,0,24
663,909,2859,777,128,106,248,212,343,221,216,339,135,520,384,119,152,212,427,238,587,731,793,495,0,0,0,0
664,2623,7184,1311,1319,449,1017,465,692,222,1031,1134,234,1857,778,341,548,742,992,369,1171,2959,1798,775,36,0,0,36
665,2722,8188,2146,581,392,860,537,933,433,815,905,570,1715,1008,341,348,795,1243,502,1455,3249,2179,1155,56,0,0,56
666,1890,5902,1100,793,269,399,570,652,304,709,583,296,1167,724,483,656,440,306,390,1103,1982,1669,1033,44,0,0,44
667,1914,5122,994,909,439,492,551,432,334,786,547,243,1221,697,396,575,604,339,396,1004,2051,1237,557,5,0,0,5
668,2006,5794,1685,316,256,669,541,540,172,803,746,286,1300,716,275,444,587,702,468,712,1851,1687,963,25,0,0,25
669,2484,7688,1149,1333,433,681,360,1010,483,722,900,378,1613,864,855,765,407,456,429,1510,2678,1960,1373,41,0,0,41
670,2066,7227,1417,647,131,513,392,1030,205,561,647,657,1192,882,478,367,553,677,268,1416,3028,2094,1132,27,0,0,27
671,2743,7429,471,2274,458,1038,605,642,287,1131,1016,323,1931,818,424,988,873,470,424,1352,3965,1357,915,46,0,0,46
672,1490,4267,923,583,251,455,372,412,317,531,522,130,987,513,294,415,335,450,257,779,1563,864,739,43,0,0,43
673,1341,4035,1132,211,263,285,317,476,137,405,585,214,870,472,196,257,378,505,248,609,1339,1312,427,2,0,0,2
674,1690,5021,1373,330,266,408,520,496,334,506,595,264,1001,692,211,312,380,797,453,734,1734,1294,727,35,0,0,35
675,1610,5077,1315,294,214,457,307,632,323,528,471,283,1125,484,165,219,496,727,274,654,1975,1325,868,42,0,0,42
676,3168,8453,1734,1422,771,1083,436,878,636,1132,1018,415,2298,900,518,968,791,876,447,1511,2772,2563,1383,59,0,0,59
677,1559,3849,665,890,417,489,375,278,360,529,593,84,1125,440,379,469,359,360,224,540,1265,926,864,15,0,0,15
678,903,2751,785,117,118,295,175,315,202,216,388,102,545,359,60,146,148,546,189,399,796,771,594,30,0,0,30
679,1829,5176,872,961,278,668,377,506,369,657,601,206,1222,610,343,449,493,545,170,1109,1581,1539,789,40,0,0,40
680,2168,6683,1803,365,365,434,604,765,399,676,821,268,1238,926,255,300,554,1063,557,1201,2004,1751,1013,23,0,0,23
681,1314,3517,920,392,338,422,186,368,329,400,411,181,891,415,179,318,292,528,311,405,1150,769,922,38,0,0,38
682,1801,5240,1589,219,283,558,414,546,343,621,649,192,1204,594,236,221,351,993,284,797,1698,1523,639,19,0,0,19
683,1352,3613,1069,280,269,477,304,302,245,484,500,121,889,459,247,200,175,732,211,612,1209,1067,667,51,0,0,51
684,2251,6778,1680,579,310,641,562,738,344,697,1031,194,1289,981,414,423,418,1006,388,1283,2269,1673,829,13,0,0,13
685,1670,5120,966,713,323,381,311,655,300,515,663,198,940,736,262,498,320,593,311,912,1781,1306,605,7,0,0,7
686,2037,4891,954,1077,596,711,334,396,389,929,629,77,1416,617,568,504,368,586,260,906,1669,1209,690,0,0,0,0
687,1460,3633,647,810,425,551,106,378,294,531,497,139,987,482,361,385,272,445,315,814,1243,899,455,2,0,0,2
688,2894,8163,1497,1392,711,670,626,887,657,1081,972,203,1635,1268,733,523,523,1109,614,1810,2301,2012,1165,43,0,0,43
689,1427,4386,1288,137,144,528,221,534,265,332,578,256,859,567,53,205,112,1062,178,1012,970,1270,744,0,0,0,0
690,2180,6553,1940,242,281,717,446,736,527,496,855,277,1350,812,222,226,414,1318,357,1522,1399,1847,1242,22,0,0,22
691,1123,3057,1021,107,123,508,236,256,289,301,458,82,779,343,130,91,134,768,117,518,505,1183,682,0,0,0,0
692,1148,3445,955,194,104,441,226,377,186,492,373,87,693,447,105,102,100,844,91,796,661,1087,565,0,0,0,0
693,1360,4400,1210,151,125,405,266,564,208,414,636,107,789,574,95,103,170,996,97,1012,1045,1375,739,2,0,0,2
694,1737,5494,1545,198,188,432,492,625,311,629,642,155,1058,683,111,227,351,1050,94,1218,1119,1818,952,13,0,0,13
695,2574,7681,2466,103,274,890,600,810,570,820,961,214,1645,934,255,251,366,1701,172,1567,1248,2687,1614,0,0,0,0
696,2215,5132,1546,663,601,941,327,346,556,835,583,205,1634,539,447,398,443,927,178,678,1166,1803,1113,33,0,0,33
697,472,1545,208,263,50,101,147,174,49,234,119,67,262,211,67,166,90,146,70,367,635,376,259,30,0,0,30
698,2749,8396,2404,344,418,894,355,1082,491,1012,889,364,1695,1063,208,384,525,1630,503,1935,2270,2532,1166,12,0,0,12
699,1700,5198,1487,219,152,569,416,563,358,492,618,227,1109,585,91,246,471,887,243,1021,1260,1491,1008,0,0,0,0
700,4403,12761,2729,1669,883,1217,847,1456,969,1445,1523,464,2546,1856,997,961,975,1477,1217,3017,3681,3724,1549,23,0,0,23
701,2371,6354,1784,585,415,852,579,525,790,723,619,235,1724,645,567,427,479,899,377,980,1631,1667,1756,17,0,0,17
702,3445,10678,1702,1743,519,1096,574,1256,538,1245,1292,372,1945,1498,665,830,701,1250,1133,2021,4071,2314,1400,310,0,0,310
703,1319,4035,1202,117,64,579,232,444,186,381,581,168,870,450,150,140,217,811,209,758,1090,1268,665,19,0,0,19
704,1683,5045,1511,180,226,642,183,632,356,553,471,313,1153,537,65,265,328,1033,257,1093,1245,1422,1055,0,0,0,0
705,4668,14310,3416,1257,885,1180,748,1855,999,1137,1858,680,2712,1947,854,1063,934,1809,1292,3168,4575,3737,2476,56,0,0,56
706,847,2495,574,276,165,247,158,277,171,263,236,179,630,220,161,184,220,282,117,589,801,966,582,53,0,0,53
707,2375,8410,670,1713,265,473,436,1201,223,902,613,627,1215,1158,680,841,526,318,773,2085,3520,2025,944,216,0,0,216
708,2622,7859,1548,1082,543,603,502,974,564,871,784,403,1770,850,726,561,619,720,399,2018,2622,1807,1215,2,0,0,2
709,1994,6498,1009,987,268,413,479,834,289,795,601,312,968,1033,595,503,464,433,426,1697,2551,1416,682,26,0,0,26
710,2320,7682,1239,1076,144,658,564,954,337,702,934,342,1247,1067,429,786,699,403,449,1888,2549,1932,718,22,0,0,22
711,2970,9417,2455,519,225,1015,588,1142,472,1335,762,400,1765,1213,239,438,1093,1207,254,2325,2318,2933,1177,2,0,0,2
712,1315,3785,1073,247,213,490,266,346,247,466,464,145,979,341,118,264,293,647,127,676,879,1323,920,159,0,0,159
713,1655,5360,1235,416,68,495,521,571,343,495,584,227,925,722,207,455,414,566,336,875,1640,1604,1152,41,0,0,41
714,273,789,170,101,61,85,43,84,55,124,57,39,208,63,62,83,40,93,19,143,236,318,236,32,0,0,32
715,2574,7738,1976,595,376,802,466,930,511,701,1181,187,1511,1062,348,416,490,1326,668,1413,2409,2040,1105,0,0,0,0
716,1765,4517,1236,523,302,760,363,340,532,503,626,110,1158,607,365,239,382,782,236,683,1453,1140,873,12,0,0,12
717,2286,6516,1757,538,381,725,532,648,403,581,1136,174,1367,923,442,256,626,986,362,1338,1773,1882,1012,51,0,0,51
718,2677,7761,1994,692,378,1025,410,864,469,697,1184,321,1692,973,246,598,636,1214,404,1693,2256,2179,1191,52,0,0,52
719,2788,7472,1695,1099,834,594,549,811,719,1143,766,169,1804,996,755,765,708,575,510,1274,2422,2013,916,1,0,0,1
720,2200,5771,1916,287,454,779,461,506,234,1000,805,174,1592,615,226,246,649,1080,319,810,2179,1298,708,4,0,0,4
721,2246,5350,1249,997,714,657,478,397,380,921,707,244,1729,516,374,727,510,642,195,804,1674,1842,767,27,0,0,27
722,2804,7831,1894,932,556,966,406,876,530,735,1149,427,1881,968,555,663,677,917,632,1563,3066,1798,808,18,0,0,18
723,1849,4848,1293,558,313,849,244,443,348,708,712,95,1176,675,243,328,280,990,226,1023,1086,1564,858,28,0,0,28
724,2865,6622,1557,1302,1073,810,434,548,847,911,720,367,2197,661,700,506,700,948,227,1191,2000,1887,1384,58,0,0,58
725,1290,3939,1248,45,97,454,322,417,254,443,420,173,784,510,50,124,229,901,82,807,793,1432,751,13,0,0,13
726,2968,8505,2395,577,554,927,521,966,684,931,994,352,1865,1103,547,484,623,1315,466,1760,2312,2415,1476,5,0,0,5
727,1092,3228,959,131,168,327,236,361,202,289,451,140,668,413,138,153,154,639,149,789,1204,679,338,5,0,0,5
728,2583,7103,2009,564,560,904,308,811,554,735,965,294,1711,832,344,567,618,1051,404,1277,2265,1910,847,9,0,0,9
729,9423,30961,7279,2152,1164,1854,2334,4071,683,3533,4244,950,4029,5393,659,872,1436,6447,1705,7240,10236,6971,2044,0,0,0,0
730,4823,14316,2231,2583,562,2119,935,1207,512,1994,1969,354,2659,2155,688,903,944,2280,979,2335,7435,3241,675,1052,0,1037,15
731,2767,6120,1009,1735,889,974,566,338,307,1344,1051,61,1930,833,619,564,659,917,406,829,2372,1472,690,0,0,0,0
732,1878,5009,1117,758,382,678,346,472,274,708,806,95,1238,643,129,539,505,706,356,933,1887,1035,737,20,0,0,20
733,2702,7288,1787,901,555,829,661,657,474,860,1171,202,1618,1062,383,449,485,1373,231,1507,2650,1870,1052,12,0,0,12
734,3247,9112,2813,422,654,967,654,972,659,975,1234,376,2155,1081,264,582,634,1770,541,1661,2403,2727,1488,5,0,0,5
735,1377,3650,1244,132,228,466,422,261,330,437,528,74,957,407,162,160,229,824,132,565,817,1136,837,0,0,0,0
736,3315,9132,2392,903,553,1244,634,884,644,1222,1212,229,2211,1100,308,729,769,1484,401,1462,2667,2538,1526,44,0,0,44
737,1491,4728,1313,177,139,455,319,578,229,326,851,90,740,759,134,228,247,884,437,927,1426,1069,707,12,0,0,12
738,2074,6225,1796,279,196,722,496,660,389,667,939,75,1163,902,197,295,336,1252,93,1345,1404,1788,1017,3,0,0,3
739,2369,5725,926,1462,944,447,507,471,487,971,705,219,1617,772,661,566,405,742,346,737,1976,1699,742,158,0,0,158
740,1340,3890,1026,314,112,559,285,384,198,613,457,75,701,638,69,192,387,692,46,1020,821,1348,555,5,0,0,5
741,1711,4892,1148,567,223,626,374,488,398,540,543,225,1049,645,201,250,515,736,160,1030,1162,1530,887,7,0,0,7
742,5210,13681,2279,2937,1300,1582,1026,1302,1152,2015,1569,469,3269,1952,915,733,1157,2413,660,2355,4992,3109,2001,35,0,0,35
743,3440,10018,2588,847,632,892,822,1094,824,982,1315,312,2053,1391,536,445,709,1740,359,2131,2553,3035,1307,7,0,0,7
744,1804,4630,1061,736,508,493,375,428,439,547,725,90,1156,646,433,207,244,913,319,984,1229,1360,959,4,0,0,4
745,2210,5426,1545,667,531,904,324,451,506,1021,577,93,1459,746,362,543,436,865,123,1136,1356,1404,1128,0,0,0,0
746,2712,8852,2313,393,197,876,474,1165,450,1146,825,298,1520,1193,223,342,393,1754,176,2077,1783,3028,1397,19,0,0,19
747,1184,3623,1162,21,84,445,250,405,273,293,580,37,777,400,75,44,152,921,293,348,833,1136,713,0,0,0,0
748,1303,4212,1180,124,138,257,416,492,212,452,522,134,649,656,173,145,192,797,162,805,1215,1162,619,5,0,0,5
749,2205,6656,1430,775,339,596,491,779,362,846,864,142,1156,1050,227,482,484,1024,457,1243,2058,1649,933,0,0,0,0
750,770,2092,518,255,162,172,278,158,76,240,344,46,244,465,172,89,233,283,84,419,634,566,264,11,0,0,11
751,11,32,9,2,2,2,4,3,1,5,8,1,5,9,1,2,4,4,2,8,12,10,1,0,0,0,0
752,1443,3566,723,719,367,570,231,275,69,695,620,50,977,459,154,196,312,775,328,320,1999,438,181,77,0,0,77
753,1615,4894,1382,230,217,435,425,538,375,569,497,162,993,619,180,188,181,1065,64,939,1037,1588,853,10,0,0,10
754,1275,4176,1203,78,113,382,234,546,176,423,465,205,878,388,73,102,130,958,57,636,934,1274,1040,37,0,0,37
755,3314,10325,2443,876,272,863,1119,1060,590,1025,1493,225,1968,1349,446,356,543,1979,493,1785,2712,3075,1758,0,0,0,0
756,2247,7394,1713,536,157,497,732,861,253,663,1082,257,1278,972,267,135,371,1468,402,1374,2075,2406,719,10,0,0,10
757,869,2761,757,118,55,311,167,336,87,318,338,129,433,441,187,132,226,330,136,631,760,909,309,8,0,0,8
758,2022,6563,1470,546,278,366,539,839,235,779,669,333,1184,830,492,418,350,766,110,1418,1988,1874,961,2,0,0,2
759,2568,7673,1328,1240,404,597,764,803,215,1017,1051,300,1256,1299,237,528,699,1099,647,1374,2864,1926,783,18,0,0,18
760,2053,6002,1327,731,380,600,368,705,448,687,713,211,1289,767,400,522,519,620,466,877,2295,1617,847,13,0,0,13
761,3911,11285,1391,2530,839,912,942,1218,598,1614,1387,305,2131,1783,956,735,798,1414,558,2731,3754,2790,1233,85,0,0,85
762,1384,3810,398,983,266,446,298,374,162,529,562,133,918,456,93,287,488,508,246,491,1953,724,285,5,0,0,5
763,3307,8726,802,2498,830,1006,611,860,645,1285,1109,276,2121,1176,629,835,1000,838,559,1308,4172,1404,916,19,0,0,19
764,2197,6874,1188,1012,203,757,388,849,324,801,586,478,1327,856,306,633,595,659,266,1081,2620,2068,1020,12,0,0,12
765,971,2949,757,207,109,267,293,302,183,327,343,117,593,375,126,170,221,453,185,390,1016,865,527,11,0,0,11
766,1093,3130,842,246,175,419,134,365,198,394,417,79,625,458,124,154,192,618,94,742,910,836,418,4,0,0,4
767,3792,11166,3077,709,471,1236,923,1162,506,978,1744,560,2382,1394,336,679,764,2005,677,1281,4766,2793,1523,6,0,0,6
768,3696,10975,2638,1044,429,1264,826,1177,373,1026,1656,639,2353,1325,322,553,660,2171,770,1358,4948,2455,1414,22,0,0,22
769,4321,14243,2881,1458,483,776,1290,1772,416,1546,2135,272,1863,2512,239,531,705,2844,770,3288,4824,3095,1010,30,0,0,30
770,2021,5950,1394,620,296,634,434,657,234,650,681,450,1468,547,345,409,671,581,198,771,2102,2399,584,4,0,0,4
771,2591,6689,2028,560,582,979,410,620,742,651,864,336,1862,724,661,277,543,1107,386,899,1975,2020,1407,12,0,0,12
772,1430,4497,684,755,177,397,321,535,192,336,666,236,896,532,248,543,333,309,309,830,1751,1352,392,55,0,0,55
773,1998,6208,948,1057,284,561,362,791,340,511,824,340,1220,788,339,405,547,715,624,1179,2566,1486,661,7,0,0,7
774,3501,9021,1747,1756,1034,1145,517,805,745,1488,1069,188,2429,1062,923,701,657,1223,556,1243,3500,2262,940,372,0,0,372
775,3025,8370,1815,1205,565,875,825,760,509,1235,1072,216,1844,1182,650,675,428,1266,486,1543,2938,2020,1490,17,0,0,17
776,2397,6721,1402,995,455,829,367,746,338,864,1058,138,1453,958,232,416,682,1082,275,1305,2511,1537,834,9,0,0,9
777,2492,5956,169,2334,769,808,426,489,394,1329,725,44,1680,820,430,613,741,714,523,657,3165,839,565,0,0,0,0
778,6016,15042,2486,3542,1368,2202,1310,1136,684,2597,2340,396,4104,1954,1062,1020,1497,2447,923,1876,7382,2975,1383,14,0,0,14
779,1703,5255,1355,340,282,381,394,646,352,444,721,183,1071,639,191,227,227,1053,102,1034,1344,1563,910,0,0,0,0
780,1058,3070,942,121,154,331,259,314,252,267,463,79,717,342,162,42,151,704,98,557,612,1052,592,5,0,0,5
781,1788,4439,1430,354,585,505,255,443,415,604,596,169,1279,500,404,280,350,752,112,732,1165,1209,1192,2,0,0,2
782,2578,7363,1713,862,460,670,739,709,224,1055,1121,173,1496,1083,279,350,914,1017,584,1221,2578,1954,987,22,0,0,22
783,1121,2859,627,498,291,408,134,288,244,345,465,71,796,334,150,123,304,536,59,514,1195,587,483,0,0,0,0
784,1938,5923,1410,527,233,530,521,654,348,601,778,216,1096,845,262,293,363,1016,199,1018,1984,1560,884,1,0,0,1
785,2384,7243,1339,1031,406,730,306,942,340,768,989,283,1383,1010,388,468,726,801,476,1557,2254,1812,1015,42,0,0,42
786,1553,4567,1239,327,176,554,345,478,229,596,529,203,1037,522,254,272,297,730,172,736,1504,1325,838,7,0,0,7
787,2510,8041,1495,1000,266,549,757,938,286,920,994,297,1184,1300,267,467,496,1260,443,1643,2869,1809,924,8,0,0,8
788,1946,6526,1582,371,166,430,491,859,307,587,771,293,1140,809,351,338,281,985,421,922,1939,1575,1095,0,0,0,0
789,1457,5058,1236,214,177,245,275,760,253,309,661,226,644,803,190,247,270,755,284,1232,1551,1067,697,3,0,0,3
790,1862,5559,1608,261,233,634,368,627,349,584,648,281,1264,591,236,277,330,1026,226,929,1740,1553,1363,14,0,0,14
791,1085,3549,719,369,229,144,188,524,95,390,327,270,713,371,134,460,154,337,105,610,1157,1061,653,11,0,0,11
792,864,2916,770,94,88,253,80,443,109,260,317,187,553,321,93,159,186,435,154,494,1291,709,735,5,0,0,5
793,1484,4590,1044,445,192,393,362,537,375,396,411,293,947,538,348,360,273,510,246,592,1397,1141,1211,8,0,0,8
794,897,2992,839,52,68,196,258,375,128,242,390,136,491,406,158,114,234,391,178,474,860,1016,432,0,0,0,0
795,974,3137,605,360,82,294,207,391,96,281,361,235,678,298,128,355,203,290,46,452,1015,965,455,13,0,0,13
796,1986,6363,1529,457,262,486,422,816,352,581,691,372,1238,756,331,515,414,726,272,888,2098,1917,1419,37,0,0,37
797,2210,6341,1694,527,448,640,392,730,426,690,626,475,1649,576,640,463,281,820,324,1014,2423,1946,953,14,0,0,14
798,1539,3710,1106,422,378,577,337,247,401,464,519,157,1222,301,377,324,303,524,168,528,1429,1150,1060,9,0,0,9
799,1785,5239,1331,455,290,491,441,563,414,500,690,169,1147,632,168,311,420,886,102,902,1379,1601,1088,4,0,0,4
800,1926,5338,932,983,470,537,346,573,570,561,469,316,1396,517,581,470,441,432,181,561,1784,1711,1533,69,0,0,69
801,3811,10391,1660,2156,860,1216,633,1102,431,1377,1417,584,2676,1139,492,728,1014,1571,497,1667,4257,2879,1237,33,0,0,33
802,1531,5471,744,786,138,199,401,793,139,578,581,231,869,667,269,544,432,291,285,1143,1898,1215,991,14,0,0,14
803,1030,2393,611,425,320,417,80,213,483,240,252,51,802,227,316,209,265,239,98,355,715,485,705,0,0,0,0
804,1175,3499,744,431,162,366,263,384,154,366,394,253,769,396,189,333,391,256,385,411,1479,1011,596,16,0,0,16
805,2133,6974,1910,216,207,545,478,903,230,549,730,624,1456,681,272,311,658,893,261,854,2131,2658,1042,9,0,0,9
806,3173,9485,2643,528,615,861,524,1173,887,774,983,519,2373,802,915,757,664,837,217,1211,3042,2738,2306,76,0,0,76
807,1250,4268,1025,227,169,224,220,637,192,546,360,149,722,528,364,400,356,141,140,909,1552,1093,646,4,0,0,4
808,872,3257,799,69,48,143,164,517,93,162,354,267,405,466,76,152,355,290,170,721,1255,1129,577,7,0,0,7
809,750,2354,625,115,114,197,129,310,203,178,244,124,534,212,149,253,207,136,110,304,838,651,640,6,0,0,6
810,3792,11846,2707,1079,573,1021,653,1545,852,1145,1120,666,2561,1229,945,821,722,1287,666,1731,3897,3160,1999,28,0,0,28
811,2859,7799,1703,1146,687,922,376,874,838,778,829,403,1919,947,632,985,545,700,597,1594,3083,2080,1412,42,0,0,42
812,1166,3168,965,206,344,336,85,401,250,434,329,162,773,399,185,278,364,346,345,406,1128,870,539,17,0,0,17
813,1002,2577,545,461,303,299,126,274,239,440,187,141,735,271,419,234,259,94,196,252,1046,681,603,13,0,0,13
814,1072,3358,959,107,223,240,121,488,280,240,267,282,652,410,199,317,298,256,183,565,1367,1014,538,4,0,0,4
815,1138,3692,274,870,165,241,232,500,204,353,348,236,584,562,365,332,262,180,167,1218,1586,1011,440,5,0,0,5
816,883,2923,517,361,126,210,119,428,145,228,279,228,570,314,198,250,278,156,206,483,1115,847,643,13,0,0,13
817,2069,7068,460,1612,218,388,488,975,191,764,642,490,1095,973,589,839,459,194,326,1592,3127,1641,510,39,0,0,39
818,1367,4210,1012,357,237,336,250,544,318,344,356,349,955,418,232,415,325,393,124,965,1630,1230,744,0,0,0,0
819,728,2414,351,376,105,160,110,353,144,255,167,162,417,306,276,145,149,158,285,429,899,551,251,4,0,0,4
820,5224,14648,3475,1737,897,1895,868,1564,999,1619,1979,606,3645,1593,856,1189,1060,2093,731,2237,5519,3893,1979,24,0,0,24
821,1440,4969,1160,278,279,567,162,432,322,508,515,144,1111,380,290,292,337,535,129,978,1847,1145,883,1045,1033,0,12
822,1199,3302,1043,160,257,453,198,291,308,432,258,174,838,325,66,260,371,509,100,439,1087,1027,766,181,163,0,18
823,2592,7067,1444,1149,633,677,567,715,530,957,814,325,1754,853,740,551,666,646,430,1011,2675,2072,1023,27,0,0,27
824,1939,5518,780,1153,310,640,506,483,232,855,649,201,1250,673,590,553,441,338,382,952,2250,1426,350,145,138,0,7
825,1878,5667,786,1109,295,577,306,700,380,589,663,244,1192,684,789,375,413,315,347,1124,2529,1529,763,18,0,0,18
826,1725,5164,389,1339,294,417,438,576,305,501,714,207,1017,700,494,540,543,146,392,934,1848,1279,533,21,0,0,21
827,1288,3922,741,555,240,333,199,516,131,562,243,360,853,448,296,435,228,327,59,698,1432,1277,455,0,0,0,0
828,3123,9071,1590,1533,569,821,761,972,362,1103,1177,487,1932,1202,353,1074,599,1105,686,1170,4054,2297,794,20,0,0,20
829,1230,3347,734,495,261,421,197,351,143,524,399,162,786,447,337,243,435,218,182,634,1395,707,402,7,0,0,7
830,1868,6200,886,988,181,416,457,814,206,617,635,422,970,907,569,386,548,368,291,1658,2379,1736,553,0,0,0,0
831,1257,3656,244,1014,303,319,177,458,211,378,318,350,917,354,356,511,281,113,200,592,1404,871,827,37,0,0,37
832,1747,4963,1045,707,364,469,370,544,412,542,344,441,1151,589,418,578,355,389,324,853,1731,1393,1073,0,0,0,0
833,1420,4598,1185,234,195,264,376,585,291,287,493,353,960,463,259,369,348,446,386,482,1684,1515,1098,4,0,0,4
834,1581,4727,1334,257,268,473,256,584,370,407,482,334,1104,482,251,482,460,395,154,811,1676,1451,761,7,0,0,7
835,1659,5520,1217,441,183,375,347,754,310,476,499,368,923,741,376,450,378,456,198,1141,1820,1670,770,11,0,0,11
836,1499,4684,1080,428,295,347,199,658,259,480,581,171,901,586,222,605,407,265,270,814,1767,1280,727,13,0,0,13
837,3062,8794,1045,2013,733,832,415,1082,587,1105,940,415,1971,1099,986,1030,667,369,534,2098,3411,2298,1418,79,0,0,79
838,1456,3823,368,1085,439,407,188,422,325,589,384,161,1009,435,550,420,289,182,173,757,1337,981,766,27,0,0,27
839,1981,4818,663,1323,641,538,421,381,484,551,777,166,1417,566,528,525,496,432,406,698,2221,1145,769,52,0,0,52
840,2436,5621,1370,1078,790,927,237,482,711,939,704,99,1601,839,512,705,735,486,351,1032,1933,1295,1239,6,0,0,6
841,1741,4677,867,865,357,534,434,416,248,594,650,237,1280,451,439,504,574,210,300,573,1800,1416,919,0,0,0,0
842,1327,3347,415,903,288,531,231,277,184,510,498,136,862,460,377,305,409,226,273,500,1412,707,410,5,0,0,5
843,1434,4032,1165,264,261,497,237,439,338,572,414,98,1030,399,263,330,422,413,172,781,1073,1157,1107,8,0,0,8
844,3258,9206,2939,306,491,1191,634,942,800,1012,1172,282,2228,1024,569,353,492,1840,296,1579,2297,2605,2127,14,3,0,11
845,2346,7207,2184,177,203,805,521,817,586,695,825,226,1532,810,257,500,522,1064,302,1189,1847,1925,1775,1,0,0,1
846,2004,5476,1395,604,574,399,435,596,403,695,511,391,1202,816,628,440,440,488,343,1178,1731,1581,942,5,0,0,5
847,1251,3071,387,861,276,478,291,206,231,443,460,108,869,387,272,440,335,205,80,454,1088,858,596,0,0,0,0
848,1865,5291,653,1192,406,579,249,631,304,632,795,115,1122,728,506,481,480,388,401,978,2006,1465,599,22,0,0,22
849,1377,4025,1045,348,311,356,197,513,297,459,483,140,868,518,388,227,267,503,247,766,1149,1164,718,6,0,0,6
850,1304,3894,1116,179,109,534,226,435,279,387,514,119,822,475,171,201,346,581,210,766,1187,943,828,0,0,0,0
851,712,2135,651,62,68,290,102,252,115,261,258,76,454,255,60,100,187,360,87,370,667,614,360,0,0,0,0
852,2144,6162,1973,180,240,898,354,652,364,586,962,238,1350,803,306,383,456,1000,202,1025,1607,2010,1121,7,0,0,7
853,2020,4995,1334,680,402,917,315,386,422,667,675,247,1576,450,433,577,437,569,266,972,1979,1895,872,4,0,0,4
854,2320,6526,408,1911,545,506,587,682,374,1108,680,167,1350,972,816,929,537,51,694,1332,2869,1115,355,10,0,0,10
855,1804,5356,437,1349,390,380,402,632,403,719,420,241,1122,670,943,358,229,265,330,910,1966,1556,650,37,0,0,37
856,2560,6893,1372,1177,609,752,513,686,495,837,778,442,1878,674,806,646,638,454,345,967,2139,2144,1256,25,0,0,25
857,1036,3071,442,604,240,246,148,402,187,399,303,147,623,409,301,373,204,167,263,556,1280,946,255,10,0,0,10
858,2149,5887,1192,953,568,386,626,569,699,593,548,298,1505,640,631,698,422,408,181,870,1800,1922,1263,1,0,0,1
859,1505,3842,1200,312,403,520,198,384,497,367,361,271,1164,332,607,385,278,239,67,507,1080,1316,863,5,0,0,5
860,2227,5739,1603,635,427,801,581,418,405,731,844,252,1714,522,341,582,536,765,318,675,2077,1537,1137,7,0,0,7
861,2090,6705,1693,404,206,650,357,877,353,672,698,395,1442,669,400,802,622,253,387,1133,2503,1860,1307,16,0,0,16
862,2764,7269,1578,1198,1018,374,558,814,704,1061,625,394,2069,690,848,916,688,336,324,1403,2501,2018,1563,13,0,0,13
863,1229,3513,870,357,283,329,191,426,256,467,264,242,827,409,346,306,242,336,210,636,1129,1148,685,2,0,0,2
864,3276,7935,929,2350,1121,919,487,749,919,1106,944,299,2385,889,1354,1019,684,210,431,1405,3125,1735,1412,3,0,0,3
865,1383,3820,1091,291,262,476,253,392,320,480,366,216,1031,348,352,470,310,251,98,558,997,1306,724,9,0,0,9
866,1483,3679,1224,253,403,526,224,330,489,496,373,104,1068,399,410,217,396,463,115,668,1024,962,1009,5,0,0,5
867,985,2536,748,228,268,259,236,222,226,430,148,170,701,278,248,204,177,348,155,273,825,753,549,1,0,0,1
868,1232,3509,817,403,212,426,252,342,167,429,419,216,805,428,191,186,296,547,212,616,1240,950,440,86,0,0,86
869,1447,3333,700,756,501,445,257,244,404,673,290,84,1048,407,447,491,231,283,302,433,1250,824,748,27,0,0,27
870,1719,4462,1262,464,442,583,250,444,345,684,483,211,1196,522,385,359,386,595,241,766,1275,1433,792,22,0,0,22
871,3105,6633,1061,2023,1156,980,633,336,730,1206,928,228,2384,711,1081,865,633,520,147,1111,2567,1936,1143,43,0,0,43
872,2835,8893,1383,1466,396,773,511,1155,277,933,737,896,1953,889,749,758,674,660,240,1610,3605,2460,1741,3,0,0,3
873,1808,5500,869,941,302,401,469,636,376,575,467,395,1151,657,537,513,496,258,196,1230,2052,1353,933,7,0,0,7
874,0,0,0,0,0,0,0,0,0,0,0,0,0,0,0,0,0,0,0,0,0,0,0,0,0,0,0
875,1053,3634,609,439,175,244,195,439,213,394,273,177,553,493,399,327,183,145,282,994,1506,936,473,328,0,0,328
876,667,2123,419,250,116,149,104,298,129,158,227,142,406,262,205,247,132,84,69,519,924,570,234,0,0,0,0
877,1066,3461,612,451,167,260,154,485,187,358,325,203,612,457,282,504,221,56,174,938,1332,940,323,38,0,0,38
878,1746,5291,707,1039,343,354,429,620,396,655,368,335,814,937,760,600,291,90,538,1285,2202,1337,360,46,0,0,46
879,1411,3873,811,598,397,307,273,434,234,467,395,293,971,411,474,338,338,257,238,519,1407,1240,539,8,0,0,8
880,1188,3715,480,703,266,133,309,480,161,432,313,313,598,608,549,314,237,86,309,1011,1648,1134,219,6,0,0,6
881,1076,2972,475,591,279,326,105,366,255,349,282,167,696,364,369,372,246,78,267,595,1128,779,437,10,0,0,10
882,1202,3047,764,446,319,359,266,258,345,420,363,75,725,469,475,245,295,189,205,562,1131,736,478,2,0,0,2
883,1286,3125,1127,159,243,599,237,207,368,346,552,34,982,309,174,239,272,600,352,272,884,788,912,2,0,0,2
884,1436,3708,1298,149,260,546,359,271,266,475,618,82,1054,384,132,271,256,782,140,458,1279,1009,787,8,0,0,8
885,3058,7971,2743,301,678,1154,452,774,573,980,1307,183,2108,933,348,490,680,1524,542,981,2513,2193,1266,0,0,0,0
886,1855,4276,1416,446,443,776,424,212,254,917,551,149,1440,427,427,287,476,667,326,477,1820,1199,678,15,0,0,15
887,1231,3095,830,404,240,528,236,227,347,514,270,104,769,459,293,324,230,391,181,558,1248,859,529,27,0,0,27
888,1770,5058,557,1204,546,278,297,649,674,585,270,243,1076,704,1140,340,190,92,276,1499,2009,1225,401,22,0,0,22
889,1288,3370,586,721,375,394,138,381,236,480,360,217,928,378,492,364,247,192,314,706,1711,748,362,7,0,0,7
890,1814,5024,765,1068,557,309,354,594,588,565,368,302,1213,616,898,503,276,152,388,1121,1890,1457,524,2,0,0,2
891,1658,4618,724,943,517,401,105,635,499,539,414,209,1043,620,731,536,178,218,249,1283,1863,1200,567,7,0,0,7
892,1310,4387,667,627,228,257,157,668,169,480,324,319,694,596,419,445,306,131,279,1156,1824,934,415,42,0,0,42
893,1023,3586,317,712,122,213,145,543,76,504,205,228,458,555,486,212,239,83,162,1061,1792,839,162,57,0,0,57
894,1277,3790,391,887,308,361,110,498,395,388,289,205,823,452,744,320,172,51,210,863,1740,1071,376,95,0,0,95
895,2497,6797,470,2014,727,745,184,841,697,1032,393,381,1612,902,1584,564,280,66,707,1582,2990,1455,790,85,0,0,85
896,693,2490,296,401,166,171,87,269,130,288,160,129,437,262,242,239,166,53,99,431,1068,583,225,460,0,0,460
897,1382,3858,429,960,360,303,301,418,359,405,383,247,851,527,651,420,213,102,57,952,1477,1232,522,29,0,0,29
898,1169,3121,507,664,292,308,278,291,238,614,274,49,617,550,527,371,213,59,351,825,1078,733,419,15,0,0,15
899,2824,6729,1060,1778,1030,738,434,622,972,1157,306,388,1884,938,1585,713,204,339,479,1462,2314,1995,950,5,0,0,5
900,2085,5263,988,1101,691,574,284,536,382,869,591,226,1418,664,882,500,543,160,478,1073,2047,1550,609,59,0,0,59
901,1848,4288,1069,765,550,652,352,294,406,740,608,89,1296,548,528,629,227,465,293,748,1702,899,720,0,0,0,0
902,790,2260,571,225,218,270,111,191,219,223,332,15,534,251,295,122,120,253,153,584,915,465,405,273,258,0,15
903,1779,4068,1306,472,567,629,292,291,453,576,695,60,1283,503,323,501,392,577,361,635,1258,1196,728,3,0,0,3
904,2145,6168,1080,1067,674,288,383,800,539,820,496,297,1256,891,793,630,340,380,494,1398,2829,1202,715,18,0,0,18
905,2562,7581,1328,1245,520,690,396,956,536,790,1026,200,1608,944,1065,537,522,439,516,1214,2781,2035,943,11,0,0,11
906,2231,5981,1186,1044,509,708,423,591,389,747,964,130,1410,820,976,508,479,275,491,1004,2556,1178,920,16,0,0,16
907,1302,3145,958,352,208,666,247,181,262,594,390,50,801,498,355,378,153,415,131,573,1074,767,461,15,0,0,15
908,1544,3775,987,551,328,722,189,305,287,565,620,76,1122,421,339,202,446,553,224,614,1196,1081,687,6,0,0,6
909,1571,3843,1138,434,401,544,352,274,409,508,591,64,1137,436,291,380,367,534,109,776,1269,950,808,13,0,0,13
910,2226,5468,1475,742,728,693,311,494,499,671,784,271,1692,531,413,503,512,802,499,636,2055,1506,971,105,0,0,105
911,991,2330,857,136,245,379,292,75,244,313,318,123,803,204,89,178,157,569,139,363,757,783,585,99,99,0,0
912,1917,4733,1694,207,335,861,418,303,617,559,666,61,1405,514,164,200,384,1160,276,600,1166,1326,1206,1,1,0,0
913,2649,6469,2553,108,575,1108,512,454,455,938,995,255,1852,795,170,277,390,1805,522,758,1775,1848,1269,13,0,0,13
914,2481,5849,2218,265,686,967,387,441,494,926,916,160,1714,787,319,384,351,1434,326,753,1756,1574,1089,0,0,0,0
915,1703,4034,1379,325,525,601,238,339,473,506,547,106,1159,475,242,241,293,928,180,680,961,1149,915,4,2,0,2
916,1730,4089,1345,362,483,697,274,276,433,588,601,91,1183,520,154,286,323,956,231,693,1051,1131,870,96,95,0,1
917,2275,5847,1659,618,532,763,477,503,503,816,822,86,1346,865,249,314,337,1385,403,1169,1290,1650,1153,0,0,0,0
918,2106,5991,2028,76,360,721,368,657,521,627,882,84,1092,1021,134,211,267,1480,509,1327,1218,1373,1247,5,0,0,5
919,743,1853,624,118,133,338,137,135,152,323,240,21,544,192,50,105,149,438,52,340,333,661,433,0,0,0,0
920,878,2255,821,50,127,448,112,191,192,214,395,77,633,245,69,122,109,581,168,284,428,785,505,0,0,0,0
921,1200,2701,743,460,520,279,152,249,432,458,253,58,888,314,343,272,195,396,192,402,737,688,662,0,0,0,0
922,2114,4951,1276,847,533,950,261,370,445,674,950,43,1553,560,611,389,499,625,298,606,1669,1165,1002,0,0,0,0
923,2922,7151,1178,1728,848,865,665,544,538,1308,836,248,2091,834,1058,968,388,499,298,1193,2628,2063,897,27,0,0,27
924,2060,5857,872,1192,469,493,458,640,246,807,721,286,1238,825,843,447,403,369,316,1009,2148,1577,876,27,0,0,27
925,1920,6072,557,1370,393,346,328,853,306,770,587,275,1154,785,711,695,330,187,352,1460,2624,1360,625,4,0,0,4
926,2133,5560,620,1521,587,739,359,448,525,807,581,222,1471,660,870,433,464,370,322,832,2574,1226,707,318,0,0,318
927,1434,4463,173,1253,290,335,172,637,287,544,241,354,812,615,659,318,299,143,248,1042,2120,1060,672,0,0,0,0
928,1488,4660,317,1176,285,353,193,657,219,626,290,356,876,621,522,564,251,149,230,1085,2216,1106,421,10,0,0,10
929,1462,4209,603,841,245,527,203,487,395,405,507,139,888,568,654,405,123,273,386,792,1570,815,673,18,0,0,18
930,786,2354,400,386,203,174,77,332,214,300,210,60,473,313,298,200,151,148,108,444,479,490,800,15,0,0,15
931,1491,3497,489,1018,500,485,208,298,217,607,556,117,1150,347,389,522,349,248,188,748,1483,1008,419,6,0,0,6
932,1414,4488,620,796,271,266,253,624,208,612,380,208,923,485,643,401,276,88,175,883,1926,1157,375,0,0,0,0
933,2192,6952,675,1508,376,514,394,908,468,819,447,442,1280,892,1038,622,269,256,427,1456,2739,1805,671,109,0,0,109
934,3467,7541,356,3104,1299,1122,544,502,791,1406,989,310,2877,602,1566,863,612,398,164,1091,3685,2020,902,12,0,0,12
935,1675,3617,552,1137,685,496,241,253,372,676,525,108,1462,226,540,502,386,246,65,305,1640,933,629,31,0,0,31
936,1526,3181,474,1050,643,504,146,233,256,698,374,197,1297,221,524,455,277,280,80,325,1620,845,305,0,0,0,0
937,1640,3709,1095,547,573,526,270,271,397,561,620,76,1134,533,342,259,414,626,279,553,1035,926,781,3,0,0,3
938,1741,4718,1626,113,298,726,234,483,375,433,832,100,1104,632,147,175,267,1154,236,863,1194,1167,917,1,0,0,1
939,2051,4107,809,1250,922,643,228,258,225,1108,630,62,1609,418,319,384,511,852,282,443,1768,998,631,5,0,0,5
940,2429,3895,776,1663,1346,783,255,45,575,1235,663,16,2263,226,459,782,507,690,177,218,1911,830,780,7,0,0,7
941,3077,5120,464,2616,1757,883,275,162,737,1456,865,61,2635,504,679,1110,781,503,379,234,2562,1310,592,12,0,0,12
942,2969,4692,466,2500,1688,1033,149,99,759,1407,756,41,2631,336,617,1097,747,505,208,234,2500,848,931,27,0,0,27
943,2516,5142,584,1934,986,900,359,271,278,1200,907,137,2105,425,547,556,622,799,210,595,2360,1307,861,8,0,0,8
944,2530,4377,131,2398,1236,959,221,114,556,1143,675,126,2274,213,923,697,407,499,76,256,2369,806,730,26,0,0,26
945,4057,5664,377,3674,2806,1113,74,64,1128,2217,640,22,3854,165,1706,1002,747,600,90,102,2926,1130,1316,110,0,0,110
946,2635,4731,582,2055,1313,1039,74,209,567,1175,749,142,2314,317,768,433,819,615,49,318,2642,977,638,138,0,0,138
947,2361,5832,264,2102,1010,612,432,307,680,946,480,256,1862,499,1146,433,269,504,285,541,1822,1386,1058,863,0,552,311
948,1546,4650,591,955,374,465,292,415,290,464,711,80,938,600,423,332,395,394,197,900,1405,1162,512,524,0,522,2
949,1378,3939,1120,266,219,495,227,437,359,295,648,83,867,520,113,243,237,786,374,671,1043,1069,782,0,0,0,0
950,1917,4760,1011,916,527,641,332,417,375,754,743,64,1222,695,398,322,545,662,221,1023,1094,1396,859,0,0,0,0
951,2717,6427,1619,1100,689,1226,281,521,875,842,932,66,2018,694,749,571,583,808,263,950,1893,1535,1551,0,0,0,0
952,2287,6650,2005,278,363,660,579,685,384,778,941,174,1285,991,197,283,803,991,216,1570,1874,1661,1143,18,0,0,18
953,2583,6980,2188,404,443,917,616,607,779,664,1044,99,1558,1031,276,393,607,1310,258,1316,1369,2025,1698,9,0,0,9
954,1888,4548,750,1125,521,695,304,368,383,777,612,106,1218,669,482,510,340,549,267,782,1840,1107,765,0,0,0,0
955,1191,2715,289,897,469,308,184,230,225,640,313,16,819,371,376,373,329,114,329,316,927,653,410,0,0,0,0
956,2044,4378,745,1294,782,692,284,286,630,862,450,103,1384,659,461,593,400,590,309,634,1351,1321,990,19,0,0,19
957,1562,3452,500,1053,460,644,268,190,251,639,601,56,1259,289,218,313,342,674,178,434,1156,1006,653,9,0,0,9
958,1521,3231,734,790,546,587,186,202,221,725,538,29,1219,294,244,388,369,513,73,457,1049,924,651,6,0,0,6
959,1817,4600,894,914,414,707,291,405,330,703,687,99,1265,547,417,319,340,741,377,598,1904,1160,532,0,0,0,0
960,2121,5570,939,1185,649,536,399,537,504,867,615,137,1260,871,549,416,428,731,312,1178,2202,886,724,134,0,0,134
961,1557,4417,860,708,300,494,276,487,323,434,647,101,843,665,349,100,242,862,497,798,1803,779,547,18,0,0,18
962,1946,4582,393,1547,638,579,374,355,361,722,660,204,1434,504,516,714,450,262,311,643,1876,1263,602,0,0,0,0
963,2220,4937,831,1380,764,872,183,401,486,814,886,22,1797,411,611,546,504,561,319,571,1991,1008,990,0,0,0,0
964,247,658,0,253,85,43,44,75,63,81,120,20,156,126,127,75,7,40,123,277,221,289,97,3,0,0,3
965,286,697,209,81,84,146,23,33,76,164,129,45,325,90,89,68,59,72,8,11,250,230,157,97,0,0,97
966,37,94,31,7,21,16,0,0,5,27,5,0,38,0,0,11,21,5,0,0,18,11,25,41,0,0,41
967,701,1183,360,344,336,308,52,5,101,300,299,6,668,38,99,92,173,345,13,27,755,330,107,52,0,0,52
968,1461,2387,354,1107,754,628,16,63,598,709,237,14,1515,49,764,248,284,169,11,83,1082,337,803,34,0,0,34
969,1541,2490,480,1062,888,516,79,58,459,727,316,32,1484,59,545,236,365,388,48,78,1572,613,387,61,0,0,61
970,2809,4819,232,2571,1711,756,222,120,999,1305,383,92,2345,432,1735,356,360,359,0,489,2061,1202,971,367,265,0,102
971,1139,1653,17,1124,812,202,99,26,353,538,206,6,1005,95,379,252,211,306,81,47,902,376,199,18,7,0,11
972,4446,7578,755,3678,2228,1648,397,173,1428,1532,1252,167,3911,481,1458,622,1184,1183,219,509,4342,1275,1289,52,0,0,52
973,1455,2309,407,1064,858,409,149,39,377,810,281,21,1274,207,441,435,296,294,103,119,1122,538,377,3,0,0,3
974,3098,5150,922,2180,1615,1063,335,85,832,1310,871,62,2703,364,765,765,594,976,348,251,2295,1072,1324,5,0,0,5
975,1460,2843,594,877,542,686,132,100,230,632,545,69,1263,208,333,359,199,566,178,145,1547,617,246,64,0,0,64
976,2900,5642,470,2430,1187,1100,414,199,550,1336,917,73,2327,549,683,1068,417,722,214,634,3350,1037,337,80,0,0,80
977,2893,6355,970,1921,984,1001,570,338,622,1168,1022,272,2449,628,788,564,715,832,553,810,3656,1282,695,74,0,0,74
978,1707,4289,426,1286,789,347,93,478,336,764,337,231,1436,228,667,503,294,240,169,440,2218,731,405,286,0,0,286
979,2611,4958,216,2400,1460,840,149,162,432,1478,685,73,2377,312,682,773,707,450,186,237,2685,764,713,611,0,0,611
980,527,1061,143,384,210,201,59,57,112,242,151,34,490,54,187,48,163,124,27,169,564,271,119,5,0,0,5
981,356,631,104,254,200,113,4,39,127,152,51,26,329,27,226,52,43,36,14,59,254,140,184,10,0,0,10
982,729,1884,102,622,236,193,88,212,249,289,143,49,506,221,421,175,80,54,100,438,724,466,163,4,0,0,4
983,1270,2495,382,891,605,384,125,156,375,717,110,76,1042,229,767,208,141,154,82,450,966,669,434,16,0,0,16
984,214,501,9,207,43,119,27,25,100,77,34,7,121,95,120,37,46,10,18,131,208,91,52,22,0,0,22
985,887,2262,68,809,175,437,103,172,409,313,126,32,485,397,442,227,158,52,89,545,848,454,255,98,0,0,98
986,816,2157,144,668,268,219,161,168,128,258,222,79,525,158,239,135,343,87,69,319,1284,271,153,180,0,0,180
987,756,1610,221,531,263,301,96,96,195,347,143,63,595,155,295,216,116,125,106,262,892,344,157,7,0,0,7
988,1587,4166,727,860,508,691,234,154,92,792,594,92,1287,295,297,260,471,571,126,383,2057,708,233,852,0,0,852
989,1038,2791,403,616,331,288,156,263,160,407,308,159,708,321,218,140,198,475,121,416,1319,615,169,183,0,0,183
990,1264,2692,440,821,524,373,202,165,421,444,286,122,1092,179,570,250,246,198,121,228,1283,783,275,42,0,0,42
991,7447,11988,1846,5607,3962,2781,563,141,1591,3699,1782,218,6641,665,1943,1698,1580,2267,485,470,7191,2388,1268,114,0,0,114
992,1168,2855,525,638,319,434,168,247,171,492,418,86,755,412,341,267,165,395,149,510,1173,690,209,6,0,0,6
993,2074,4654,749,1332,598,897,295,284,314,712,901,148,1654,443,582,329,551,622,108,530,2192,1191,711,45,0,0,45
994,955,2169,500,454,271,364,203,117,165,473,295,23,671,276,281,217,274,181,154,392,811,573,286,12,0,0,12
995,1553,3992,484,1080,552,409,179,413,236,806,320,189,1205,336,548,368,233,400,136,647,1802,903,408,149,38,0,111
996,2047,4597,846,1211,626,786,351,284,274,849,687,242,1655,394,517,466,422,651,204,552,2273,1108,452,14,1,0,13
997,769,1844,336,436,224,280,112,153,129,264,335,46,565,210,190,129,164,283,104,240,730,568,202,7,0,0,7
998,2605,5530,1203,1390,1082,806,355,362,704,934,926,140,2180,534,427,580,408,1183,252,708,1869,1484,986,74,28,0,46
999,1033,2396,624,411,275,422,190,146,207,454,290,95,802,239,124,140,243,525,162,318,859,541,596,22,0,0,22
1000,1846,4351,912,929,588,651,233,374,367,639,734,79,1311,501,318,315,436,777,380,616,1656,964,679,9,0,0,9
1001,1705,3980,825,890,614,482,269,340,399,690,539,79,1368,351,445,473,334,465,179,450,1734,530,606,1,0,0,1
1002,953,2140,364,594,298,398,112,145,210,379,276,90,760,189,240,212,182,317,42,357,962,372,362,30,0,0,30
1003,729,1479,244,486,320,237,72,100,174,252,247,65,616,121,185,110,114,324,33,204,706,290,300,0,0,0,0
1004,1427,3295,1018,403,372,647,168,240,480,507,416,23,1067,349,219,153,383,660,221,370,903,836,920,0,0,0,0
1005,1315,3087,1229,81,307,617,170,221,369,426,422,91,1018,297,147,75,296,798,87,485,543,975,880,0,0,0,0
1006,1174,3713,510,664,337,476,130,231,312,394,406,65,969,208,436,251,101,384,100,672,1537,563,424,951,946,0,5
1007,1026,4554,132,879,397,254,171,204,457,303,141,116,987,36,585,136,179,115,39,1327,3398,113,169,2180,2179,0,1
1008,1644,10221,19,1631,722,498,193,231,562,868,145,72,1638,10,1035,349,99,159,24,4095,5198,167,129,6841,6810,0,31
1009,2256,4987,657,1589,724,915,352,265,761,728,672,94,2044,216,1190,492,322,249,208,606,3369,450,746,135,108,0,27
1010,1196,2587,590,612,426,425,190,155,258,540,318,79,972,233,198,311,225,466,107,225,1073,515,722,14,2,0,12
1011,1609,3718,495,1110,573,538,236,262,354,650,465,142,1292,317,526,320,340,435,82,456,1896,608,650,133,43,0,90
1012,2002,5005,988,1033,666,497,354,485,362,724,747,179,1431,584,488,456,276,799,135,879,2550,857,654,9,0,0,9
1013,1497,3494,838,660,416,558,290,233,408,447,533,114,1120,382,482,316,211,486,147,637,1146,1011,603,0,0,0,0
1014,1304,3035,299,1005,666,458,49,131,263,598,387,70,1150,165,348,289,352,313,39,260,1134,485,492,692,0,0,692
1015,1195,2822,347,854,436,335,180,244,398,516,264,24,956,240,578,276,141,200,115,418,1396,673,369,32,0,0,32
1016,2094,4392,842,1261,848,623,439,184,786,887,381,42,1594,515,1049,365,301,379,252,499,1443,977,1001,118,113,0,5
1017,1998,4214,835,1159,829,675,226,268,469,826,571,142,1671,338,661,375,299,678,100,508,1882,1057,707,100,35,0,65
1018,2060,4002,28,2037,1159,397,348,156,626,1183,263,60,2018,125,1126,562,231,138,33,523,2602,447,202,274,128,0,146
1019,194,1102,3,192,135,26,32,1,39,59,19,7,112,13,85,71,19,22,6,422,796,74,8,814,794,0,20
1020,2075,5269,270,1799,1106,691,188,90,480,932,450,121,1886,104,1082,423,303,264,13,1069,2539,932,359,1795,1773,0,22
1021,1744,3647,437,1309,603,777,147,217,506,670,563,100,1682,158,607,365,236,528,97,277,2275,475,442,32,0,0,32
1022,1675,3576,548,1124,633,609,191,242,518,713,389,60,1415,250,506,485,296,392,84,543,1491,844,619,17,0,0,17
1023,1566,3398,714,852,697,409,175,285,377,682,452,57,1176,395,405,453,231,474,207,513,1398,767,416,22,0,0,22
1024,1334,2961,752,582,449,437,274,174,253,604,426,50,976,362,333,260,232,510,186,355,842,878,579,0,0,0,0
1025,1727,4279,1121,597,498,562,285,382,415,597,578,127,1123,584,389,256,299,782,178,812,1222,1107,730,11,0,0,11
1026,829,1848,551,275,248,341,123,117,233,295,273,38,653,179,106,135,247,341,86,225,580,521,452,0,0,0,0
1027,1798,3568,590,1216,699,768,141,190,564,722,420,91,1563,238,542,386,331,544,78,405,1498,660,889,19,0,0,19
1028,1628,4166,1300,329,416,581,243,388,509,555,484,78,1268,359,276,165,246,950,110,688,981,1119,1003,40,8,0,32
1029,1577,4023,1296,271,278,718,266,315,363,556,616,35,1154,421,142,235,304,886,136,642,868,994,1161,34,26,0,8
1030,882,2168,804,81,183,398,139,162,269,290,282,38,678,208,96,85,115,586,89,316,419,663,659,12,0,0,12
1031,1460,3657,1401,59,245,751,157,307,415,455,556,49,1090,378,87,162,224,999,156,461,613,933,1343,0,0,0,0
1032,660,1729,562,103,135,226,154,145,172,147,299,40,501,166,108,93,81,377,87,208,434,432,533,0,0,0,0
1033,1948,4350,1610,343,731,647,206,364,634,710,551,59,1468,472,446,341,352,828,407,598,669,1276,1251,0,0,0,0
1034,1348,3568,1037,299,259,485,297,307,312,369,588,79,813,526,189,191,277,690,216,689,829,1024,644,9,0,0,9
1035,984,2488,774,217,245,340,182,217,320,244,368,54,669,328,81,229,180,491,41,515,530,786,552,0,0,0,0
1036,1270,3180,580,687,260,478,315,217,247,385,541,95,788,481,196,244,333,502,118,592,1099,811,442,2,0,0,2
1037,957,2466,498,454,217,335,193,212,211,340,363,47,602,360,167,229,205,358,97,598,729,615,388,6,0,0,6
1038,1027,3407,0,1031,218,584,139,86,271,360,385,12,794,237,326,304,234,163,220,487,1967,86,185,1201,1154,0,47
1039,2119,4892,1168,947,688,681,406,344,412,977,651,68,1462,640,374,571,574,593,413,695,1476,1268,745,11,0,0,11
1040,686,1692,50,635,212,215,109,150,82,309,268,25,506,180,211,222,186,69,117,179,808,403,167,13,0,0,13
1041,1121,2378,324,800,434,375,164,148,254,564,222,86,921,204,410,311,178,230,106,290,905,534,447,2,0,0,2
1042,731,1829,655,72,123,373,125,110,182,262,248,27,548,174,54,176,141,361,83,252,455,510,403,65,52,0,13
1043,1148,2785,967,176,288,449,209,202,347,392,367,43,824,327,130,204,237,572,115,530,669,764,637,16,3,0,13
1044,957,2411,857,100,199,386,185,187,261,240,403,58,688,270,66,163,111,618,170,271,624,667,531,0,0,0,0
1045,1198,2761,950,246,410,385,188,215,464,345,331,55,994,201,208,296,211,480,113,295,587,754,921,0,0,0,0
1046,962,2413,849,121,167,461,148,186,301,262,365,38,726,235,128,176,213,449,87,338,613,677,601,0,0,0,0
1047,1300,3219,671,626,413,391,195,301,285,469,428,114,940,359,317,294,336,353,226,439,1360,583,509,15,0,0,15
1048,1130,2854,650,481,252,368,325,185,298,319,476,38,712,421,233,338,286,281,152,411,866,825,480,16,0,0,16
1049,2201,5639,1057,1148,610,608,512,471,320,794,917,174,1543,662,554,375,673,599,498,577,1949,1550,739,48,0,0,48
1050,2991,8296,1203,1791,1028,739,200,1024,825,1116,674,374,1849,1143,1435,859,498,198,296,1880,3336,1946,993,345,0,0,345
1051,1526,3723,421,1106,481,468,254,323,487,450,419,171,1235,291,584,424,250,262,143,326,1821,769,606,16,0,0,16
1052,560,1538,453,108,89,206,125,140,181,172,196,13,356,204,107,61,148,245,31,275,262,488,336,0,0,0,0
1053,1648,4140,1415,240,313,687,355,293,325,622,579,127,1119,532,211,307,354,783,237,590,1348,1008,808,2,0,0,2
1054,1110,3016,859,247,189,420,255,246,251,375,405,87,752,362,141,254,298,416,163,463,932,763,563,58,0,0,58
1055,2128,5725,1195,930,643,437,476,572,373,866,483,406,1555,569,454,792,482,401,279,878,2012,1515,1029,74,0,0,74
1056,1914,5033,1010,904,673,407,233,601,507,622,590,200,1349,571,694,367,566,286,272,805,2011,1259,698,3,0,0,3
1057,1462,4730,577,887,265,300,226,671,314,383,339,426,742,720,586,416,365,97,163,1573,2143,976,432,12,0,0,12
1058,2276,6592,1134,1136,742,454,319,761,770,771,443,291,1475,795,823,709,445,296,302,1575,2310,1425,1156,384,0,0,384
1059,3344,7262,2307,1043,1319,1121,554,350,822,1563,819,136,2876,476,929,741,857,825,285,541,2578,1895,1159,383,0,0,383
1060,2040,6472,868,1172,463,391,247,939,334,810,553,346,1023,1015,867,565,512,93,389,2328,2778,1699,534,43,0,0,43
1061,2641,7227,1118,1527,927,408,426,880,987,943,487,225,1515,1123,1498,683,339,118,367,1801,2641,1961,1014,42,0,0,42
1062,2074,4279,1232,839,733,913,185,243,661,757,561,93,1756,317,457,370,570,674,237,384,1313,1172,1180,15,0,0,15
1063,1930,6290,781,1149,275,457,356,842,470,535,633,294,1093,834,691,644,424,166,462,1524,2496,1688,552,49,0,0,49
1064,1406,4764,757,649,153,220,414,619,107,487,610,202,607,805,377,443,379,206,145,1280,1730,1047,518,0,0,0,0
1065,2492,6951,1752,741,611,731,367,783,273,901,900,416,1781,705,565,969,664,292,544,1001,2944,1929,772,72,0,0,72
1066,2634,7308,729,1898,608,880,313,833,619,1211,583,221,1561,1067,762,1265,477,129,276,1768,2881,1411,1223,60,0,0,60
1067,2578,9133,1156,1424,224,429,617,1308,384,912,846,431,1163,1411,909,874,584,209,681,2355,3815,1963,878,11,0,0,11
1068,1314,5104,785,528,225,165,207,717,161,390,446,318,636,679,401,420,323,173,306,1143,1889,1311,394,535,0,0,535
1069,4394,11088,1756,2639,1175,1486,727,1006,837,1871,1433,256,3225,1171,1312,1206,1089,783,517,1846,4764,2700,1401,0,0,0,0
1070,1289,3531,818,465,273,460,169,387,278,483,366,150,948,328,359,535,294,93,163,810,1282,1165,468,0,0,0,0
1071,1814,5989,849,965,322,265,386,841,407,542,535,330,987,826,704,454,467,190,366,1564,2254,1290,706,0,0,0,0
1072,1784,5074,1107,679,372,474,395,543,396,699,422,275,1209,586,544,529,399,312,180,1104,2123,1692,613,0,0,0,0
1073,1987,5239,1000,983,493,539,508,447,353,1019,310,309,1211,775,638,698,419,232,220,1200,1954,1508,757,29,0,0,29
1074,2713,7344,2099,615,475,1139,399,700,702,1162,527,321,1913,800,518,1163,545,483,168,1083,2080,1963,1852,82,0,0,82
1075,1059,3067,546,518,246,296,149,368,241,396,321,106,672,389,349,306,196,215,251,427,1059,678,416,41,0,0,41
1076,1177,2722,1025,154,360,454,160,203,225,408,381,154,881,282,187,293,329,367,107,493,672,865,702,13,0,0,13
1077,1950,5429,1333,619,273,858,256,563,266,786,699,242,1475,520,497,570,418,469,234,826,2075,1340,920,8,0,0,8
1078,1720,5113,898,819,357,415,336,612,357,580,457,284,1177,509,348,544,463,366,143,845,1807,1404,676,22,0,0,22
1079,3198,9226,2677,520,537,1063,577,1021,969,960,738,528,2302,897,645,623,925,1007,393,1516,2852,2337,2417,1,0,0,1
1080,1902,5221,1304,591,474,424,499,505,600,613,540,144,1137,759,643,388,516,351,350,1120,1406,1435,797,13,0,0,13
1081,1477,4716,1038,433,194,297,440,546,288,420,366,401,1024,450,325,418,445,295,69,602,1627,1451,961,25,0,0,25
1082,1782,5429,1317,460,281,542,299,660,328,670,478,305,1350,432,333,363,714,370,185,665,2022,1478,1287,44,0,0,44
1083,6353,16798,4713,1647,1643,1818,1264,1628,1111,2606,2005,642,4407,1949,1285,1666,1724,1685,773,2896,5883,4668,2662,24,0,0,24
1084,2225,6070,2006,224,294,1024,344,563,627,766,622,204,1592,632,348,525,593,762,194,1007,1644,1623,1691,32,0,0,32
1085,1431,4226,1212,222,204,405,398,424,500,266,376,298,1028,403,328,234,363,512,105,636,1116,1169,1252,12,0,0,12
1086,2405,6941,1964,446,439,805,361,800,561,784,785,280,1687,720,470,521,603,812,226,1058,2180,1997,1596,24,0,0,24
1087,2318,6145,2108,214,526,752,468,572,828,608,515,355,1767,541,556,533,544,684,228,936,1632,1692,1485,5,1,0,4
1088,1181,3769,857,325,79,412,242,448,238,481,318,156,815,375,173,371,325,313,85,697,1198,1010,741,20,0,0,20
1089,2104,5225,1036,1069,494,801,528,281,446,901,656,94,1416,681,822,611,365,305,423,931,2124,1356,810,215,0,0,215
1090,1530,3183,885,647,554,469,409,98,575,530,382,45,1220,314,454,409,362,306,145,374,854,838,972,0,0,0,0
1091,1453,3419,798,660,468,440,293,252,348,751,242,120,1136,319,381,468,282,324,222,407,1077,1125,578,0,0,0,0
1092,596,1170,115,483,353,136,55,52,269,240,89,0,495,102,299,188,51,59,88,91,583,339,216,134,0,0,134
1093,948,2186,418,529,275,349,192,132,239,332,289,87,632,317,297,263,234,156,184,286,855,533,276,12,0,0,12
1094,3316,8233,2177,1130,944,1079,579,714,648,1266,1164,231,2281,1021,562,998,909,837,545,1207,2701,2221,1183,16,0,0,16
1095,1070,3332,907,162,195,218,250,407,222,359,309,180,725,344,156,465,276,172,99,571,1218,810,527,25,0,0,25
1096,3751,9552,2739,1014,966,1208,767,810,888,1242,1379,245,2559,1200,544,995,996,1215,564,1569,3256,2506,1312,36,0,0,36
1097,1160,3446,836,321,231,327,186,416,280,338,366,174,765,397,192,259,423,285,188,470,1359,947,485,35,0,0,35
1098,3683,11991,2781,899,411,887,854,1531,423,993,1482,786,1856,1824,612,572,1040,1454,1009,1909,4530,3550,1431,0,0,0,0
1099,3148,8580,2414,740,656,946,764,782,721,1174,821,427,2289,859,513,950,910,787,355,1370,2520,2458,1634,40,0,0,40
1100,3052,8254,2490,565,639,1063,534,816,870,1083,888,209,1947,1111,431,704,813,1105,250,1948,1885,2575,1317,26,0,0,26
1101,1339,3998,1241,95,216,442,187,494,356,350,463,152,907,414,145,204,426,565,94,844,1110,1109,631,0,0,0,0
1102,291,755,231,60,88,82,40,81,85,82,109,36,212,97,56,55,87,93,7,202,175,164,161,0,0,0,0
1103,2718,7151,2325,392,526,972,639,581,686,863,949,220,1950,762,530,600,644,944,574,976,2121,2144,1551,15,0,0,15
1104,1262,3613,993,269,197,446,234,385,279,469,431,95,791,481,195,154,278,635,136,683,924,1025,646,0,0,0,0
1105,414,1324,256,156,40,131,74,169,87,147,137,29,252,151,102,93,165,54,96,354,423,184,227,0,0,0,0
1106,3444,7817,2140,1306,1390,1004,433,617,842,1501,869,224,2586,853,975,762,1121,588,493,1102,2568,2087,1282,201,0,0,201
1107,1429,3866,934,500,365,457,173,434,315,522,487,109,1114,315,278,432,390,325,208,538,1507,1041,669,14,0,0,14
1108,2164,5515,1763,401,506,832,353,473,564,718,673,205,1485,686,394,629,396,745,306,972,1908,1356,1158,48,0,0,48
1109,2834,7938,2260,577,426,1217,339,852,548,877,1221,197,1871,975,367,655,1057,761,343,1589,2406,2319,1225,30,0,0,30
1110,2915,7103,1817,1111,775,1030,599,511,843,1098,842,136,2290,622,936,760,645,577,606,1001,2685,1928,1298,53,0,0,53
1111,2109,5555,1571,534,379,903,329,498,494,681,731,217,1555,560,407,605,698,398,236,870,2005,1494,909,27,0,0,27
1112,2080,5973,1529,558,325,877,224,654,550,420,830,275,1469,608,466,622,422,573,656,918,2202,1627,1065,128,0,0,128
1113,1617,2788,146,1474,856,603,34,124,607,574,383,60,1431,192,874,403,308,35,147,126,1349,495,669,37,0,0,37
1114,2720,7535,475,2242,774,497,629,820,304,1334,805,273,1524,1194,1048,1070,422,174,652,1697,3600,1224,290,0,0,0,0
1115,1652,4540,174,1471,452,437,229,534,216,729,568,137,1019,631,537,553,383,176,342,981,1976,938,290,0,0,0,0
1116,1166,3272,912,257,231,333,300,302,257,362,388,166,814,364,215,200,252,501,373,416,1354,777,530,46,0,0,46
1117,1198,3226,932,267,171,519,237,271,398,262,293,245,836,360,208,287,268,434,180,460,903,885,867,24,0,0,24
1118,3171,7850,1892,1276,954,1017,484,716,681,1402,946,136,2373,788,1087,873,473,731,441,962,2660,2135,1682,22,0,0,22
1119,3063,8303,1933,1129,666,1012,553,832,589,1383,653,432,2140,915,671,1106,618,657,451,1439,2647,2138,1394,17,0,0,17
1120,3154,8969,1363,1789,778,846,454,1076,466,1327,1047,313,2005,1152,1030,1062,661,392,724,2016,3365,2084,834,46,0,0,46
1121,5602,10918,1395,4210,2591,1827,570,614,1205,2785,1290,319,4636,968,1504,1585,1254,1266,502,1135,4852,2330,1779,58,0,0,58
1122,2799,7667,1850,958,784,833,343,839,781,996,737,284,2049,755,865,763,794,379,503,1135,3017,1531,1207,218,0,0,218
1123,2338,5878,995,1346,548,831,531,428,561,821,746,213,1581,758,635,643,632,432,140,1068,2350,1272,733,50,0,0,50
1124,2616,6918,1981,639,634,826,484,672,607,894,829,284,1776,840,398,608,773,837,470,1339,2308,1699,1372,0,0,0,0
1125,1858,4761,1595,261,414,778,208,458,607,513,644,94,1300,557,265,323,406,860,321,713,1210,1373,1080,0,0,0,0
1126,2539,6105,2373,163,487,1286,341,425,823,860,759,90,1965,566,459,475,720,881,253,828,1294,1988,1501,12,0,0,12
1127,2344,6929,1812,535,433,639,476,796,475,902,662,306,1530,815,474,434,496,941,280,1159,1922,2070,1292,24,0,0,24
1128,1566,4473,1152,422,196,540,470,360,233,532,739,62,936,632,177,350,539,505,170,1150,1090,1124,782,84,0,0,84
1129,2109,5946,1503,604,581,558,268,702,554,699,626,228,1410,699,409,368,567,767,373,1245,1767,1712,1076,123,0,0,123
1130,1305,3375,1124,188,284,493,232,296,449,412,342,104,913,389,165,300,272,570,193,473,797,748,1021,8,0,0,8
1131,2235,7056,2090,147,249,798,238,950,601,556,779,302,1363,876,130,283,302,1518,252,1493,1331,2095,1527,2,0,0,2
1132,1606,4977,1479,128,140,646,211,609,439,480,642,46,825,781,120,147,186,1150,310,1249,883,1373,988,30,0,0,30
1133,3178,7613,2384,784,860,1186,604,528,1037,1105,860,174,2304,871,705,511,646,1314,441,1047,2059,2055,1679,71,0,0,71
1134,2214,5417,1217,998,709,731,267,507,410,895,732,171,1629,577,503,434,471,807,372,975,2014,1412,943,46,0,0,46
1135,2973,6673,1672,1298,854,1289,403,427,627,1170,1107,141,2399,651,543,706,728,998,276,885,2446,1532,1242,12,0,0,12
1136,2738,5881,1037,1693,775,1304,365,294,452,1065,1030,105,2125,526,461,451,834,989,294,430,3030,1206,653,12,0,0,12
1137,1611,4026,1259,354,413,586,332,280,530,567,429,94,1154,458,164,277,288,884,185,591,1048,902,1246,120,0,0,120
1138,2315,6232,1923,394,515,681,544,575,735,746,738,92,1426,901,506,383,609,818,459,1217,1585,1647,1202,2,0,0,2
1139,1204,3365,1133,66,144,452,325,283,372,367,391,70,730,475,131,121,207,744,249,527,828,892,762,3,0,0,3
1140,1101,3277,1036,67,135,403,241,322,273,400,347,84,763,341,106,150,243,603,106,527,605,992,763,89,0,0,89
1141,2089,5564,1829,258,396,851,303,539,508,772,751,59,1500,587,224,391,374,1100,309,1041,1364,1497,1394,7,0,0,7
1142,1421,3850,1096,321,203,623,239,356,411,429,468,116,1040,382,153,263,312,690,182,581,1167,827,1000,0,0,0,0
1143,1826,4380,1282,550,573,577,315,361,422,838,483,83,1346,484,459,164,420,783,125,644,1414,1082,1159,0,0,0,0
1144,2230,5658,1500,730,486,950,288,506,566,768,718,179,1624,610,335,408,471,1021,87,1023,1596,1719,1255,14,0,0,14
1145,4739,8642,1035,3705,2196,1818,400,325,867,2401,1262,207,4145,603,1102,1289,1171,1176,303,660,4457,1735,972,72,0,0,72
1146,2031,3745,365,1664,1145,482,168,236,194,1365,365,107,1776,257,452,762,425,392,190,248,2264,689,213,15,0,0,15
1147,2349,5841,1627,724,660,892,216,581,884,658,746,153,1640,795,521,208,405,1223,245,1096,1217,1464,1924,0,0,0,0
1148,5686,7987,5343,343,3538,2040,86,22,4742,847,104,0,5680,11,2129,1788,1109,655,0,11,86,688,7207,7,0,0,7
1149,2124,5140,1393,729,817,615,206,486,415,1098,576,41,1487,635,256,458,519,891,167,1082,1238,1351,1010,175,0,0,175
1150,2277,5475,1313,967,752,729,290,506,632,954,634,58,1578,694,452,395,486,937,162,1144,1128,1381,1190,1,0,0,1
1151,1994,5916,1963,32,159,745,514,576,351,590,1037,16,1176,824,203,130,343,1322,253,1272,931,1702,1304,0,0,0,0
1152,2375,5971,1517,863,551,842,526,456,407,1071,810,80,1639,727,390,371,444,1168,278,1044,1754,1328,1335,0,0,0,0
1153,1495,4253,1393,99,173,622,275,425,343,491,618,35,858,634,109,207,325,853,222,978,825,1204,1033,0,0,0,0
1154,2873,7020,2571,304,766,1080,445,582,1063,928,791,90,2015,860,479,154,325,1914,304,1195,1214,2184,1863,5,0,0,5
1155,843,2421,732,109,132,313,127,271,202,325,244,68,493,346,93,127,131,488,103,567,398,716,478,0,0,0,0
1156,1555,4842,1473,84,188,455,330,582,340,336,739,153,770,796,173,149,259,977,479,1103,1134,1212,805,0,0,0,0
1157,1058,2542,977,80,371,349,73,265,381,337,290,56,745,316,202,114,212,528,251,391,667,481,753,0,0,0,0
1158,2303,6356,1669,640,506,720,396,681,531,830,748,195,1547,761,409,429,412,1054,280,1093,1988,1664,1045,0,0,0,0
1159,873,3855,729,146,76,317,174,306,270,303,245,57,548,329,88,145,158,484,117,1006,982,856,577,1175,1153,0,22
1160,1666,5401,1512,152,233,596,388,449,427,527,613,94,950,718,119,129,293,1120,280,1348,1074,1433,940,688,676,0,12
1161,4629,12528,3762,872,1112,1472,702,1343,989,1569,1707,279,2914,1638,590,687,772,2579,542,2987,2953,3667,2034,11,0,0,11
1162,550,1485,318,230,93,126,246,85,168,125,141,28,314,152,69,180,94,208,13,228,431,454,288,0,0,0,0
1163,1319,3489,1229,91,253,556,167,343,392,488,364,76,893,429,189,165,220,745,133,632,641,890,955,0,0,0,0
1164,1804,5393,1729,78,189,758,250,607,372,731,549,155,1299,502,120,100,219,1364,182,890,1223,1945,1167,66,0,0,66
1165,2645,7136,2464,177,451,1115,414,665,1045,717,767,111,1854,787,404,266,470,1506,413,1257,1552,1867,1893,66,0,0,66
1166,4093,12070,3660,435,375,1673,780,1265,964,1334,1603,192,2413,1677,201,479,782,2631,598,2761,2157,3784,2318,24,0,0,24
1167,4221,11860,3744,479,732,1560,661,1268,1072,1612,1211,307,2558,1638,647,497,678,2407,551,2427,2300,3266,2822,25,0,0,25
1168,3543,8667,2639,900,1169,935,682,757,775,1526,1052,194,2370,1167,388,711,778,1669,252,1810,2109,2448,1515,0,0,0,0
1169,2147,6517,1635,503,250,741,416,740,337,755,881,166,1288,851,95,287,616,1146,341,1490,1680,1766,1026,36,0,0,36
1170,3092,8349,1992,1105,632,1076,568,816,400,1357,1122,300,1905,1273,298,694,849,1251,400,1644,2380,2632,833,0,0,0,0
1171,3019,9333,2496,518,274,1006,696,1043,630,728,1489,165,1646,1373,401,259,567,1786,453,2062,2110,2571,1698,24,0,0,24
1172,2208,6596,1736,467,369,639,431,769,382,670,1006,144,1461,743,177,460,616,949,240,1370,2016,2006,949,17,0,0,17
1173,1391,4422,1176,215,140,449,246,556,206,536,513,141,770,629,148,192,366,683,264,918,1145,1344,607,15,0,0,15
1174,1935,5239,1536,394,404,666,349,516,606,439,625,249,1270,653,393,239,241,1062,208,930,1360,1610,1013,14,0,0,14
1175,5454,16177,3303,2147,883,1548,1216,1807,821,2452,1918,340,2992,2543,692,1015,1145,2604,1024,3794,4670,4387,1442,0,0,0,0
1176,16178,50570,12433,3733,1853,4839,3480,6006,2601,6105,6085,1329,8444,7669,1812,2191,2686,9491,2303,11120,12293,16288,6443,181,0,0,181
1177,6508,17185,5693,819,1231,2712,928,1637,1782,2234,1799,524,4302,2041,1352,1324,1512,2321,584,3645,3739,5466,4117,0,0,0,0
1178,15750,46782,13023,2720,2600,4794,2966,5390,4072,5503,4200,2166,9347,6588,2676,3879,4218,4981,2736,10833,13895,12917,7629,193,0,0,193
1179,8720,29306,6793,1928,1057,1952,1593,4118,1280,2934,3169,1338,4091,4629,1640,1888,2480,2715,1687,7594,10242,7063,3060,81,0,0,81
1180,5736,18800,4759,970,582,1520,1176,2458,909,1810,2227,784,3364,2364,1090,971,2070,1602,1284,3835,6849,5169,2005,20,0,0,20
1181,1871,5346,1321,546,276,726,301,568,666,678,393,130,1282,586,461,665,376,369,374,1074,1770,966,1055,27,0,0,27
1182,3718,10810,2532,1178,915,842,657,1304,1075,849,804,979,2514,1197,1062,982,830,833,682,1721,4310,2876,1700,70,0,0,70
1183,1544,4928,858,686,113,529,306,596,254,676,462,151,1008,536,422,577,357,186,298,888,1476,1158,733,19,0,0,19
1184,1658,5114,1382,274,211,416,480,551,374,588,486,206,983,676,437,350,494,379,135,1115,1761,1640,441,24,0,0,24
1185,5759,17659,4792,968,728,1689,1338,2004,954,1870,2142,790,3569,2185,783,1470,1829,1671,1040,3288,5589,5654,2386,57,0,0,57
1186,5500,16842,3882,1617,815,1325,1472,1888,1041,1856,1804,765,3452,2018,1138,1601,1337,1420,1053,3601,5568,5392,2423,28,0,0,28
1187,2963,8139,2329,632,655,888,584,836,881,1285,410,374,1851,1102,882,843,721,518,392,1502,2557,1695,1600,0,0,0,0
1188,3091,8225,1792,1298,906,760,566,859,1129,922,674,366,1856,1235,1179,962,619,336,545,1576,2804,2147,1362,37,0,0,37
1189,2384,7230,648,1735,391,568,648,777,538,888,627,326,1426,957,1069,813,279,221,483,1403,2554,1705,1195,83,0,0,83
1190,1488,4148,315,1173,379,446,156,507,287,641,413,150,899,592,659,547,163,122,286,1018,1654,945,257,10,0,0,10
1191,1893,6092,702,1191,264,520,265,844,456,615,555,277,1089,808,826,520,355,192,443,1171,2307,1306,741,0,0,0,0
1192,1557,4432,1275,281,242,562,299,454,364,479,605,111,1049,508,312,617,452,174,165,893,1531,1367,685,21,0,0,21
1193,2894,6775,1406,1498,615,1284,664,331,677,1110,935,178,1966,936,994,1167,384,361,611,1157,2299,2011,952,34,0,0,34
1194,1600,4287,1052,547,419,409,348,424,556,371,472,206,1120,488,492,405,426,274,288,649,1418,1254,851,0,0,0,0
1195,5401,17031,4145,1254,632,1565,1192,2012,741,1889,1754,1050,3595,1829,939,1404,1560,1499,879,3595,5792,5004,2508,173,0,0,173
1196,2979,9739,2192,785,335,820,518,1306,472,952,1029,521,1852,1123,452,623,925,979,550,1544,3597,2420,1379,31,0,0,31
1197,1198,3837,647,551,187,264,245,502,240,524,359,77,647,553,569,313,238,81,160,944,1309,927,705,12,0,0,12
1198,1614,4227,747,873,464,599,177,374,245,840,367,163,1062,560,462,594,336,227,218,875,1657,1301,633,264,0,0,264
1199,3149,8006,1425,1721,648,1303,545,653,726,1157,1164,106,2334,815,1217,1071,655,201,483,1194,3679,1917,1377,27,0,0,27
1200,2878,8534,1813,1066,510,942,385,1041,463,1289,747,373,1763,1110,620,938,1004,317,476,1708,2921,2135,1462,59,0,0,59
1201,1224,4335,1001,227,108,267,193,656,234,411,348,292,680,600,311,394,333,188,262,926,1975,865,693,10,0,0,10
1202,1001,3164,510,492,180,196,217,408,198,302,281,163,496,450,451,287,207,57,263,745,1286,576,423,11,0,0,11
1203,1613,5605,894,720,143,435,194,841,400,458,612,142,867,747,654,512,250,195,238,1488,1824,1324,576,31,0,0,31
1204,887,2526,357,531,294,146,101,346,301,224,216,146,591,299,420,208,191,69,140,663,1098,837,326,0,0,0,0
1205,1403,3572,873,532,375,494,184,350,448,405,375,175,1057,342,363,487,282,269,257,620,1344,702,924,1,0,0,1
1206,2127,5949,1335,794,492,651,295,689,583,670,636,244,1372,761,754,650,459,267,275,1607,2053,1510,880,10,0,0,10
1207,1689,5386,1307,381,243,459,257,730,190,651,433,425,1096,604,325,692,451,222,391,1075,2220,1685,698,0,0,0,0
1208,2405,7323,1149,1253,427,677,367,934,469,939,714,283,1408,993,1073,811,402,116,830,1628,2835,1668,908,22,0,0,22
1209,1707,5736,725,979,270,310,297,830,224,695,499,284,886,812,556,679,324,149,499,1247,2375,1293,418,28,0,0,28
1210,1765,6899,1280,481,80,231,304,1150,204,568,782,212,717,1044,419,771,374,196,399,1902,2884,1656,610,4,0,0,4
1211,1753,4106,1243,514,551,599,313,290,494,678,531,53,1281,479,490,527,402,334,370,636,1369,1029,712,6,0,0,6
1212,2264,4357,1422,845,974,765,376,149,844,1044,232,145,1795,472,862,444,601,355,237,419,994,1025,1512,0,0,0,0
1213,1033,2465,775,256,276,439,136,182,278,439,291,30,821,221,194,229,217,394,83,416,679,660,579,17,0,0,17
1214,1457,3364,940,516,460,551,206,240,517,524,314,119,1132,338,419,356,352,329,194,555,993,765,792,16,0,0,16
1215,1938,5182,1072,865,475,593,383,487,597,763,437,143,1303,636,490,461,391,595,166,1067,1388,1250,1020,1,0,0,1
1216,1230,3082,1001,233,359,331,304,236,356,488,302,78,899,323,203,318,353,356,105,465,830,777,785,0,0,0,0
1217,1709,5505,1529,179,164,482,427,636,313,529,622,243,1000,708,162,344,461,746,447,973,1343,1597,916,0,0,0,0
1218,2102,5323,961,1145,492,834,335,441,602,771,583,133,1449,647,672,619,383,432,448,774,2157,1183,1133,11,0,0,11
1219,1362,3085,1107,259,496,491,136,239,364,683,218,98,1059,303,219,513,253,380,80,491,715,1068,744,36,0,0,36
1220,3098,8325,2339,758,717,998,600,783,732,1017,1098,250,2440,657,699,699,784,912,479,921,2314,2702,1642,0,0,0,0
1221,1454,4590,1027,428,227,372,291,564,262,668,276,249,916,540,388,527,346,193,168,933,1555,1199,575,0,0,0,0
1222,1409,3332,681,727,612,397,161,239,324,718,257,142,1072,369,385,336,501,185,123,706,1552,852,363,280,277,0,3
1223,1217,3293,768,451,348,248,318,303,289,661,236,38,817,403,613,338,216,55,116,762,1199,904,330,20,0,0,20
1224,1677,3047,132,1545,971,436,119,151,761,692,204,15,1354,321,1089,425,130,34,297,291,985,517,755,112,0,0,112
1225,1150,2385,271,880,339,479,283,49,234,552,345,15,740,405,557,342,162,90,142,314,995,397,372,0,0,0,0
1226,1182,2408,586,597,636,251,94,201,485,373,216,106,1069,111,574,379,172,61,65,262,779,693,655,10,0,0,10
1227,1300,3734,751,552,268,408,210,414,284,556,379,82,861,440,328,550,328,96,163,816,1390,768,562,5,0,0,5
1228,942,2453,677,265,205,301,275,161,205,291,355,89,612,330,206,306,294,134,35,505,738,859,314,37,0,0,37
1229,1478,4045,853,624,457,337,228,456,486,416,426,146,1020,455,536,515,315,108,372,808,1446,828,818,10,0,0,10
1230,2291,6575,1401,887,507,655,416,713,714,816,498,264,1694,600,808,536,460,488,140,1175,2014,1665,1586,39,0,0,39
1231,1202,3225,730,472,292,328,312,270,178,580,362,84,900,301,282,519,278,124,71,584,1214,1015,510,27,0,0,27
1232,1207,3244,491,715,333,381,184,309,258,524,297,125,898,307,300,449,306,148,112,538,1268,688,556,93,0,0,93
1233,1310,3333,1001,306,222,530,356,202,303,524,387,93,933,374,286,351,421,251,264,334,938,1022,606,0,0,0,0
1234,1447,3411,422,1028,537,429,189,292,420,707,190,132,1072,378,749,387,163,150,184,605,1282,824,495,28,0,0,28
1235,1122,2800,348,773,442,286,76,318,372,486,195,67,811,309,629,284,168,37,110,433,1065,673,310,10,0,0,10
1236,1522,3610,609,916,495,428,368,231,294,733,477,21,1067,454,815,455,210,43,380,391,1210,937,433,30,0,0,30
1237,976,2550,642,334,257,346,115,258,143,450,240,142,683,292,244,365,229,136,59,613,1030,668,322,0,0,0,0
1238,439,1196,353,86,78,143,159,59,90,203,72,41,302,105,99,114,120,109,31,101,511,272,143,68,67,0,1
1239,977,3158,712,261,65,284,299,329,167,287,352,154,689,270,190,327,225,232,93,700,1043,709,789,26,0,0,26
1240,1438,4393,1017,419,266,401,295,476,317,651,281,183,944,487,306,588,410,133,238,652,1510,1249,762,123,0,0,123
1241,1264,3098,400,866,431,403,224,206,403,524,325,17,920,347,779,293,127,67,73,480,873,967,553,186,0,0,186
1242,2434,6244,1413,1021,393,1051,580,410,567,1057,724,86,1726,708,874,692,516,358,494,613,2188,1636,930,13,0,0,13
1243,1793,4917,706,1088,554,466,217,556,587,530,530,143,1213,579,591,659,399,145,387,961,1849,1142,1129,73,0,0,73
1244,1527,4640,1081,443,256,458,299,514,356,340,528,310,1041,489,425,501,296,304,180,908,1559,1414,946,69,0,0,69
1245,1676,5100,1097,578,233,546,325,572,447,595,472,162,1064,611,434,658,297,287,335,1137,1789,1246,1006,15,0,0,15
1246,3582,11549,2531,1051,303,1119,835,1325,789,1357,1186,250,2356,1227,714,844,1076,950,472,2058,3592,2806,2266,53,0,0,53
1247,4203,13625,3735,470,401,1213,996,1593,739,1330,1600,538,2694,1508,729,1026,1088,1355,863,2795,4553,3426,2309,55,0,0,55
1248,3450,10467,2894,558,494,1131,628,1197,742,951,1457,301,2035,1417,464,597,837,1552,570,2448,2743,2606,1566,0,0,0,0
1249,2190,6062,1349,840,490,682,409,609,407,881,695,208,1548,647,455,732,507,499,357,917,2089,1430,964,16,0,0,16
1250,1713,5036,1008,704,451,340,338,584,460,722,456,73,1004,708,630,686,309,90,508,1161,1793,1182,576,48,0,0,48
1251,2694,7274,1467,1229,853,630,405,806,837,1342,361,159,1722,973,1239,753,338,366,277,1691,2006,1590,1392,22,0,0,22
1252,925,4017,13,910,36,218,224,447,4,485,413,10,302,610,195,511,182,31,465,874,2000,110,8,697,0,697,0
1253,1282,4744,917,363,112,227,221,722,161,323,583,214,753,526,280,293,407,299,126,1030,1503,1128,535,0,0,0,0
1254,1876,6107,1403,474,221,511,382,762,293,597,667,320,1153,725,309,613,698,257,303,1152,2478,1447,857,9,0,0,9
1255,1728,4875,803,923,456,492,194,586,360,719,525,123,1123,604,720,402,440,164,416,852,1619,1206,685,0,0,0,0
1256,1587,4328,1136,454,381,489,279,438,337,634,453,168,1229,359,486,485,470,145,172,793,1604,1141,679,0,0,0,0
1257,2199,6781,1282,913,505,416,416,862,561,913,514,208,1393,804,607,899,579,110,486,1244,2229,1673,1137,0,0,0,0
1258,1486,5145,839,646,164,238,413,671,200,565,493,230,801,686,402,572,331,181,390,697,1831,1344,423,0,0,0,0
1259,1929,5637,868,1057,507,469,249,704,648,665,415,199,1272,652,1056,489,333,44,550,1050,1945,1315,754,18,0,0,18
1260,1218,4036,459,759,148,319,219,532,333,622,190,81,615,609,630,374,164,49,388,1059,1333,718,318,3,0,0,3
1261,1419,4329,929,485,229,324,420,446,306,407,478,229,849,568,423,387,354,258,335,793,1480,1145,457,21,0,0,21
1262,490,1417,111,380,106,141,105,138,73,265,93,61,297,194,185,174,117,15,110,346,645,273,168,42,0,0,42
1263,1034,2685,342,693,305,317,151,261,226,398,350,55,777,253,509,298,155,72,96,432,859,1077,347,22,0,0,22
1264,1918,5438,716,1197,413,598,314,593,348,874,510,181,1207,711,850,604,319,142,428,1111,2117,1113,385,0,0,0,0
1265,1149,3666,378,772,168,308,223,450,162,584,231,172,646,503,392,399,302,59,194,1155,1249,810,516,22,8,0,14
1266,1453,4470,746,705,254,336,354,509,432,385,466,169,822,630,507,527,310,104,274,814,1599,1203,547,4,0,0,4
1267,1102,2727,907,196,254,471,163,214,406,333,279,86,845,259,294,233,351,225,150,580,774,643,752,0,0,0,0
1268,4108,10612,2833,1278,981,1530,655,942,1365,1308,1002,432,3174,934,775,950,1066,1315,497,1718,3427,2632,2478,20,0,0,20
1269,3455,8660,1807,1650,1119,1097,392,847,1381,1022,748,306,2833,619,1101,1050,722,584,253,1518,3100,1859,2307,48,0,0,48
1270,6453,21401,4782,1674,794,1526,1379,2754,1185,2063,2213,1006,3903,2566,1004,1674,2020,1755,1446,4501,7934,5273,3107,11,0,0,11
1271,5243,17021,4382,863,518,1553,1103,2069,903,1921,1925,490,2988,2249,849,1223,1440,1736,1264,3856,5499,3786,1977,16,0,0,16
1272,0,0,0,0,0,0,0,0,0,0,0,0,0,0,0,0,0,0,0,15,2484,2203,925,0,0,0,0
1273,1481,3812,986,494,421,497,194,369,450,588,255,189,1075,405,465,476,305,240,258,572,1259,900,769,19,0,0,19
1274,2042,5658,815,1228,452,668,331,591,555,754,466,273,1546,499,554,848,437,202,481,970,2365,996,856,0,0,0,0
1275,1381,3503,528,853,420,381,269,311,325,661,324,72,1010,370,298,612,384,89,222,687,1527,751,315,0,0,0,0
1276,1227,3650,649,584,233,318,273,403,223,469,442,92,705,525,276,477,378,95,136,982,1199,887,424,0,0,0,0
1277,1784,5182,1411,373,295,593,359,537,396,572,551,271,1347,442,216,471,579,519,149,745,1645,1676,756,10,0,0,10
1278,1886,6245,1714,174,173,494,455,764,392,487,702,314,1046,848,134,480,677,596,383,1296,2542,1223,666,0,0,0,0
1279,3577,10275,2410,1163,734,1211,456,1176,868,1223,1243,293,2528,1105,665,1158,965,792,571,1728,3571,2085,1515,26,0,0,26
1280,4570,10676,3183,1384,1558,1528,622,862,1669,1585,788,525,3777,791,1535,993,1074,974,316,1360,3201,2327,3312,0,0,0,0
1281,2689,6361,1107,1576,887,776,574,452,430,1263,776,216,1979,708,599,1189,691,205,235,874,2959,1501,676,0,0,0,0
1282,4669,14823,3419,1249,549,1442,924,1754,863,1631,1731,442,2908,1761,967,1096,1338,1266,700,3259,4333,3980,1804,79,0,0,79
1283,1532,3950,918,611,433,469,261,369,403,690,351,85,977,552,573,508,299,149,282,991,1222,766,652,0,0,0,0
1284,1955,5375,1150,802,426,759,182,588,484,781,503,187,1506,453,478,625,451,401,313,740,2179,1119,823,23,0,0,23
1285,1851,5081,1591,262,290,718,401,442,496,651,519,189,1293,563,315,503,389,644,170,1197,1266,1211,1181,0,0,0,0
1286,1832,4919,1418,413,229,833,391,379,602,389,635,187,1409,405,302,516,329,687,306,740,1083,1525,1331,6,0,0,6
1287,527,1535,257,268,74,198,95,160,138,167,117,34,324,132,110,184,67,163,66,312,411,431,289,1,0,0,1
1288,3983,12136,2482,1502,596,1246,738,1403,775,1656,964,587,2319,1660,953,1310,1193,528,793,2514,4066,2610,1562,4,0,0,4
1289,3077,9278,1854,1224,696,679,568,1134,624,1192,904,367,1836,1247,906,880,736,553,632,1814,2780,2061,1124,0,0,0,0
1290,5437,11375,4329,1114,1909,2377,481,670,2711,1938,625,187,4793,674,1849,1844,1197,547,243,1603,2472,2500,4753,7,0,0,7
1291,3627,11704,2703,936,556,905,586,1580,467,1104,1207,846,1958,1663,907,913,765,1053,568,2819,3716,3058,1524,11,0,0,11
1292,2827,9437,2138,686,284,762,529,1252,483,675,941,748,1706,1151,636,654,861,684,499,2131,3131,2733,1540,45,0,0,45
1293,2318,5514,1203,1123,581,1015,322,400,516,834,624,343,1636,679,577,561,634,545,244,1063,1927,1414,1250,21,0,0,21
1294,24,35,0,22,24,0,0,0,5,14,3,0,23,0,22,0,0,0,0,0,81,71,63,11,0,0,11
1295,3257,8311,1756,1519,821,1192,516,728,481,1069,1156,564,2395,872,808,938,965,575,386,1630,3377,2158,1110,71,0,0,71
1296,1587,3278,1090,494,488,691,310,98,412,672,444,54,1268,312,332,349,314,599,10,464,808,921,1051,9,0,0,9
1297,3680,9454,1615,2075,1079,990,749,862,478,1574,1105,538,2339,1327,1273,1064,594,763,623,1556,3534,2362,1065,19,0,0,19
1298,725,2018,294,429,297,279,108,41,101,288,284,62,641,89,159,202,176,189,62,96,646,342,231,643,0,0,643
1299,1032,1830,314,722,552,307,106,67,305,411,227,89,849,179,336,352,226,111,148,122,1049,317,362,25,0,0,25
1300,812,1853,408,403,355,195,101,161,236,329,172,71,615,192,322,205,150,129,84,354,734,494,266,34,0,0,34
1301,1393,3489,749,641,357,573,137,326,287,597,418,91,1005,388,386,488,208,310,124,621,1077,1132,522,13,0,0,13
1302,2514,7540,1414,1103,478,798,267,971,409,727,852,527,1552,964,466,846,538,677,405,1603,2642,2059,837,14,0,0,14
1303,1163,2902,974,181,204,480,311,168,300,364,375,130,879,276,140,239,336,442,109,441,610,856,876,0,0,0,0
1304,2916,7050,1638,1292,1240,591,318,767,896,824,680,532,2180,743,1077,590,618,636,255,1312,2245,1700,1345,0,0,0,0
1305,1749,5186,825,923,379,391,374,605,214,602,668,275,1050,707,453,574,495,229,327,1307,1988,1179,482,5,0,0,5
1306,5131,12557,3667,1432,1387,1934,774,1036,1468,1718,1436,541,3861,1332,1303,1345,1064,1400,721,2001,3361,3404,2949,17,0,0,17
1307,2906,7017,2218,694,864,1015,468,559,872,833,939,231,2230,640,737,630,713,820,262,1014,1718,1619,1955,41,37,0,4
1308,1519,3795,1291,227,308,696,219,296,448,518,379,160,1189,325,246,382,436,445,149,455,914,973,1236,20,0,0,20
1309,177,351,148,36,69,72,19,17,47,50,24,5,100,24,76,42,37,23,0,41,38,111,155,0,0,0,0
1310,1539,2720,1031,516,826,593,75,45,656,530,333,29,1443,110,597,429,234,287,41,102,640,833,1663,267,0,0,267
1311,2544,5673,2207,337,765,1161,249,369,994,702,710,150,2177,391,476,391,627,1054,321,544,1105,1513,2122,71,0,0,71
1312,538,1366,372,163,148,182,95,113,97,232,189,28,402,133,143,151,155,89,34,229,363,408,341,28,4,0,24
1313,1514,4215,1000,502,366,675,254,219,302,501,585,121,1145,357,304,347,424,422,116,927,1478,1052,902,688,618,0,70
1314,2419,5730,1600,808,662,944,421,392,700,841,725,126,1682,735,528,458,484,934,221,897,1206,1171,1685,39,23,0,16
1315,783,1752,518,269,278,248,147,110,230,248,258,62,606,191,190,173,165,249,10,233,336,451,599,10,0,0,10
1316,279,749,176,103,54,129,29,67,50,111,84,29,239,36,54,62,99,65,46,65,325,211,194,29,0,0,29
1317,2194,5425,1110,1072,742,613,327,512,464,944,512,255,1615,566,797,583,459,347,94,783,1468,1628,1313,23,0,0,23
1318,2266,4992,1682,596,578,1231,150,307,755,1070,516,61,2058,343,347,632,461,825,162,514,1035,2060,1342,80,0,0,80
1319,3138,8337,1906,1226,708,1164,380,886,667,1251,839,436,2288,905,837,976,607,706,755,1521,2819,2328,1368,57,0,0,57
1320,2685,5839,1598,1083,956,989,362,378,780,1044,718,150,2288,408,560,933,516,677,126,784,1291,1606,2057,68,0,0,68
1321,2668,6960,1698,970,586,1012,383,687,706,1194,579,309,2226,567,631,680,708,642,301,806,2120,1961,1516,19,0,0,19
1322,36,76,35,1,8,16,12,0,14,11,5,1,29,3,1,8,9,18,2,0,14,24,35,0,0,0,0
1323,4284,8560,3037,1238,1641,1659,589,395,1617,1701,838,91,3528,720,1120,1310,817,1031,221,1100,1618,2552,3108,4,0,0,4
1324,1938,3582,1538,398,812,843,143,140,653,613,277,88,1438,196,655,446,453,389,77,279,560,736,1970,6,0,0,6
1325,3827,9562,2279,1548,883,1353,866,725,963,1315,1139,410,2965,862,631,1028,1146,1020,413,1409,3260,2642,2016,17,0,0,17
1326,1977,4982,1743,232,452,743,375,407,403,780,651,145,1404,576,300,509,396,765,268,815,1260,1274,1213,34,0,0,34
1327,2035,4351,1063,968,748,738,255,294,506,743,685,99,1528,506,573,446,519,508,226,657,1088,1424,1083,0,0,0,0
1328,1726,4881,1173,554,383,622,251,470,503,558,495,174,1198,534,386,395,341,607,303,845,1589,1075,1043,324,0,324,0
1329,1397,3416,731,669,328,503,331,235,314,605,347,132,970,426,501,224,272,407,147,576,997,941,775,0,0,0,0
1330,1583,3794,990,599,459,569,248,307,437,570,383,200,1226,362,382,426,384,402,106,512,993,1191,797,31,0,0,31
1331,2103,5108,1316,793,710,613,277,503,574,674,634,225,1523,584,661,523,656,266,307,694,1790,1047,1089,11,0,0,11
1332,2371,5573,893,1481,865,770,287,449,663,736,806,170,1730,647,459,697,578,638,249,892,1863,1288,976,227,0,0,227
1333,1522,4153,988,534,286,457,431,348,232,613,424,256,1147,377,235,643,428,219,103,648,1507,1125,661,48,0,0,48
1334,1670,4730,1426,249,257,563,362,488,340,639,425,265,1188,487,257,573,454,394,153,787,1483,1495,804,0,0,0,0
1335,3063,6466,1591,1480,1227,1064,303,469,1193,901,775,204,2391,675,1189,837,520,538,334,947,1578,1774,1942,29,0,0,29
1336,5360,13190,4153,1196,1506,1792,893,1169,1592,1582,1795,400,3890,1467,986,1385,1364,1626,454,2256,3362,4042,2899,6,0,0,6
1337,3264,7354,1704,1552,1228,1031,383,622,966,1194,781,330,2558,707,1090,924,566,668,373,1200,2972,1530,1481,34,0,0,34
1338,1460,3307,761,697,523,451,233,253,314,465,561,129,1164,305,487,387,287,306,181,413,1384,822,563,11,0,0,11
1339,2343,5591,1506,839,768,757,299,519,521,997,627,204,1786,564,622,633,638,460,266,687,1866,1381,901,8,0,0,8
1340,2745,7344,1438,1307,519,1024,493,709,429,713,1273,331,1885,864,497,853,669,725,515,1322,3450,1443,778,14,0,0,14
1341,2438,6517,1663,779,473,971,375,619,564,861,882,187,1794,693,536,714,617,569,467,988,2082,1397,1478,110,108,0,2
1342,1522,6749,812,707,463,473,306,280,328,392,570,181,1160,318,443,498,338,245,132,1695,2554,897,414,3125,3106,0,19
1343,1437,3690,724,712,325,482,352,278,292,618,341,192,1035,402,460,630,253,98,237,683,1454,845,468,57,0,0,57
1344,2402,6661,446,1941,682,555,332,833,603,671,787,341,1504,898,814,774,629,181,425,1529,2856,1117,703,14,0,0,14
1345,1724,4003,888,835,618,398,423,285,359,647,522,190,1168,549,467,687,454,116,245,577,1251,1252,525,0,0,0,0
1346,2001,5253,1101,907,331,914,254,502,380,460,971,204,1399,605,454,673,456,419,135,859,1827,958,1081,7,0,0,7
1347,1854,4996,1327,531,367,652,360,475,335,677,575,267,1247,613,370,455,530,496,288,889,1589,1285,860,45,0,0,45
1348,3942,10936,1550,2401,912,998,884,1148,748,1447,1241,516,2248,1701,1629,1494,514,311,594,2642,4325,2379,1123,58,0,0,58
1349,2651,7451,1419,1218,580,772,515,784,391,1031,777,445,1487,1159,608,1085,628,335,578,1697,3214,1785,736,150,0,0,150
1350,3088,7226,1911,1184,875,1157,557,499,827,985,1064,208,2418,674,750,943,537,854,243,921,1991,2155,1582,54,0,0,54
1351,1339,4159,1076,264,154,527,171,487,206,438,553,140,937,398,188,290,447,412,128,711,1163,1148,924,182,0,0,182
1352,1108,2893,1059,52,180,506,173,249,406,333,279,97,870,248,221,107,280,501,103,414,567,866,889,29,0,0,29
1353,3373,5735,2517,859,1544,1554,117,158,2210,716,335,106,3319,61,1009,904,777,677,79,82,601,1028,3934,0,0,0,0
1354,2943,7570,2415,532,731,1079,378,755,744,1179,780,238,2056,891,457,859,580,1050,211,1524,1789,2162,1698,50,0,0,50
1355,1596,3942,1306,298,534,445,225,392,506,571,340,186,1146,458,477,480,351,289,142,863,1278,701,892,27,0,0,27
1356,2855,6591,1807,1056,938,925,540,452,892,1029,778,163,2082,779,679,860,650,681,280,968,1677,1792,1768,89,0,0,89
1357,1454,4036,793,655,259,533,249,413,201,501,563,180,935,512,300,325,451,379,187,786,1354,965,575,51,0,0,51
1358,3487,7336,1666,1802,1399,1172,443,473,1188,1303,780,196,2736,732,942,973,931,636,477,921,2385,1564,2105,73,0,0,73
1359,2063,4764,1540,518,545,942,226,350,408,715,821,123,1382,684,349,476,575,664,232,873,1511,1267,871,36,0,0,36
1360,1197,2468,515,686,570,337,110,180,312,454,376,56,921,281,447,337,204,211,89,394,971,652,458,60,0,0,60
1361,1136,2365,160,969,576,245,121,194,232,546,230,124,873,252,393,453,164,116,118,267,1359,431,235,37,0,0,37
1362,1763,3166,628,1139,941,501,169,152,626,728,318,88,1536,226,715,416,347,288,75,306,891,909,934,12,0,0,12
1363,922,2054,346,579,276,356,174,116,158,352,321,91,729,195,243,277,261,143,79,424,1455,672,246,7,0,0,7
1364,1768,4061,784,993,588,581,304,295,258,741,615,153,1306,473,473,648,443,219,211,751,1414,900,652,32,0,0,32
1365,1807,4029,1519,291,604,705,218,280,770,521,406,119,1471,341,361,300,334,812,242,387,811,1238,1322,64,0,0,64
1366,3837,8224,2606,1221,1265,1697,531,344,1650,1001,1057,129,3168,661,758,720,772,1576,172,921,1407,2643,2581,378,0,0,378
1367,1820,4643,1465,353,466,743,137,474,661,499,579,85,1257,562,628,514,353,324,490,1133,1202,852,1311,84,0,0,84
1368,1790,4633,1048,748,477,569,298,446,418,670,626,84,1232,552,425,493,465,406,273,866,1920,1048,678,58,0,0,58
1369,1851,4350,1202,649,611,605,293,342,496,619,529,206,1389,463,596,468,471,310,214,702,1435,1153,964,66,0,0,66
1370,3920,10350,2505,1401,904,1249,795,972,1002,1120,1181,617,2830,1081,970,884,975,1084,662,1572,3939,2632,1839,60,0,0,60
1371,1922,5250,1334,591,394,510,558,460,296,592,768,274,1272,660,341,532,619,428,259,990,1696,1493,815,31,0,0,31
1372,1729,5082,1014,720,376,473,236,644,394,545,602,180,1148,575,652,476,484,119,243,936,1529,1592,814,69,0,0,69
1373,2802,7231,606,2190,776,792,567,667,554,983,894,368,1703,1095,1043,1055,537,168,449,1672,2742,1896,735,80,0,0,80
1374,2820,7067,708,2111,928,756,405,731,429,1092,871,431,2064,765,996,785,587,448,273,1572,2715,1565,1041,26,0,0,26
1375,2870,6936,1920,943,698,1097,640,435,670,1003,940,255,2001,856,916,665,894,380,552,961,1862,1851,1805,109,0,0,109
1376,2103,6545,1250,849,412,483,429,779,404,762,467,462,1398,696,583,784,442,282,254,1298,2721,1680,814,271,0,0,271
1377,2041,5594,1105,933,598,415,385,643,382,770,634,248,1261,775,688,735,453,154,231,1260,2252,1179,581,32,0,0,32
1378,2911,9051,982,1934,573,578,576,1184,580,834,941,550,1570,1338,1198,961,565,185,648,2234,3445,2099,795,109,0,0,109
1379,1448,4644,819,636,277,217,331,623,162,574,374,341,737,721,387,606,322,130,306,1492,1786,1129,505,54,0,0,54
1380,2458,7617,1493,961,477,575,428,978,523,713,795,435,1350,1111,775,623,728,338,485,1561,2497,2055,1007,176,0,0,176
1381,3824,11496,2538,1283,553,1318,802,1151,691,1287,1257,577,2376,1455,1023,1235,783,781,334,2304,4261,3221,1589,569,0,0,569
1382,2425,5883,1806,609,610,982,358,475,665,826,726,196,1770,649,614,815,614,380,218,1068,1707,1410,1484,35,0,0,35
1383,2731,6365,2214,522,723,1193,330,485,1019,757,554,314,2175,472,711,477,508,1040,222,777,1284,2070,2274,19,0,0,19
1384,2542,5876,1571,971,696,987,486,373,714,860,782,184,1813,716,690,908,632,305,230,1028,1719,1401,1425,20,0,0,20
1385,1864,4554,1370,500,548,608,300,408,693,584,401,128,1384,423,598,365,335,557,177,677,1009,1069,1510,0,0,0,0
1386,1600,3664,1125,474,508,568,287,237,569,566,377,94,1296,308,490,457,335,325,87,451,808,1169,1154,61,0,0,61
1387,1884,4908,1378,503,316,780,379,409,642,647,473,160,1293,630,548,447,465,428,122,949,1077,1367,1293,0,0,0,0
1388,333,862,301,35,58,130,78,67,190,126,50,49,323,87,42,62,87,144,22,104,193,220,317,0,0,0,0
1389,1577,3548,1233,344,397,747,227,206,565,491,352,156,1277,281,170,457,323,626,138,346,725,1433,1171,22,0,0,22
1390,1615,3091,1302,317,614,768,126,107,687,611,264,67,1502,126,618,467,292,234,58,165,688,838,1168,67,0,0,67
1391,1821,3600,1182,642,825,660,174,162,723,608,323,167,1653,184,668,481,398,277,9,349,1082,1036,954,183,0,0,183
1392,1955,4992,1410,550,648,547,166,594,697,521,625,121,1341,617,627,444,490,401,535,624,1250,1045,1114,0,0,0,0
1393,1488,3497,1099,386,594,409,99,386,477,439,417,141,1141,340,376,340,437,328,324,541,1032,881,927,0,0,0,0
1394,2886,8589,2057,836,409,979,503,995,447,949,1124,366,1761,1126,470,644,907,861,502,2167,2420,2581,1157,104,0,0,104
1395,3134,8526,2172,963,860,820,481,973,887,1047,696,506,2031,1095,953,777,822,588,287,1712,2735,2213,1530,76,0,0,76
1396,3805,10149,3221,571,848,1318,649,990,1014,995,1324,463,2764,1034,795,837,868,1291,347,1787,2819,3035,2112,132,0,0,132
1397,2384,5777,1657,724,472,1200,241,471,778,643,743,225,1822,561,568,669,655,485,335,854,1505,1510,1557,0,0,0,0
1398,1553,3260,1015,537,543,571,281,158,505,516,482,45,1233,313,483,372,308,387,71,545,675,1094,833,0,0,0,0
1399,1645,4102,766,881,268,882,163,332,349,533,641,125,1187,461,426,554,329,336,236,558,1750,859,673,43,0,0,43
1400,915,2009,702,216,234,451,150,80,370,266,227,53,737,184,239,200,211,274,51,230,501,582,670,52,0,0,52
1401,1411,3128,1026,390,302,786,176,147,441,459,452,62,1217,193,333,305,306,465,82,263,656,1208,989,45,0,0,45
1402,3955,10255,2796,1170,861,1463,685,946,767,1422,1379,401,2921,1049,940,1052,1256,730,244,1725,3116,2575,2377,31,0,0,31
1403,1765,3306,1473,291,731,801,106,127,829,633,278,22,1637,121,556,527,320,358,66,207,446,944,1709,67,0,0,67
1404,1068,2503,970,105,220,516,188,144,317,342,381,37,883,187,174,173,174,546,32,388,433,669,828,38,0,0,38
1405,1015,2633,841,180,208,342,251,214,231,384,321,76,704,310,230,262,229,287,109,406,746,935,517,24,0,0,24
1406,703,1626,614,87,193,258,145,107,189,257,190,64,558,144,80,110,218,293,8,174,318,431,624,0,0,0,0
1407,2591,6487,1514,1082,777,778,397,639,877,742,832,146,1874,718,775,528,615,674,256,1458,1547,1619,1869,84,0,0,84
1408,2129,5417,1299,839,507,762,325,535,649,683,540,240,1587,537,264,988,370,521,324,816,1528,1374,1452,0,0,0,0
1409,2861,7388,2109,755,541,1064,633,623,659,896,1124,211,1997,884,438,584,702,1144,328,1231,1913,2455,1495,13,0,0,13
1410,2026,5507,923,1097,418,501,613,494,411,559,835,220,1347,676,583,732,327,377,199,1212,1925,1256,719,22,0,0,22
1411,2384,5805,1575,807,472,1136,323,453,1062,581,624,129,1939,452,732,541,485,629,186,805,1209,1905,1984,51,0,0,51
1412,4209,10780,2509,1692,1066,1391,702,1050,1275,1340,1222,363,2931,1255,1158,1399,702,951,584,1906,2627,3282,2194,95,0,0,95
1413,1007,2295,820,182,313,380,134,180,446,285,210,70,829,183,219,244,272,275,92,278,467,567,745,9,0,0,9
1414,2576,7072,2225,358,384,971,524,697,776,814,774,222,1842,744,393,397,575,1216,181,1180,1791,1974,1951,33,0,0,33
1415,1445,3123,965,473,447,610,207,181,404,630,352,93,1310,161,422,282,260,469,20,354,851,890,1073,19,0,0,19
1416,716,1216,513,204,400,236,12,68,255,316,117,12,656,42,235,175,131,177,22,55,184,337,560,2,0,0,2
1417,151,389,105,46,30,55,35,31,36,71,35,9,102,52,34,23,22,73,25,88,126,117,89,4,1,0,3
1418,1650,3744,1392,265,557,487,354,252,483,462,397,315,1249,406,296,281,429,641,73,407,843,1235,1213,16,0,0,16
1419,1239,2906,780,467,323,493,207,216,334,478,345,87,958,288,296,271,240,447,190,310,703,814,765,3,0,0,3
1420,2995,8196,2490,492,542,1001,605,847,722,1247,864,142,1924,1070,351,505,613,1523,278,1491,1669,2273,1758,21,7,0,14
1421,3103,7081,1519,1595,1233,782,496,592,1333,740,785,261,2478,639,1045,701,595,775,487,1169,1726,2132,2039,129,13,0,116
1422,2188,5680,1891,311,394,825,506,463,605,670,833,79,1625,570,247,529,405,1012,115,1025,1048,1954,1406,32,0,0,32
1423,2437,6239,2027,411,559,807,532,539,781,722,754,173,1777,669,427,303,453,1248,31,1312,1122,2103,1702,41,0,0,41
1424,1701,4082,766,938,466,595,312,328,403,585,387,310,1299,374,478,329,567,333,65,579,1875,1022,975,12,0,0,12
1425,2405,5255,1591,816,926,767,297,415,841,773,613,218,1979,454,577,491,514,835,259,578,1619,1700,1562,34,0,0,34
1426,2057,5054,2056,0,341,1054,251,411,755,622,580,106,1588,480,278,281,420,1081,131,761,752,1416,1744,0,0,0,0
1427,2750,6742,1348,1389,914,961,301,574,728,1229,622,209,2061,719,890,630,419,809,305,1523,1863,1808,1623,417,322,0,95
1428,2424,8526,417,2021,330,285,381,1428,284,638,686,764,1112,1269,790,797,450,389,976,2875,4368,2326,840,49,0,0,49
1429,1896,4334,890,994,620,614,347,315,327,871,591,100,1388,497,551,496,339,504,270,789,1356,1123,696,26,0,0,26
1430,2631,5088,909,1715,1337,725,263,306,494,1311,636,183,2228,399,733,923,369,608,159,744,1574,1665,929,133,0,0,133
1431,3731,8750,2321,1408,976,1477,647,631,995,1211,1393,150,2778,963,903,595,957,1281,420,1138,2445,2275,1884,36,3,0,33
1432,2053,5065,1157,910,532,688,415,418,583,680,696,97,1382,673,440,351,362,906,279,974,1317,1280,1005,29,0,0,29
1433,1303,3191,924,374,348,437,249,269,319,456,379,148,902,397,225,273,191,610,157,502,591,1093,719,10,0,0,10
1434,2129,5238,1578,549,504,756,467,402,595,512,921,96,1582,545,543,270,474,837,203,827,1092,1775,978,10,0,0,10
1435,823,2487,714,111,145,225,125,328,144,346,273,60,454,367,63,56,146,555,153,646,531,690,472,39,0,0,39
1436,1796,4792,1363,429,303,700,331,462,489,703,572,21,1181,615,302,225,202,1061,347,897,896,1426,1077,14,0,0,14
1437,3391,7278,1847,1548,1171,1250,507,463,963,1499,770,161,2588,792,633,847,564,1347,137,1237,1435,2108,2254,0,0,0,0
1438,2098,5054,1107,975,623,661,378,436,516,901,592,115,1483,630,169,565,215,1137,276,854,1523,2239,1020,10,0,0,10
1439,0,0,0,0,0,0,0,0,0,0,0,0,0,0,0,0,0,0,0,0,0,0,0,0,0,0,0
1440,2722,6600,1670,1065,852,775,496,599,685,1034,792,216,1885,838,632,360,355,1370,427,981,1540,1829,1459,11,0,0,11
1441,2497,5830,1642,847,644,972,486,395,809,845,769,75,1595,911,324,438,422,1321,413,1090,1187,1863,1174,4,0,0,4
1442,2354,6467,1615,740,450,793,387,724,422,1067,687,170,1484,868,321,297,253,1469,170,1460,1326,1982,1036,8,0,0,8
1443,1886,4388,1131,749,576,625,403,282,666,618,457,142,1395,486,474,255,393,774,111,577,1083,1198,1170,82,0,0,82
1444,1926,4637,804,1121,636,582,280,428,468,790,526,131,1326,601,371,451,269,841,386,868,1282,1158,1033,68,64,0,4
1445,2326,6206,1523,811,472,769,460,625,444,959,698,183,1519,771,302,189,372,1453,261,1172,1111,1994,1212,0,0,0,0
1446,2172,5350,1699,482,470,917,326,459,698,1042,344,76,1567,590,211,320,455,1179,115,911,896,1707,1739,0,0,0,0
1447,879,2377,593,280,158,328,138,255,319,216,303,38,587,294,122,108,85,564,99,495,435,674,571,0,0,0,0
1448,4295,8165,2615,1686,1745,1838,385,327,1243,1870,1060,129,3815,501,733,652,1124,1797,296,379,2238,2281,2500,116,0,0,116
1449,1331,3329,479,845,252,471,411,197,300,595,398,33,888,432,657,249,212,200,266,306,1234,773,416,14,0,0,14
1450,2722,7077,2315,401,573,894,633,622,606,1038,989,80,1551,1165,350,423,280,1662,466,1292,1510,2199,1344,14,0,0,14
1451,1905,5014,1560,352,375,713,311,506,424,816,573,91,1222,683,244,244,253,1171,105,1376,1107,1536,881,0,0,0,0
1452,1827,4430,1176,637,408,761,315,343,494,743,492,87,1321,492,242,305,329,940,83,737,1050,1475,1085,9,0,0,9
1453,295,758,203,86,59,110,64,62,67,140,67,18,193,100,65,43,43,140,45,169,245,217,166,8,1,0,7
1454,790,1649,621,166,270,328,107,85,380,239,100,77,706,86,259,151,90,292,20,94,311,420,744,19,0,0,19
