COUNTY,AGREMPN_tele,FPSEMPN_tele,HEREMPN_tele,MWTEMPN_tele,RETEMPN_tele,OTHEMPN_tele
4,0,0.296881301,0.248898339,0.232745243,0.077801518,0.273887819
5,0,0.211380603,0.202207319,0.196617777,0.08171235,0.300969658
9,0,0.192383623,0.165937418,0.133378197,0.066985646,0.216339052
7,0,0.175198939,0.177366349,0.143152188,0.068493151,0.175912301
1,0,0.370715367,0.180324078,0.183396757,0.068928593,0.324030521
2,0,0.276834133,0.172810985,0.197329343,0.11528851,0.293013753
3,0,0.295487108,0.207203767,0.25246129,0.080079286,0.255787326
6,0,0.180079372,0.214462255,0.219316814,0.077373974,0.270125407
8,0,0.142360624,0.204496615,0.170791783,0.07021914,0.177252714
